sub,path,ones,age_demeaned,study_demeaned,flip_demeaned,tsnr_demeaned,fd_mean_demeaned,gender_M_demeaned,gender_F_demeaned,FSC_win_minus_FSC_loss_z_demeaned,age_x_FSC_win_minus_FSC_loss_z_demeaned
104,/gpfs/scratch/tug87422/smithlab-shared/sharedreward-aging/derivatives/fsl/sub-104/L2_task-sharedreward_model-1_type-REPLACEME_sm-5.gfeat/copeCOPENUM.feat/stats/cope1.nii.gz,1,-24.86805555555556,-0.8958333333333334,-0.6284722222222222,42.74399424052545,-0.1010892419511785,0.6076388888888888,-0.5902777777777778,1.3029032833623084,-32.40067123416963
107,/gpfs/scratch/tug87422/smithlab-shared/sharedreward-aging/derivatives/fsl/sub-107/L2_task-sharedreward_model-1_type-REPLACEME_sm-5.gfeat/copeCOPENUM.feat/stats/cope1.nii.gz,1,-21.86805555555556,-0.8958333333333334,-0.6284722222222222,49.05096131690526,-0.0942119998206334,0.6076388888888888,-0.5902777777777778,-0.0723492814276429,1.5821381056642203
108,/gpfs/scratch/tug87422/smithlab-shared/sharedreward-aging/derivatives/fsl/sub-108/L2_task-sharedreward_model-1_type-REPLACEME_sm-5.gfeat/copeCOPENUM.feat/stats/cope1.nii.gz,1,-23.86805555555556,-0.8958333333333334,-0.6284722222222222,17.289781253312057,-0.0311413631102136,-0.3923611111111111,0.4097222222222222,0.5422929626322786,-12.943478559494038
111,/gpfs/scratch/tug87422/smithlab-shared/sharedreward-aging/derivatives/fsl/sub-111/L1_task-sharedreward_model-1_type-REPLACEME_run-02_sm-5.feat/stats/copeCOPENUM.nii.gz,1,35.13194444444444,-0.8958333333333334,-0.6284722222222222,2.0761497907734423,0.172988642746405,0.6076388888888888,-0.5902777777777778,-1.8543181536393991,-65.14580235598416
112,/gpfs/scratch/tug87422/smithlab-shared/sharedreward-aging/derivatives/fsl/sub-112/L2_task-sharedreward_model-1_type-REPLACEME_sm-5.gfeat/copeCOPENUM.feat/stats/cope1.nii.gz,1,-21.86805555555556,-0.8958333333333334,-0.6284722222222222,42.59855072932997,-0.0560906116081523,-0.3923611111111111,0.4097222222222222,1.448182243898751,-31.668929764146995
113,/gpfs/scratch/tug87422/smithlab-shared/sharedreward-aging/derivatives/fsl/sub-113/L2_task-sharedreward_model-1_type-REPLACEME_sm-5.gfeat/copeCOPENUM.feat/stats/cope1.nii.gz,1,-10.868055555555555,-0.8958333333333334,-0.6284722222222222,30.58762680121445,-0.0339582990812452,-0.3923611111111111,0.4097222222222222,1.31952263446457,-14.340645298173971
115,/gpfs/scratch/tug87422/smithlab-shared/sharedreward-aging/derivatives/fsl/sub-115/L2_task-sharedreward_model-1_type-REPLACEME_sm-5.gfeat/copeCOPENUM.feat/stats/cope1.nii.gz,1,-23.86805555555556,-0.8958333333333334,-0.6284722222222222,50.50243214860539,-0.0366612309972987,-0.3923611111111111,0.4097222222222222,1.0404183545690628,-24.83276308787409
116,/gpfs/scratch/tug87422/smithlab-shared/sharedreward-aging/derivatives/fsl/sub-116/L2_task-sharedreward_model-1_type-REPLACEME_sm-5.gfeat/copeCOPENUM.feat/stats/cope1.nii.gz,1,-19.86805555555556,-0.8958333333333334,-0.6284722222222222,3.3767185974794387,0.1079378354706893,-0.3923611111111111,0.4097222222222222,-0.4787111754238715,9.511060228386782
117,/gpfs/scratch/tug87422/smithlab-shared/sharedreward-aging/derivatives/fsl/sub-117/L2_task-sharedreward_model-1_type-REPLACEME_sm-5.gfeat/copeCOPENUM.feat/stats/cope1.nii.gz,1,-24.86805555555556,-0.8958333333333334,-0.6284722222222222,40.804106606978266,-0.0409113452742181,-0.3923611111111111,0.4097222222222222,1.2424297161835425,-30.89681120592545
121,/gpfs/scratch/tug87422/smithlab-shared/sharedreward-aging/derivatives/fsl/sub-121/L2_task-sharedreward_model-1_type-REPLACEME_sm-5.gfeat/copeCOPENUM.feat/stats/cope1.nii.gz,1,-24.86805555555556,-0.8958333333333334,-0.6284722222222222,55.61758916742848,-0.0764607758937499,-0.3923611111111111,0.4097222222222222,0.8896044757605974,-22.122733525685412
122,/gpfs/scratch/tug87422/smithlab-shared/sharedreward-aging/derivatives/fsl/sub-122/L2_task-sharedreward_model-1_type-REPLACEME_sm-5.gfeat/copeCOPENUM.feat/stats/cope1.nii.gz,1,-24.86805555555556,-0.8958333333333334,-0.6284722222222222,59.30837477079341,-0.0436693977689574,-0.3923611111111111,0.4097222222222222,0.5034085758616875,-12.51879243167155
124,/gpfs/scratch/tug87422/smithlab-shared/sharedreward-aging/derivatives/fsl/sub-124/L2_task-sharedreward_model-1_type-REPLACEME_sm-5.gfeat/copeCOPENUM.feat/stats/cope1.nii.gz,1,-24.86805555555556,-0.8958333333333334,-0.6284722222222222,33.174750901053,-0.0114728041438963,0.6076388888888888,-0.5902777777777778,0.2760778908275414,-6.865520326759902
125,/gpfs/scratch/tug87422/smithlab-shared/sharedreward-aging/derivatives/fsl/sub-125/L2_task-sharedreward_model-1_type-REPLACEME_sm-5.gfeat/copeCOPENUM.feat/stats/cope1.nii.gz,1,-23.86805555555556,-0.8958333333333334,-0.6284722222222222,57.133641526328674,-0.0767687706428377,-0.3923611111111111,0.4097222222222222,-1.118782432850009,26.70316126184361
128,/gpfs/scratch/tug87422/smithlab-shared/sharedreward-aging/derivatives/fsl/sub-128/L2_task-sharedreward_model-1_type-REPLACEME_sm-5.gfeat/copeCOPENUM.feat/stats/cope1.nii.gz,1,18.131944444444443,-0.8958333333333334,-0.6284722222222222,26.60987523767845,0.138199066111261,0.6076388888888888,-0.5902777777777778,-0.2949590395198624,-5.348180917960839
136,/gpfs/scratch/tug87422/smithlab-shared/sharedreward-aging/derivatives/fsl/sub-136/L2_task-sharedreward_model-1_type-REPLACEME_sm-5.gfeat/copeCOPENUM.feat/stats/cope1.nii.gz,1,20.131944444444443,-0.8958333333333334,-0.6284722222222222,31.416900954667756,-0.0098320257987604,-0.3923611111111111,0.4097222222222222,1.3085284955155316,26.343222975691152
137,/gpfs/scratch/tug87422/smithlab-shared/sharedreward-aging/derivatives/fsl/sub-137/L2_task-sharedreward_model-1_type-REPLACEME_sm-5.gfeat/copeCOPENUM.feat/stats/cope1.nii.gz,1,27.131944444444443,-0.8958333333333334,-0.6284722222222222,34.82600983633175,0.0801546968235287,0.6076388888888888,-0.5902777777777778,0.5503900973913805,14.9331535451953
141,/gpfs/scratch/tug87422/smithlab-shared/sharedreward-aging/derivatives/fsl/sub-141/L2_task-sharedreward_model-1_type-REPLACEME_sm-5.gfeat/copeCOPENUM.feat/stats/cope1.nii.gz,1,31.131944444444443,-0.8958333333333334,-0.6284722222222222,45.408628666184185,-0.0061688294959993,-0.3923611111111111,0.4097222222222222,1.4624002733608528,45.52736406581043
142,/gpfs/scratch/tug87422/smithlab-shared/sharedreward-aging/derivatives/fsl/sub-142/L2_task-sharedreward_model-1_type-REPLACEME_sm-5.gfeat/copeCOPENUM.feat/stats/cope1.nii.gz,1,25.131944444444443,-0.8958333333333334,-0.6284722222222222,26.293305753082777,0.0928916761471673,-0.3923611111111111,0.4097222222222222,-0.0856086306124339,-2.151511348516656
144,/gpfs/scratch/tug87422/smithlab-shared/sharedreward-aging/derivatives/fsl/sub-144/L2_task-sharedreward_model-1_type-REPLACEME_sm-5.gfeat/copeCOPENUM.feat/stats/cope1.nii.gz,1,27.131944444444443,-0.8958333333333334,-0.6284722222222222,0.9291016968710296,0.1946770496002721,0.6076388888888888,-0.5902777777777778,0.7657011322599594,20.774960581525423
147,/gpfs/scratch/tug87422/smithlab-shared/sharedreward-aging/derivatives/fsl/sub-147/L2_task-sharedreward_model-1_type-REPLACEME_sm-5.gfeat/copeCOPENUM.feat/stats/cope1.nii.gz,1,20.131944444444443,-0.8958333333333334,-0.6284722222222222,23.274117538174423,0.0389222212029212,-0.3923611111111111,0.4097222222222222,1.0846557013506706,21.836228320941625
149,/gpfs/scratch/tug87422/smithlab-shared/sharedreward-aging/derivatives/fsl/sub-149/L1_task-sharedreward_model-1_type-REPLACEME_run-02_sm-5.feat/stats/copeCOPENUM.nii.gz,1,21.131944444444443,-0.8958333333333334,-0.6284722222222222,10.89218977092979,0.1276425531277812,0.6076388888888888,-0.5902777777777778,-1.8543181536394,-39.1853482050326
150,/gpfs/scratch/tug87422/smithlab-shared/sharedreward-aging/derivatives/fsl/sub-150/L2_task-sharedreward_model-1_type-REPLACEME_sm-5.gfeat/copeCOPENUM.feat/stats/cope1.nii.gz,1,-21.86805555555556,-0.8958333333333334,-0.6284722222222222,12.01401388207897,0.0228772130534826,-0.3923611111111111,0.4097222222222222,-1.0734981115013924,23.475316341096423
151,/gpfs/scratch/tug87422/smithlab-shared/sharedreward-aging/derivatives/fsl/sub-151/L2_task-sharedreward_model-1_type-REPLACEME_sm-5.gfeat/copeCOPENUM.feat/stats/cope1.nii.gz,1,20.131944444444443,-0.8958333333333334,-0.6284722222222222,21.45201973302038,0.1632856018420467,-0.3923611111111111,0.4097222222222222,-0.6096777023912838,-12.273997633557858
153,/gpfs/scratch/tug87422/smithlab-shared/sharedreward-aging/derivatives/fsl/sub-153/L2_task-sharedreward_model-1_type-REPLACEME_sm-5.gfeat/copeCOPENUM.feat/stats/cope1.nii.gz,1,-15.868055555555555,-0.8958333333333334,-0.6284722222222222,13.048741818398511,0.0957663805170338,0.6076388888888888,-0.5902777777777778,0.5333258017319515,-8.462843451093816
154,/gpfs/scratch/tug87422/smithlab-shared/sharedreward-aging/derivatives/fsl/sub-154/L2_task-sharedreward_model-1_type-REPLACEME_sm-5.gfeat/copeCOPENUM.feat/stats/cope1.nii.gz,1,22.131944444444443,-0.8958333333333334,-0.6284722222222222,18.54972858045231,0.0665381332436732,-0.3923611111111111,0.4097222222222222,-0.3337054281669234,-7.385549996999894
155,/gpfs/scratch/tug87422/smithlab-shared/sharedreward-aging/derivatives/fsl/sub-155/L2_task-sharedreward_model-1_type-REPLACEME_sm-5.gfeat/copeCOPENUM.feat/stats/cope1.nii.gz,1,-14.868055555555555,-0.8958333333333334,-0.6284722222222222,34.76887575204465,-0.07900002281272,0.6076388888888888,-0.5902777777777778,-1.8543181536394,27.570105325985804
156,/gpfs/scratch/tug87422/smithlab-shared/sharedreward-aging/derivatives/fsl/sub-156/L2_task-sharedreward_model-1_type-REPLACEME_sm-5.gfeat/copeCOPENUM.feat/stats/cope1.nii.gz,1,-14.868055555555555,-0.8958333333333334,-0.6284722222222222,2.8381288660385597,0.0516276891565721,-0.3923611111111111,0.4097222222222222,1.4624002733608528,-21.743048508788792
157,/gpfs/scratch/tug87422/smithlab-shared/sharedreward-aging/derivatives/fsl/sub-157/L2_task-sharedreward_model-1_type-REPLACEME_sm-5.gfeat/copeCOPENUM.feat/stats/cope1.nii.gz,1,-19.86805555555556,-0.8958333333333334,-0.6284722222222222,8.894397966323695,-0.0202972355737677,0.6076388888888888,-0.5902777777777778,1.3336989832813462,-26.498005494221747
158,/gpfs/scratch/tug87422/smithlab-shared/sharedreward-aging/derivatives/fsl/sub-158/L2_task-sharedreward_model-1_type-REPLACEME_sm-5.gfeat/copeCOPENUM.feat/stats/cope1.nii.gz,1,-18.86805555555556,-0.8958333333333334,-0.6284722222222222,15.990288633554982,-0.011666008922831,0.6076388888888888,-0.5902777777777778,0.1476131300190344,-2.7851727379285878
159,/gpfs/scratch/tug87422/smithlab-shared/sharedreward-aging/derivatives/fsl/sub-159/L2_task-sharedreward_model-1_type-REPLACEME_sm-5.gfeat/copeCOPENUM.feat/stats/cope1.nii.gz,1,-20.86805555555556,-0.8958333333333334,-0.6284722222222222,44.62347558070188,-0.0813979628178722,-0.3923611111111111,0.4097222222222222,1.3308053270518938,-27.7713194985482
10317,/gpfs/scratch/tug87422/smithlab-shared/sharedreward-aging/derivatives/fsl/sub-10317/L2_task-sharedreward_model-1_type-REPLACEME_sm-5.gfeat/copeCOPENUM.feat/stats/cope1.nii.gz,1,18.131944444444443,0.1041666666666666,-0.6284722222222222,-16.888296639321098,0.0089254609057389,-0.3923611111111111,0.4097222222222222,0.1099802888097531,1.9941564866824
10369,/gpfs/scratch/tug87422/smithlab-shared/sharedreward-aging/derivatives/fsl/sub-10369/L2_task-sharedreward_model-1_type-REPLACEME_sm-5.gfeat/copeCOPENUM.feat/stats/cope1.nii.gz,1,-12.868055555555555,0.1041666666666666,-0.6284722222222222,-15.912655811240157,-0.0582275511781884,0.6076388888888888,-0.5902777777777778,1.2288470473237023,-15.81287207424181
10402,/gpfs/scratch/tug87422/smithlab-shared/sharedreward-aging/derivatives/fsl/sub-10402/L2_task-sharedreward_model-1_type-REPLACEME_sm-5.gfeat/copeCOPENUM.feat/stats/cope1.nii.gz,1,-8.868055555555557,0.1041666666666666,-0.6284722222222222,-15.52690424782476,0.0079163476452903,0.6076388888888888,-0.5902777777777778,1.402097235327853,-12.433876177178252
10462,/gpfs/scratch/tug87422/smithlab-shared/sharedreward-aging/derivatives/fsl/sub-10462/L1_task-sharedreward_model-1_type-REPLACEME_run-1_sm-5.feat/stats/copeCOPENUM.nii.gz,1,17.131944444444443,0.1041666666666666,-0.6284722222222222,-16.049300094142282,-0.0367115164761636,0.6076388888888888,-0.5902777777777778,-0.1719584759851535,-2.9459830573289847
10486,/gpfs/scratch/tug87422/smithlab-shared/sharedreward-aging/derivatives/fsl/sub-10486/L2_task-sharedreward_model-1_type-REPLACEME_sm-5.gfeat/copeCOPENUM.feat/stats/cope1.nii.gz,1,-2.868055555555557,0.1041666666666666,-0.6284722222222222,-15.372022776697024,-0.0254629354315776,-0.3923611111111111,0.4097222222222222,1.2476612258352482,-3.57836171020804
10529,/gpfs/scratch/tug87422/smithlab-shared/sharedreward-aging/derivatives/fsl/sub-10529/L2_task-sharedreward_model-1_type-REPLACEME_sm-5.gfeat/copeCOPENUM.feat/stats/cope1.nii.gz,1,22.131944444444443,0.1041666666666666,-0.6284722222222222,-14.87856558047487,0.0158047909819978,0.6076388888888888,-0.5902777777777778,1.4136189761630789,31.28613664605369
10541,/gpfs/scratch/tug87422/smithlab-shared/sharedreward-aging/derivatives/fsl/sub-10541/L2_task-sharedreward_model-1_type-REPLACEME_sm-5.gfeat/copeCOPENUM.feat/stats/cope1.nii.gz,1,24.131944444444443,0.1041666666666666,-0.6284722222222222,-19.8132621226322,0.1565802532709178,0.6076388888888888,-0.5902777777777778,1.240921221477775,29.945841976633805
10559,/gpfs/scratch/tug87422/smithlab-shared/sharedreward-aging/derivatives/fsl/sub-10559/L2_task-sharedreward_model-1_type-REPLACEME_sm-5.gfeat/copeCOPENUM.feat/stats/cope1.nii.gz,1,-16.868055555555557,0.1041666666666666,-0.6284722222222222,-19.213184590691423,0.0582706243045272,0.6076388888888888,-0.5902777777777778,-0.2949590395198616,4.975385465234332
10572,/gpfs/scratch/tug87422/smithlab-shared/sharedreward-aging/derivatives/fsl/sub-10572/L2_task-sharedreward_model-1_type-REPLACEME_sm-5.gfeat/copeCOPENUM.feat/stats/cope1.nii.gz,1,25.131944444444443,0.1041666666666666,-0.6284722222222222,-20.11658514111322,0.1243942137078705,-0.3923611111111111,0.4097222222222222,1.1554851096575185,29.039587582295542
10584,/gpfs/scratch/tug87422/smithlab-shared/sharedreward-aging/derivatives/fsl/sub-10584/L1_task-sharedreward_model-1_type-REPLACEME_run-1_sm-5.feat/stats/copeCOPENUM.nii.gz,1,4.131944444444443,0.1041666666666666,-0.6284722222222222,-16.056848569081822,-0.0616850446593024,-0.3923611111111111,0.4097222222222222,1.4624002733608528,6.04255668506741
10585,/gpfs/scratch/tug87422/smithlab-shared/sharedreward-aging/derivatives/fsl/sub-10585/L2_task-sharedreward_model-1_type-REPLACEME_sm-5.gfeat/copeCOPENUM.feat/stats/cope1.nii.gz,1,18.131944444444443,0.1041666666666666,-0.6284722222222222,-18.439825950546847,0.0681848361933291,-0.3923611111111111,0.4097222222222222,1.3308053270518938,24.130088256475656
10589,/gpfs/scratch/tug87422/smithlab-shared/sharedreward-aging/derivatives/fsl/sub-10589/L2_task-sharedreward_model-1_type-REPLACEME_sm-5.gfeat/copeCOPENUM.feat/stats/cope1.nii.gz,1,-10.868055555555555,0.1041666666666666,-0.6284722222222222,-16.37713141594567,-0.0625779665571111,0.6076388888888888,-0.5902777777777778,1.0422869330641775,-11.3276322933711
10590,/gpfs/scratch/tug87422/smithlab-shared/sharedreward-aging/derivatives/fsl/sub-10590/L2_task-sharedreward_model-1_type-REPLACEME_sm-5.gfeat/copeCOPENUM.feat/stats/cope1.nii.gz,1,11.131944444444445,0.1041666666666666,-0.6284722222222222,-13.27610803279812,-0.0385762129845982,-0.3923611111111111,0.4097222222222222,-1.1384267893167554,-12.67290377274138
10596,/gpfs/scratch/tug87422/smithlab-shared/sharedreward-aging/derivatives/fsl/sub-10596/L2_task-sharedreward_model-1_type-REPLACEME_sm-5.gfeat/copeCOPENUM.feat/stats/cope1.nii.gz,1,-17.868055555555557,0.1041666666666666,-0.6284722222222222,-14.92490388488649,0.073549496997289,-0.3923611111111111,0.4097222222222222,0.019208928489343,-0.343226201410276
10603,/gpfs/scratch/tug87422/smithlab-shared/sharedreward-aging/derivatives/fsl/sub-10603/L1_task-sharedreward_model-1_type-REPLACEME_run-1_sm-5.feat/stats/copeCOPENUM.nii.gz,1,24.131944444444443,0.1041666666666666,-0.6284722222222222,-15.67095706868703,0.0296013085312682,-0.3923611111111111,0.4097222222222222,0.3111324872114647,7.508231896248887
10608,/gpfs/scratch/tug87422/smithlab-shared/sharedreward-aging/derivatives/fsl/sub-10608/L1_task-sharedreward_model-1_type-REPLACEME_run-1_sm-5.feat/stats/copeCOPENUM.nii.gz,1,-15.868055555555555,0.1041666666666666,-0.6284722222222222,-11.688466742176288,-0.0446143362727344,-0.3923611111111111,0.4097222222222222,0.3613797589272085,-5.734394091310219
10617,/gpfs/scratch/tug87422/smithlab-shared/sharedreward-aging/derivatives/fsl/sub-10617/L1_task-sharedreward_model-1_type-REPLACEME_run-1_sm-5.feat/stats/copeCOPENUM.nii.gz,1,28.131944444444443,0.1041666666666666,-0.6284722222222222,-16.672231396434555,0.0423275818487143,-0.3923611111111111,0.4097222222222222,0.3613797589272085,10.166315301486955
10636,/gpfs/scratch/tug87422/smithlab-shared/sharedreward-aging/derivatives/fsl/sub-10636/L2_task-sharedreward_model-1_type-REPLACEME_sm-5.gfeat/copeCOPENUM.feat/stats/cope1.nii.gz,1,-17.868055555555557,0.1041666666666666,-0.6284722222222222,-16.22664599063127,-0.0308675167042151,-0.3923611111111111,0.4097222222222222,-0.0856086306124348,1.52965976781802
10638,/gpfs/scratch/tug87422/smithlab-shared/sharedreward-aging/derivatives/fsl/sub-10638/L2_task-sharedreward_model-1_type-REPLACEME_sm-5.gfeat/copeCOPENUM.feat/stats/cope1.nii.gz,1,27.131944444444443,0.1041666666666666,-0.6284722222222222,-13.971589681292144,0.0009893003841656,-0.3923611111111111,0.4097222222222222,1.302371434068304,35.33586939517266
10640,/gpfs/scratch/tug87422/smithlab-shared/sharedreward-aging/derivatives/fsl/sub-10640/L2_task-sharedreward_model-1_type-REPLACEME_sm-5.gfeat/copeCOPENUM.feat/stats/cope1.nii.gz,1,-13.868055555555555,0.1041666666666666,0.3715277777777778,-2.57293850521809,-0.0883282440026353,-0.3923611111111111,0.4097222222222222,0.8289634193603481,-11.496110753212609
10641,/gpfs/scratch/tug87422/smithlab-shared/sharedreward-aging/derivatives/fsl/sub-10641/L1_task-sharedreward_model-1_type-REPLACEME_run-1_sm-5.feat/stats/copeCOPENUM.nii.gz,1,-0.8680555555555571,0.1041666666666666,-0.6284722222222222,-15.972690931295702,0.0380814974673651,-0.3923611111111111,0.4097222222222222,0.939625848412514,-0.8156474378580865
10642,/gpfs/scratch/tug87422/smithlab-shared/sharedreward-aging/derivatives/fsl/sub-10642/L2_task-sharedreward_model-1_type-REPLACEME_sm-5.gfeat/copeCOPENUM.feat/stats/cope1.nii.gz,1,-12.868055555555555,0.1041666666666666,0.3715277777777778,-0.3297368633283355,0.0689075456864998,-0.3923611111111111,0.4097222222222222,-0.8989019402673364,11.567120106356768
10644,/gpfs/scratch/tug87422/smithlab-shared/sharedreward-aging/derivatives/fsl/sub-10644/L2_task-sharedreward_model-1_type-REPLACEME_sm-5.gfeat/copeCOPENUM.feat/stats/cope1.nii.gz,1,24.131944444444443,0.1041666666666666,-0.6284722222222222,-20.01490348630604,0.0076274615794737,-0.3923611111111111,0.4097222222222222,-1.0734981115013928,-25.90559678796764
10647,/gpfs/scratch/tug87422/smithlab-shared/sharedreward-aging/derivatives/fsl/sub-10647/L2_task-sharedreward_model-1_type-REPLACEME_sm-5.gfeat/copeCOPENUM.feat/stats/cope1.nii.gz,1,-20.86805555555556,0.1041666666666666,0.3715277777777778,2.4771223355711385,-0.0761384334279245,-0.3923611111111111,0.4097222222222222,-3.815284608124532,79.61757116259875
10649,/gpfs/scratch/tug87422/smithlab-shared/sharedreward-aging/derivatives/fsl/sub-10649/L2_task-sharedreward_model-1_type-REPLACEME_sm-5.gfeat/copeCOPENUM.feat/stats/cope1.nii.gz,1,18.131944444444443,0.1041666666666666,-0.6284722222222222,-18.738705093775835,0.0556464299620008,-0.3923611111111111,0.4097222222222222,1.4624002733608528,26.51616051211935
10652,/gpfs/scratch/tug87422/smithlab-shared/sharedreward-aging/derivatives/fsl/sub-10652/L2_task-sharedreward_model-1_type-REPLACEME_sm-5.gfeat/copeCOPENUM.feat/stats/cope1.nii.gz,1,25.131944444444443,0.1041666666666666,-0.6284722222222222,-13.54715292162281,-0.0053027081151836,-0.3923611111111111,0.4097222222222222,-1.267904161160751,-31.86489693917193
10656,/gpfs/scratch/tug87422/smithlab-shared/sharedreward-aging/derivatives/fsl/sub-10656/L2_task-sharedreward_model-1_type-REPLACEME_sm-5.gfeat/copeCOPENUM.feat/stats/cope1.nii.gz,1,-23.86805555555556,0.1041666666666666,-0.6284722222222222,-16.58413448601631,-0.0598587801246223,0.6076388888888888,-0.5902777777777778,0.3613797589272085,-8.625432162727888
10657,/gpfs/scratch/tug87422/smithlab-shared/sharedreward-aging/derivatives/fsl/sub-10657/L2_task-sharedreward_model-1_type-REPLACEME_sm-5.gfeat/copeCOPENUM.feat/stats/cope1.nii.gz,1,14.131944444444445,0.1041666666666666,-0.6284722222222222,-18.467181549531134,0.1085688994172577,0.6076388888888888,-0.5902777777777778,0.2923071047603987,4.130867765190356
10661,/gpfs/scratch/tug87422/smithlab-shared/sharedreward-aging/derivatives/fsl/sub-10661/L2_task-sharedreward_model-1_type-REPLACEME_sm-5.gfeat/copeCOPENUM.feat/stats/cope1.nii.gz,1,5.131944444444443,0.1041666666666666,-0.6284722222222222,-14.587617440971272,-0.0857353393270164,0.6076388888888888,-0.5902777777777778,1.4624002733608528,7.504956958428263
10663,/gpfs/scratch/tug87422/smithlab-shared/sharedreward-aging/derivatives/fsl/sub-10663/L2_task-sharedreward_model-1_type-REPLACEME_sm-5.gfeat/copeCOPENUM.feat/stats/cope1.nii.gz,1,-22.86805555555556,0.1041666666666666,-0.6284722222222222,-13.732915400068933,-0.0066706466287026,-0.3923611111111111,0.4097222222222222,1.262819207634834,-28.87821979681604
10668,/gpfs/scratch/tug87422/smithlab-shared/sharedreward-aging/derivatives/fsl/sub-10668/L1_task-sharedreward_model-1_type-REPLACEME_run-1_sm-5.feat/stats/copeCOPENUM.nii.gz,1,-7.868055555555557,0.1041666666666666,0.3715277777777778,-4.322535750463331,-0.1004515149249667,-0.3923611111111111,0.4097222222222222,1.4624002733608528,-11.506246595262825
10673,/gpfs/scratch/tug87422/smithlab-shared/sharedreward-aging/derivatives/fsl/sub-10673/L2_task-sharedreward_model-1_type-REPLACEME_sm-5.gfeat/copeCOPENUM.feat/stats/cope1.nii.gz,1,3.131944444444443,0.1041666666666666,-0.6284722222222222,-15.266821145669285,0.1346660811097059,-0.3923611111111111,0.4097222222222222,-0.4167828081784765,-1.3053406006145336
10674,/gpfs/scratch/tug87422/smithlab-shared/sharedreward-aging/derivatives/fsl/sub-10674/L2_task-sharedreward_model-1_type-REPLACEME_sm-5.gfeat/copeCOPENUM.feat/stats/cope1.nii.gz,1,-11.868055555555555,0.1041666666666666,-0.6284722222222222,-15.094129698882073,-0.0616994757202975,0.6076388888888888,-0.5902777777777778,1.4160675336428596,-16.805968159691997
10677,/gpfs/scratch/tug87422/smithlab-shared/sharedreward-aging/derivatives/fsl/sub-10677/L2_task-sharedreward_model-1_type-REPLACEME_sm-5.gfeat/copeCOPENUM.feat/stats/cope1.nii.gz,1,-11.868055555555555,0.1041666666666666,-0.6284722222222222,-19.70874993631868,0.0300662857831749,-0.3923611111111111,0.4097222222222222,-1.0734981115013924,12.740335226082498
10685,/gpfs/scratch/tug87422/smithlab-shared/sharedreward-aging/derivatives/fsl/sub-10685/L2_task-sharedreward_model-1_type-REPLACEME_sm-5.gfeat/copeCOPENUM.feat/stats/cope1.nii.gz,1,-10.868055555555555,0.1041666666666666,0.3715277777777778,-9.488458872663514,-0.0546874571573146,0.6076388888888888,-0.5902777777777778,-1.8543181536393991,20.1528327114282
10690,/gpfs/scratch/tug87422/smithlab-shared/sharedreward-aging/derivatives/fsl/sub-10690/L2_task-sharedreward_model-1_type-REPLACEME_sm-5.gfeat/copeCOPENUM.feat/stats/cope1.nii.gz,1,11.131944444444445,0.1041666666666666,0.3715277777777778,-5.02339908702551,0.0600360732691961,-0.3923611111111111,0.4097222222222222,1.4624002733608528,16.27935859859338
10691,/gpfs/scratch/tug87422/smithlab-shared/sharedreward-aging/derivatives/fsl/sub-10691/L2_task-sharedreward_model-1_type-REPLACEME_sm-5.gfeat/copeCOPENUM.feat/stats/cope1.nii.gz,1,13.131944444444445,0.1041666666666666,-0.6284722222222222,-14.135377921113005,-0.0308467653452117,-0.3923611111111111,0.4097222222222222,1.262819207634834,16.583271678037992
10701,/gpfs/scratch/tug87422/smithlab-shared/sharedreward-aging/derivatives/fsl/sub-10701/L2_task-sharedreward_model-1_type-REPLACEME_sm-5.gfeat/copeCOPENUM.feat/stats/cope1.nii.gz,1,-17.868055555555557,0.1041666666666666,-0.6284722222222222,-15.10925504554315,-0.1066667660719084,0.6076388888888888,-0.5902777777777778,1.1011608142914762,-19.675602605360893
10713,/gpfs/scratch/tug87422/smithlab-shared/sharedreward-aging/derivatives/fsl/sub-10713/L2_task-sharedreward_model-1_type-REPLACEME_sm-5.gfeat/copeCOPENUM.feat/stats/cope1.nii.gz,1,26.131944444444443,0.1041666666666666,0.3715277777777778,-9.9999777775446,0.1703821083748595,-0.3923611111111111,0.4097222222222222,-0.1719584759851535,-4.493609341195367
10716,/gpfs/scratch/tug87422/smithlab-shared/sharedreward-aging/derivatives/fsl/sub-10716/L2_task-sharedreward_model-1_type-REPLACEME_sm-5.gfeat/copeCOPENUM.feat/stats/cope1.nii.gz,1,24.131944444444443,0.1041666666666666,0.3715277777777778,-1.0763892549511098,-0.0104509188272175,0.6076388888888888,-0.5902777777777778,-1.0734981115013928,-25.90559678796764
10718,/gpfs/scratch/tug87422/smithlab-shared/sharedreward-aging/derivatives/fsl/sub-10718/L2_task-sharedreward_model-1_type-REPLACEME_sm-5.gfeat/copeCOPENUM.feat/stats/cope1.nii.gz,1,-16.868055555555557,0.1041666666666666,0.3715277777777778,-9.166192668322664,0.0743791619170656,-0.3923611111111111,-0.5902777777777778,-3.901600998635331,65.8124224005918
10720,/gpfs/scratch/tug87422/smithlab-shared/sharedreward-aging/derivatives/fsl/sub-10720/L2_task-sharedreward_model-1_type-REPLACEME_sm-5.gfeat/copeCOPENUM.feat/stats/cope1.nii.gz,1,-11.868055555555555,0.1041666666666666,0.3715277777777778,6.076774765671971,-0.0750042013554074,-0.3923611111111111,0.4097222222222222,-0.7275959166334323,8.635148760600943
10723,/gpfs/scratch/tug87422/smithlab-shared/sharedreward-aging/derivatives/fsl/sub-10723/L2_task-sharedreward_model-1_type-REPLACEME_sm-5.gfeat/copeCOPENUM.feat/stats/cope1.nii.gz,1,-23.86805555555556,0.1041666666666666,-0.6284722222222222,-17.952687283461174,-0.0539997454562087,0.6076388888888888,-0.5902777777777778,1.370791840368824,-32.71813580102533
10741,/gpfs/scratch/tug87422/smithlab-shared/sharedreward-aging/derivatives/fsl/sub-10741/L2_task-sharedreward_model-1_type-REPLACEME_sm-5.gfeat/copeCOPENUM.feat/stats/cope1.nii.gz,1,-8.868055555555557,0.1041666666666666,-0.6284722222222222,-17.763451055397937,0.0241916405561222,-0.3923611111111111,0.4097222222222222,1.2315439592057915,-10.921400249345806
10748,/gpfs/scratch/tug87422/smithlab-shared/sharedreward-aging/derivatives/fsl/sub-10748/L2_task-sharedreward_model-1_type-REPLACEME_sm-5.gfeat/copeCOPENUM.feat/stats/cope1.nii.gz,1,-11.868055555555555,0.1041666666666666,0.3715277777777778,0.9511404723672144,-0.0817688951529161,-0.3923611111111111,0.4097222222222222,1.4624002733608528,-17.355847688706234
10767,/gpfs/scratch/tug87422/smithlab-shared/sharedreward-aging/derivatives/fsl/sub-10767/L2_task-sharedreward_model-1_type-REPLACEME_sm-5.gfeat/copeCOPENUM.feat/stats/cope1.nii.gz,1,-19.86805555555556,0.1041666666666666,0.3715277777777778,-0.8029836686399818,-0.0851339072283126,-0.3923611111111111,0.4097222222222222,-0.3337054281669234,6.630077986010888
10770,/gpfs/scratch/tug87422/smithlab-shared/sharedreward-aging/derivatives/fsl/sub-10770/L2_task-sharedreward_model-1_type-REPLACEME_sm-5.gfeat/copeCOPENUM.feat/stats/cope1.nii.gz,1,19.131944444444443,0.1041666666666666,0.3715277777777778,-11.180968924985692,0.0542884277715355,0.6076388888888888,-0.5902777777777778,-1.0734981115013928,-20.538106230460677
10777,/gpfs/scratch/tug87422/smithlab-shared/sharedreward-aging/derivatives/fsl/sub-10777/L2_task-sharedreward_model-1_type-REPLACEME_sm-5.gfeat/copeCOPENUM.feat/stats/cope1.nii.gz,1,-6.868055555555557,0.1041666666666666,0.3715277777777778,-2.5953262876208925,-0.0421143825874316,0.6076388888888888,-0.5902777777777778,1.1912910276385027,-8.181852960656107
10781,/gpfs/scratch/tug87422/smithlab-shared/sharedreward-aging/derivatives/fsl/sub-10781/L2_task-sharedreward_model-1_type-REPLACEME_sm-5.gfeat/copeCOPENUM.feat/stats/cope1.nii.gz,1,-7.868055555555557,0.1041666666666666,0.3715277777777778,-4.355396759790793,-0.0855486971684718,0.6076388888888888,-0.5902777777777778,-0.4808593039422675,3.783427717823536
10783,/gpfs/scratch/tug87422/smithlab-shared/sharedreward-aging/derivatives/fsl/sub-10783/L2_task-sharedreward_model-1_type-REPLACEME_sm-5.gfeat/copeCOPENUM.feat/stats/cope1.nii.gz,1,6.131944444444443,0.1041666666666666,0.3715277777777778,-3.7197988695769615,0.1365868549352665,-0.3923611111111111,0.4097222222222222,1.3823966936210912,8.476779725468218
10785,/gpfs/scratch/tug87422/smithlab-shared/sharedreward-aging/derivatives/fsl/sub-10785/L2_task-sharedreward_model-1_type-REPLACEME_sm-5.gfeat/copeCOPENUM.feat/stats/cope1.nii.gz,1,16.131944444444443,0.1041666666666666,0.3715277777777778,-3.7071688332433865,0.0199782887617196,-0.3923611111111111,0.4097222222222222,1.285370026346527,20.735517855576266
10794,/gpfs/scratch/tug87422/smithlab-shared/sharedreward-aging/derivatives/fsl/sub-10794/L2_task-sharedreward_model-1_type-REPLACEME_sm-5.gfeat/copeCOPENUM.feat/stats/cope1.nii.gz,1,-5.868055555555557,0.1041666666666666,0.3715277777777778,-3.2637235715009325,-0.120320311227133,0.6076388888888888,-0.5902777777777778,-1.118782432850009,6.565077470543455
10800,/gpfs/scratch/tug87422/smithlab-shared/sharedreward-aging/derivatives/fsl/sub-10800/L2_task-sharedreward_model-1_type-REPLACEME_sm-5.gfeat/copeCOPENUM.feat/stats/cope1.nii.gz,1,-18.86805555555556,0.1041666666666666,0.3715277777777778,-11.775750476466683,-0.0025381168737219,-0.3923611111111111,0.4097222222222222,1.155288604964568,-21.798049581171743
10801,/gpfs/scratch/tug87422/smithlab-shared/sharedreward-aging/derivatives/fsl/sub-10801/L2_task-sharedreward_model-1_type-REPLACEME_sm-5.gfeat/copeCOPENUM.feat/stats/cope1.nii.gz,1,-10.868055555555555,0.1041666666666666,0.3715277777777778,-4.469371447346831,-0.0012025597182049,-0.3923611111111111,0.4097222222222222,1.160317232102149,-12.610392140554609
10802,/gpfs/scratch/tug87422/smithlab-shared/sharedreward-aging/derivatives/fsl/sub-10802/L2_task-sharedreward_model-1_type-REPLACEME_sm-5.gfeat/copeCOPENUM.feat/stats/cope1.nii.gz,1,-2.868055555555557,0.1041666666666666,0.3715277777777778,-7.558584898251766,-0.0423611989901058,-0.3923611111111111,0.4097222222222222,1.1639318821978293,-3.3382213010257207
10804,/gpfs/scratch/tug87422/smithlab-shared/sharedreward-aging/derivatives/fsl/sub-10804/L2_task-sharedreward_model-1_type-REPLACEME_sm-5.gfeat/copeCOPENUM.feat/stats/cope1.nii.gz,1,-19.86805555555556,0.1041666666666666,0.3715277777777778,2.874721339954803,-0.0511468742427724,-0.3923611111111111,0.4097222222222222,-0.5865720794280382,11.65404666141401
10806,/gpfs/scratch/tug87422/smithlab-shared/sharedreward-aging/derivatives/fsl/sub-10806/L2_task-sharedreward_model-1_type-REPLACEME_sm-5.gfeat/copeCOPENUM.feat/stats/cope1.nii.gz,1,-17.868055555555557,0.1041666666666666,0.3715277777777778,-17.84339194995836,0.1427303567604654,0.6076388888888888,-0.5902777777777778,-4.024985132009091,71.91865794902355
10809,/gpfs/scratch/tug87422/smithlab-shared/sharedreward-aging/derivatives/fsl/sub-10809/L1_task-sharedreward_model-1_type-REPLACEME_run-2_sm-5.feat/stats/copeCOPENUM.nii.gz,1,23.131944444444443,0.1041666666666666,0.3715277777777778,2.6868703265136986,-0.0962756494858392,0.6076388888888888,-0.5902777777777778,0.8896044757605974,20.57828131082326
10812,/gpfs/scratch/tug87422/smithlab-shared/sharedreward-aging/derivatives/fsl/sub-10812/L2_task-sharedreward_model-1_type-REPLACEME_sm-5.gfeat/copeCOPENUM.feat/stats/cope1.nii.gz,1,17.131944444444443,0.1041666666666666,0.3715277777777778,-7.920087649261305,-0.0177148767503044,0.6076388888888888,-0.5902777777777778,1.4624002733608528,25.053760238758496
10831,/gpfs/scratch/tug87422/smithlab-shared/sharedreward-aging/derivatives/fsl/sub-10831/L2_task-sharedreward_model-1_type-REPLACEME_sm-5.gfeat/copeCOPENUM.feat/stats/cope1.nii.gz,1,-19.86805555555556,0.1041666666666666,0.3715277777777778,-9.629060618586564,0.128762180201411,-0.3923611111111111,0.4097222222222222,-0.5126773671395259,10.185902412404054
10843,/gpfs/scratch/tug87422/smithlab-shared/sharedreward-aging/derivatives/fsl/sub-10843/L2_task-sharedreward_model-1_type-REPLACEME_sm-5.gfeat/copeCOPENUM.feat/stats/cope1.nii.gz,1,-17.868055555555557,0.1041666666666666,0.3715277777777778,5.319921600275947,-0.0601199724740232,0.6076388888888888,-0.5902777777777778,0.8356011004947934,-14.93056688592433
10850,/gpfs/scratch/tug87422/smithlab-shared/sharedreward-aging/derivatives/fsl/sub-10850/L2_task-sharedreward_model-1_type-REPLACEME_sm-5.gfeat/copeCOPENUM.feat/stats/cope1.nii.gz,1,-12.868055555555555,0.1041666666666666,0.3715277777777778,2.602449523277855,-0.09559074437566,-0.3923611111111111,-0.5902777777777778,0.6827773142074349,-8.786016411294286
10854,/gpfs/scratch/tug87422/smithlab-shared/sharedreward-aging/derivatives/fsl/sub-10854/L2_task-sharedreward_model-1_type-REPLACEME_sm-5.gfeat/copeCOPENUM.feat/stats/cope1.nii.gz,1,1.1319444444444429,0.1041666666666666,0.3715277777777778,-4.098436595704598,-0.0439793601005084,-0.3923611111111111,0.4097222222222222,1.4624002733608528,1.655355864984852
10857,/gpfs/scratch/tug87422/smithlab-shared/sharedreward-aging/derivatives/fsl/sub-10857/L2_task-sharedreward_model-1_type-REPLACEME_sm-5.gfeat/copeCOPENUM.feat/stats/cope1.nii.gz,1,-22.86805555555556,0.1041666666666666,0.3715277777777778,-7.098544953136198,0.0090954215850643,0.6076388888888888,-0.5902777777777778,0.9922125241892452,-22.689971126077676
10858,/gpfs/scratch/tug87422/smithlab-shared/sharedreward-aging/derivatives/fsl/sub-10858/L2_task-sharedreward_model-1_type-REPLACEME_sm-5.gfeat/copeCOPENUM.feat/stats/cope1.nii.gz,1,35.13194444444444,0.1041666666666666,0.3715277777777778,-14.734094268765958,0.0613724470338656,0.6076388888888888,-0.5902777777777778,-0.8023416217623449,-28.18782128122016
10862,/gpfs/scratch/tug87422/smithlab-shared/sharedreward-aging/derivatives/fsl/sub-10862/L2_task-sharedreward_model-1_type-REPLACEME_sm-5.gfeat/copeCOPENUM.feat/stats/cope1.nii.gz,1,15.131944444444445,0.1041666666666666,0.3715277777777778,-8.47105909651863,-0.0097388849452284,0.6076388888888888,-0.5902777777777778,1.2274329787529776,18.57344764376901
10863,/gpfs/scratch/tug87422/smithlab-shared/sharedreward-aging/derivatives/fsl/sub-10863/L2_task-sharedreward_model-1_type-REPLACEME_sm-5.gfeat/copeCOPENUM.feat/stats/cope1.nii.gz,1,-2.868055555555557,0.1041666666666666,0.3715277777777778,-5.288080666919896,-0.0395329815253303,0.6076388888888888,-0.5902777777777778,1.4624002733608528,-4.194245228458559
10875,/gpfs/scratch/tug87422/smithlab-shared/sharedreward-aging/derivatives/fsl/sub-10875/L2_task-sharedreward_model-1_type-REPLACEME_sm-5.gfeat/copeCOPENUM.feat/stats/cope1.nii.gz,1,-12.868055555555555,0.1041666666666666,0.3715277777777778,-9.584711800802223,-0.0278444629220832,0.6076388888888888,-0.5902777777777778,-1.267904161160751,16.315461184936613
10887,/gpfs/scratch/tug87422/smithlab-shared/sharedreward-aging/derivatives/fsl/sub-10887/L2_task-sharedreward_model-1_type-REPLACEME_sm-5.gfeat/copeCOPENUM.feat/stats/cope1.nii.gz,1,-9.868055555555555,0.1041666666666666,0.3715277777777778,-19.32246684266273,0.1167068464989578,-0.3923611111111111,0.4097222222222222,1.4624002733608528,-14.431047141984529
10896,/gpfs/scratch/tug87422/smithlab-shared/sharedreward-aging/derivatives/fsl/sub-10896/L2_task-sharedreward_model-1_type-REPLACEME_sm-5.gfeat/copeCOPENUM.feat/stats/cope1.nii.gz,1,-16.868055555555557,0.1041666666666666,0.3715277777777778,-3.520525772742886,0.0062035937048106,-0.3923611111111111,0.4097222222222222,1.3926304592645566,-23.49096795523339
10897,/gpfs/scratch/tug87422/smithlab-shared/sharedreward-aging/derivatives/fsl/sub-10897/L1_task-sharedreward_model-1_type-REPLACEME_run-1_sm-5.feat/stats/copeCOPENUM.nii.gz,1,-13.868055555555555,0.1041666666666666,0.3715277777777778,-9.548640986504225,-0.0279152552207958,-0.3923611111111111,0.4097222222222222,-0.6319323972144311,8.763673591925132
10898,/gpfs/scratch/tug87422/smithlab-shared/sharedreward-aging/derivatives/fsl/sub-10898/L2_task-sharedreward_model-1_type-REPLACEME_sm-5.gfeat/copeCOPENUM.feat/stats/cope1.nii.gz,1,16.131944444444443,0.1041666666666666,0.3715277777777778,-11.588569773833925,0.0999185965503657,-0.3923611111111111,0.4097222222222222,0.0976360969822955,1.575060092290782
10908,/gpfs/scratch/tug87422/smithlab-shared/sharedreward-aging/derivatives/fsl/sub-10908/L2_task-sharedreward_model-1_type-REPLACEME_sm-5.gfeat/copeCOPENUM.feat/stats/cope1.nii.gz,1,-2.868055555555557,0.1041666666666666,0.3715277777777778,-17.931151091826806,0.1245439013964997,-0.3923611111111111,0.4097222222222222,-3.360902915810043,9.639256279371866
10918,/gpfs/scratch/tug87422/smithlab-shared/sharedreward-aging/derivatives/fsl/sub-10918/L2_task-sharedreward_model-1_type-REPLACEME_sm-5.gfeat/copeCOPENUM.feat/stats/cope1.nii.gz,1,-20.86805555555556,0.1041666666666666,0.3715277777777778,-3.7483918030119554,-0.0654782454659535,-0.3923611111111111,-0.5902777777777778,-1.118782432850009,23.346813963293584
10919,/gpfs/scratch/tug87422/smithlab-shared/sharedreward-aging/derivatives/fsl/sub-10919/L2_task-sharedreward_model-1_type-REPLACEME_sm-5.gfeat/copeCOPENUM.feat/stats/cope1.nii.gz,1,4.131944444444443,0.1041666666666666,0.3715277777777778,-15.701556838066509,0.0825577227988772,-0.3923611111111111,0.4097222222222222,1.0422869330641775,4.306671702591566
10924,/gpfs/scratch/tug87422/smithlab-shared/sharedreward-aging/derivatives/fsl/sub-10924/L2_task-sharedreward_model-1_type-REPLACEME_sm-5.gfeat/copeCOPENUM.feat/stats/cope1.nii.gz,1,-12.868055555555555,0.1041666666666666,0.3715277777777778,4.155856682096882,-0.0338432179734636,-0.3923611111111111,0.4097222222222222,-2.51958134465021,32.42211271970028
10928,/gpfs/scratch/tug87422/smithlab-shared/sharedreward-aging/derivatives/fsl/sub-10928/L2_task-sharedreward_model-1_type-REPLACEME_sm-5.gfeat/copeCOPENUM.feat/stats/cope1.nii.gz,1,10.131944444444445,0.1041666666666666,0.3715277777777778,-4.79847415554822,0.0574322342436048,-0.3923611111111111,0.4097222222222222,0.2168351675192212,2.196961870906554
10929,/gpfs/scratch/tug87422/smithlab-shared/sharedreward-aging/derivatives/fsl/sub-10929/L2_task-sharedreward_model-1_type-REPLACEME_sm-5.gfeat/copeCOPENUM.feat/stats/cope1.nii.gz,1,-2.868055555555557,0.1041666666666666,0.3715277777777778,-2.7735883754284174,-0.0081466089094352,-0.3923611111111111,0.4097222222222222,1.0728981078148694,-3.077131378663481
10930,/gpfs/scratch/tug87422/smithlab-shared/sharedreward-aging/derivatives/fsl/sub-10930/L2_task-sharedreward_model-1_type-REPLACEME_sm-5.gfeat/copeCOPENUM.feat/stats/cope1.nii.gz,1,4.131944444444443,0.1041666666666666,0.3715277777777778,-3.356635043957695,-0.0776904140451886,-0.3923611111111111,0.4097222222222222,1.2270138103439896,5.069952896907455
10950,/gpfs/scratch/tug87422/smithlab-shared/sharedreward-aging/derivatives/fsl/sub-10950/L2_task-sharedreward_model-1_type-REPLACEME_sm-5.gfeat/copeCOPENUM.feat/stats/cope1.nii.gz,1,-20.86805555555556,0.1041666666666666,0.3715277777777778,-15.27241873980519,0.183744982138123,-0.3923611111111111,0.4097222222222222,-1.118782432850009,23.346813963293584
10951,/gpfs/scratch/tug87422/smithlab-shared/sharedreward-aging/derivatives/fsl/sub-10951/L2_task-sharedreward_model-1_type-REPLACEME_sm-5.gfeat/copeCOPENUM.feat/stats/cope1.nii.gz,1,-23.86805555555556,0.1041666666666666,0.3715277777777778,-11.624821327110013,0.094520366569302,0.6076388888888888,-0.5902777777777778,0.3361735230257938,-8.023808323886483
10952,/gpfs/scratch/tug87422/smithlab-shared/sharedreward-aging/derivatives/fsl/sub-10952/L2_task-sharedreward_model-1_type-REPLACEME_sm-5.gfeat/copeCOPENUM.feat/stats/cope1.nii.gz,1,-12.868055555555555,0.1041666666666666,0.3715277777777778,-10.829268549110466,-0.0228175394293933,0.6076388888888888,-0.5902777777777778,-0.2949590395198616,3.795549307154886
10953,/gpfs/scratch/tug87422/smithlab-shared/sharedreward-aging/derivatives/fsl/sub-10953/L1_task-sharedreward_model-1_type-REPLACEME_run-1_sm-5.feat/stats/copeCOPENUM.nii.gz,1,17.131944444444443,0.1041666666666666,0.3715277777777778,-9.772524852778488,0.1957602213284994,-0.3923611111111111,0.4097222222222222,1.4624002733608528,25.053760238758496
10956,/gpfs/scratch/tug87422/smithlab-shared/sharedreward-aging/derivatives/fsl/sub-10956/L2_task-sharedreward_model-1_type-REPLACEME_sm-5.gfeat/copeCOPENUM.feat/stats/cope1.nii.gz,1,-16.868055555555557,0.1041666666666666,0.3715277777777778,4.776985420954688,-0.0951466928404734,-0.3923611111111111,0.4097222222222222,1.033260418672409,-17.42909414552279
10958,/gpfs/scratch/tug87422/smithlab-shared/sharedreward-aging/derivatives/fsl/sub-10958/L2_task-sharedreward_model-1_type-REPLACEME_sm-5.gfeat/copeCOPENUM.feat/stats/cope1.nii.gz,1,-10.868055555555555,0.1041666666666666,0.3715277777777778,-10.203404125590067,0.0545892694208904,-0.3923611111111111,0.4097222222222222,-2.8055489190702696,30.49086151628453
10961,/gpfs/scratch/tug87422/smithlab-shared/sharedreward-aging/derivatives/fsl/sub-10961/L2_task-sharedreward_model-1_type-REPLACEME_sm-5.gfeat/copeCOPENUM.feat/stats/cope1.nii.gz,1,-21.86805555555556,0.1041666666666666,0.3715277777777778,0.7171092126737761,-0.0415116675137999,-0.3923611111111111,0.4097222222222222,1.1876049875115076,-25.97061184495651
10964,/gpfs/scratch/tug87422/smithlab-shared/sharedreward-aging/derivatives/fsl/sub-10964/L2_task-sharedreward_model-1_type-REPLACEME_sm-5.gfeat/copeCOPENUM.feat/stats/cope1.nii.gz,1,15.131944444444445,0.1041666666666666,0.3715277777777778,-9.263326238673372,0.0813754665655868,-0.3923611111111111,0.4097222222222222,0.9094480673800742,13.76171763070265
10966,/gpfs/scratch/tug87422/smithlab-shared/sharedreward-aging/derivatives/fsl/sub-10966/L2_task-sharedreward_model-1_type-REPLACEME_sm-5.gfeat/copeCOPENUM.feat/stats/cope1.nii.gz,1,-10.868055555555555,0.1041666666666666,0.3715277777777778,-7.0522022724398,-0.0457756563929396,-0.3923611111111111,0.4097222222222222,-0.4167828081784765,4.529618713884139
10969,/gpfs/scratch/tug87422/smithlab-shared/sharedreward-aging/derivatives/fsl/sub-10969/L2_task-sharedreward_model-1_type-REPLACEME_sm-5.gfeat/copeCOPENUM.feat/stats/cope1.nii.gz,1,-18.86805555555556,0.1041666666666666,0.3715277777777778,3.868731801390922,-0.1227677228647486,-0.3923611111111111,0.4097222222222222,-1.0734981115013928,20.254822006592253
10974,/gpfs/scratch/tug87422/smithlab-shared/sharedreward-aging/derivatives/fsl/sub-10974/L1_task-sharedreward_model-1_type-REPLACEME_run-2_sm-5.feat/stats/copeCOPENUM.nii.gz,1,35.13194444444444,0.1041666666666666,0.3715277777777778,-5.937969614409568,0.1433376279509595,-0.3923611111111111,0.4097222222222222,0.6157852821856666,21.633734323453385
10979,/gpfs/scratch/tug87422/smithlab-shared/sharedreward-aging/derivatives/fsl/sub-10979/L2_task-sharedreward_model-1_type-REPLACEME_sm-5.gfeat/copeCOPENUM.feat/stats/cope1.nii.gz,1,-12.868055555555555,0.1041666666666666,0.3715277777777778,4.076189595965943,-0.0664612771043699,-0.3923611111111111,0.4097222222222222,0.1154901662816225,-1.4861338758322684
10983,/gpfs/scratch/tug87422/smithlab-shared/sharedreward-aging/derivatives/fsl/sub-10983/L2_task-sharedreward_model-1_type-REPLACEME_sm-5.gfeat/copeCOPENUM.feat/stats/cope1.nii.gz,1,-20.86805555555556,0.1041666666666666,0.3715277777777778,-9.509016787262128,0.1389046855720513,-0.3923611111111111,0.4097222222222222,-0.2373205245633709,4.952417891062012
10984,/gpfs/scratch/tug87422/smithlab-shared/sharedreward-aging/derivatives/fsl/sub-10984/L2_task-sharedreward_model-1_type-REPLACEME_sm-5.gfeat/copeCOPENUM.feat/stats/cope1.nii.gz,1,7.131944444444443,0.1041666666666666,0.3715277777777778,-8.960498073843965,0.0437780967991837,0.6076388888888888,-0.5902777777777778,-1.1950836394522142,-8.523270123037664
10998,/gpfs/scratch/tug87422/smithlab-shared/sharedreward-aging/derivatives/fsl/sub-10998/L2_task-sharedreward_model-1_type-REPLACEME_sm-5.gfeat/copeCOPENUM.feat/stats/cope1.nii.gz,1,-23.86805555555556,0.1041666666666666,0.3715277777777778,2.263634342809482,-0.0716228580092089,-0.3923611111111111,0.4097222222222222,-1.489596678634575,35.55377628102107
11007,/gpfs/scratch/tug87422/smithlab-shared/sharedreward-aging/derivatives/fsl/sub-11007/L1_task-sharedreward_model-1_type-REPLACEME_run-1_sm-5.feat/stats/copeCOPENUM.nii.gz,1,1.1319444444444429,0.1041666666666666,0.3715277777777778,-12.050403454231756,0.0357200041369602,-0.3923611111111111,0.4097222222222222,-0.919463591705984,-1.0407817045005223
11012,/gpfs/scratch/tug87422/smithlab-shared/sharedreward-aging/derivatives/fsl/sub-11012/L2_task-sharedreward_model-1_type-REPLACEME_sm-5.gfeat/copeCOPENUM.feat/stats/cope1.nii.gz,1,13.131944444444445,0.1041666666666666,0.3715277777777778,-5.011879930454498,-0.0355789041617511,-0.3923611111111111,0.4097222222222222,1.319522634464569,17.32789792897569
11016,/gpfs/scratch/tug87422/smithlab-shared/sharedreward-aging/derivatives/fsl/sub-11016/L2_task-sharedreward_model-1_type-REPLACEME_sm-5.gfeat/copeCOPENUM.feat/stats/cope1.nii.gz,1,-22.86805555555556,0.1041666666666666,0.3715277777777778,1.7940028319936658,-0.0800787846659818,-0.3923611111111111,0.4097222222222222,0.828963419360349,-18.95678152745576
11021,/gpfs/scratch/tug87422/smithlab-shared/sharedreward-aging/derivatives/fsl/sub-11021/L2_task-sharedreward_model-1_type-REPLACEME_sm-5.gfeat/copeCOPENUM.feat/stats/cope1.nii.gz,1,-19.86805555555556,0.1041666666666666,0.3715277777777778,-1.9063636348072488,-0.0444696801236079,-0.3923611111111111,0.4097222222222222,0.9922125241892444,-19.71333355350992
11030,/gpfs/scratch/tug87422/smithlab-shared/sharedreward-aging/derivatives/fsl/sub-11030/L2_task-sharedreward_model-1_type-REPLACEME_sm-5.gfeat/copeCOPENUM.feat/stats/cope1.nii.gz,1,-21.86805555555556,0.1041666666666666,0.3715277777777778,-6.590620981245493,-0.0669620920298822,-0.3923611111111111,0.4097222222222222,1.1011608142914762,-24.0802458625268
11031,/gpfs/scratch/tug87422/smithlab-shared/sharedreward-aging/derivatives/fsl/sub-11031/L2_task-sharedreward_model-1_type-REPLACEME_sm-5.gfeat/copeCOPENUM.feat/stats/cope1.nii.gz,1,-21.86805555555556,0.1041666666666666,0.3715277777777778,2.5522260218786954,-0.0467098846660687,-0.3923611111111111,0.4097222222222222,1.2887648400671896,-28.182781120635976
11036,/gpfs/scratch/tug87422/smithlab-shared/sharedreward-aging/derivatives/fsl/sub-11036/L2_task-sharedreward_model-1_type-REPLACEME_sm-5.gfeat/copeCOPENUM.feat/stats/cope1.nii.gz,1,-22.86805555555556,0.1041666666666666,0.3715277777777778,-0.2829650554703136,-0.1004938841674581,-0.3923611111111111,0.4097222222222222,-0.1063060513831688,2.4310126889220487
11039,/gpfs/scratch/tug87422/smithlab-shared/sharedreward-aging/derivatives/fsl/sub-11039/L2_task-sharedreward_model-1_type-REPLACEME_sm-5.gfeat/copeCOPENUM.feat/stats/cope1.nii.gz,1,-4.868055555555557,0.1041666666666666,0.3715277777777778,2.255709173790919,0.0626678905998864,-0.3923611111111111,0.4097222222222222,-0.3037460162023651,1.4786524816517916
11042,/gpfs/scratch/tug87422/smithlab-shared/sharedreward-aging/derivatives/fsl/sub-11042/L2_task-sharedreward_model-1_type-REPLACEME_sm-5.gfeat/copeCOPENUM.feat/stats/cope1.nii.gz,1,-15.868055555555555,0.1041666666666666,0.3715277777777778,-6.901902093850268,0.108465744725447,-0.3923611111111111,0.4097222222222222,-1.096825660459177,17.404490514925136
11053,/gpfs/scratch/tug87422/smithlab-shared/sharedreward-aging/derivatives/fsl/sub-11053/L2_task-sharedreward_model-1_type-REPLACEME_sm-5.gfeat/copeCOPENUM.feat/stats/cope1.nii.gz,1,-14.868055555555555,0.1041666666666666,0.3715277777777778,-11.765974251211349,-0.0509473218372241,-0.3923611111111111,0.4097222222222222,0.3613797589272085,-5.37301433238301
11058,/gpfs/scratch/tug87422/smithlab-shared/sharedreward-aging/derivatives/fsl/sub-11058/L2_task-sharedreward_model-1_type-REPLACEME_sm-5.gfeat/copeCOPENUM.feat/stats/cope1.nii.gz,1,-6.868055555555557,0.1041666666666666,0.3715277777777778,-11.63521532307631,0.1439961225489484,-0.3923611111111111,0.4097222222222222,1.4471524723452625,-9.93912357742684
11060,/gpfs/scratch/tug87422/smithlab-shared/sharedreward-aging/derivatives/fsl/sub-11060/L2_task-sharedreward_model-1_type-REPLACEME_sm-5.gfeat/copeCOPENUM.feat/stats/cope1.nii.gz,1,-15.868055555555555,0.1041666666666666,0.3715277777777778,3.2025249928047828,-0.11197231365631,-0.3923611111111111,0.4097222222222222,-1.1434871769437187,18.144918050808315
11063,/gpfs/scratch/tug87422/smithlab-shared/sharedreward-aging/derivatives/fsl/sub-11063/L2_task-sharedreward_model-1_type-REPLACEME_sm-5.gfeat/copeCOPENUM.feat/stats/cope1.nii.gz,1,-23.86805555555556,0.1041666666666666,0.3715277777777778,3.384629480999237,-0.090195722483047,-0.3923611111111111,0.4097222222222222,1.0922894529018716,-26.070825344609258
11065,/gpfs/scratch/tug87422/smithlab-shared/sharedreward-aging/derivatives/fsl/sub-11065/L2_task-sharedreward_model-1_type-REPLACEME_sm-5.gfeat/copeCOPENUM.feat/stats/cope1.nii.gz,1,-23.86805555555556,0.1041666666666666,0.3715277777777778,0.4239010124511964,-0.0119479603859591,-0.3923611111111111,0.4097222222222222,0.0976360969822955,-2.330383787001041
11066,/gpfs/scratch/tug87422/smithlab-shared/sharedreward-aging/derivatives/fsl/sub-11066/L2_task-sharedreward_model-1_type-REPLACEME_sm-5.gfeat/copeCOPENUM.feat/stats/cope1.nii.gz,1,-22.86805555555556,0.1041666666666666,0.3715277777777778,-5.574497689616592,-0.0003895098009561,0.6076388888888888,-0.5902777777777778,1.1863888253951966,-27.13040556962766
11068,/gpfs/scratch/tug87422/smithlab-shared/sharedreward-aging/derivatives/fsl/sub-11068/L2_task-sharedreward_model-1_type-REPLACEME_sm-5.gfeat/copeCOPENUM.feat/stats/cope1.nii.gz,1,-1.8680555555555567,0.1041666666666666,0.3715277777777778,-2.575820134610595,-0.0408026772223902,-0.3923611111111111,0.4097222222222222,-2.5375997266391472,4.740377267124522
11072,/gpfs/scratch/tug87422/smithlab-shared/sharedreward-aging/derivatives/fsl/sub-11072/L2_task-sharedreward_model-1_type-REPLACEME_sm-5.gfeat/copeCOPENUM.feat/stats/cope1.nii.gz,1,-19.86805555555556,0.1041666666666666,0.3715277777777778,-10.98581025761804,-0.0360013317480065,0.6076388888888888,-0.5902777777777778,-1.8543181536393991,36.84169609418279
11074,/gpfs/scratch/tug87422/smithlab-shared/sharedreward-aging/derivatives/fsl/sub-11074/L2_task-sharedreward_model-1_type-REPLACEME_sm-5.gfeat/copeCOPENUM.feat/stats/cope1.nii.gz,1,-3.868055555555557,0.1041666666666666,0.3715277777777778,-1.623375942704925,-0.0274590277273374,0.6076388888888888,-0.5902777777777778,-1.8543181536393991,7.172605635952401
11075,/gpfs/scratch/tug87422/smithlab-shared/sharedreward-aging/derivatives/fsl/sub-11075/L2_task-sharedreward_model-1_type-REPLACEME_sm-5.gfeat/copeCOPENUM.feat/stats/cope1.nii.gz,1,32.13194444444444,0.1041666666666666,0.3715277777777778,-2.755648242316866,-0.07337248506159,0.6076388888888888,-0.5902777777777778,0.7041258578982657,22.624932947883853
11076,/gpfs/scratch/tug87422/smithlab-shared/sharedreward-aging/derivatives/fsl/sub-11076/L1_task-sharedreward_model-1_type-REPLACEME_run-1_sm-5.feat/stats/copeCOPENUM.nii.gz,1,28.131944444444443,0.1041666666666666,0.3715277777777778,-4.3011338634022565,0.0678113166114017,-0.3923611111111111,0.4097222222222222,0.252616932071998,7.106605498775442
11078,/gpfs/scratch/tug87422/smithlab-shared/sharedreward-aging/derivatives/fsl/sub-11078/L2_task-sharedreward_model-1_type-REPLACEME_sm-5.gfeat/copeCOPENUM.feat/stats/cope1.nii.gz,1,27.131944444444443,0.1041666666666666,0.3715277777777778,-2.0700817753166945,0.0682238122183305,-0.3923611111111111,0.4097222222222222,-0.1616499817023111,-4.385878322992567
11083,/gpfs/scratch/tug87422/smithlab-shared/sharedreward-aging/derivatives/fsl/sub-11083/L2_task-sharedreward_model-1_type-REPLACEME_sm-5.gfeat/copeCOPENUM.feat/stats/cope1.nii.gz,1,23.131944444444443,0.1041666666666666,0.3715277777777778,-1.3356036339900044,0.0213727275054699,-0.3923611111111111,0.4097222222222222,-2.840543451791433,-65.70729331886987
11084,/gpfs/scratch/tug87422/smithlab-shared/sharedreward-aging/derivatives/fsl/sub-11084/L2_task-sharedreward_model-1_type-REPLACEME_sm-5.gfeat/copeCOPENUM.feat/stats/cope1.nii.gz,1,23.131944444444443,0.1041666666666666,0.3715277777777778,5.172754229097436,-0.0626361556817073,-0.3923611111111111,0.4097222222222222,-1.0734981115013928,-24.832098676466245
11090,/gpfs/scratch/tug87422/smithlab-shared/sharedreward-aging/derivatives/fsl/sub-11090/L1_task-sharedreward_model-1_type-REPLACEME_run-1_sm-5.feat/stats/copeCOPENUM.nii.gz,1,24.131944444444443,0.1041666666666666,0.3715277777777778,-21.573680515757488,0.2393414167828357,0.6076388888888888,-0.5902777777777778,1.2424297161835425,29.98224488706812
11110,/gpfs/scratch/tug87422/smithlab-shared/sharedreward-aging/derivatives/fsl/sub-11110/L2_task-sharedreward_model-1_type-REPLACEME_sm-5.gfeat/copeCOPENUM.feat/stats/cope1.nii.gz,1,21.131944444444443,0.1041666666666666,0.3715277777777778,-3.0695111752792315,-0.0013888395133145,-0.3923611111111111,0.4097222222222222,-1.1434871769437187,-24.16410749610928
11113,/gpfs/scratch/tug87422/smithlab-shared/sharedreward-aging/derivatives/fsl/sub-11113/L2_task-sharedreward_model-1_type-REPLACEME_sm-5.gfeat/copeCOPENUM.feat/stats/cope1.nii.gz,1,-23.86805555555556,0.1041666666666666,0.3715277777777778,-0.5307229957906117,-0.0882914200584421,0.6076388888888888,-0.5902777777777778,0.8313501498078946,-19.842711561734266
11116,/gpfs/scratch/tug87422/smithlab-shared/sharedreward-aging/derivatives/fsl/sub-11116/L2_task-sharedreward_model-1_type-REPLACEME_sm-5.gfeat/copeCOPENUM.feat/stats/cope1.nii.gz,1,14.131944444444445,0.1041666666666666,0.3715277777777778,-7.287506986300187,-0.00578649309445,0.6076388888888888,-0.5902777777777778,0.6718591261076083,9.494675844645714
11120,/gpfs/scratch/tug87422/smithlab-shared/sharedreward-aging/derivatives/fsl/sub-11120/L2_task-sharedreward_model-1_type-REPLACEME_sm-5.gfeat/copeCOPENUM.feat/stats/cope1.nii.gz,1,21.131944444444443,0.1041666666666666,0.3715277777777778,-8.59321217780952,0.0122877925512032,0.6076388888888888,-0.5902777777777778,-0.2949590395198616,-6.233058036520408
11126,/gpfs/scratch/tug87422/smithlab-shared/sharedreward-aging/derivatives/fsl/sub-11126/L1_task-sharedreward_model-1_type-REPLACEME_run-1_sm-5.feat/stats/copeCOPENUM.nii.gz,1,13.131944444444445,0.1041666666666666,0.3715277777777778,-12.802463079227792,0.0512234748294017,0.6076388888888888,-0.5902777777777778,-1.4042019194365865,-18.439901594823503
11128,/gpfs/scratch/tug87422/smithlab-shared/sharedreward-aging/derivatives/fsl/sub-11128/L2_task-sharedreward_model-1_type-REPLACEME_sm-5.gfeat/copeCOPENUM.feat/stats/cope1.nii.gz,1,14.131944444444445,0.1041666666666666,0.3715277777777778,-5.290985204694053,0.1025455906022611,0.6076388888888888,-0.5902777777777778,1.4432919445776022,20.39652157788486
11145,/gpfs/scratch/tug87422/smithlab-shared/sharedreward-aging/derivatives/fsl/sub-11145/L2_task-sharedreward_model-1_type-REPLACEME_sm-5.gfeat/copeCOPENUM.feat/stats/cope1.nii.gz,1,19.131944444444443,0.1041666666666666,0.3715277777777778,-7.430815746083581,0.0462505460764384,0.6076388888888888,-0.5902777777777778,-4.537599726639147,-86.81310588118646
11164,/gpfs/scratch/tug87422/smithlab-shared/sharedreward-aging/derivatives/fsl/sub-11164/L1_task-sharedreward_model-1_type-REPLACEME_run-1_sm-5.feat/stats/copeCOPENUM.nii.gz,1,39.13194444444444,0.1041666666666666,0.3715277777777778,-3.5620857384127618,0.0348316359915279,0.6076388888888888,-0.5902777777777778,-3.0823859764211496,-120.61975678564708
11167,/gpfs/scratch/tug87422/smithlab-shared/sharedreward-aging/derivatives/fsl/sub-11167/L2_task-sharedreward_model-1_type-REPLACEME_sm-5.gfeat/copeCOPENUM.feat/stats/cope1.nii.gz,1,12.131944444444445,0.1041666666666666,0.3715277777777778,-9.703706889653304,0.0160477302108008,-0.3923611111111111,0.4097222222222222,1.033260418672409,12.535457995977072
11168,/gpfs/scratch/tug87422/smithlab-shared/sharedreward-aging/derivatives/fsl/sub-11168/L2_task-sharedreward_model-1_type-REPLACEME_sm-5.gfeat/copeCOPENUM.feat/stats/cope1.nii.gz,1,-17.868055555555557,0.1041666666666666,0.3715277777777778,-11.36234625371425,0.1026123840956954,-0.3923611111111111,0.4097222222222222,1.019670172417804,-18.21952328910424
11171,/gpfs/scratch/tug87422/smithlab-shared/sharedreward-aging/derivatives/fsl/sub-11171/L2_task-sharedreward_model-1_type-REPLACEME_sm-5.gfeat/copeCOPENUM.feat/stats/cope1.nii.gz,1,-19.86805555555556,0.1041666666666666,0.3715277777777778,-3.893985133741708,-0.0790891552122823,0.6076388888888888,-0.5902777777777778,-1.8543181536394,36.8416960941828
11177,/gpfs/scratch/tug87422/smithlab-shared/sharedreward-aging/derivatives/fsl/sub-11177/L2_task-sharedreward_model-1_type-REPLACEME_sm-5.gfeat/copeCOPENUM.feat/stats/cope1.nii.gz,1,10.131944444444445,0.1041666666666666,0.3715277777777778,-3.995596362634288,-0.0725147330972984,0.6076388888888888,-0.5902777777777778,-0.2949590395198616,-2.9885086018019305
11192,/gpfs/scratch/tug87422/smithlab-shared/sharedreward-aging/derivatives/fsl/sub-11192/L2_task-sharedreward_model-1_type-REPLACEME_sm-5.gfeat/copeCOPENUM.feat/stats/cope1.nii.gz,1,24.131944444444443,0.1041666666666666,0.3715277777777778,-8.373931312416872,0.0889270321354062,0.6076388888888888,-0.5902777777777778,0.2181442079884528,5.264243908054676
11193,/gpfs/scratch/tug87422/smithlab-shared/sharedreward-aging/derivatives/fsl/sub-11193/L2_task-sharedreward_model-1_type-REPLACEME_sm-5.gfeat/copeCOPENUM.feat/stats/cope1.nii.gz,1,10.131944444444445,0.1041666666666666,0.3715277777777778,-18.481667750405805,0.0939379120452333,-0.3923611111111111,0.4097222222222222,1.4624002733608528,14.816958325232529
11227,/gpfs/scratch/tug87422/smithlab-shared/sharedreward-aging/derivatives/fsl/sub-11227/L2_task-sharedreward_model-1_type-REPLACEME_sm-5.gfeat/copeCOPENUM.feat/stats/cope1.nii.gz,1,-14.868055555555555,0.1041666666666666,0.3715277777777778,-2.345754368237877,-0.1062857930469361,-0.3923611111111111,0.4097222222222222,-1.8543181536393991,27.570105325985796
11238,/gpfs/scratch/tug87422/smithlab-shared/sharedreward-aging/derivatives/fsl/sub-11238/L2_task-sharedreward_model-1_type-REPLACEME_sm-5.gfeat/copeCOPENUM.feat/stats/cope1.nii.gz,1,0.1319444444444428,0.1041666666666666,0.3715277777777778,-5.379933417199837,-0.0185860601670675,0.6076388888888888,-0.5902777777777778,-2.999755942748978,-0.3958011313349298
11241,/gpfs/scratch/tug87422/smithlab-shared/sharedreward-aging/derivatives/fsl/sub-11241/L2_task-sharedreward_model-1_type-REPLACEME_sm-5.gfeat/copeCOPENUM.feat/stats/cope1.nii.gz,1,-18.86805555555556,0.1041666666666666,0.3715277777777778,1.0883748811248637,-0.0694341212676005,-0.3923611111111111,0.4097222222222222,1.2270138103439896,-23.151364741004304
11246,/gpfs/scratch/tug87422/smithlab-shared/sharedreward-aging/derivatives/fsl/sub-11246/L2_task-sharedreward_model-1_type-REPLACEME_sm-5.gfeat/copeCOPENUM.feat/stats/cope1.nii.gz,1,-5.868055555555557,0.1041666666666666,0.3715277777777778,-7.212188766927184,-0.0469127411825472,0.6076388888888888,-0.5902777777777778,-0.3382208905854567,1.9846989760049372
11286,/gpfs/scratch/tug87422/smithlab-shared/sharedreward-aging/derivatives/fsl/sub-11286/L1_task-sharedreward_model-1_type-REPLACEME_run-1_sm-5.feat/stats/copeCOPENUM.nii.gz,1,-21.86805555555556,0.1041666666666666,0.3715277777777778,1.4150540284973516,-0.0922186107418648,-0.3923611111111111,0.4097222222222222,-0.0654637716395676,1.4315653950902671
11301,/gpfs/scratch/tug87422/smithlab-shared/sharedreward-aging/derivatives/fsl/sub-11301/L2_task-sharedreward_model-1_type-REPLACEME_sm-5.gfeat/copeCOPENUM.feat/stats/cope1.nii.gz,1,-22.86805555555556,0.1041666666666666,0.3715277777777778,-0.0305425293407921,-0.0588420985485398,-0.3923611111111111,0.4097222222222222,-1.8543181536393991,42.404650555100986
11311,/gpfs/scratch/tug87422/smithlab-shared/sharedreward-aging/derivatives/fsl/sub-11311/L2_task-sharedreward_model-1_type-REPLACEME_sm-5.gfeat/copeCOPENUM.feat/stats/cope1.nii.gz,1,-23.86805555555556,0.1041666666666666,0.3715277777777778,0.7298197799174062,-0.0690166017081234,-0.3923611111111111,0.4097222222222222,-2.948160898161095,70.36686810402558
11312,/gpfs/scratch/tug87422/smithlab-shared/sharedreward-aging/derivatives/fsl/sub-11312/L2_task-sharedreward_model-1_type-REPLACEME_sm-5.gfeat/copeCOPENUM.feat/stats/cope1.nii.gz,1,-22.86805555555556,0.1041666666666666,0.3715277777777778,-2.099287573313532,-0.0746173937130354,-0.3923611111111111,-0.5902777777777778,0.4802873537409091,-10.983237887977875
11316,/gpfs/scratch/tug87422/smithlab-shared/sharedreward-aging/derivatives/fsl/sub-11316/L2_task-sharedreward_model-1_type-REPLACEME_sm-5.gfeat/copeCOPENUM.feat/stats/cope1.nii.gz,1,-3.868055555555557,0.1041666666666666,0.3715277777777778,-8.655147575227502,0.1092609122992157,0.6076388888888888,-0.5902777777777778,-4.537599726639147,17.55168783151393
11318,/gpfs/scratch/tug87422/smithlab-shared/sharedreward-aging/derivatives/fsl/sub-11318/L2_task-sharedreward_model-1_type-REPLACEME_sm-5.gfeat/copeCOPENUM.feat/stats/cope1.nii.gz,1,-23.86805555555556,0.1041666666666666,0.3715277777777778,3.9960687642961688,-0.0817165353007035,-0.3923611111111111,0.4097222222222222,-0.2137959649083853,5.102893967986948
11321,/gpfs/scratch/tug87422/smithlab-shared/sharedreward-aging/derivatives/fsl/sub-11321/L2_task-sharedreward_model-1_type-REPLACEME_sm-5.gfeat/copeCOPENUM.feat/stats/cope1.nii.gz,1,-22.86805555555556,0.1041666666666666,0.3715277777777778,5.201770606152522,-0.1216777355305529,-0.3923611111111111,0.4097222222222222,1.3656197339602976,-31.229067943967085
11325,/gpfs/scratch/tug87422/smithlab-shared/sharedreward-aging/derivatives/fsl/sub-11325/L2_task-sharedreward_model-1_type-REPLACEME_sm-5.gfeat/copeCOPENUM.feat/stats/cope1.nii.gz,1,-17.868055555555557,0.1041666666666666,0.3715277777777778,-4.049345133484067,-0.0704094580079009,0.6076388888888888,-0.5902777777777778,-0.2818035329480031,5.035281182466751
11326,/gpfs/scratch/tug87422/smithlab-shared/sharedreward-aging/derivatives/fsl/sub-11326/L2_task-sharedreward_model-1_type-REPLACEME_sm-5.gfeat/copeCOPENUM.feat/stats/cope1.nii.gz,1,-19.86805555555556,0.1041666666666666,0.3715277777777778,-10.396266373172594,-0.0107619853578342,0.6076388888888888,-0.5902777777777778,0.9538956743541408,-18.9520522522722
11329,/gpfs/scratch/tug87422/smithlab-shared/sharedreward-aging/derivatives/fsl/sub-11329/L2_task-sharedreward_model-1_type-REPLACEME_sm-5.gfeat/copeCOPENUM.feat/stats/cope1.nii.gz,1,-21.86805555555556,0.1041666666666666,0.3715277777777778,-1.7762123597857595,-0.076536520198354,0.6076388888888888,-0.5902777777777778,1.341871492627244,-29.344120349188834
11330,/gpfs/scratch/tug87422/smithlab-shared/sharedreward-aging/derivatives/fsl/sub-11330/L2_task-sharedreward_model-1_type-REPLACEME_sm-5.gfeat/copeCOPENUM.feat/stats/cope1.nii.gz,1,-18.86805555555556,0.1041666666666666,0.3715277777777778,6.031440820537782,-0.1020703920128334,0.6076388888888888,-0.5902777777777778,1.4624002733608528,-27.592649602232203
11337,/gpfs/scratch/tug87422/smithlab-shared/sharedreward-aging/derivatives/fsl/sub-11337/L2_task-sharedreward_model-1_type-REPLACEME_sm-5.gfeat/copeCOPENUM.feat/stats/cope1.nii.gz,1,-14.868055555555555,0.1041666666666666,0.3715277777777778,-13.805064136868069,-0.0365984840684487,0.6076388888888888,-0.5902777777777778,1.4272093539954582,-21.21982796461303
11338,/gpfs/scratch/tug87422/smithlab-shared/sharedreward-aging/derivatives/fsl/sub-11338/L2_task-sharedreward_model-1_type-REPLACEME_sm-5.gfeat/copeCOPENUM.feat/stats/cope1.nii.gz,1,-23.86805555555556,0.1041666666666666,0.3715277777777778,-1.1314289085638762,-0.0806823734465504,0.6076388888888888,-0.5902777777777778,0.9200661043458984,-21.96018889331148
11340,/gpfs/scratch/tug87422/smithlab-shared/sharedreward-aging/derivatives/fsl/sub-11340/L2_task-sharedreward_model-1_type-REPLACEME_sm-5.gfeat/copeCOPENUM.feat/stats/cope1.nii.gz,1,-13.868055555555555,0.1041666666666666,0.3715277777777778,-1.5826791242069618,-0.0039040340687285,0.6076388888888888,-0.5902777777777778,1.283255274232844,-17.79625543502076
11343,/gpfs/scratch/tug87422/smithlab-shared/sharedreward-aging/derivatives/fsl/sub-11343/L2_task-sharedreward_model-1_type-REPLACEME_sm-5.gfeat/copeCOPENUM.feat/stats/cope1.nii.gz,1,-12.868055555555555,0.1041666666666666,0.3715277777777778,-4.191585828440921,-0.0664437324432936,-0.3923611111111111,0.4097222222222222,1.155288604964568,-14.866317951384335
11345,/gpfs/scratch/tug87422/smithlab-shared/sharedreward-aging/derivatives/fsl/sub-11345/L2_task-sharedreward_model-1_type-REPLACEME_sm-5.gfeat/copeCOPENUM.feat/stats/cope1.nii.gz,1,-11.868055555555555,0.1041666666666666,0.3715277777777778,12.666592223562574,-0.1277703991559698,-0.3923611111111111,0.4097222222222222,0.7322606672829322,-8.690510280462023
11348,/gpfs/scratch/tug87422/smithlab-shared/sharedreward-aging/derivatives/fsl/sub-11348/L2_task-sharedreward_model-1_type-REPLACEME_sm-5.gfeat/copeCOPENUM.feat/stats/cope1.nii.gz,1,-9.868055555555555,0.1041666666666666,0.3715277777777778,-6.72266277072039,-0.0400203323221068,0.6076388888888888,-0.5902777777777778,-4.537599726639147,44.777286191348814
11358,/gpfs/scratch/tug87422/smithlab-shared/sharedreward-aging/derivatives/fsl/sub-11358/L2_task-sharedreward_model-1_type-REPLACEME_sm-5.gfeat/copeCOPENUM.feat/stats/cope1.nii.gz,1,3.131944444444443,0.1041666666666666,0.3715277777777778,5.523002388006816,-0.0438371647012051,-0.3923611111111111,0.4097222222222222,-1.2275360204349242,-3.844574619556601
11364,/gpfs/scratch/tug87422/smithlab-shared/sharedreward-aging/derivatives/fsl/sub-11364/L2_task-sharedreward_model-1_type-REPLACEME_sm-5.gfeat/copeCOPENUM.feat/stats/cope1.nii.gz,1,9.131944444444445,0.1041666666666666,0.3715277777777778,-9.467613203108968,-0.0281881563991788,-0.3923611111111111,0.4097222222222222,1.4624002733608528,13.354558051871674
11367,/gpfs/scratch/tug87422/smithlab-shared/sharedreward-aging/derivatives/fsl/sub-11367/L2_task-sharedreward_model-1_type-REPLACEME_sm-5.gfeat/copeCOPENUM.feat/stats/cope1.nii.gz,1,13.131944444444445,0.1041666666666666,0.3715277777777778,-2.698553883506875,-0.1130833898460089,-0.3923611111111111,0.4097222222222222,1.302371434068304,17.102669318216407
11376,/gpfs/scratch/tug87422/smithlab-shared/sharedreward-aging/derivatives/fsl/sub-11376/L2_task-sharedreward_model-1_type-REPLACEME_sm-5.gfeat/copeCOPENUM.feat/stats/cope1.nii.gz,1,25.131944444444443,0.1041666666666666,0.3715277777777778,2.452758657971671,-0.0360220066038944,0.6076388888888888,-0.5902777777777778,-0.8343193275489416,-20.96806698888625
11377,/gpfs/scratch/tug87422/smithlab-shared/sharedreward-aging/derivatives/fsl/sub-11377/L2_task-sharedreward_model-1_type-REPLACEME_sm-5.gfeat/copeCOPENUM.feat/stats/cope1.nii.gz,1,24.131944444444443,0.1041666666666666,0.3715277777777778,-1.7734674944148452,0.0014934970676065,-0.3923611111111111,0.4097222222222222,1.4136189761630789,34.11337459837985
11387,/gpfs/scratch/tug87422/smithlab-shared/sharedreward-aging/derivatives/fsl/sub-11387/L2_task-sharedreward_model-1_type-REPLACEME_sm-5.gfeat/copeCOPENUM.feat/stats/cope1.nii.gz,1,8.131944444444443,0.1041666666666666,0.3715277777777778,1.7263348741617932,0.0361284689140847,-0.3923611111111111,0.4097222222222222,-1.267904161160751,-10.31052619943916
11410,/gpfs/scratch/tug87422/smithlab-shared/sharedreward-aging/derivatives/fsl/sub-11410/L2_task-sharedreward_model-1_type-REPLACEME_sm-5.gfeat/copeCOPENUM.feat/stats/cope1.nii.gz,1,0.1319444444444428,0.1041666666666666,0.3715277777777778,-17.677757551056757,0.1729457525923077,0.6076388888888888,-0.5902777777777778,1.4624002733608528,0.192955591623999
11416,/gpfs/scratch/tug87422/smithlab-shared/sharedreward-aging/derivatives/fsl/sub-11416/L1_task-sharedreward_model-1_type-REPLACEME_run-1_sm-5.feat/stats/copeCOPENUM.nii.gz,1,-2.868055555555557,0.1041666666666666,0.3715277777777778,-21.90493412689092,0.2180200413458812,-0.3923611111111111,0.4097222222222222,-0.0900361331861852,0.2582286319853785
11426,/gpfs/scratch/tug87422/smithlab-shared/sharedreward-aging/derivatives/fsl/sub-11426/L1_task-sharedreward_model-1_type-REPLACEME_run-1_sm-5.feat/stats/copeCOPENUM.nii.gz,1,-7.868055555555557,0.1041666666666666,0.3715277777777778,-6.409310424707556,0.104758490945072,-0.3923611111111111,0.4097222222222222,0.2731026277844917,-2.148786647776592
11430,/gpfs/scratch/tug87422/smithlab-shared/sharedreward-aging/derivatives/fsl/sub-11430/L1_task-sharedreward_model-1_type-REPLACEME_run-1_sm-5.feat/stats/copeCOPENUM.nii.gz,1,-9.868055555555555,0.1041666666666666,0.3715277777777778,-13.390435310320656,-0.0394971536408632,-0.3923611111111111,0.4097222222222222,-3.26797761809367,32.24858468966046
11432,/gpfs/scratch/tug87422/smithlab-shared/sharedreward-aging/derivatives/fsl/sub-11432/L2_task-sharedreward_model-1_type-REPLACEME_sm-5.gfeat/copeCOPENUM.feat/stats/cope1.nii.gz,1,-9.868055555555555,0.1041666666666666,0.3715277777777778,-6.737217943715123,-0.0826914105602404,-0.3923611111111111,0.4097222222222222,0.6157852821856666,-6.076603374901614
11433,/gpfs/scratch/tug87422/smithlab-shared/sharedreward-aging/derivatives/fsl/sub-11433/L2_task-sharedreward_model-1_type-REPLACEME_sm-5.gfeat/copeCOPENUM.feat/stats/cope1.nii.gz,1,-10.868055555555555,0.1041666666666666,0.3715277777777778,-2.0369673305030034,-0.0691595030472614,0.6076388888888888,-0.5902777777777778,0.5759991391461785,-6.259990644192844
11435,/gpfs/scratch/tug87422/smithlab-shared/sharedreward-aging/derivatives/fsl/sub-11435/L2_task-sharedreward_model-1_type-REPLACEME_sm-5.gfeat/copeCOPENUM.feat/stats/cope1.nii.gz,1,-11.868055555555555,0.1041666666666666,0.3715277777777778,-0.7062200916187891,-0.0830270624030188,-0.3923611111111111,0.4097222222222222,-0.919463591705984,10.912244987677273
11439,/gpfs/scratch/tug87422/smithlab-shared/sharedreward-aging/derivatives/fsl/sub-11439/L1_task-sharedreward_model-1_type-REPLACEME_run-1_sm-5.feat/stats/copeCOPENUM.nii.gz,1,18.131944444444443,0.1041666666666666,0.3715277777777778,-12.83710377757224,0.077420936863108,0.6076388888888888,-0.5902777777777778,0.2151084796488884,3.900335002522554
11440,/gpfs/scratch/tug87422/smithlab-shared/sharedreward-aging/derivatives/fsl/sub-11440/L2_task-sharedreward_model-1_type-REPLACEME_sm-5.gfeat/copeCOPENUM.feat/stats/cope1.nii.gz,1,18.131944444444443,0.1041666666666666,0.3715277777777778,-6.345571209509117,-0.0337108094664379,0.6076388888888888,-0.5902777777777778,0.6004933048269043,10.888111242382273
11443,/gpfs/scratch/tug87422/smithlab-shared/sharedreward-aging/derivatives/fsl/sub-11443/L1_task-sharedreward_model-1_type-REPLACEME_run-1_sm-5.feat/stats/copeCOPENUM.nii.gz,1,12.131944444444445,0.1041666666666666,0.3715277777777778,-9.870678566578036,0.2657532482838433,-0.3923611111111111,0.4097222222222222,-1.8543181536394,-22.496484822278
11451,/gpfs/scratch/tug87422/smithlab-shared/sharedreward-aging/derivatives/fsl/sub-11451/L2_task-sharedreward_model-1_type-REPLACEME_sm-5.gfeat/copeCOPENUM.feat/stats/cope1.nii.gz,1,3.131944444444443,0.1041666666666666,0.3715277777777778,4.291973545965547,0.0754252263739561,0.6076388888888888,-0.5902777777777778,0.8909717019322816,2.790473872024019
11461,/gpfs/scratch/tug87422/smithlab-shared/sharedreward-aging/derivatives/fsl/sub-11461/L2_task-sharedreward_model-1_type-REPLACEME_sm-5.gfeat/copeCOPENUM.feat/stats/cope1.nii.gz,1,29.131944444444443,0.1041666666666666,0.3715277777777778,-14.546398185666376,0.1870774642687117,0.6076388888888888,-0.5902777777777778,-0.1719584759851535,-5.009484769150828
11462,/gpfs/scratch/tug87422/smithlab-shared/sharedreward-aging/derivatives/fsl/sub-11462/L1_task-sharedreward_model-1_type-REPLACEME_run-1_sm-5.feat/stats/copeCOPENUM.nii.gz,1,24.131944444444443,0.1041666666666666,0.3715277777777778,-5.313329563250491,-0.0021846380956368,0.6076388888888888,-0.5902777777777778,-2.5375997266391472,-61.237215625493306
11498,/gpfs/scratch/tug87422/smithlab-shared/sharedreward-aging/derivatives/fsl/sub-11498/L1_task-sharedreward_model-1_type-REPLACEME_run-1_sm-5.feat/stats/copeCOPENUM.nii.gz,1,1.1319444444444429,0.1041666666666666,0.3715277777777778,-15.742082518532598,-0.0230985322621685,-0.3923611111111111,0.4097222222222222,-2.132248549427328,-2.413586899698985
11517,/gpfs/scratch/tug87422/smithlab-shared/sharedreward-aging/derivatives/fsl/sub-11517/L2_task-sharedreward_model-1_type-REPLACEME_sm-5.gfeat/copeCOPENUM.feat/stats/cope1.nii.gz,1,-21.86805555555556,0.1041666666666666,0.3715277777777778,-1.8667490560400355,-0.0078686723824174,-0.3923611111111111,0.4097222222222222,-0.7843402736118015,17.151996677802522
11518,/gpfs/scratch/tug87422/smithlab-shared/sharedreward-aging/derivatives/fsl/sub-11518/L2_task-sharedreward_model-1_type-REPLACEME_sm-5.gfeat/copeCOPENUM.feat/stats/cope1.nii.gz,1,-23.86805555555556,0.1041666666666666,0.3715277777777778,-11.888763306494994,0.0375573938902409,-0.3923611111111111,0.4097222222222222,-0.7894294413126017,18.842145762440364
11523,/gpfs/scratch/tug87422/smithlab-shared/sharedreward-aging/derivatives/fsl/sub-11523/L2_task-sharedreward_model-1_type-REPLACEME_sm-5.gfeat/copeCOPENUM.feat/stats/cope1.nii.gz,1,-8.868055555555557,0.1041666666666666,0.3715277777777778,-6.969651359489845,0.0555023441272176,-0.3923611111111111,0.4097222222222222,0.2923071047603987,-2.5921956442988137
11526,/gpfs/scratch/tug87422/smithlab-shared/sharedreward-aging/derivatives/fsl/sub-11526/L2_task-sharedreward_model-1_type-REPLACEME_sm-5.gfeat/copeCOPENUM.feat/stats/cope1.nii.gz,1,-20.86805555555556,0.1041666666666666,0.3715277777777778,18.67084879439072,-0.1108555173329176,-0.3923611111111111,0.4097222222222222,-0.0856086306124348,1.7864856596553245
11527,/gpfs/scratch/tug87422/smithlab-shared/sharedreward-aging/derivatives/fsl/sub-11527/L2_task-sharedreward_model-1_type-REPLACEME_sm-5.gfeat/copeCOPENUM.feat/stats/cope1.nii.gz,1,-22.86805555555556,0.1041666666666666,0.3715277777777778,-13.210450955557365,0.0515983619305571,0.6076388888888888,-0.5902777777777778,1.4624002733608528,-33.44225069567562
11529,/gpfs/scratch/tug87422/smithlab-shared/sharedreward-aging/derivatives/fsl/sub-11529/L2_task-sharedreward_model-1_type-REPLACEME_sm-5.gfeat/copeCOPENUM.feat/stats/cope1.nii.gz,1,-22.86805555555556,0.1041666666666666,0.3715277777777778,16.603595186134143,-0.0849234198537496,-0.3923611111111111,0.4097222222222222,0.4468832377750367,-10.219350708286084
11530,/gpfs/scratch/tug87422/smithlab-shared/sharedreward-aging/derivatives/fsl/sub-11530/L2_task-sharedreward_model-1_type-REPLACEME_sm-5.gfeat/copeCOPENUM.feat/stats/cope1.nii.gz,1,-19.86805555555556,0.1041666666666666,0.3715277777777778,-5.041132195277797,-0.0165477774853299,-0.3923611111111111,-0.5902777777777778,1.1067254836624372,-21.9884833941544
11532,/gpfs/scratch/tug87422/smithlab-shared/sharedreward-aging/derivatives/fsl/sub-11532/L2_task-sharedreward_model-1_type-REPLACEME_sm-5.gfeat/copeCOPENUM.feat/stats/cope1.nii.gz,1,-8.868055555555557,0.1041666666666666,0.3715277777777778,9.595108525994974,-0.0813545017478677,-0.3923611111111111,0.4097222222222222,1.4160675336428596,-12.557765558763418
11533,/gpfs/scratch/tug87422/smithlab-shared/sharedreward-aging/derivatives/fsl/sub-11533/L2_task-sharedreward_model-1_type-REPLACEME_sm-5.gfeat/copeCOPENUM.feat/stats/cope1.nii.gz,1,-11.868055555555555,0.1041666666666666,0.3715277777777778,11.901069215142442,-0.0802287789388459,-0.3923611111111111,0.4097222222222222,1.2733762551099703,-15.112500138770416
11534,/gpfs/scratch/tug87422/smithlab-shared/sharedreward-aging/derivatives/fsl/sub-11534/L2_task-sharedreward_model-1_type-REPLACEME_sm-5.gfeat/copeCOPENUM.feat/stats/cope1.nii.gz,1,-22.86805555555556,0.1041666666666666,0.3715277777777778,-10.62034659623886,-0.009151815071162,0.6076388888888888,-0.5902777777777778,-0.999942103404888,22.86673157300206
11535,/gpfs/scratch/tug87422/smithlab-shared/sharedreward-aging/derivatives/fsl/sub-11535/L2_task-sharedreward_model-1_type-REPLACEME_sm-5.gfeat/copeCOPENUM.feat/stats/cope1.nii.gz,1,-10.868055555555555,0.1041666666666666,0.3715277777777778,3.9419961923195928,-0.0383174357803172,-0.3923611111111111,0.4097222222222222,-1.0876662756394715,11.820817509553985
11536,/gpfs/scratch/tug87422/smithlab-shared/sharedreward-aging/derivatives/fsl/sub-11536/L2_task-sharedreward_model-1_type-REPLACEME_sm-5.gfeat/copeCOPENUM.feat/stats/cope1.nii.gz,1,-7.868055555555557,0.1041666666666666,0.3715277777777778,-2.740334668436745,0.0048344072673957,0.6076388888888888,-0.5902777777777778,0.9094480673800742,-7.155587919039058
11540,/gpfs/scratch/tug87422/smithlab-shared/sharedreward-aging/derivatives/fsl/sub-11540/L2_task-sharedreward_model-1_type-REPLACEME_sm-5.gfeat/copeCOPENUM.feat/stats/cope1.nii.gz,1,-9.868055555555555,0.1041666666666666,0.3715277777777778,9.796972411619308,-0.0854838109951478,-0.3923611111111111,0.4097222222222222,1.3823966936210912,-13.64156737246924
11542,/gpfs/scratch/tug87422/smithlab-shared/sharedreward-aging/derivatives/fsl/sub-11542/L2_task-sharedreward_model-1_type-REPLACEME_sm-5.gfeat/copeCOPENUM.feat/stats/cope1.nii.gz,1,16.131944444444443,0.1041666666666666,0.3715277777777778,-1.1241662708415705,0.052968237259912,0.6076388888888888,-0.5902777777777778,0.1691875166772698,2.7293236197312347
11545,/gpfs/scratch/tug87422/smithlab-shared/sharedreward-aging/derivatives/fsl/sub-11545/L2_task-sharedreward_model-1_type-REPLACEME_sm-5.gfeat/copeCOPENUM.feat/stats/cope1.nii.gz,1,28.131944444444443,0.1041666666666666,0.3715277777777778,7.570033809395781,-0.0003047130429627,-0.3923611111111111,0.4097222222222222,-4.137599726639147,-116.398725643161
11551,/gpfs/scratch/tug87422/smithlab-shared/sharedreward-aging/derivatives/fsl/sub-11551/L2_task-sharedreward_model-1_type-REPLACEME_sm-5.gfeat/copeCOPENUM.feat/stats/cope1.nii.gz,1,20.131944444444443,0.1041666666666666,0.3715277777777778,-3.6210990288599447,0.0013266374985127,-0.3923611111111111,0.4097222222222222,0.9396258484125132,18.91649537880469
11559,/gpfs/scratch/tug87422/smithlab-shared/sharedreward-aging/derivatives/fsl/sub-11559/L2_task-sharedreward_model-1_type-REPLACEME_sm-5.gfeat/copeCOPENUM.feat/stats/cope1.nii.gz,1,22.131944444444443,0.1041666666666666,0.3715277777777778,-8.71239498176864,0.2036701238146033,-0.3923611111111111,0.4097222222222222,1.197074325692553,26.493582472098367
11563,/gpfs/scratch/tug87422/smithlab-shared/sharedreward-aging/derivatives/fsl/sub-11563/L2_task-sharedreward_model-1_type-REPLACEME_sm-5.gfeat/copeCOPENUM.feat/stats/cope1.nii.gz,1,10.131944444444445,0.1041666666666666,0.3715277777777778,-3.6430035233569376,-0.0663791521986346,0.6076388888888888,-0.5902777777777778,1.2288470473237032,12.450610014203352
11570,/gpfs/scratch/tug87422/smithlab-shared/sharedreward-aging/derivatives/fsl/sub-11570/L2_task-sharedreward_model-1_type-REPLACEME_sm-5.gfeat/copeCOPENUM.feat/stats/cope1.nii.gz,1,-3.868055555555557,0.1041666666666666,0.3715277777777778,-1.756622558816062,0.0391800054887623,0.6076388888888888,-0.5902777777777778,-0.1616499817023111,0.6252711097790788
11572,/gpfs/scratch/tug87422/smithlab-shared/sharedreward-aging/derivatives/fsl/sub-11572/L2_task-sharedreward_model-1_type-REPLACEME_sm-5.gfeat/copeCOPENUM.feat/stats/cope1.nii.gz,1,-2.868055555555557,0.1041666666666666,0.3715277777777778,4.62892218655189,-0.0289735834904897,0.6076388888888888,-0.5902777777777778,0.5173038800764269,-1.483656267163642
11579,/gpfs/scratch/tug87422/smithlab-shared/sharedreward-aging/derivatives/fsl/sub-11579/L2_task-sharedreward_model-1_type-REPLACEME_sm-5.gfeat/copeCOPENUM.feat/stats/cope1.nii.gz,1,2.131944444444443,0.1041666666666666,0.3715277777777778,2.162002578603378,-0.0284358124999191,0.6076388888888888,-0.5902777777777778,0.0724991929278475,0.1545642515892304
11586,/gpfs/scratch/tug87422/smithlab-shared/sharedreward-aging/derivatives/fsl/sub-11586/L1_task-sharedreward_model-1_type-REPLACEME_run-1_sm-5.feat/stats/copeCOPENUM.nii.gz,1,8.131944444444443,0.1041666666666666,0.3715277777777778,1.8699806919249653,-0.0886080750719799,0.6076388888888888,-0.5902777777777778,1.302371434068304,10.590812147874884
11588,/gpfs/scratch/tug87422/smithlab-shared/sharedreward-aging/derivatives/fsl/sub-11588/L2_task-sharedreward_model-1_type-REPLACEME_sm-5.gfeat/copeCOPENUM.feat/stats/cope1.nii.gz,1,9.131944444444445,0.1041666666666666,0.3715277777777778,18.310011129993757,-0.0656238733337925,0.6076388888888888,-0.5902777777777778,0.4468832377750367,4.080912900515092
11591,/gpfs/scratch/tug87422/smithlab-shared/sharedreward-aging/derivatives/fsl/sub-11591/L2_task-sharedreward_model-1_type-REPLACEME_sm-5.gfeat/copeCOPENUM.feat/stats/cope1.nii.gz,1,14.131944444444445,0.1041666666666666,0.3715277777777778,-1.895781765815528,0.0653457723062102,0.6076388888888888,-0.5902777777777778,0.9396258484125132,13.27874028832961
11597,/gpfs/scratch/tug87422/smithlab-shared/sharedreward-aging/derivatives/fsl/sub-11597/L1_task-sharedreward_model-1_type-REPLACEME_run-2_sm-5.feat/stats/copeCOPENUM.nii.gz,1,7.131944444444443,0.1041666666666666,0.3715277777777778,-4.323550113018328,0.185830314431759,-0.3923611111111111,0.4097222222222222,0.3613797589272085,2.5773403640155768
11598,/gpfs/scratch/tug87422/smithlab-shared/sharedreward-aging/derivatives/fsl/sub-11598/L1_task-sharedreward_model-1_type-REPLACEME_run-1_sm-5.feat/stats/copeCOPENUM.nii.gz,1,7.131944444444443,0.1041666666666666,0.3715277777777778,-0.9419184182842316,0.2044276151407199,-0.3923611111111111,0.4097222222222222,1.4624002733608528,10.429757505149968
11599,/gpfs/scratch/tug87422/smithlab-shared/sharedreward-aging/derivatives/fsl/sub-11599/L2_task-sharedreward_model-1_type-REPLACEME_sm-5.gfeat/copeCOPENUM.feat/stats/cope1.nii.gz,1,7.131944444444443,0.1041666666666666,-0.6284722222222222,12.750640906269936,-0.0420692712621051,-0.3923611111111111,0.4097222222222222,-1.6176141462854217,-11.536734223855053
11600,/gpfs/scratch/tug87422/smithlab-shared/sharedreward-aging/derivatives/fsl/sub-11600/L2_task-sharedreward_model-1_type-REPLACEME_sm-5.gfeat/copeCOPENUM.feat/stats/cope1.nii.gz,1,8.131944444444443,0.1041666666666666,0.3715277777777778,6.055285796166672,-0.0138659968767809,-0.3923611111111111,0.4097222222222222,0.966372138632904,7.8584845440217395
11622,/gpfs/scratch/tug87422/smithlab-shared/sharedreward-aging/derivatives/fsl/sub-11622/L2_task-sharedreward_model-1_type-REPLACEME_sm-5.gfeat/copeCOPENUM.feat/stats/cope1.nii.gz,1,23.131944444444443,0.1041666666666666,0.3715277777777778,15.189738787994528,-0.0417690594763663,-0.3923611111111111,0.4097222222222222,-1.3304648236900545,-30.77623838688591
11623,/gpfs/scratch/tug87422/smithlab-shared/sharedreward-aging/derivatives/fsl/sub-11623/L1_task-sharedreward_model-1_type-REPLACEME_run-1_sm-5.feat/stats/copeCOPENUM.nii.gz,1,34.13194444444444,0.1041666666666666,0.3715277777777778,-4.569841658005217,0.0136540946951745,-0.3923611111111111,0.4097222222222222,0.0344048453677103,1.1743042707103923
11625,/gpfs/scratch/tug87422/smithlab-shared/sharedreward-aging/derivatives/fsl/sub-11625/L2_task-sharedreward_model-1_type-REPLACEME_sm-5.gfeat/copeCOPENUM.feat/stats/cope1.nii.gz,1,27.131944444444443,0.1041666666666666,0.3715277777777778,-5.32294868570888,0.0200087098209866,0.6076388888888888,-0.5902777777777778,0.0976360969822955,2.6490571590960337
11626,/gpfs/scratch/tug87422/smithlab-shared/sharedreward-aging/derivatives/fsl/sub-11626/L2_task-sharedreward_model-1_type-REPLACEME_sm-5.gfeat/copeCOPENUM.feat/stats/cope1.nii.gz,1,26.131944444444443,0.1041666666666666,0.3715277777777778,10.738700154463103,-0.0766991935468338,0.6076388888888888,-0.5902777777777778,0.0915007722236094,2.3910930963711263
11628,/gpfs/scratch/tug87422/smithlab-shared/sharedreward-aging/derivatives/fsl/sub-11628/L2_task-sharedreward_model-1_type-REPLACEME_sm-5.gfeat/copeCOPENUM.feat/stats/cope1.nii.gz,1,10.131944444444445,0.1041666666666666,0.3715277777777778,15.787646926292028,-0.0427332421106591,-0.3923611111111111,0.4097222222222222,1.4624002733608528,14.816958325232529
11631,/gpfs/scratch/tug87422/smithlab-shared/sharedreward-aging/derivatives/fsl/sub-11631/L2_task-sharedreward_model-1_type-REPLACEME_sm-5.gfeat/copeCOPENUM.feat/stats/cope1.nii.gz,1,11.131944444444445,0.1041666666666666,0.3715277777777778,15.511319051489508,-0.0854911850510675,-0.3923611111111111,0.4097222222222222,-3.68907158921529,-41.06653998272298
11651,/gpfs/scratch/tug87422/smithlab-shared/sharedreward-aging/derivatives/fsl/sub-11651/L2_task-sharedreward_model-1_type-REPLACEME_sm-5.gfeat/copeCOPENUM.feat/stats/cope1.nii.gz,1,17.131944444444443,0.1041666666666666,0.3715277777777778,-1.3747186122417503,-0.0069091474317132,0.6076388888888888,-0.5902777777777778,1.3096479341379474,22.43681564943275
11660,/gpfs/scratch/tug87422/smithlab-shared/sharedreward-aging/derivatives/fsl/sub-11660/L2_task-sharedreward_model-1_type-REPLACEME_sm-5.gfeat/copeCOPENUM.feat/stats/cope1.nii.gz,1,-3.868055555555557,0.1041666666666666,0.3715277777777778,8.926690121174133,-0.0947393670881957,-0.3923611111111111,0.4097222222222222,-3.568512302934449,13.803203838433951
11670,/gpfs/scratch/tug87422/smithlab-shared/sharedreward-aging/derivatives/fsl/sub-11670/L2_task-sharedreward_model-1_type-REPLACEME_sm-5.gfeat/copeCOPENUM.feat/stats/cope1.nii.gz,1,0.1319444444444428,0.1041666666666666,0.3715277777777778,2.937026658553904,0.0864080430291685,-0.3923611111111111,0.4097222222222222,-0.7894294413126013,-0.104160829062078
11674,/gpfs/scratch/tug87422/smithlab-shared/sharedreward-aging/derivatives/fsl/sub-11674/L1_task-sharedreward_model-1_type-REPLACEME_run-1_sm-5.feat/stats/copeCOPENUM.nii.gz,1,11.131944444444445,0.1041666666666666,-0.6284722222222222,12.605165223118192,0.0126275978750638,0.6076388888888888,-0.5902777777777778,0.6718591261076075,7.479098466322879
11679,/gpfs/scratch/tug87422/smithlab-shared/sharedreward-aging/derivatives/fsl/sub-11679/L2_task-sharedreward_model-1_type-REPLACEME_sm-5.gfeat/copeCOPENUM.feat/stats/cope1.nii.gz,1,12.131944444444445,0.1041666666666666,0.3715277777777778,16.703447138883448,-0.071687891920938,-0.3923611111111111,0.4097222222222222,-0.2949590395198624,-3.5784266808416643
11692,/gpfs/scratch/tug87422/smithlab-shared/sharedreward-aging/derivatives/fsl/sub-11692/L2_task-sharedreward_model-1_type-REPLACEME_sm-5.gfeat/copeCOPENUM.feat/stats/cope1.nii.gz,1,18.131944444444443,0.1041666666666666,0.3715277777777778,-7.520864430240081,0.0192394703032495,-0.3923611111111111,0.4097222222222222,-0.4206328403972321,-7.62689129359148
11701,/gpfs/scratch/tug87422/smithlab-shared/sharedreward-aging/derivatives/fsl/sub-11701/L2_task-sharedreward_model-1_type-REPLACEME_sm-5.gfeat/copeCOPENUM.feat/stats/cope1.nii.gz,1,21.131944444444443,0.1041666666666666,-0.6284722222222222,2.0086938451787404,-0.056810421052839,-0.3923611111111111,0.4097222222222222,-1.8543181536393991,-39.185348205032575
11703,/gpfs/scratch/tug87422/smithlab-shared/sharedreward-aging/derivatives/fsl/sub-11703/L2_task-sharedreward_model-1_type-REPLACEME_sm-5.gfeat/copeCOPENUM.feat/stats/cope1.nii.gz,1,9.131944444444445,0.1041666666666666,-0.6284722222222222,10.663393586866832,0.0128750679219001,-0.3923611111111111,0.4097222222222222,1.4624002733608528,13.354558051871674
11705,/gpfs/scratch/tug87422/smithlab-shared/sharedreward-aging/derivatives/fsl/sub-11705/L2_task-sharedreward_model-1_type-REPLACEME_sm-5.gfeat/copeCOPENUM.feat/stats/cope1.nii.gz,1,9.131944444444445,0.1041666666666666,0.3715277777777778,-0.2358544531233661,0.0715093582074694,0.6076388888888888,-0.5902777777777778,1.197074325692553,10.931616238095184
11709,/gpfs/scratch/tug87422/smithlab-shared/sharedreward-aging/derivatives/fsl/sub-11709/L2_task-sharedreward_model-1_type-REPLACEME_sm-5.gfeat/copeCOPENUM.feat/stats/cope1.nii.gz,1,8.131944444444443,0.1041666666666666,0.3715277777777778,9.200925178469433,0.0324119724317298,-0.3923611111111111,0.4097222222222222,-0.3584435277571929,-2.9148428541921723
11710,/gpfs/scratch/tug87422/smithlab-shared/sharedreward-aging/derivatives/fsl/sub-11710/L2_task-sharedreward_model-1_type-REPLACEME_sm-5.gfeat/copeCOPENUM.feat/stats/cope1.nii.gz,1,26.131944444444443,0.1041666666666666,0.3715277777777778,14.940076737191802,0.0398400439794928,0.6076388888888888,-0.5902777777777778,0.9825604980237292,25.67621634766176
11714,/gpfs/scratch/tug87422/smithlab-shared/sharedreward-aging/derivatives/fsl/sub-11714/L2_task-sharedreward_model-1_type-REPLACEME_sm-5.gfeat/copeCOPENUM.feat/stats/cope1.nii.gz,1,26.131944444444443,0.1041666666666666,-0.6284722222222222,-0.650581741247052,-0.0063925393971139,0.6076388888888888,-0.5902777777777778,-0.2949590395198616,-7.707853234119716
11719,/gpfs/scratch/tug87422/smithlab-shared/sharedreward-aging/derivatives/fsl/sub-11719/L1_task-sharedreward_model-1_type-REPLACEME_run-1_sm-5.feat/stats/copeCOPENUM.nii.gz,1,8.131944444444443,0.1041666666666666,0.3715277777777778,4.619272598058259,-0.0113381831433297,-0.3923611111111111,0.4097222222222222,-0.0723492814276429,-0.5883403371650687
11722,/gpfs/scratch/tug87422/smithlab-shared/sharedreward-aging/derivatives/fsl/sub-11722/L2_task-sharedreward_model-1_type-REPLACEME_sm-5.gfeat/copeCOPENUM.feat/stats/cope1.nii.gz,1,10.131944444444445,0.1041666666666666,-0.6284722222222222,-0.7354393635831826,0.0955744398168099,-0.3923611111111111,0.4097222222222222,1.4624002733608528,14.816958325232529
11723,/gpfs/scratch/tug87422/smithlab-shared/sharedreward-aging/derivatives/fsl/sub-11723/L2_task-sharedreward_model-1_type-REPLACEME_sm-5.gfeat/copeCOPENUM.feat/stats/cope1.nii.gz,1,11.131944444444445,0.1041666666666666,-0.6284722222222222,-2.2978826115212456,0.007210373868451,0.6076388888888888,-0.5902777777777778,-2.952788095253024,-32.87027303257359
11736,/gpfs/scratch/tug87422/smithlab-shared/sharedreward-aging/derivatives/fsl/sub-11736/L2_task-sharedreward_model-1_type-REPLACEME_sm-5.gfeat/copeCOPENUM.feat/stats/cope1.nii.gz,1,25.131944444444443,0.1041666666666666,-0.6284722222222222,0.251744750879979,0.0165101928983121,0.6076388888888888,-0.5902777777777778,-0.0153542417774383,-0.3858819513371493
11744,/gpfs/scratch/tug87422/smithlab-shared/sharedreward-aging/derivatives/fsl/sub-11744/L2_task-sharedreward_model-1_type-REPLACEME_sm-5.gfeat/copeCOPENUM.feat/stats/cope1.nii.gz,1,44.13194444444444,0.1041666666666666,-0.6284722222222222,-5.721167617018992,-0.0435492029254595,0.6076388888888888,-0.5902777777777778,-1.7264720126442383,-76.19256694690371
11746,/gpfs/scratch/tug87422/smithlab-shared/sharedreward-aging/derivatives/fsl/sub-11746/L2_task-sharedreward_model-1_type-REPLACEME_sm-5.gfeat/copeCOPENUM.feat/stats/cope1.nii.gz,1,23.131944444444443,0.1041666666666666,-0.6284722222222222,4.907265368376201,-0.0512285157771569,0.6076388888888888,-0.5902777777777778,-2.590942673069997,-59.93354197219556
11748,/gpfs/scratch/tug87422/smithlab-shared/sharedreward-aging/derivatives/fsl/sub-11748/L2_task-sharedreward_model-1_type-REPLACEME_sm-5.gfeat/copeCOPENUM.feat/stats/cope1.nii.gz,1,8.131944444444443,0.1041666666666666,-0.6284722222222222,-3.293116338791052,-0.0379043247404682,-0.3923611111111111,0.4097222222222222,-1.0734981115013928,-8.729627003945353
11756,/gpfs/scratch/tug87422/smithlab-shared/sharedreward-aging/derivatives/fsl/sub-11756/L2_task-sharedreward_model-1_type-REPLACEME_sm-5.gfeat/copeCOPENUM.feat/stats/cope1.nii.gz,1,6.131944444444443,0.1041666666666666,-0.6284722222222222,8.126716941587901,-0.0829944694706522,-0.3923611111111111,0.4097222222222222,-1.6176141462854217,-9.919120077569632
11764,/gpfs/scratch/tug87422/smithlab-shared/sharedreward-aging/derivatives/fsl/sub-11764/L2_task-sharedreward_model-1_type-REPLACEME_sm-5.gfeat/copeCOPENUM.feat/stats/cope1.nii.gz,1,23.131944444444443,0.1041666666666666,-0.6284722222222222,9.968497744463193,-0.0646609769257993,-0.3923611111111111,0.4097222222222222,0.3417219803572386,7.90469386506918
11772,/gpfs/scratch/tug87422/smithlab-shared/sharedreward-aging/derivatives/fsl/sub-11772/L1_task-sharedreward_model-1_type-REPLACEME_run-1_sm-5.feat/stats/copeCOPENUM.nii.gz,1,4.131944444444443,0.1041666666666666,-0.6284722222222222,11.98907275217799,-0.0703800068267175,-0.3923611111111111,0.4097222222222222,-1.0734981115013928,-4.435634557939781
11773,/gpfs/scratch/tug87422/smithlab-shared/sharedreward-aging/derivatives/fsl/sub-11773/L2_task-sharedreward_model-1_type-REPLACEME_sm-5.gfeat/copeCOPENUM.feat/stats/cope1.nii.gz,1,11.131944444444445,0.1041666666666666,-0.6284722222222222,11.780871359624244,-0.0665086713071154,-0.3923611111111111,0.4097222222222222,1.1554851096575185,12.862796047090288
11774,/gpfs/scratch/tug87422/smithlab-shared/sharedreward-aging/derivatives/fsl/sub-11774/L2_task-sharedreward_model-1_type-REPLACEME_sm-5.gfeat/copeCOPENUM.feat/stats/cope1.nii.gz,1,-0.8680555555555571,0.1041666666666666,-0.6284722222222222,2.504187358070439,-0.0198624185330498,-0.3923611111111111,0.4097222222222222,0.3870963633695927,-0.3360211487583276
11784,/gpfs/scratch/tug87422/smithlab-shared/sharedreward-aging/derivatives/fsl/sub-11784/L2_task-sharedreward_model-1_type-REPLACEME_sm-5.gfeat/copeCOPENUM.feat/stats/cope1.nii.gz,1,-2.868055555555557,0.1041666666666666,-0.6284722222222222,2.0417006688586383,-0.0084640790993432,0.6076388888888888,-0.5902777777777778,1.4624002733608528,-4.194245228458559
11787,/gpfs/scratch/tug87422/smithlab-shared/sharedreward-aging/derivatives/fsl/sub-11787/L2_task-sharedreward_model-1_type-REPLACEME_sm-5.gfeat/copeCOPENUM.feat/stats/cope1.nii.gz,1,-4.868055555555557,0.1041666666666666,-0.6284722222222222,-4.675432123018155,0.0204963155630815,-0.3923611111111111,0.4097222222222222,1.1554851096575174,-5.62496570743
11788,/gpfs/scratch/tug87422/smithlab-shared/sharedreward-aging/derivatives/fsl/sub-11788/L2_task-sharedreward_model-1_type-REPLACEME_sm-5.gfeat/copeCOPENUM.feat/stats/cope1.nii.gz,1,-9.868055555555555,0.1041666666666666,-0.6284722222222222,17.921424495281926,-0.0824275201683132,0.6076388888888888,-0.5902777777777778,1.197074325692553,-11.812795950063316
11789,/gpfs/scratch/tug87422/smithlab-shared/sharedreward-aging/derivatives/fsl/sub-11789/L2_task-sharedreward_model-1_type-REPLACEME_sm-5.gfeat/copeCOPENUM.feat/stats/cope1.nii.gz,1,-1.8680555555555567,0.1041666666666666,-0.6284722222222222,1.066381662145531,0.1715662944260308,-0.3923611111111111,0.4097222222222222,1.033260418672409,-1.9301878654366549
11790,/gpfs/scratch/tug87422/smithlab-shared/sharedreward-aging/derivatives/fsl/sub-11790/L2_task-sharedreward_model-1_type-REPLACEME_sm-5.gfeat/copeCOPENUM.feat/stats/cope1.nii.gz,1,-7.868055555555557,0.1041666666666666,-0.6284722222222222,1.861346626181429,0.0050544288209043,-0.3923611111111111,0.4097222222222222,0.5503900973913805,-4.330499863503015
11793,/gpfs/scratch/tug87422/smithlab-shared/sharedreward-aging/derivatives/fsl/sub-11793/L2_task-sharedreward_model-1_type-REPLACEME_sm-5.gfeat/copeCOPENUM.feat/stats/cope1.nii.gz,1,-6.868055555555557,0.1041666666666666,-0.6284722222222222,-4.678413337336579,0.0125776499930261,-0.3923611111111111,0.4097222222222222,0.7041258578982648,-4.8359755101485
11795,/gpfs/scratch/tug87422/smithlab-shared/sharedreward-aging/derivatives/fsl/sub-11795/L2_task-sharedreward_model-1_type-REPLACEME_sm-5.gfeat/copeCOPENUM.feat/stats/cope1.nii.gz,1,-9.868055555555555,0.1041666666666666,-0.6284722222222222,14.11984683729689,-0.0418342685237527,0.6076388888888888,-0.5902777777777778,1.0846557013506717,-10.703442719578502
11815,/gpfs/scratch/tug87422/smithlab-shared/sharedreward-aging/derivatives/fsl/sub-11815/L2_task-sharedreward_model-1_type-REPLACEME_sm-5.gfeat/copeCOPENUM.feat/stats/cope1.nii.gz,1,19.131944444444443,0.1041666666666666,-0.6284722222222222,3.796287731609581,-0.0208919341638431,0.6076388888888888,-0.5902777777777778,-0.3584435277571929,-6.857721659521294
11822,/gpfs/scratch/tug87422/smithlab-shared/sharedreward-aging/derivatives/fsl/sub-11822/L2_task-sharedreward_model-1_type-REPLACEME_sm-5.gfeat/copeCOPENUM.feat/stats/cope1.nii.gz,1,11.131944444444445,0.1041666666666666,-0.6284722222222222,9.710794763748808,-0.0540105645631776,-0.3923611111111111,0.4097222222222222,-0.0347270803204082,-0.3865799288445448
11823,/gpfs/scratch/tug87422/smithlab-shared/sharedreward-aging/derivatives/fsl/sub-11823/L2_task-sharedreward_model-1_type-REPLACEME_sm-5.gfeat/copeCOPENUM.feat/stats/cope1.nii.gz,1,11.131944444444445,0.1041666666666666,-0.6284722222222222,17.360252343111014,-0.0684846984025057,-0.3923611111111111,0.4097222222222222,0.1647055725628892,1.833493283460496
11824,/gpfs/scratch/tug87422/smithlab-shared/sharedreward-aging/derivatives/fsl/sub-11824/L2_task-sharedreward_model-1_type-REPLACEME_sm-5.gfeat/copeCOPENUM.feat/stats/cope1.nii.gz,1,17.131944444444443,0.1041666666666666,-0.6284722222222222,-9.33099751664112,0.1185263466906683,-0.3923611111111111,0.4097222222222222,0.6157852821856666,10.549599244111386
11828,/gpfs/scratch/tug87422/smithlab-shared/sharedreward-aging/derivatives/fsl/sub-11828/L2_task-sharedreward_model-1_type-REPLACEME_sm-5.gfeat/copeCOPENUM.feat/stats/cope1.nii.gz,1,33.13194444444444,0.1041666666666666,-0.6284722222222222,-0.4357898947854579,-0.0011816674495296,0.6076388888888888,-0.5902777777777778,-1.4950444096164874,-49.533728321390704
11829,/gpfs/scratch/tug87422/smithlab-shared/sharedreward-aging/derivatives/fsl/sub-11829/L1_task-sharedreward_model-1_type-REPLACEME_run-2_sm-5.feat/stats/copeCOPENUM.nii.gz,1,11.131944444444445,0.1041666666666666,-0.6284722222222222,25.83489058329006,-0.1067221630091447,-0.3923611111111111,0.4097222222222222,1.4471524723452625,16.109620924787883
11840,/gpfs/scratch/tug87422/smithlab-shared/sharedreward-aging/derivatives/fsl/sub-11840/L2_task-sharedreward_model-1_type-REPLACEME_sm-5.gfeat/copeCOPENUM.feat/stats/cope1.nii.gz,1,27.131944444444443,0.1041666666666666,-0.6284722222222222,7.471367145299254,-0.0471557154029194,0.6076388888888888,-0.5902777777777778,0.9640960770579206,26.15780120184233
11847,/gpfs/scratch/tug87422/smithlab-shared/sharedreward-aging/derivatives/fsl/sub-11847/L2_task-sharedreward_model-1_type-REPLACEME_sm-5.gfeat/copeCOPENUM.feat/stats/cope1.nii.gz,1,12.131944444444445,0.1041666666666666,-0.6284722222222222,-3.0365727029346914,0.0666583493729287,-0.3923611111111111,0.4097222222222222,-1.1434871769437187,-13.872722903615808
11853,/gpfs/scratch/tug87422/smithlab-shared/sharedreward-aging/derivatives/fsl/sub-11853/L2_task-sharedreward_model-1_type-REPLACEME_sm-5.gfeat/copeCOPENUM.feat/stats/cope1.nii.gz,1,19.131944444444443,0.1041666666666666,-0.6284722222222222,15.77501257124105,-0.0794724151336043,-0.3923611111111111,0.4097222222222222,-0.6442856195008462,-12.32643667864466
11854,/gpfs/scratch/tug87422/smithlab-shared/sharedreward-aging/derivatives/fsl/sub-11854/L2_task-sharedreward_model-1_type-REPLACEME_sm-5.gfeat/copeCOPENUM.feat/stats/cope1.nii.gz,1,26.131944444444443,0.1041666666666666,-0.6284722222222222,-7.8099475647976675,0.165080635059763,0.6076388888888888,-0.5902777777777778,0.3613797589272085,9.443555783632538
11861,/gpfs/scratch/tug87422/smithlab-shared/sharedreward-aging/derivatives/fsl/sub-11861/L2_task-sharedreward_model-1_type-REPLACEME_sm-5.gfeat/copeCOPENUM.feat/stats/cope1.nii.gz,1,-18.86805555555556,0.1041666666666666,-0.6284722222222222,9.42554894414944,-0.0148603247866671,0.6076388888888888,-0.5902777777777778,1.0764460273271013,-20.310443446164825
11866,/gpfs/scratch/tug87422/smithlab-shared/sharedreward-aging/derivatives/fsl/sub-11866/L2_task-sharedreward_model-1_type-REPLACEME_sm-5.gfeat/copeCOPENUM.feat/stats/cope1.nii.gz,1,-16.868055555555557,0.1041666666666666,-0.6284722222222222,13.341678195742231,-0.0043755302511954,0.6076388888888888,-0.5902777777777778,1.033260418672409,-17.42909414552279
11867,/gpfs/scratch/tug87422/smithlab-shared/sharedreward-aging/derivatives/fsl/sub-11867/L2_task-sharedreward_model-1_type-REPLACEME_sm-5.gfeat/copeCOPENUM.feat/stats/cope1.nii.gz,1,-19.86805555555556,0.1041666666666666,-0.6284722222222222,17.365353857276304,-0.0970369657708637,0.6076388888888888,-0.5902777777777778,-0.0086232520947344,0.1713272516877452
11870,/gpfs/scratch/tug87422/smithlab-shared/sharedreward-aging/derivatives/fsl/sub-11870/L2_task-sharedreward_model-1_type-REPLACEME_sm-5.gfeat/copeCOPENUM.feat/stats/cope1.nii.gz,1,-16.868055555555557,0.1041666666666666,-0.6284722222222222,10.870339466484538,-0.0452605775401522,0.6076388888888888,-0.5902777777777778,-1.0734981115013915,18.107825783589448
11872,/gpfs/scratch/tug87422/smithlab-shared/sharedreward-aging/derivatives/fsl/sub-11872/L2_task-sharedreward_model-1_type-REPLACEME_sm-5.gfeat/copeCOPENUM.feat/stats/cope1.nii.gz,1,-16.868055555555557,0.1041666666666666,-0.6284722222222222,17.107988396768732,-0.0325342343602799,0.6076388888888888,-0.5902777777777778,-2.6536422497708694,44.76178489370446
11876,/gpfs/scratch/tug87422/smithlab-shared/sharedreward-aging/derivatives/fsl/sub-11876/L2_task-sharedreward_model-1_type-REPLACEME_sm-5.gfeat/copeCOPENUM.feat/stats/cope1.nii.gz,1,-13.868055555555555,0.1041666666666666,-0.6284722222222222,21.15612760977102,-0.0633353566397635,0.6076388888888888,-0.5902777777777778,0.2151084796488884,-2.983136346241877
11877,/gpfs/scratch/tug87422/smithlab-shared/sharedreward-aging/derivatives/fsl/sub-11877/L2_task-sharedreward_model-1_type-REPLACEME_sm-5.gfeat/copeCOPENUM.feat/stats/cope1.nii.gz,1,-18.86805555555556,0.1041666666666666,-0.6284722222222222,-7.139433382784674,-0.0080565977785242,0.6076388888888888,-0.5902777777777778,-0.8397059200715273,15.843617950238473
11881,/gpfs/scratch/tug87422/smithlab-shared/sharedreward-aging/derivatives/fsl/sub-11881/L2_task-sharedreward_model-1_type-REPLACEME_sm-5.gfeat/copeCOPENUM.feat/stats/cope1.nii.gz,1,18.131944444444443,0.1041666666666666,-0.6284722222222222,3.01025536009557,0.0464343522521731,-0.3923611111111111,0.4097222222222222,-3.423427697576836,-62.073400822035545
11885,/gpfs/scratch/tug87422/smithlab-shared/sharedreward-aging/derivatives/fsl/sub-11885/L2_task-sharedreward_model-1_type-REPLACEME_sm-5.gfeat/copeCOPENUM.feat/stats/cope1.nii.gz,1,12.131944444444445,0.1041666666666666,-0.6284722222222222,9.062284401261522,-0.0355154854215503,-0.3923611111111111,0.4097222222222222,-0.5640026554440158,-6.842448882365941
11891,/gpfs/scratch/tug87422/smithlab-shared/sharedreward-aging/derivatives/fsl/sub-11891/L2_task-sharedreward_model-1_type-REPLACEME_sm-5.gfeat/copeCOPENUM.feat/stats/cope1.nii.gz,1,27.131944444444443,0.1041666666666666,-0.6284722222222222,7.516375761122717,0.0259898919386437,-0.3923611111111111,0.4097222222222222,0.3148167791799841,8.541591362890262
