condition	age	adjusted_mean	ci95_low	ci95_high	n
Computer win	18.0	1.8821888258219273	1.435976867952518	2.3284007836913365	318
Computer win	18.39664804469274	1.8814735596763057	1.4396268133062602	2.323320306046351	318
Computer win	18.793296089385475	1.8807582935306846	1.4432564228853375	2.3182601641760314	318
Computer win	19.189944134078214	1.880043027385063	1.4468650847716389	2.313220969998487	318
Computer win	19.58659217877095	1.8793277612394415	1.4504521653801545	2.308203357098728	318
Computer win	19.98324022346369	1.87861249509382	1.454017008673207	2.303207981514433	318
Computer win	20.379888268156424	1.8778972289481983	1.4575589353535112	2.2982355225428854	318
Computer win	20.776536312849164	1.8771819628025768	1.4610772420366758	2.2932866835684775	318
Computer win	21.1731843575419	1.8764666966569556	1.464571200403983	2.2883621929099283	318
Computer win	21.56983240223464	1.875751430511334	1.468040056336496	2.283462804686172	318
Computer win	21.966480446927374	1.8750361643657125	1.4714830290318068	2.278589299699618	318
Computer win	22.363128491620113	1.874320898220091	1.4748993101050325	2.2737424863351494	318
Computer win	22.75977653631285	1.8736056320744694	1.4782880626759876	2.2689232014729512	318
Computer win	23.156424581005588	1.8728903659288483	1.4816484204448166	2.26413231141288	318
Computer win	23.553072625698324	1.8721750997832267	1.4849794867587822	2.259370712807671	318
Computer win	23.949720670391063	1.8714598336376052	1.4882803336733468	2.2546393336018635	318
Computer win	24.3463687150838	1.8707445674919836	1.491550001011158	2.249939133972809	318
Computer win	24.743016759776538	1.870029301346362	1.4947874954231117	2.2452711072696125	318
Computer win	25.139664804469273	1.8693140352007405	1.4979917894562362	2.2406362809452447	318
Computer win	25.536312849162012	1.8685987690551193	1.501161820633788	2.236035717476451	318
Computer win	25.932960893854748	1.8678835029094978	1.5042964905536433	2.2314705152653525	318
Computer win	26.329608938547487	1.8671682367638762	1.50739466401183	2.2269418095159224	318
Computer win	26.726256983240226	1.8664529706182547	1.5104551681588498	2.2224507730776595	318
Computer win	27.122905027932962	1.865737704472633	1.5134767916972904	2.217998617247976	318
Computer win	27.519553072625698	1.8650224383270115	1.516458284130186	2.2135865925238374	318
Computer win	27.916201117318437	1.8643071721813904	1.5193983550705228	2.2092159892922583	318
Computer win	28.312849162011176	1.8635919060357689	1.5222956736233295	2.204888138448208	318
Computer win	28.70949720670391	1.8628766398901473	1.5251488678528564	2.200604411927438	318
Computer win	29.106145251396647	1.8621613737445257	1.5279565243484443	2.196366223140607	318
Computer win	29.502793296089386	1.8614461075989042	1.5307171879038142	2.192175027293994	318
Computer win	29.899441340782126	1.8607308414532826	1.5334293613256431	2.188032321580922	318
Computer win	30.29608938547486	1.8600155753076615	1.536091505388422	2.183939645226901	318
Computer win	30.692737430167597	1.85930030916204	1.5387020389536938	2.179898579370386	318
Computer win	31.089385474860336	1.8585850430164184	1.5412593392728333	2.1759107467600036	318
Computer win	31.486033519553075	1.8578697768707968	1.5437617424934855	2.1719778112481083	318
Computer win	31.88268156424581	1.8571545107251752	1.546207544390668	2.1681014770596825	318
Computer win	32.279329608938546	1.8564392445795541	1.5485950013442342	2.164283487814874	318
Computer win	32.675977653631286	1.8557239784339326	1.5509223315849385	2.1605256252829266	318
Computer win	33.072625698324025	1.855008712288311	1.5531877167316237	2.1568297078449983	318
Computer win	33.46927374301676	1.8542934461426894	1.5553893036420559	2.153197588643323	318
Computer win	33.865921787709496	1.8535781799970679	1.557525206599591	2.1496311533945445	318
Computer win	34.262569832402235	1.8528629138514463	1.5595935098571436	2.146132317845749	318
Computer win	34.659217877094974	1.8521476477058252	1.5615922705587166	2.142703024852934	318
Computer win	35.05586592178771	1.8514323815602036	1.5635195220570859	2.1393452410633214	318
Computer win	35.45251396648045	1.850717115414582	1.5653732776439653	2.136060953185199	318
Computer win	35.849162011173185	1.8500018492689605	1.5671515347061074	2.1328521638318136	318
Computer win	36.245810055865924	1.849286583123339	1.5688522793172885	2.1297208869293893	318
Computer win	36.642458100558656	1.8485713169777174	1.5704734912719023	2.1266691426835322	318
Computer win	37.039106145251395	1.8478560508320963	1.572013149560995	2.1236989521031973	318
Computer win	37.435754189944134	1.8471407846864747	1.5734692382859516	2.1208123310869977	318
Computer win	37.832402234636874	1.8464255185408531	1.5748397529987561	2.11801128408295	318
Computer win	38.22905027932961	1.8457102523952316	1.5761227074508128	2.1152977973396503	318
Computer win	38.62569832402235	1.84499498624961	1.5773161407248473	2.1126738317743725	318
Computer win	39.022346368715084	1.8442797201039884	1.5784181247164282	2.110141315491549	318
Computer win	39.41899441340782	1.8435644539583673	1.5794267719233979	2.107702135993337	318
Computer win	39.815642458100555	1.8428491878127458	1.5803402434930653	2.105358132132426	318
Computer win	40.212290502793294	1.8421339216671242	1.581156757468611	2.1031110858656374	318
Computer win	40.608938547486034	1.8414186555215026	1.5818745971680097	2.1009627138749956	318
Computer win	41.00558659217877	1.840703389375881	1.5824921196211637	2.0989146591305983	318
Computer win	41.40223463687151	1.8399881232302595	1.5830077639840243	2.0969684824764947	318
Computer win	41.79888268156425	1.8392728570846384	1.5834200598426633	2.0951256543266137	318
Computer win	42.19553072625698	1.8385575909390168	1.583727635315662	2.0933875465623717	318
Computer win	42.59217877094972	1.8378423247933953	1.5839292248601753	2.0917554247266152	318
Computer win	42.988826815642454	1.8371270586477737	1.5840236766857143	2.090230440609833	318
Computer win	43.385474860335194	1.8364117925021521	1.584009959680349	2.0888136253239553	318
Computer win	43.78212290502793	1.8356965263565306	1.5838871697567058	2.0875058829563553	318
Computer win	44.17877094972067	1.8349812602109095	1.5836545355299316	2.0863079848918873	318
Computer win	44.57541899441341	1.834265994065288	1.5833114232466692	2.085220564883907	318
Computer win	44.97206703910615	1.8335507279196663	1.582857340893034	2.0842441149462987	318
Computer win	45.36871508379889	1.8328354617740448	1.5822919414202923	2.0833789821277975	318
Computer win	45.76536312849162	1.8321201956284232	1.5816150250393595	2.0826253662174867	318
Computer win	46.16201117318436	1.831404929482802	1.580826540548921	2.0819833184166834	318
Computer win	46.55865921787709	1.8306896633371805	1.5799265856766498	2.0814527409977113	318
Computer win	46.95530726256983	1.829974397191559	1.5789154064282294	2.081033387954889	318
Computer win	47.35195530726257	1.8292591310459374	1.5777933954542651	2.0807248666376097	318
Computer win	47.74860335195531	1.8285438649003158	1.5765610894602897	2.080526640340342	318
Computer win	48.14525139664805	1.8278285987546943	1.575219165699445	2.0804380318099436	318
Computer win	48.54189944134079	1.8271133326090732	1.5737684376007675	2.080458227617379	318
Computer win	48.93854748603352	1.8263980664634516	1.5722098495979115	2.0805862833289916	318
Computer win	49.33519553072626	1.82568280031783	1.570544471233322	2.080821129402338	318
Computer win	49.73184357541899	1.8249675341722085	1.5687734906211823	2.0811615777232344	318
Computer win	50.12849162011173	1.824252268026587	1.5668982073586928	2.0816063286944813	318
Computer win	50.52513966480447	1.8235370018809653	1.5649200249793676	2.0821539787825634	318
Computer win	50.92178770949721	1.8228217357353442	1.5628404430440666	2.082803028426622	318
Computer win	51.31843575418995	1.8221064695897227	1.560661048965508	2.083551890213937	318
Computer win	51.71508379888268	1.821391203444101	1.5583835096601437	2.0843988972280587	318
Computer win	52.11173184357542	1.8206759372984795	1.5560095631177433	2.0853423114792156	318
Computer win	52.50837988826816	1.819960671152858	1.5535410099740365	2.0863803323316796	318
Computer win	52.9050279329609	1.8192454050072364	1.5509797051655738	2.087511104848899	318
Computer win	53.30167597765363	1.8185301388616153	1.5483275497387972	2.0887327279844334	318
Computer win	53.69832402234637	1.8178148727159937	1.5455864828775157	2.090043262554472	318
Computer win	54.09497206703911	1.8170996065703722	1.5427584742047256	2.091440738936019	318
Computer win	54.49162011173185	1.8163843404247506	1.5398455164062805	2.0929231644432207	318
Computer win	54.88826815642458	1.815669074279129	1.5368496182155138	2.094488530342744	318
Computer win	55.28491620111732	1.8149538081335075	1.5337727977897422	2.096134818477273	318
Computer win	55.68156424581006	1.8142385419878864	1.5306170765017393	2.0978600074740332	318
Computer win	56.0782122905028	1.8135232758422648	1.5273844731619626	2.099662078522567	318
Computer win	56.47486033519554	1.8128080096966432	1.5240769986805713	2.101539020712715	318
Computer win	56.87150837988827	1.8120927435510217	1.5206966511721984	2.103488835929845	318
Computer win	57.26815642458101	1.8113774774054001	1.5172454115010332	2.105509543309767	318
Computer win	57.66480446927375	1.810662211259779	1.5137252392590992	2.107599183260459	318
Computer win	58.061452513966486	1.8099469451141574	1.5101380691666084	2.1097558210617064	318
Computer win	58.45810055865922	1.8092316789685359	1.5064858078799748	2.111977550057097	318
Computer win	58.85474860335196	1.8085164128229143	1.5027703311903788	2.11426249445545	318
Computer win	59.2513966480447	1.8078011466772927	1.4989934815937247	2.116608811760861	318
Computer win	59.648044692737436	1.8070858805316712	1.4951570662112883	2.119014694852054	318
Computer win	60.04469273743017	1.80637061438605	1.4912628550393263	2.121478373732774	318
Computer win	60.44134078212291	1.8056553482404285	1.4873125795053048	2.123998116975552	318
Computer win	60.837988826815646	1.804940082094807	1.4833079313082063	2.126572232881408	318
Computer win	61.234636871508386	1.8042248159491854	1.4792505615204328	2.129199070377938	318
Computer win	61.63128491620112	1.8035095498035638	1.4751420799292312	2.1318770196778964	318
Computer win	62.02793296089386	1.8027942836579423	1.4709840545961235	2.1346045127197613	318
Computer win	62.424581005586596	1.8020790175123211	1.466778011613619	2.137380023411023	318
Computer win	62.821229050279335	1.8013637513666996	1.462525435039363	2.140202067694036	318
Computer win	63.21787709497207	1.800648485221078	1.458227766988892	2.143069203453264	318
Computer win	63.614525139664806	1.7999332190754564	1.4538864078692464	2.1459800302816667	318
Computer win	64.01117318435755	1.7992179529298349	1.4495027167367787	2.148933189122891	318
Computer win	64.40782122905028	1.7985026867842133	1.445078011763662	2.1519273618047645	318
Computer win	64.80446927374302	1.7977874206385922	1.4406135707987162	2.154961270478468	318
Computer win	65.20111731843576	1.7970721544929706	1.4361106320092953	2.158033676976646	318
Computer win	65.5977653631285	1.796356888347349	1.4315703945920764	2.1611433821026216	318
Computer win	65.99441340782124	1.7956416222017275	1.42699401954163	2.1642892248618253	318
Computer win	66.39106145251397	1.794926356056106	1.422382630466683	2.167470081645529	318
Computer win	66.7877094972067	1.7942110899104844	1.4177373144449203	2.1706848653760487	318
Computer win	67.18435754189944	1.7934958237648633	1.4130591229080935	2.173932524621633	318
Computer win	67.58100558659218	1.7927805576192417	1.4083490725500432	2.1772120426884403	318
Computer win	67.97765363128491	1.7920652914736201	1.4036081462510444	2.180522436696196	318
Computer win	68.37430167597765	1.7913500253279986	1.3988372940125973	2.1838627566434	318
Computer win	68.77094972067039	1.790634759182377	1.3940374338975006	2.1872320844672535	318
Computer win	69.16759776536313	1.789919493036756	1.3892094529706276	2.190629533102884	318
Computer win	69.56424581005587	1.7892042268911343	1.3843542082364273	2.1940542455458414	318
Computer win	69.9608938547486	1.7884889607455128	1.379472527569688	2.197505393921338	318
Computer win	70.35754189944134	1.7877736945998912	1.3745652106365656	2.200982178563217	318
Computer win	70.75418994413408	1.7870584284542697	1.3696330298033204	2.2044838271052187	318
Computer win	71.15083798882682	1.786343162308648	1.3646767310305856	2.2080095935867106	318
Computer win	71.54748603351956	1.785627896163027	1.359697034751355	2.2115587575746987	318
Computer win	71.9441340782123	1.7849126300174054	1.3546946367311656	2.215130623303645	318
Computer win	72.34078212290504	1.7841973638717838	1.3496702089092578	2.21872451883431	318
Computer win	72.73743016759778	1.7834820977261623	1.3446244002197214	2.222339795232603	318
Computer win	73.1340782122905	1.7827668315805407	1.3395578373918846	2.2259758257691966	318
Computer win	73.53072625698324	1.7820515654349192	1.334471125729357	2.2296320051404814	318
Computer win	73.92737430167598	1.781336299289298	1.3293648498673605	2.2333077487112356	318
Computer win	74.32402234636872	1.7806210331436765	1.3242395745080866	2.2370024917792666	318
Computer win	74.72067039106145	1.779905766998055	1.3190958451339871	2.2407156888621227	318
Computer win	75.11731843575419	1.7791905008524334	1.3139341886989846	2.244446813005882	318
Computer win	75.51396648044692	1.7784752347068118	1.3087551142977276	2.2481953551158957	318
Computer win	75.91061452513966	1.7777599685611902	1.3035591138130567	2.251960823309324	318
Computer win	76.3072625698324	1.777044702415569	1.2983466625419613	2.255742742289177	318
Computer win	76.70391061452514	1.7763294362699475	1.2931182198003304	2.2595406527395645	318
Computer win	77.10055865921788	1.775614170124326	1.2878742295068912	2.2633541107417607	318
Computer win	77.49720670391062	1.7748989039787044	1.2826151207467273	2.2671826872106817	318
Computer win	77.89385474860336	1.7741836378330829	1.2773413083148375	2.2710259673513282	318
Computer win	78.2905027932961	1.7734683716874613	1.2720531932402148	2.2748835501347076	318
Computer win	78.68715083798884	1.7727531055418402	1.2667511632909334	2.278755047792747	318
Computer win	79.08379888268158	1.7720378393962186	1.261435593460761	2.282640085331676	318
Computer win	79.4804469273743	1.771322573250597	1.2561068464378211	2.286538300063373	318
Computer win	79.87709497206704	1.7706073071049755	1.2507652730558443	2.2904493411541065	318
Computer win	80.27374301675978	1.769892040959354	1.2454112127285237	2.294372869190184	318
Computer win	80.67039106145252	1.7691767748137328	1.2400449938675338	2.298308555759932	318
Computer win	81.06703910614524	1.7684615086681112	1.2346669342847316	2.302256083051491	318
Computer win	81.46368715083798	1.7677462425224897	1.2292773415790754	2.306215143465904	318
Computer win	81.86033519553072	1.7670309763768681	1.2238765135087788	2.3101854392449575	318
Computer win	82.25698324022346	1.7663157102312466	1.218464738349225	2.3141666821132683	318
Computer win	82.6536312849162	1.765600444085625	1.2130422952371382	2.318158592934112	318
Computer win	83.05027932960894	1.7648851779400039	1.20760945450151	2.322160901378498	318
Computer win	83.44692737430168	1.7641699117943823	1.2021664779817716	2.326173345606993	318
Computer win	83.84357541899442	1.7634546456487608	1.1967136193336787	2.3301956719638426	318
Computer win	84.24022346368716	1.7627393795031392	1.1912511243233692	2.334227634682909	318
Computer win	84.6368715083799	1.7620241133575176	1.1857792311100466	2.338268995604989	318
Computer win	85.03351955307264	1.7613088472118963	1.18029817051772	2.3423195239060726	318
Computer win	85.43016759776536	1.7605935810662747	1.1748081662964245	2.346378995836125	318
Computer win	85.8268156424581	1.7598783149206534	1.1693094353733264	2.3504471944679803	318
Computer win	86.22346368715084	1.7591630487750318	1.1638021880941136	2.35452390945595	318
Computer win	86.62011173184358	1.7584477826294103	1.1582866284550495	2.358608936803771	318
Computer win	87.01675977653632	1.757732516483789	1.1527629543260585	2.3627020786415196	318
Computer win	87.41340782122906	1.7570172503381674	1.147231357665198	2.3668031430111367	318
Computer win	87.8100558659218	1.7563019841925458	1.141692024724866	2.3709119436602255	318
Computer win	88.20670391061454	1.7555867180469245	1.1361451362500659	2.375028299843783	318
Computer win	88.60335195530726	1.754871451901303	1.1305908676690493	2.3791520361335565	318
Computer win	89.0	1.7541561857556813	1.1250293892766472	2.3832829822347152	318
Computer loss	18.0	-1.9245701396275077	-2.2891540410699363	-1.559986238185079	318
Computer loss	18.39664804469274	-1.9187733986074764	-2.27981522144057	-1.5577315757743828	318
Computer loss	18.793296089385475	-1.9129766575874452	-2.2704925841272168	-1.5554607310476736	318
Computer loss	19.189944134078214	-1.907179916567414	-2.261186612656383	-1.553173220478445	318
Computer loss	19.58659217877095	-1.9013831755473827	-2.2518978075862632	-1.550868543508502	318
Computer loss	19.98324022346369	-1.8955864345273514	-2.2426266871237392	-1.5485461819309636	318
Computer loss	20.379888268156424	-1.8897896935073202	-2.2333737877582984	-1.546205599256342	318
Computer loss	20.776536312849164	-1.883992952487289	-2.2241396649124625	-1.5438462400621153	318
Computer loss	21.1731843575419	-1.8781962114672577	-2.2149248936081327	-1.5414675293263826	318
Computer loss	21.56983240223464	-1.8723994704472264	-2.2057300691481183	-1.5390688717463346	318
Computer loss	21.966480446927374	-1.8666027294271952	-2.1965558078119067	-1.5366496510424834	318
Computer loss	22.363128491620113	-1.860805988407164	-2.187402747564521	-1.5342092292498068	318
Computer loss	22.75977653631285	-1.855009247387133	-2.1782715487770683	-1.5317469459971973	318
Computer loss	23.156424581005588	-1.8492125063671014	-2.169162894957324	-1.529262117776879	318
Computer loss	23.553072625698324	-1.8434157653470704	-2.160077493488378	-1.526754037205763	318
Computer loss	23.949720670391063	-1.837619024327039	-2.1510160763730535	-1.5242219722810244	318
Computer loss	24.3463687150838	-1.8318222833070077	-2.141979400981443	-1.5216651656325726	318
Computer loss	24.743016759776538	-1.8260255422869764	-2.1329682507984873	-1.5190828337754656	318
Computer loss	25.139664804469273	-1.8202288012669452	-2.1239834361681096	-1.5164741663657808	318
Computer loss	25.536312849162012	-1.814432060246914	-2.115025795029901	-1.5138383254639267	318
Computer loss	25.932960893854748	-1.8086353192268827	-2.106096193643869	-1.5111744448098967	318
Computer loss	26.329608938547487	-1.8028385782068514	-2.0971955272981533	-1.5084816291155496	318
Computer loss	26.726256983240226	-1.7970418371868202	-2.088324720994037	-1.5057589533796034	318
Computer loss	27.122905027932962	-1.791245096166789	-2.0794847301018984	-1.5030054622316795	318
Computer loss	27.519553072625698	-1.785448355146758	-2.0706765409810677	-1.5002201693124482	318
Computer loss	27.916201117318437	-1.7796516141267265	-2.061901171555795	-1.4974020566976578	318
Computer loss	28.312849162011176	-1.7738548731066952	-2.0531596718387726	-1.4945500743746178	318
Computer loss	28.70949720670391	-1.768058132086664	-2.044453124392813	-1.4916631397805151	318
Computer loss	29.106145251396647	-1.7622613910666327	-2.035782644720446	-1.4887401374128195	318
Computer loss	29.502793296089386	-1.7564646500466015	-2.0271493815703416	-1.4857799185228613	318
Computer loss	29.899441340782126	-1.7506679090265702	-2.0185545171485386	-1.4827813009046018	318
Computer loss	30.29608938547486	-1.744871168006539	-2.0099992672216067	-1.4797430687914712	318
Computer loss	30.692737430167597	-1.7390744269865077	-2.001484881097972	-1.4766639728750437	318
Computer loss	31.089385474860336	-1.7332776859664765	-1.993012641472782	-1.473542730460171	318
Computer loss	31.486033519553075	-1.7274809449464452	-1.9845838641209044	-1.470378025771986	318
Computer loss	31.88268156424581	-1.721684203926414	-1.9761998974218888	-1.467168510430939	318
Computer loss	32.279329608938546	-1.715887462906383	-1.9678621217001284	-1.4639128041126375	318
Computer loss	32.675977653631286	-1.7100907218863515	-1.9595719483629233	-1.4606094954097797	318
Computer loss	33.072625698324025	-1.7042939808663202	-1.9513308188188263	-1.4572571429138141	318
Computer loss	33.46927374301676	-1.6984972398462892	-1.9431402031584981	-1.4538542765340803	318
Computer loss	33.865921787709496	-1.692700498826258	-1.9350015985804132	-1.4503993990721027	318
Computer loss	34.262569832402235	-1.6869037578062265	-1.9269165275441205	-1.4468909880683325	318
Computer loss	34.659217877094974	-1.6811070167861952	-1.9188865356344884	-1.443327497937902	318
Computer loss	35.05586592178771	-1.675310275766164	-1.9109131891214193	-1.4397073624109087	318
Computer loss	35.45251396648045	-1.6695135347461327	-1.9029980722010367	-1.4360289972912288	318
Computer loss	35.849162011173185	-1.6637167937261015	-1.895142783906256	-1.432290803545947	318
Computer loss	36.245810055865924	-1.6579200527060702	-1.8873489346771233	-1.4284911707350172	318
Computer loss	36.642458100558656	-1.6521233116860392	-1.8796181425842335	-1.4246284807878449	318
Computer loss	37.039106145251395	-1.646326570666008	-1.8719520292020444	-1.4207011121299715	318
Computer loss	37.435754189944134	-1.6405298296459765	-1.864352215132959	-1.416707444158994	318
Computer loss	37.832402234636874	-1.6347330886259452	-1.856820315187623	-1.4126458620642675	318
Computer loss	38.22905027932961	-1.628936347605914	-1.8493579332320065	-1.4085147619798215	318
Computer loss	38.62569832402235	-1.6231396065858827	-1.8419666567174229	-1.4043125564543426	318
Computer loss	39.022346368715084	-1.6173428655658515	-1.8346480509156502	-1.4000376802160528	318
Computer loss	39.41899441340782	-1.6115461245458202	-1.827403652887635	-1.3956885962040055	318
Computer loss	39.815642458100555	-1.6057493835257892	-1.8202349652208123	-1.3912638018307661	318
Computer loss	40.212290502793294	-1.599952642505758	-1.8131434495766898	-1.3867618354348261	318
Computer loss	40.608938547486034	-1.5941559014857265	-1.8061305200968856	-1.3821812828745674	318
Computer loss	41.00558659217877	-1.5883591604656953	-1.799197536722072	-1.3775207842093184	318
Computer loss	41.40223463687151	-1.582562419445664	-1.7923457984841205	-1.3727790404072076	318
Computer loss	41.79888268156425	-1.5767656784256328	-1.785576536836894	-1.3679548200143714	318
Computer loss	42.19553072625698	-1.5709689374056015	-1.7788909090954428	-1.3630469657157602	318
Computer loss	42.59217877094972	-1.5651721963855703	-1.7722899920565904	-1.35805440071455	318
Computer loss	42.988826815642454	-1.5593754553655392	-1.7657747758759075	-1.352976134855171	318
Computer loss	43.385474860335194	-1.553578714345508	-1.759346158276634	-1.3478112704143819	318
Computer loss	43.78212290502793	-1.5477819733254765	-1.7530049391651816	-1.3425590074857714	318
Computer loss	44.17877094972067	-1.5419852323054453	-1.74675181572527	-1.3372186488856206	318
Computer loss	44.57541899441341	-1.536188491285414	-1.740587378058556	-1.3317896045122721	318
Computer loss	44.97206703910615	-1.5303917502653828	-1.7345121054337473	-1.3262713950970182	318
Computer loss	45.36871508379889	-1.5245950092453515	-1.72852636319885	-1.3206636552918531	318
Computer loss	45.76536312849162	-1.5187982682253203	-1.722630400402371	-1.3149661360482696	318
Computer loss	46.16201117318436	-1.513001527205289	-1.7168243481593384	-1.3091787062512397	318
Computer loss	46.55865921787709	-1.507204786185258	-1.7111082187870126	-1.3033013535835034	318
Computer loss	46.95530726256983	-1.5014080451652267	-1.70548190572355	-1.2973341846069035	318
Computer loss	47.35195530726257	-1.4956113041451953	-1.6999451842308675	-1.291277424059523	318
Computer loss	47.74860335195531	-1.489814563125164	-1.6944977128709162	-1.2851314133794118	318
Computer loss	48.14525139664805	-1.4840178221051328	-1.6891390357328455	-1.27889660847742	318
Computer loss	48.54189944134079	-1.4782210810851015	-1.683868585377417	-1.2725735767927862	318
Computer loss	48.93854748603352	-1.4724243400650703	-1.6786856864547854	-1.2661629936753551	318
Computer loss	49.33519553072626	-1.466627599045039	-1.6735895599427513	-1.2596656381473268	318
Computer loss	49.73184357541899	-1.460830858025008	-1.6685793279448664	-1.2530823881051496	318
Computer loss	50.12849162011173	-1.4550341170049768	-1.6636540189816256	-1.246414215028328	318
Computer loss	50.52513966480447	-1.4492373759849453	-1.6588125737034225	-1.239662178266468	318
Computer loss	50.92178770949721	-1.443440634964914	-1.6540538509510416	-1.2328274189787864	318
Computer loss	51.31843575418995	-1.4376438939448828	-1.6493766340881766	-1.225911153801589	318
Computer loss	51.71508379888268	-1.4318471529248518	-1.644779637530757	-1.2189146683189465	318
Computer loss	52.11173184357542	-1.4260504119048203	-1.640261513399557	-1.2118393104100835	318
Computer loss	52.50837988826816	-1.420253670884789	-1.6358208582255833	-1.2046864835439948	318
Computer loss	52.9050279329609	-1.4144569298647578	-1.631456219641802	-1.1974576400877135	318
Computer loss	53.30167597765363	-1.4086601888447268	-1.627166102999814	-1.1901542746896396	318
Computer loss	53.69832402234637	-1.4028634478246953	-1.6229489778557422	-1.1827779177936484	318
Computer loss	54.09497206703911	-1.397066706804664	-1.6188032842758417	-1.1753301293334864	318
Computer loss	54.49162011173185	-1.3912699657846328	-1.6147274389187942	-1.1678124926504714	318
Computer loss	54.88826815642458	-1.3854732247646018	-1.6107198408583074	-1.160226608670896	318
Computer loss	55.28491620111732	-1.3796764837445703	-1.606778877116182	-1.1525740903729587	318
Computer loss	55.68156424581006	-1.373879742724539	-1.6029029278823985	-1.1448565575666796	318
Computer loss	56.0782122905028	-1.3680830017045078	-1.5990903714048617	-1.137075632004154	318
Computer loss	56.47486033519554	-1.3622862606844766	-1.5953395885371144	-1.1292329328318387	318
Computer loss	56.87150837988827	-1.3564895196644455	-1.5916489669375462	-1.1213300723913449	318
Computer loss	57.26815642458101	-1.350692778644414	-1.5880169049183337	-1.1133686523704944	318
Computer loss	57.66480446927375	-1.3448960376243828	-1.5844418149464978	-1.1053502603022678	318
Computer loss	58.061452513966486	-1.3390992966043516	-1.5809221268030773	-1.0972764664056258	318
Computer loss	58.45810055865922	-1.3333025555843205	-1.5774562904094813	-1.0891488207591598	318
Computer loss	58.85474860335196	-1.327505814564289	-1.5740427783326383	-1.0809688507959399	318
Computer loss	59.2513966480447	-1.3217090735442578	-1.5706800879825769	-1.0727380591059388	318
Computer loss	59.648044692737436	-1.3159123325242266	-1.5673667435176772	-1.064457921530776	318
Computer loss	60.04469273743017	-1.3101155915041955	-1.5641012974739774	-1.0561298855344137	318
Computer loss	60.44134078212291	-1.3043188504841643	-1.5608823321357082	-1.0477553688326204	318
Computer loss	60.837988826815646	-1.2985221094641328	-1.5577084606646614	-1.0393357582636042	318
Computer loss	61.234636871508386	-1.2927253684441016	-1.5545783280061682	-1.030872408882035	318
Computer loss	61.63128491620112	-1.2869286274240705	-1.5514906115893523	-1.0223666432587888	318
Computer loss	62.02793296089386	-1.2811318864040393	-1.5484440218390334	-1.0138197509690452	318
Computer loss	62.424581005586596	-1.2753351453840078	-1.545437302516176	-1.0052329882518396	318
Computer loss	62.821229050279335	-1.2695384043639766	-1.542469230903179	-0.9966075778247744	318
Computer loss	63.21787709497207	-1.2637416633439456	-1.5395386178495785	-0.9879447088383126	318
Computer loss	63.614525139664806	-1.257944922323914	-1.536644307692953	-0.9792455369548752	318
Computer loss	64.01117318435755	-1.2521481813038828	-1.5337851780689848	-0.9705111845387807	318
Computer loss	64.40782122905028	-1.2463514402838516	-1.5309601396237347	-0.9617427409439685	318
Computer loss	64.80446927374302	-1.2405546992638203	-1.5281681356403256	-0.9529412628873151	318
Computer loss	65.20111731843576	-1.234757958243789	-1.525408141591318	-0.9441077748962601	318
Computer loss	65.5977653631285	-1.2289612172237578	-1.5226791646271982	-0.9352432698203175	318
Computer loss	65.99441340782124	-1.2231644762037266	-1.51998024301054	-0.9263487093969133	318
Computer loss	66.39106145251397	-1.2173677351836956	-1.517310445504568	-0.9174250248628232	318
Computer loss	66.7877094972067	-1.2115709941636643	-1.5146688707240799	-0.9084731176032488	318
Computer loss	67.18435754189944	-1.2057742531436328	-1.5120546464559106	-0.8994938598313551	318
Computer loss	67.58100558659218	-1.1999775121236016	-1.5094669289554248	-0.8904880952917784	318
Computer loss	67.97765363128491	-1.1941807711035706	-1.5069049022248644	-0.8814566399822767	318
Computer loss	68.37430167597765	-1.1883840300835393	-1.5043677772787434	-0.8724002828883352	318
Computer loss	68.77094972067039	-1.182587289063508	-1.5018547914009137	-0.8633197867261024	318
Computer loss	69.16759776536313	-1.1767905480434768	-1.4993652073973947	-0.854215888689559	318
Computer loss	69.56424581005587	-1.1709938070234456	-1.4968983128485638	-0.8450893011983275	318
Computer loss	69.9608938547486	-1.1651970660034143	-1.4944534193638639	-0.8359407126429648	318
Computer loss	70.35754189944134	-1.1594003249833829	-1.4920298618417565	-0.8267707881250093	318
Computer loss	70.75418994413408	-1.1536035839633516	-1.489626997737301	-0.8175801701894023	318
Computer loss	71.15083798882682	-1.1478068429433204	-1.4872442063393816	-0.8083694795472591	318
Computer loss	71.54748603351956	-1.1420101019232891	-1.4848808880593038	-0.7991393157872744	318
Computer loss	71.9441340782123	-1.1362133609032579	-1.482536463732214	-0.7898902580743017	318
Computer loss	72.34078212290504	-1.1304166198832266	-1.4802103739325387	-0.7806228658339145	318
Computer loss	72.73743016759778	-1.1246198788631954	-1.4779020783044263	-0.7713376794219644	318
Computer loss	73.1340782122905	-1.1188231378431643	-1.4756110549079728	-0.7620352207783558	318
Computer loss	73.53072625698324	-1.113026396823133	-1.473336799581843	-0.7527159940644232	318
Computer loss	73.92737430167598	-1.1072296558031016	-1.4710788253227405	-0.7433804862834628	318
Computer loss	74.32402234636872	-1.1014329147830704	-1.4688366616820459	-0.7340291678840949	318
Computer loss	74.72067039106145	-1.0956361737630393	-1.4666098541798167	-0.7246624933462619	318
Computer loss	75.11731843575419	-1.089839432743008	-1.4643979637362574	-0.7152809017497587	318
Computer loss	75.51396648044692	-1.0840426917229768	-1.462200566120642	-0.7058848173253117	318
Computer loss	75.91061452513966	-1.0782459507029456	-1.4600172514176377	-0.6964746499882535	318
Computer loss	76.3072625698324	-1.0724492096829141	-1.4578476235108686	-0.6870507958549597	318
Computer loss	76.70391061452514	-1.066652468662883	-1.455691299583534	-0.6776136377422322	318
Computer loss	77.10055865921788	-1.0608557276428516	-1.45354790963582	-0.6681635456498835	318
Computer loss	77.49720670391062	-1.0550589866228204	-1.4514170960188284	-0.6587008772268124	318
Computer loss	77.89385474860336	-1.0492622456027891	-1.4492985129846923	-0.6492259782208859	318
Computer loss	78.2905027932961	-1.0434655045827579	-1.4471918262525263	-0.6397391829129895	318
Computer loss	78.68715083798884	-1.0376687635627266	-1.4450967125898464	-0.6302408145356069	318
Computer loss	79.08379888268158	-1.0318720225426954	-1.4430128594090632	-0.6207311856763276	318
Computer loss	79.4804469273743	-1.0260752815226644	-1.4409399643786496	-0.6112105986666793	318
Computer loss	79.87709497206704	-1.020278540502633	-1.438877735048567	-0.6016793459566986	318
Computer loss	80.27374301675978	-1.0144817994826016	-1.43682588848954	-0.5921377104756632	318
Computer loss	80.67039106145252	-1.0086850584625704	-1.4347841509457446	-0.5825859659793962	318
Computer loss	81.06703910614524	-1.0028883174425394	-1.4327522575005036	-0.5730243773845751	318
Computer loss	81.46368715083798	-0.9970915764225081	-1.4307299517545546	-0.5634532010904617	318
Computer loss	81.86033519553072	-0.9912948354024769	-1.4287169855164887	-0.553872685288465	318
Computer loss	82.25698324022346	-0.9854980943824455	-1.4267131185049264	-0.5442830702599646	318
Computer loss	82.6536312849162	-0.9797013533624143	-1.4247181180620438	-0.5346845886627847	318
Computer loss	83.05027932960894	-0.9739046123423828	-1.4227317588780373	-0.5250774658067283	318
Computer loss	83.44692737430168	-0.9681078713223517	-1.4207538227261376	-0.5154619199185657	318
Computer loss	83.84357541899442	-0.9623111303023204	-1.418784098207789	-0.5058381623968516	318
Computer loss	84.24022346368716	-0.956514389282289	-1.4168223805076245	-0.49620639805695355	318
Computer loss	84.6368715083799	-0.9507176482622578	-1.4148684711578634	-0.48656682536665213	318
Computer loss	85.03351955307264	-0.9449209072422265	-1.4129221778117846	-0.47691963667266846	318
Computer loss	85.43016759776536	-0.9391241662221955	-1.4109833140259238	-0.4672650184184671	318
Computer loss	85.8268156424581	-0.9333274252021642	-1.4090516990506716	-0.45760315135365676	318
Computer loss	86.22346368715084	-0.9275306841821329	-1.4071271576289321	-0.4479342107353338	318
Computer loss	86.62011173184358	-0.9217339431621017	-1.4052095198025472	-0.4382583665216562	318
Computer loss	87.01675977653632	-0.9159372021420703	-1.403298620726168	-0.4285757835579727	318
Computer loss	87.41340782122906	-0.9101404611220392	-1.4013943004882927	-0.41888662175578556	318
Computer loss	87.8100558659218	-0.9043437201020078	-1.3994964039391793	-0.4091910362648364	318
Computer loss	88.20670391061454	-0.8985469790819766	-1.3976047805253673	-0.39948917763858577	318
Computer loss	88.60335195530726	-0.8927502380619454	-1.3957192841305437	-0.38978119199334715	318
Computer loss	89.0	-0.8869534970419143	-1.3938397729224996	-0.38006722116132885	318
Stranger win	18.0	2.5508713613147336	2.1791164938411023	2.922626228788365	318
Stranger win	18.39664804469274	2.5523776250020282	2.1843133698141735	2.920441880189883	318
Stranger win	18.793296089385475	2.553883888689323	2.1894919659588545	2.9182758114197913	318
Stranger win	19.189944134078214	2.555390152376617	2.1946517240064347	2.9161285807467996	318
Stranger win	19.58659217877095	2.556896416063912	2.1997920657651022	2.9140007663627214	318
Stranger win	19.98324022346369	2.5584026797512065	2.204912392403386	2.911892967099027	318
Stranger win	20.379888268156424	2.559908943438501	2.2100120837159265	2.909805803161076	318
Stranger win	20.776536312849164	2.5614152071257954	2.2150904973724233	2.9077399168791676	318
Stranger win	21.1731843575419	2.56292147081309	2.2201469681508286	2.9056959734753516	318
Stranger win	21.56983240223464	2.5644277345003847	2.225180807156116	2.9036746618446534	318
Stranger win	21.966480446927374	2.5659339981876794	2.2301913010262093	2.9016766953491495	318
Stranger win	22.363128491620113	2.5674402618749737	2.235177711126993	2.8997028126229543	318
Stranger win	22.75977653631285	2.5689465255622683	2.240139272738651	2.8977537783858858	318
Stranger win	23.156424581005588	2.570452789249563	2.245075194235957	2.895830384263169	318
Stranger win	23.553072625698324	2.5719590529368577	2.2499846562655903	2.893933449608125	318
Stranger win	23.949720670391063	2.573465316624152	2.2548668109239847	2.892063822324319	318
Stranger win	24.3463687150838	2.5749715803114466	2.2597207809397464	2.8902223796831468	318
Stranger win	24.743016759776538	2.5764778439987412	2.264545658865214	2.8884100291322685	318
Stranger win	25.139664804469273	2.577984107686036	2.2693405062823735	2.8866277090896983	318
Stranger win	25.536312849162012	2.57949037137333	2.2741043530289526	2.8848763897177077	318
Stranger win	25.932960893854748	2.580996635060625	2.278836196451256	2.883157073669994	318
Stranger win	26.329608938547487	2.5825028987479195	2.2835350006910473	2.8814707968047917	318
Stranger win	26.726256983240226	2.584009162435214	2.2881996960146025	2.879818628855826	318
Stranger win	27.122905027932962	2.5855154261225084	2.2928291781928976	2.8782016740521192	318
Stranger win	27.519553072625698	2.587021689809803	2.29742230794281	2.876621071676796	318
Stranger win	27.916201117318437	2.5885279534970977	2.301977910440148	2.8750779965540474	318
Stranger win	28.312849162011176	2.5900342171843924	2.3064947749163034	2.8735736594524814	318
Stranger win	28.70949720670391	2.5915404808716866	2.310971654351307	2.8721093073920665	318
Stranger win	29.106145251396647	2.5930467445589813	2.3154072652771056	2.870686223840857	318
Stranger win	29.502793296089386	2.594553008246276	2.319800287705854	2.869305728786698	318
Stranger win	29.899441340782126	2.5960592719335707	2.324149365199043	2.8679691786680985	318
Stranger win	30.29608938547486	2.597565535620865	2.328453105094216	2.8666779661475137	318
Stranger win	30.692737430167597	2.5990717993081596	2.332710078906925	2.865433519709394	318
Stranger win	31.089385474860336	2.6005780629954542	2.3369188229263553	2.864237303064553	318
Stranger win	31.486033519553075	2.602084326682749	2.3410778390237477	2.86309081434175	318
Stranger win	31.88268156424581	2.603590590370043	2.3451855956932253	2.861995585046861	318
Stranger win	32.279329608938546	2.605096854057338	2.3492405293449554	2.86095317876972	318
Stranger win	32.675977653631286	2.6066031177446325	2.353241045870616	2.859965189618649	318
Stranger win	33.072625698324025	2.608109381431927	2.357185522500926	2.8590332403629284	318
Stranger win	33.46927374301676	2.6096156451192214	2.361072309974382	2.8581589802640606	318
Stranger win	33.865921787709496	2.611121908806516	2.3648997350353893	2.857344082577643	318
Stranger win	34.262569832402235	2.6126281724938107	2.368666103278528	2.8565902417090934	318
Stranger win	34.659217877094974	2.6141344361811054	2.3723697023537955	2.8558991700084153	318
Stranger win	35.05586592178771	2.6156406998684	2.376008805545166	2.8552725941916344	318
Stranger win	35.45251396648045	2.6171469635556943	2.379581675731783	2.8547122513796057	318
Stranger win	35.849162011173185	2.618653227242989	2.3830865697374364	2.8542198847485416	318
Stranger win	36.245810055865924	2.6201594909302837	2.3865217430696632	2.853797238790904	318
Stranger win	36.642458100558656	2.621665754617578	2.3898854550449182	2.8534460541902376	318
Stranger win	37.039106145251395	2.6231720183048726	2.3931759742907093	2.853168062319036	318
Stranger win	37.435754189944134	2.6246782819921672	2.3963915846094626	2.852964979374872	318
Stranger win	37.832402234636874	2.626184545679462	2.3995305911822946	2.852838500176629	318
Stranger win	38.22905027932961	2.6276908093667566	2.402591327083767	2.8527902916497463	318
Stranger win	38.62569832402235	2.629197073054051	2.405572160071395	2.8528219860367066	318
Stranger win	39.022346368715084	2.6307033367413455	2.4084714996061263	2.8529351738765647	318
Stranger win	39.41899441340782	2.63220960042864	2.4112878040525167	2.8531313968047636	318
Stranger win	39.815642458100555	2.633715864115935	2.414019588000074	2.8534121402317956	318
Stranger win	40.212290502793294	2.635222127803229	2.4166654296403416	2.8537788259661165	318
Stranger win	40.608938547486034	2.6367283914905237	2.419223978128139	2.8542328048529084	318
Stranger win	41.00558659217877	2.6382346551778184	2.421693960850099	2.854775349505538	318
Stranger win	41.40223463687151	2.639740918865113	2.424074190519476	2.8554076472107504	318
Stranger win	41.79888268156425	2.6412471825524073	2.4263635720134573	2.8561307930913573	318
Stranger win	42.19553072625698	2.642753446239702	2.428561108867975	2.856945783611429	318
Stranger win	42.59217877094972	2.6442597099269967	2.430665909345527	2.857853510508466	318
Stranger win	42.988826815642454	2.6457659736142913	2.432677191993875	2.8588547552347077	318
Stranger win	43.385474860335194	2.6472722373015856	2.434594290617697	2.859950183985474	318
Stranger win	43.78212290502793	2.6487785009888802	2.4364166585914275	2.861140343386333	318
Stranger win	44.17877094972067	2.650284764676175	2.438143872449405	2.862425656902945	318
Stranger win	44.57541899441341	2.6517910283634696	2.4397756346990844	2.8638064220278547	318
Stranger win	44.97206703910615	2.653297292050764	2.441311775814105	2.8652828082874224	318
Stranger win	45.36871508379889	2.6548035557380585	2.4427522553762233	2.8668548560998937	318
Stranger win	45.76536312849162	2.656309819425353	2.4440971623482315	2.868522476502475	318
Stranger win	46.16201117318436	2.657816083112648	2.445346714473582	2.870285451751714	318
Stranger win	46.55865921787709	2.659322346799942	2.446501256812134	2.8721434367877503	318
Stranger win	46.95530726256983	2.6608286104872367	2.447561259434906	2.8740959615395676	318
Stranger win	47.35195530726257	2.6623348741745314	2.448527314313515	2.8761424340355477	318
Stranger win	47.74860335195531	2.663841137861826	2.4494001314518337	2.8782821442718185	318
Stranger win	48.14525139664805	2.6653474015491203	2.450180534317888	2.8805142687803524	318
Stranger win	48.54189944134079	2.666853665236415	2.4508694546430494	2.8828378758297806	318
Stranger win	48.93854748603352	2.6683599289237097	2.451467926662814	2.885251931184605	318
Stranger win	49.33519553072626	2.6698661926110043	2.4519770808789	2.887755304343109	318
Stranger win	49.73184357541899	2.6713724562982986	2.4523981374258907	2.8903467751707064	318
Stranger win	50.12849162011173	2.6728787199855932	2.4527323991273318	2.8930250408438547	318
Stranger win	50.52513966480447	2.674384983672888	2.4529812443259957	2.89578872301978	318
Stranger win	50.92178770949721	2.6758912473601826	2.453146119571248	2.8986363751491173	318
Stranger win	51.31843575418995	2.677397511047477	2.453228532243104	2.9015664898518496	318
Stranger win	51.71508379888268	2.6789037747347715	2.453230043187996	2.904577506281547	318
Stranger win	52.11173184357542	2.680410038422066	2.4531522594356012	2.907667817408531	318
Stranger win	52.50837988826816	2.681916302109361	2.4529968270596387	2.910835777159083	318
Stranger win	52.9050279329609	2.683422565796655	2.452765424238489	2.914079707354821	318
Stranger win	53.30167597765363	2.6849288294839497	2.452459754564098	2.9173979044038014	318
Stranger win	53.69832402234637	2.6864350931712444	2.4520815406401093	2.9207886457023795	318
Stranger win	54.09497206703911	2.687941356858539	2.4516325180026897	2.9242501957143885	318
Stranger win	54.49162011173185	2.6894476205458333	2.451114429390257	2.9277808117014095	318
Stranger win	54.88826815642458	2.690953884233128	2.4505290193814133	2.9313787490848426	318
Stranger win	55.28491620111732	2.6924601479204227	2.4498780294139375	2.935042266426908	318
Stranger win	55.68156424581006	2.6939664116077173	2.4491631931918074	2.9387696300236272	318
Stranger win	56.0782122905028	2.6954726752950116	2.4483862324818837	2.9425591181081394	318
Stranger win	56.47486033519554	2.6969789389823062	2.4475488532972247	2.9464090246673877	318
Stranger win	56.87150837988827	2.698485202669601	2.4466527424599342	2.9503176628792676	318
Stranger win	57.26815642458101	2.6999914663568956	2.4456995645330197	2.9542833681807714	318
Stranger win	57.66480446927375	2.7014977300441902	2.444690959107912	2.9583045009804687	318
Stranger win	58.061452513966486	2.7030039937314845	2.4436285384320344	2.9623794490309345	318
Stranger win	58.45810055865922	2.704510257418779	2.4425138853590878	2.9665066294784705	318
Stranger win	58.85474860335196	2.706016521106074	2.441348551603439	2.9706844906087086	318
Stranger win	59.2513966480447	2.7075227847933685	2.440134056279208	2.974911513307529	318
Stranger win	59.648044692737436	2.7090290484806627	2.4388718847041764	2.979186212257149	318
Stranger win	60.04469273743017	2.7105353121679574	2.4375634874485272	2.9835071368873876	318
Stranger win	60.44134078212291	2.712041575855252	2.436210279608579	2.987872872101925	318
Stranger win	60.837988826815646	2.7135478395425467	2.4348136402860714	2.992282038799022	318
Stranger win	61.234636871508386	2.715054103229841	2.4333749122541115	2.9967332942055704	318
Stranger win	61.63128491620112	2.7165603669171356	2.4318954017916417	3.0012253320426296	318
Stranger win	62.02793296089386	2.7180666306044303	2.430376378669089	3.005756882539772	318
Stranger win	62.424581005586596	2.719572894291725	2.428819076268804	3.010326712314646	318
Stranger win	62.821229050279335	2.7210791579790192	2.4272246918248435	3.014933624133195	318
Stranger win	63.21787709497207	2.722585421666314	2.4255943867676657	3.019576456564962	318
Stranger win	63.614525139664806	2.7240916853536086	2.423929287160316	3.024254083546901	318
Stranger win	64.01117318435755	2.7255979490409032	2.422230484213688	3.0289654138681184	318
Stranger win	64.40782122905028	2.7271042127281975	2.4204990348694433	3.0337093905869517	318
Stranger win	64.80446927374302	2.728610476415492	2.4187359624401257	3.0384849903908586	318
Stranger win	65.20111731843576	2.730116740102787	2.416942257296947	3.0432912229086266	318
Stranger win	65.5977653631285	2.7316230037900815	2.4151188775965906	3.0481271299835724	318
Stranger win	65.99441340782124	2.7331292674773757	2.413266750039228	3.0529917849155233	318
Stranger win	66.39106145251397	2.7346355311646704	2.411386770650732	3.057884291678609	318
Stranger win	66.7877094972067	2.736141794851965	2.409479805582797	3.062803784121133	318
Stranger win	67.18435754189944	2.7376480585392597	2.4075466919253863	3.067749425153133	318
Stranger win	67.58100558659218	2.739154322226554	2.405588238526535	3.072720405926573	318
Stranger win	67.97765363128491	2.7406605859138486	2.403605226815149	3.077715945012548	318
Stranger win	68.37430167597765	2.7421668496011433	2.401598411622955	3.0827352875793315	318
Stranger win	68.77094972067039	2.743673113288438	2.3995685220022756	3.0877777045746004	318
Stranger win	69.16759776536313	2.745179376975732	2.3975162620367225	3.092842491914742	318
Stranger win	69.56424581005587	2.746685640663027	2.395442311642336	3.097928969683718	318
Stranger win	69.9608938547486	2.7481919043503216	2.393347327357036	3.103036481343607	318
Stranger win	70.35754189944134	2.7496981680376162	2.3912319431166136	3.108164392958619	318
Stranger win	70.75418994413408	2.7512044317249105	2.3890967710157645	3.1133120924340565	318
Stranger win	71.15083798882682	2.752710695412205	2.38694240205294	3.11847898877147	318
Stranger win	71.54748603351956	2.7542169590995	2.3847694068580303	3.1236645113409693	318
Stranger win	71.9441340782123	2.7557232227867945	2.3825783364021067	3.1288681091714823	318
Stranger win	72.34078212290504	2.7572294864740887	2.3803697226886276	3.13408925025955	318
Stranger win	72.73743016759778	2.7587357501613834	2.3781440794256854	3.1393274208970814	318
Stranger win	73.1340782122905	2.760242013848678	2.375901902679013	3.144582125018343	318
Stranger win	73.53072625698324	2.7617482775359727	2.373643671505594	3.1498528835663513	318
Stranger win	73.92737430167598	2.763254541223267	2.371369848567832	3.155139233878702	318
Stranger win	74.32402234636872	2.7647608049105616	2.369080880728328	3.1604407290927954	318
Stranger win	74.72067039106145	2.7662670685978563	2.3667771996253935	3.165756937570319	318
Stranger win	75.11731843575419	2.767773332285151	2.3644592222295047	3.1710874423407973	318
Stranger win	75.51396648044692	2.769279595972445	2.3621273513809604	3.17643184056393	318
Stranger win	75.91061452513966	2.77078585965974	2.3597819763090406	3.181789743010439	318
Stranger win	76.3072625698324	2.7722921233470346	2.357423473133031	3.1871607735610383	318
Stranger win	76.70391061452514	2.7737983870343292	2.3550522053454825	3.192544568723176	318
Stranger win	77.10055865921788	2.7753046507216235	2.35266852427814	3.197940777165107	318
Stranger win	77.49720670391062	2.776810914408918	2.350272769550947	3.2033490592668894	318
Stranger win	77.89385474860336	2.778317178096213	2.3478652695045894	3.2087690866878362	318
Stranger win	78.2905027932961	2.7798234417835075	2.345446341617042	3.214200541949973	318
Stranger win	78.68715083798884	2.781329705470802	2.3430162929045792	3.219643118037025	318
Stranger win	79.08379888268158	2.7828359691580964	2.3405754203077245	3.2250965180084683	318
Stranger win	79.4804469273743	2.784342232845391	2.3381240110626162	3.230560454628166	318
Stranger win	79.87709497206704	2.7858484965326857	2.3356623430582655	3.236034650007106	318
Stranger win	80.27374301675978	2.78735476021998	2.333190685180164	3.241518835259796	318
Stranger win	80.67039106145252	2.7888610239072746	2.3307092976407313	3.247012750173818	318
Stranger win	81.06703910614524	2.7903672875945693	2.328218432297037	3.2525161428921017	318
Stranger win	81.46368715083798	2.791873551281864	2.3257183329562623	3.2580287696074657	318
Stranger win	81.86033519553072	2.793379814969158	2.323209235669343	3.2635503942689734	318
Stranger win	82.25698324022346	2.794886078656453	2.320691369013228	3.2690807882996777	318
Stranger win	82.6536312849162	2.7963923423437476	2.318164954362167	3.274619730325328	318
Stranger win	83.05027932960894	2.7978986060310422	2.3156302061484535	3.280167005913631	318
Stranger win	83.44692737430168	2.799404869718337	2.3130873321130143	3.2857224073236595	318
Stranger win	83.84357541899442	2.800911133405631	2.310536533546238	3.2912857332650245	318
Stranger win	84.24022346368716	2.802417397092926	2.3079780055194186	3.296856788666433	318
Stranger win	84.6368715083799	2.8039236607802205	2.305411937107182	3.302435384453259	318
Stranger win	85.03351955307264	2.805429924467515	2.3028385116012458	3.3080213373337846	318
Stranger win	85.43016759776536	2.8069361881548094	2.3002579067158617	3.313614469593757	318
Stranger win	85.8268156424581	2.808442451842104	2.2976702947852594	3.3192146088989487	318
Stranger win	86.22346368715084	2.8099487155293987	2.295075842953416	3.3248215881053813	318
Stranger win	86.62011173184358	2.8114549792166934	2.2924747133564694	3.3304352450769175	318
Stranger win	87.01675977653632	2.8129612429039876	2.2898670632980407	3.3360554225099346	318
Stranger win	87.41340782122906	2.8144675065912823	2.287253045417793	3.3416819677647718	318
Stranger win	87.8100558659218	2.815973770278577	2.284632807853458	3.347314732703696	318
Stranger win	88.20670391061454	2.8174800339658717	2.2820064943966285	3.352953573535115	318
Stranger win	88.60335195530726	2.818986297653166	2.2793742446425416	3.35859835066379	318
Stranger win	89.0	2.8204925613404606	2.2767361941341244	3.3642489285467967	318
Stranger loss	18.0	-2.018844434934703	-2.380040566230131	-1.657648303639275	318
Stranger loss	18.39664804469274	-2.0147355361988715	-2.3722210398882075	-1.6572500325095354	318
Stranger loss	18.793296089385475	-2.01062663746304	-2.364418670782018	-1.6568346041440618	318
Stranger loss	19.189944134078214	-2.0065177387272084	-2.356634001900829	-1.6564014755535876	318
Stranger loss	19.58659217877095	-2.0024088399913773	-2.3488675966191574	-1.6559500833635972	318
Stranger loss	19.98324022346369	-1.998299941255546	-2.341120039493965	-1.655479843017127	318
Stranger loss	20.379888268156424	-1.9941910425197145	-2.3333919370867178	-1.6549901479527112	318
Stranger loss	20.776536312849164	-1.990082143783883	-2.3256839188099336	-1.6544803687578322	318
Stranger loss	21.1731843575419	-1.9859732450480518	-2.3179966377976307	-1.6539498522984732	318
Stranger loss	21.56983240223464	-1.9818643463122203	-2.31033077179886	-1.6533979208255807	318
Stranger loss	21.966480446927374	-1.9777554475763888	-2.302687024093236	-1.6528238710595415	318
Stranger loss	22.363128491620113	-1.9736465488405577	-2.2950661244270516	-1.6522269732540638	318
Stranger loss	22.75977653631285	-1.9695376501047261	-2.2874688299682373	-1.651606470241215	318
Stranger loss	23.156424581005588	-1.9654287513688946	-2.2798959262780274	-1.6509615764597616	318
Stranger loss	23.553072625698324	-1.9613198526330635	-2.2723482282967358	-1.6502914769693913	318
Stranger loss	23.949720670391063	-1.957210953897232	-2.2648265813405692	-1.6495953264538947	318
Stranger loss	24.3463687150838	-1.9531020551614005	-2.2573318621058514	-1.6488722482169493	318
Stranger loss	24.743016759776538	-1.948993156425569	-2.249864979676405	-1.6481213331747329	318
Stranger loss	25.139664804469273	-1.9448842576897378	-2.2424268765291764	-1.6473416388502993	318
Stranger loss	25.536312849162012	-1.9407753589539063	-2.2350185295324336	-1.646532188375379	318
Stranger loss	25.932960893854748	-1.9366664602180748	-2.2276409509300645	-1.645691969506085	318
Stranger loss	26.329608938547487	-1.9325575614822432	-2.2202951893045766	-1.6448199336599096	318
Stranger loss	26.726256983240226	-1.9284486627464121	-2.2129823305104748	-1.6439149949823493	318
Stranger loss	27.122905027932962	-1.9243397640105806	-2.205703498568609	-1.6429760294525524	318
Stranger loss	27.519553072625698	-1.920230865274749	-2.198459856510989	-1.6420018740385092	318
Stranger loss	27.916201117318437	-1.9161219665389175	-2.1912526071643397	-1.6409913259134954	318
Stranger loss	28.312849162011176	-1.9120130678030864	-2.18408299385942	-1.6399431417467527	318
Stranger loss	28.70949720670391	-1.907904169067255	-2.176952301051789	-1.638856037082721	318
Stranger loss	29.106145251396647	-1.9037952703314234	-2.1698618548383086	-1.637728685824538	318
Stranger loss	29.502793296089386	-1.8996863715955923	-2.1628130233522636	-1.636559719838921	318
Stranger loss	29.899441340782126	-1.8955774728597607	-2.1558072170184905	-1.635347728701031	318
Stranger loss	30.29608938547486	-1.8914685741239292	-2.1488458886485073	-1.6340912595993509	318
Stranger loss	30.692737430167597	-1.8873596753880977	-2.1419305333541536	-1.6327888174220417	318
Stranger loss	31.089385474860336	-1.8832507766522666	-2.135062688256917	-1.6314388650476164	318
Stranger loss	31.486033519553075	-1.879141877916435	-2.1282439319688398	-1.6300398238640303	318
Stranger loss	31.88268156424581	-1.8750329791806035	-2.1214758838197723	-1.6285900745414348	318
Stranger loss	32.279329608938546	-1.8709240804447724	-2.1147602028048076	-1.6270879580847375	318
Stranger loss	32.675977653631286	-1.866815181708941	-2.108098586225062	-1.6255317771928202	318
Stranger loss	33.072625698324025	-1.8627062829731094	-2.1014927679946163	-1.6239197979516025	318
Stranger loss	33.46927374301676	-1.858597384237278	-2.0949445165864713	-1.6222502518880848	318
Stranger loss	33.865921787709496	-1.8544884855014467	-2.0884556325908883	-1.6205213384120054	318
Stranger loss	34.262569832402235	-1.8503795867656152	-2.082027945860563	-1.6187312276706676	318
Stranger loss	34.659217877094974	-1.846270688029784	-2.0756633122187838	-1.616878063840784	318
Stranger loss	35.05586592178771	-1.8421617892939524	-2.069363609709137	-1.6149599688787675	318
Stranger loss	35.45251396648045	-1.838052890558121	-2.0631307343685608	-1.6129750467476813	318
Stranger loss	35.849162011173185	-1.8339439918222897	-2.056966595509593	-1.6109213881349866	318
Stranger loss	36.245810055865924	-1.8298350930864582	-2.0508731105026827	-1.6087970756702337	318
Stranger loss	36.642458100558656	-1.8257261943506269	-2.0448521990553425	-1.6066001896459114	318
Stranger loss	37.039106145251395	-1.8216172956147954	-2.0389057769918146	-1.6043288142377763	318
Stranger loss	37.435754189944134	-1.817508396878964	-2.033035749544782	-1.6019810442131461	318
Stranger loss	37.832402234636874	-1.8133994981431325	-2.0272440041793285	-1.5995549921069363	318
Stranger loss	38.22905027932961	-1.8092905994073012	-2.0215324029788833	-1.5970487958357191	318
Stranger loss	38.62569832402235	-1.8051817006714697	-2.0159027746329885	-1.594460626709951	318
Stranger loss	39.022346368715084	-1.8010728019356383	-2.0103569060773476	-1.591788697793929	318
Stranger loss	39.41899441340782	-1.7969639031998068	-2.0048965338473903	-1.5890312725522235	318
Stranger loss	39.815642458100555	-1.7928550044639755	-1.9995233352173236	-1.5861866737106274	318
Stranger loss	40.212290502793294	-1.7887461057281442	-1.9942389192069867	-1.5832532922493017	318
Stranger loss	40.608938547486034	-1.7846372069923127	-1.9890448175484026	-1.5802295964362227	318
Stranger loss	41.00558659217877	-1.7805283082564813	-1.9839424757123747	-1.577114140800588	318
Stranger loss	41.40223463687151	-1.7764194095206498	-1.9789332441024448	-1.5739055749388549	318
Stranger loss	41.79888268156425	-1.7723105107848185	-1.9740183695285851	-1.5706026520410519	318
Stranger loss	42.19553072625698	-1.768201612048987	-1.9691989870758575	-1.5672042370221164	318
Stranger loss	42.59217877094972	-1.7640927133131556	-1.964476112483631	-1.5637093141426803	318
Stranger loss	42.988826815642454	-1.7599838145773243	-1.9598506351485734	-1.5601169940060753	318
Stranger loss	43.385474860335194	-1.7558749158414928	-1.9553233118594358	-1.5564265198235498	318
Stranger loss	43.78212290502793	-1.7517660171056615	-1.9508947613635534	-1.5526372728477695	318
Stranger loss	44.17877094972067	-1.74765711836983	-1.9465654598541526	-1.5487487768855073	318
Stranger loss	44.57541899441341	-1.7435482196339984	-1.9423357374541257	-1.5447607018138712	318
Stranger loss	44.97206703910615	-1.739439320898167	-1.9382057757562625	-1.5406728660400717	318
Stranger loss	45.36871508379889	-1.7353304221623356	-1.9341756064624527	-1.5364852378622185	318
Stranger loss	45.76536312849162	-1.7312215234265043	-1.9302451111455585	-1.53219793570745	318
Stranger loss	46.16201117318436	-1.727112624690673	-1.9264140221381194	-1.5278112272432265	318
Stranger loss	46.55865921787709	-1.7230037259548416	-1.922681924532379	-1.5233255273773043	318
Stranger loss	46.95530726256983	-1.71889482721901	-1.9190482592569345	-1.5187413951810858	318
Stranger loss	47.35195530726257	-1.7147859284831786	-1.9155123271772074	-1.5140595297891497	318
Stranger loss	47.74860335195531	-1.7106770297473473	-1.912073294150421	-1.5092807653442735	318
Stranger loss	48.14525139664805	-1.7065681310115157	-1.908730196951384	-1.5044060650716475	318
Stranger loss	48.54189944134079	-1.7024592322756844	-1.9054819499733915	-1.4994365145779773	318
Stranger loss	48.93854748603352	-1.698350333539853	-1.9023273525992916	-1.4943733144804145	318
Stranger loss	49.33519553072626	-1.6942414348040216	-1.8992650971313505	-1.4892177724766926	318
Stranger loss	49.73184357541899	-1.6901325360681902	-1.8962937771649855	-1.483971294971395	318
Stranger loss	50.12849162011173	-1.6860236373323587	-1.8934118962906608	-1.4786353783740567	318
Stranger loss	50.52513966480447	-1.6819147385965274	-1.890617877010076	-1.4732116001829787	318
Stranger loss	50.92178770949721	-1.6778058398606959	-1.887910069756951	-1.4677016099644407	318
Stranger loss	51.31843575418995	-1.6736969411248646	-1.8852867619189104	-1.4621071203308187	318
Stranger loss	51.71508379888268	-1.6695880423890332	-1.8827461867648436	-1.4564298980132229	318
Stranger loss	52.11173184357542	-1.6654791436532017	-1.8802865321912716	-1.4506717551151318	318
Stranger loss	52.50837988826816	-1.6613702449173704	-1.8779059492113193	-1.4448345406234215	318
Stranger loss	52.9050279329609	-1.6572613461815389	-1.8756025601204833	-1.4389201322425944	318
Stranger loss	53.30167597765363	-1.6531524474457076	-1.873374466284224	-1.432930428607191	318
Stranger loss	53.69832402234637	-1.649043548709876	-1.8712197555030785	-1.4268673419166735	318
Stranger loss	54.09497206703911	-1.6449346499740447	-1.8691365089213883	-1.4207327910267011	318
Stranger loss	54.49162011173185	-1.6408257512382132	-1.8671228074554729	-1.4145286950209535	318
Stranger loss	54.88826815642458	-1.6367168525023819	-1.8651767377261885	-1.4082569672785752	318
Stranger loss	55.28491620111732	-1.6326079537665503	-1.8632963974889805	-1.4019195100441202	318
Stranger loss	55.68156424581006	-1.628499055030719	-1.8614799005618545	-1.3955182094995835	318
Stranger loss	56.0782122905028	-1.6243901562948875	-1.8597253812580308	-1.3890549313317442	318
Stranger loss	56.47486033519554	-1.6202812575590562	-1.85803099833542	-1.3825315167826924	318
Stranger loss	56.87150837988827	-1.6161723588232249	-1.856394938479525	-1.3759497791669246	318
Stranger loss	57.26815642458101	-1.6120634600873933	-1.8548154193399422	-1.3693115008348444	318
Stranger loss	57.66480446927375	-1.607954561351562	-1.8532906921433783	-1.3626184305597457	318
Stranger loss	58.061452513966486	-1.6038456626157305	-1.8518190439081015	-1.3558722813233595	318
Stranger loss	58.45810055865922	-1.5997367638798992	-1.8503987992860778	-1.3490747284737206	318
Stranger loss	58.85474860335196	-1.5956278651440676	-1.8490283220597754	-1.3422274082283598	318
Stranger loss	59.2513966480447	-1.5915189664082363	-1.847706016320864	-1.3353319164956086	318
Stranger loss	59.648044692737436	-1.5874100676724048	-1.84643032735783	-1.3283898079869796	318
Stranger loss	60.04469273743017	-1.5833011689365735	-1.8451997422790019	-1.321402595594145	318
Stranger loss	60.44134078212291	-1.5791922702007422	-1.8440127903966252	-1.314371750004859	318
Stranger loss	60.837988826815646	-1.5750833714649106	-1.8428680433965976	-1.3072986995332236	318
Stranger loss	61.234636871508386	-1.5709744727290793	-1.841764115317249	-1.3001848301409096	318
Stranger loss	61.63128491620112	-1.5668655739932478	-1.8406996623592151	-1.2930314856272804	318
Stranger loss	62.02793296089386	-1.5627566752574165	-1.8396733825470575	-1.2858399679677754	318
Stranger loss	62.424581005586596	-1.558647776521585	-1.8386840152618191	-1.2786115377813507	318
Stranger loss	62.821229050279335	-1.5545388777857536	-1.8377303406622718	-1.2713474149092354	318
Stranger loss	63.21787709497207	-1.5504299790499223	-1.8368111790111485	-1.264048779088696	318
Stranger loss	63.614525139664806	-1.5463210803140908	-1.8359253899212606	-1.256716770706921	318
Stranger loss	64.01117318435755	-1.5422121815782592	-1.8350718715350434	-1.249352491621475	318
Stranger loss	64.40782122905028	-1.538103282842428	-1.834249559649762	-1.2419570060350937	318
Stranger loss	64.80446927374302	-1.5339943841065964	-1.833457426799402	-1.2345313414137908	318
Stranger loss	65.20111731843576	-1.529885485370765	-1.8326944813030928	-1.2270764894384374	318
Stranger loss	65.5977653631285	-1.5257765866349335	-1.8319597662888458	-1.2195934069810213	318
Stranger loss	65.99441340782124	-1.5216676878991022	-1.8312523587003875	-1.212083017097817	318
Stranger loss	66.39106145251397	-1.517558789163271	-1.830571368293926	-1.2045462100326159	318
Stranger loss	66.7877094972067	-1.5134498904274394	-1.829915936630872	-1.1969838442240068	318
Stranger loss	67.18435754189944	-1.509340991691608	-1.829285236071729	-1.189396747311487	318
Stranger loss	67.58100558659218	-1.5052320929557765	-1.8286784687756708	-1.1817857171358823	318
Stranger loss	67.97765363128491	-1.5011231942199454	-1.8280948657097027	-1.1741515227301882	318
Stranger loss	68.37430167597765	-1.497014295484114	-1.8275336856706996	-1.1664949052975282	318
Stranger loss	68.77094972067039	-1.4929053967482824	-1.826994214323105	-1.1588165791734597	318
Stranger loss	69.16759776536313	-1.488796498012451	-1.8264757632546307	-1.1511172327702714	318
Stranger loss	69.56424581005587	-1.4846875992766195	-1.825977669051844	-1.143397529501395	318
Stranger loss	69.9608938547486	-1.4805787005407882	-1.825499292397206	-1.1356581086843704	318
Stranger loss	70.35754189944134	-1.4764698018049567	-1.8250400171887584	-1.127899586421155	318
Stranger loss	70.75418994413408	-1.4723609030691254	-1.824599249683406	-1.1201225564548447	318
Stranger loss	71.15083798882682	-1.4682520043332938	-1.8241764176644664	-1.1123275910021213	318
Stranger loss	71.54748603351956	-1.4641431055974625	-1.8237709696339426	-1.1045152415609825	318
Stranger loss	71.9441340782123	-1.460034206861631	-1.8233823740297987	-1.0966860396934632	318
Stranger loss	72.34078212290504	-1.4559253081257997	-1.8230101184683374	-1.088840497783262	318
Stranger loss	72.73743016759778	-1.4518164093899681	-1.822653709011637	-1.0809791097682993	318
Stranger loss	73.1340782122905	-1.4477075106541368	-1.8223126694598988	-1.0731023518483749	318
Stranger loss	73.53072625698324	-1.4435986119183055	-1.8219865406684355	-1.0652106831681756	318
Stranger loss	73.92737430167598	-1.439489713182474	-1.8216748798889557	-1.0573045464759923	318
Stranger loss	74.32402234636872	-1.4353808144466427	-1.8213772601347258	-1.0493843687585596	318
Stranger loss	74.72067039106145	-1.4312719157108114	-1.8210932695691262	-1.0414505618524965	318
Stranger loss	75.11731843575419	-1.4271630169749798	-1.82082251091708	-1.0335035230328797	318
Stranger loss	75.51396648044692	-1.4230541182391485	-1.8205646008987832	-1.0255436355795138	318
Stranger loss	75.91061452513966	-1.418945219503317	-1.820319169685146	-1.017571269321488	318
Stranger loss	76.3072625698324	-1.4148363207674857	-1.82008586037433	-1.0095867811606414	318
Stranger loss	76.70391061452514	-1.4107274220316541	-1.8198643284887441	-1.0015905155745641	318
Stranger loss	77.10055865921788	-1.4066185232958228	-1.8196542414918648	-0.9935828050997808	318
Stranger loss	77.49720670391062	-1.4025096245599913	-1.8194552783242286	-0.985563970795754	318
Stranger loss	77.89385474860336	-1.39840072582416	-1.819267128957956	-0.9775343226903639	318
Stranger loss	78.2905027932961	-1.3942918270883284	-1.8190894939691562	-0.9694941602075006	318
Stranger loss	78.68715083798884	-1.3901829283524971	-1.8189220841275853	-0.961443772577409	318
Stranger loss	79.08379888268158	-1.3860740296166656	-1.818764620002913	-0.9533834392304181	318
Stranger loss	79.4804469273743	-1.3819651308808343	-1.8186168315870022	-0.9453134301746664	318
Stranger loss	79.87709497206704	-1.3778562321450027	-1.8184784579315625	-0.937234006358443	318
Stranger loss	80.27374301675978	-1.3737473334091714	-1.818349246800623	-0.9291454200177198	318
Stranger loss	80.67039106145252	-1.3696384346733401	-1.8182289543372114	-0.9210479150094688	318
Stranger loss	81.06703910614524	-1.3655295359375088	-1.818117344743699	-0.9129417271313186	318
Stranger loss	81.46368715083798	-1.3614206372016773	-1.8180141899752567	-0.9048270844280978	318
Stranger loss	81.86033519553072	-1.357311738465846	-1.8179192694458928	-0.8967042074857992	318
Stranger loss	82.25698324022346	-1.3532028397300144	-1.8178323697465584	-0.8885733097134705	318
Stranger loss	82.6536312849162	-1.3490939409941831	-1.8177532843748294	-0.8804345976135368	318
Stranger loss	83.05027932960894	-1.3449850422583516	-1.8176818134756796	-0.8722882710410236	318
Stranger loss	83.44692737430168	-1.34087614352252	-1.8176177635928892	-0.8641345234521509	318
Stranger loss	83.84357541899442	-1.3367672447866887	-1.8175609474306367	-0.8559735421427408	318
Stranger loss	84.24022346368716	-1.3326583460508572	-1.8175111836248563	-0.8478055084768581	318
Stranger loss	84.6368715083799	-1.3285494473150259	-1.817468296523936	-0.839630598106116	318
Stranger loss	85.03351955307264	-1.3244405485791944	-1.8174321159783693	-0.8314489811800195	318
Stranger loss	85.43016759776536	-1.320331649843363	-1.8174024771389805	-0.8232608225477456	318
Stranger loss	85.8268156424581	-1.3162227511075317	-1.8173792202633523	-0.8150662819517112	318
Stranger loss	86.22346368715084	-1.3121138523717002	-1.8173621905301078	-0.8068655142132927	318
Stranger loss	86.62011173184358	-1.3080049536358689	-1.8173512378607173	-0.7986586694110206	318
Stranger loss	87.01675977653632	-1.3038960549000373	-1.8173462167484997	-0.7904458930515749	318
Stranger loss	87.41340782122906	-1.299787156164206	-1.817346986094514	-0.7822273262338981	318
Stranger loss	87.8100558659218	-1.2956782574283745	-1.8173534090500427	-0.7740031058067063	318
Stranger loss	88.20670391061454	-1.2915693586925432	-1.8173653528653932	-0.7657733645196931	318
Stranger loss	88.60335195530726	-1.2874604599567119	-1.8173826887447346	-0.7575382311686891	318
Stranger loss	89.0	-1.2833515612208803	-1.8174052917067178	-0.749297830735043	318
Friend win	18.0	4.39376303110136	4.136401207022815	4.651124855179904	318
Friend win	18.39664804469274	4.39271554097616	4.1381394640427365	4.647291617909583	318
Friend win	18.793296089385475	4.39166805085096	4.139863131562768	4.643472970139152	318
Friend win	19.189944134078214	4.39062056072576	4.1415717225718796	4.639669398879641	318
Friend win	19.58659217877095	4.3895730706005605	4.143264730971128	4.635881410229993	318
Friend win	19.98324022346369	4.388525580475362	4.144941630812496	4.632109530138227	318
Friend win	20.379888268156424	4.387478090350162	4.1466018755159455	4.628354305184378	318
Friend win	20.776536312849164	4.386430600224962	4.148244897065636	4.624616303384288	318
Friend win	21.1731843575419	4.385383110099762	4.1498701051864675	4.620896115013057	318
Friend win	21.56983240223464	4.3843356199745624	4.151476886502484	4.617194353446641	318
Friend win	21.966480446927374	4.383288129849363	4.1530646036790415	4.613511656019684	318
Friend win	22.363128491620113	4.382240639724163	4.15463259455107	4.609848684897256	318
Friend win	22.75977653631285	4.381193149598963	4.1561801712402	4.606206127957726	318
Friend win	23.156424581005588	4.380145659473763	4.157706619264114	4.602584699683413	318
Friend win	23.553072625698324	4.3790981693485636	4.159211196642031	4.5989851420550965	318
Friend win	23.949720670391063	4.378050679223365	4.1606931330009225	4.595408225445807	318
Friend win	24.3463687150838	4.377003189098165	4.1621516286877664	4.591854749508563	318
Friend win	24.743016759776538	4.375955698972965	4.163585853893986	4.588325544051944	318
Friend win	25.139664804469273	4.374908208847765	4.164994947799064	4.584821469896466	318
Friend win	25.536312849162012	4.3738607187225655	4.166378017741314	4.581343419703817	318
Friend win	25.932960893854748	4.372813228597366	4.16773413842483	4.577892318769901	318
Friend win	26.329608938547487	4.371765738472166	4.169062351172745	4.574469125771587	318
Friend win	26.726256983240226	4.370718248346966	4.170361663238148	4.571074833455785	318
Friend win	27.122905027932962	4.369670758221766	4.171631047185269	4.567710469258264	318
Friend win	27.519553072625698	4.368623268096567	4.172869440354893	4.56437709583824	318
Friend win	27.916201117318437	4.367575777971367	4.174075744429359	4.5610758115133745	318
Friend win	28.312849162011176	4.366528287846168	4.175248825113903	4.557807750578433	318
Friend win	28.70949720670391	4.365480797720968	4.17638751195261	4.554574083489326	318
Friend win	29.106145251396647	4.364433307595768	4.177490598298646	4.551376016892891	318
Friend win	29.502793296089386	4.363385817470569	4.1785568414598595	4.548214793481278	318
Friend win	29.899441340782126	4.362338327345369	4.179584963042189	4.545091691648548	318
Friend win	30.29608938547486	4.361290837220169	4.180573649514521	4.542008024925817	318
Friend win	30.692737430167597	4.360243347094969	4.181521553019679	4.53896514117026	318
Friend win	31.089385474860336	4.3591958569697695	4.182427292457052	4.535964421482487	318
Friend win	31.486033519553075	4.35814836684457	4.18328945486286	4.53300727882628	318
Friend win	31.88268156424581	4.35710087671937	4.184106597114197	4.530095156324543	318
Friend win	32.279329608938546	4.356053386594171	4.1848772479826755	4.527229525205667	318
Friend win	32.675977653631286	4.355005896468971	4.185599910562582	4.524411882375361	318
Friend win	33.072625698324025	4.3539584063437715	4.186273065097036	4.521643747590507	318
Friend win	33.46927374301676	4.352910916218572	4.18689517222332	4.518926660213824	318
Friend win	33.865921787709496	4.351863426093372	4.1874646766555985	4.516262175531145	318
Friend win	34.262569832402235	4.350815935968172	4.1879800113192935	4.513651860617051	318
Friend win	34.659217877094974	4.349768445842972	4.188439601946566	4.511097289739379	318
Friend win	35.05586592178771	4.348720955717773	4.188841872136489	4.508600039299056	318
Friend win	35.45251396648045	4.347673465592573	4.189185248876706	4.50616168230844	318
Friend win	35.849162011173185	4.346625975467373	4.189468168515556	4.50378378241919	318
Friend win	36.245810055865924	4.345578485342174	4.189689083164933	4.501467887519415	318
Friend win	36.642458100558656	4.344530995216974	4.189846467504616	4.499215522929333	318
Friend win	37.039106145251395	4.343483505091775	4.189938825948675	4.497028184234874	318
Friend win	37.435754189944134	4.342436014966575	4.189964700123868	4.494907329809282	318
Friend win	37.832402234636874	4.341388524841375	4.189922676599224	4.492854373083526	318
Friend win	38.22905027932961	4.340341034716175	4.189811394795296	4.490870674637055	318
Friend win	38.62569832402235	4.3392935445909755	4.189629554991442	4.488957534190509	318
Friend win	39.022346368715084	4.338246054465776	4.189375926340174	4.487116182591377	318
Friend win	39.41899441340782	4.337198564340576	4.18904935478966	4.485347773891492	318
Friend win	39.815642458100555	4.336151074215376	4.188648770809179	4.4836533776215735	318
Friend win	40.212290502793294	4.335103584090177	4.188173196808135	4.4820339713722195	318
Friend win	40.608938547486034	4.3340560939649775	4.187621754137489	4.480490433792466	318
Friend win	41.00558659217877	4.333008603839778	4.186993669563458	4.479023538116097	318
Friend win	41.40223463687151	4.331961113714578	4.186288281107163	4.477633946321993	318
Friend win	41.79888268156425	4.330913623589378	4.185505043150799	4.476322204027957	318
Friend win	42.19553072625698	4.329866133464178	4.184643530720661	4.475088736207696	318
Friend win	42.59217877094972	4.328818643338979	4.183703442869887	4.47393384380807	318
Friend win	42.988826815642454	4.327771153213779	4.182684605098827	4.4728577013287305	318
Friend win	43.385474860335194	4.326723663088579	4.181586970767911	4.471860355409247	318
Friend win	43.78212290502793	4.325676172963379	4.180410621476454	4.470941724450305	318
Friend win	44.17877094972067	4.3246286828381795	4.179155766400235	4.470101599276124	318
Friend win	44.57541899441341	4.323581192712981	4.177822740600362	4.469339644825599	318
Friend win	44.97206703910615	4.322533702587781	4.176412002335162	4.468655402840399	318
Friend win	45.36871508379889	4.321486212462581	4.174924129425017	4.468048295500145	318
Friend win	45.76536312849162	4.320438722337381	4.17335981473657	4.467517629938192	318
Friend win	46.16201117318436	4.3193912322121815	4.171719860867121	4.467062603557242	318
Friend win	46.55865921787709	4.318343742086982	4.170005174121811	4.466682310052152	318
Friend win	46.95530726256983	4.317296251961782	4.168216757885203	4.466375746038361	318
Friend win	47.35195530726257	4.316248761836582	4.1663557054949205	4.466141818178244	318
Friend win	47.74860335195531	4.315201271711382	4.164423192728047	4.465979350694718	318
Friend win	48.14525139664805	4.314153781586183	4.162420470011205	4.46588709316116	318
Friend win	48.54189944134079	4.313106291460984	4.160348854462787	4.465863728459181	318
Friend win	48.93854748603352	4.312058801335784	4.1582097218710325	4.465907880800535	318
Friend win	49.33519553072626	4.311011311210584	4.156004498704847	4.466018123716322	318
Friend win	49.73184357541899	4.309963821085384	4.153734654245863	4.466192987924906	318
Friend win	50.12849162011173	4.308916330960185	4.151401692920739	4.46643096899963	318
Friend win	50.52513966480447	4.307868840834985	4.149007146902282	4.466730534767688	318
Friend win	50.92178770949721	4.306821350709785	4.146552569037299	4.467090132382271	318
Friend win	51.31843575418995	4.305773860584585	4.144039526148317	4.467508195020853	318
Friend win	51.71508379888268	4.304726370459385	4.141469592745728	4.467983148173043	318
Friend win	52.11173184357542	4.303678880334186	4.138844345176972	4.468513415491399	318
Friend win	52.50837988826816	4.302631390208987	4.136165356230018	4.4690974241879555	318
Friend win	52.9050279329609	4.301583900083787	4.133434190199933	4.469733609967641	318
Friend win	53.30167597765363	4.300536409958587	4.130652398419815	4.4704204214973595	318
Friend win	53.69832402234637	4.299488919833387	4.127821515250773	4.471156324416002	318
Friend win	54.09497206703911	4.298441429708188	4.124943054520115	4.471939804896261	318
Friend win	54.49162011173185	4.297393939582988	4.122018506392316	4.4727693727736595	318
Friend win	54.88826815642458	4.296346449457788	4.119049334653642	4.473643564261934	318
Friend win	55.28491620111732	4.295298959332588	4.116036974388546	4.4745609442766305	318
Friend win	55.68156424581006	4.2942514692073885	4.112982830023923	4.475520108390854	318
Friend win	56.0782122905028	4.293203979082189	4.109888273715962	4.476519684448416	318
Friend win	56.47486033519554	4.292156488956989	4.106754644053671	4.477558333860307	318
Friend win	56.87150837988827	4.29110899883179	4.103583245052917	4.478634752610663	318
Friend win	57.26815642458101	4.29006150870659	4.100375345415064	4.479747671998116	318
Friend win	57.66480446927375	4.2890140185813905	4.097132178024945	4.480895859137836	318
Friend win	58.061452513966486	4.287966528456191	4.093854939663705	4.482078117248676	318
Friend win	58.45810055865922	4.286919038330991	4.090544790913206	4.4832932857487755	318
Friend win	58.85474860335196	4.285871548205791	4.087202856229919	4.484540240181663	318
Friend win	59.2513966480447	4.284824058080591	4.083830224167581	4.485817891993602	318
Friend win	59.648044692737436	4.283776567955392	4.080427947729333	4.487125188181451	318
Friend win	60.04469273743017	4.282729077830192	4.076997044831494	4.48846111082889	318
Friend win	60.44134078212291	4.281681587704992	4.073538498862586	4.489824676547398	318
Friend win	60.837988826815646	4.280634097579793	4.0700532593226475	4.491214935836939	318
Friend win	61.234636871508386	4.279586607454593	4.066542242529231	4.492630972379956	318
Friend win	61.63128491620112	4.278539117329394	4.06300633237786	4.494071902280927	318
Friend win	62.02793296089386	4.277491627204194	4.0594463811459	4.495536873262488	318
Friend win	62.424581005586596	4.276444137078994	4.055863210330048	4.49702506382794	318
Friend win	62.821229050279335	4.275396646953794	4.0522576115086935	4.498535682398895	318
Friend win	63.21787709497207	4.2743491568285945	4.048630347221462	4.500067966435727	318
Friend win	63.614525139664806	4.273301666703395	4.044982151859183	4.501621181547606	318
Friend win	64.01117318435755	4.272254176578195	4.041313732558367	4.503194620598023	318
Friend win	64.40782122905028	4.271206686452995	4.037625770095089	4.504787602810901	318
Friend win	64.80446927374302	4.270159196327796	4.033918919773887	4.506399472881705	318
Friend win	65.20111731843576	4.2691117062025965	4.030193812307894	4.508029600097299	318
Friend win	65.5977653631285	4.268064216077397	4.026451054687052	4.509677377467741	318
Friend win	65.99441340782124	4.267016725952197	4.0226912310317156	4.511342220872678	318
Friend win	66.39106145251397	4.265969235826997	4.0189149034294775	4.513023568224517	318
Friend win	66.7877094972067	4.264921745701797	4.0151226127533945	4.5147208786502	318
Friend win	67.18435754189944	4.263874255576598	4.011314879460191	4.516433631693004	318
Friend win	67.58100558659218	4.262826765451398	4.007492204367343	4.518161326535453	318
Friend win	67.97765363128491	4.261779275326198	4.0036550694081745	4.519903481244222	318
Friend win	68.37430167597765	4.260731785200998	3.99980393836441	4.521659632037586	318
Friend win	68.77094972067039	4.259684295075799	3.995939257575774	4.523429332575825	318
Friend win	69.16759776536313	4.2586368049506	3.9920614566264416	4.525212153274758	318
Friend win	69.56424581005587	4.2575893148254	3.988170949008318	4.527007680642481	318
Friend win	69.9608938547486	4.2565418247002	3.9842681327612026	4.528815516639197	318
Friend win	70.35754189944134	4.255494334575	3.9803533910900635	4.530635278059937	318
Friend win	70.75418994413408	4.2544468444498005	3.9764270929597036	4.532466595939898	318
Friend win	71.15083798882682	4.253399354324601	3.9724895936672087	4.534309114981993	318
Friend win	71.54748603351956	4.252351864199401	3.9685412353925926	4.536162493006209	318
Friend win	71.9441340782123	4.251304374074201	3.9645823477281543	4.5380264004202475	318
Friend win	72.34078212290504	4.250256883949001	3.9606132481870633	4.539900519710939	318
Friend win	72.73743016759778	4.249209393823802	3.956634242691738	4.541784544955865	318
Friend win	73.1340782122905	4.248161903698603	3.9526456260426164	4.543678181354589	318
Friend win	73.53072625698324	4.247114413573403	3.948647682367906	4.5455811447789	318
Friend win	73.92737430167598	4.246066923448203	3.944640685554945	4.547493161341461	318
Friend win	74.32402234636872	4.245019433323003	3.9406248996637796	4.549413966982227	318
Friend win	74.72067039106145	4.243971943197804	3.9366005793235908	4.551343307072017	318
Friend win	75.11731843575419	4.242924453072604	3.9325679701125793	4.553280936032628	318
Friend win	75.51396648044692	4.241876962947404	3.9285273089219332	4.555226616972875	318
Friend win	75.91061452513966	4.240829472822204	3.9244788243044666	4.557180121339941	318
Friend win	76.3072625698324	4.2397819826970045	3.920422736808541	4.559141228585467	318
Friend win	76.70391061452514	4.238734492571805	3.9163592592978334	4.561109725845776	318
Friend win	77.10055865921788	4.237687002446606	3.9122885972575343	4.563085407635677	318
Friend win	77.49720670391062	4.236639512321406	3.908210949087513	4.565068075555299	318
Friend win	77.89385474860336	4.235592022196206	3.904126506383004	4.567057538009408	318
Friend win	78.2905027932961	4.2345445320710065	3.9000354542033215	4.569053609938691	318
Friend win	78.68715083798884	4.233497041945807	3.895937971329107	4.571056112562506	318
Friend win	79.08379888268158	4.232449551820607	3.891834230508609	4.573064873132605	318
Friend win	79.4804469273743	4.231402061695407	3.887724398693451	4.575079724697363	318
Friend win	79.87709497206704	4.230354571570207	3.883608637264352	4.5771005058760625	318
Friend win	80.27374301675978	4.2293070814450076	3.879487102247222	4.579127060642794	318
Friend win	80.67039106145252	4.228259591319808	3.875359944520066	4.581159238119549	318
Friend win	81.06703910614524	4.227212101194609	3.871227310011095	4.5831968923781226	318
Friend win	81.46368715083798	4.226164611069409	3.867089339888419	4.585239882250399	318
Friend win	81.86033519553072	4.225117120944209	3.862946170741715	4.587288071146704	318
Friend win	82.25698324022346	4.2240696308190095	3.858797934756204	4.589341326881815	318
Friend win	82.6536312849162	4.22302214069381	3.854644759879293	4.591399521508326	318
Friend win	83.05027932960894	4.22197465056861	3.8504867699801943	4.593462531157026	318
Friend win	83.44692737430168	4.22092716044341	3.846324085002849	4.595530235883972	318
Friend win	83.84357541899442	4.21987967031821	3.84215682111244	4.5976025195239805	318
Friend win	84.24022346368716	4.218832180193011	3.837985090835789	4.599679269550232	318
Friend win	84.6368715083799	4.217784690067811	3.833809003195902	4.60176037693972	318
Friend win	85.03351955307264	4.216737199942611	3.8296286638409307	4.603845736044292	318
Friend win	85.43016759776536	4.215689709817412	3.8254441751678003	4.605935244467024	318
Friend win	85.8268156424581	4.214642219692212	3.8212556364407226	4.608028802943702	318
Friend win	86.22346368715084	4.213594729567013	3.817063143904854	4.610126315229172	318
Friend win	86.62011173184358	4.212547239441813	3.812866790895284	4.612227687988342	318
Friend win	87.01675977653632	4.211499749316613	3.8086666679415755	4.614332830691651	318
Friend win	87.41340782122906	4.210452259191413	3.8044628628680544	4.616441655514772	318
Friend win	87.8100558659218	4.2094047690662135	3.8002554608900327	4.618554077242394	318
Friend win	88.20670391061454	4.208357278941014	3.796044544706145	4.620670013175882	318
Friend win	88.60335195530726	4.207309788815815	3.7918301945869715	4.622789383044658	318
Friend win	89.0	4.206262298690615	3.7876124884601086	4.624912108921122	318
Friend loss	18.0	-3.080444538483388	-3.548459360504501	-2.612429716462275	318
Friend loss	18.39664804469274	-3.072893027429077	-3.5363521535761295	-2.6094339012820242	318
Friend loss	18.793296089385475	-3.0653415163747657	-3.5242691028188036	-2.606413929930728	318
Friend loss	19.189944134078214	-3.0577900053204545	-3.512210930897759	-2.60336907974315	318
Friend loss	19.58659217877095	-3.0502384942661434	-3.5001783853833266	-2.60029860314896	318
Friend loss	19.98324022346369	-3.042686983211832	-3.488172239586693	-2.597201726836971	318
Friend loss	20.379888268156424	-3.035135472157521	-3.476193293411189	-2.594077650903853	318
Friend loss	20.776536312849164	-3.02758396110321	-3.4642423742175272	-2.5909255479888924	318
Friend loss	21.1731843575419	-3.020032450048899	-3.452320337701121	-2.587744562396677	318
Friend loss	21.56983240223464	-3.0124809389945875	-3.4404280687792723	-2.5845338092099026	318
Friend loss	21.966480446927374	-3.0049294279402767	-3.428566482485679	-2.5812923733948745	318
Friend loss	22.363128491620113	-2.9973779168859656	-3.416736524869256	-2.5780193089026753	318
Friend loss	22.75977653631285	-2.9898264058316544	-3.4049391738938835	-2.5747136377694253	318
Friend loss	23.156424581005588	-2.982274894777343	-3.393175440335162	-2.5713743492195245	318
Friend loss	23.553072625698324	-2.974723383723032	-3.381446368669746	-2.5680003987763182	318
Friend loss	23.949720670391063	-2.967171872668721	-3.369753037952245	-2.5645907073851966	318
Friend loss	24.3463687150838	-2.9596203616144097	-3.3580965626740715	-2.561144160554748	318
Friend loss	24.743016759776538	-2.9520688505600985	-3.3464780935979164	-2.5576596075222806	318
Friend loss	25.139664804469273	-2.9445173395057873	-3.3348988185608435	-2.554135860450731	318
Friend loss	25.536312849162012	-2.936965828451476	-3.323359963238207	-2.5505716936647453	318
Friend loss	25.932960893854748	-2.929414317397165	-3.3118627918597823	-2.5469658429345476	318
Friend loss	26.329608938547487	-2.921862806342854	-3.300408607868646	-2.5433170048170615	318
Friend loss	26.726256983240226	-2.9143112952885426	-3.2889987545124275	-2.5396238360646577	318
Friend loss	27.122905027932962	-2.9067597842342314	-3.2776346153556224	-2.5358849531128405	318
Friend loss	27.519553072625698	-2.8992082731799202	-3.266317614700692	-2.5320989316591485	318
Friend loss	27.916201117318437	-2.891656762125609	-3.2550492179046655	-2.5282643063465526	318
Friend loss	28.312849162011176	-2.884105251071298	-3.24383093157698	-2.524379570565616	318
Friend loss	28.70949720670391	-2.8765537400169867	-3.23266430364329	-2.5204431763906836	318
Friend loss	29.106145251396647	-2.869002228962676	-3.2215509232589885	-2.5164535346663635	318
Friend loss	29.502793296089386	-2.861450717908365	-3.21049242055527	-2.5124090152614595	318
Friend loss	29.899441340782126	-2.8538992068540536	-3.1994904661996726	-2.5083079475084347	318
Friend loss	30.29608938547486	-2.8463476957997424	-3.1885467707522546	-2.5041486208472303	318
Friend loss	30.692737430167597	-2.8387961847454313	-3.1776630837979116	-2.499929285692951	318
Friend loss	31.089385474860336	-2.83124467369112	-3.1668411928348035	-2.4956481545474367	318
Friend loss	31.486033519553075	-2.823693162636809	-3.1560829218985735	-2.4913034033750443	318
Friend loss	31.88268156424581	-2.8161416515824977	-3.1453901299019202	-2.4868931732630752	318
Friend loss	32.279329608938546	-2.8085901405281866	-3.134764708669299	-2.482415572387074	318
Friend loss	32.675977653631286	-2.8010386294738754	-3.124208580647018	-2.477868678300733	318
Friend loss	33.072625698324025	-2.793487118419564	-3.1137236962698864	-2.473250540569242	318
Friend loss	33.46927374301676	-2.785935607365253	-3.103312030966856	-2.46855918376365	318
Friend loss	33.865921787709496	-2.778384096310942	-3.092975581789852	-2.463792610832032	318
Friend loss	34.262569832402235	-2.7708325852566307	-3.0827163636522608	-2.4589488068610006	318
Friend loss	34.659217877094974	-2.7632810742023195	-3.0725364051663404	-2.4540257432382986	318
Friend loss	35.05586592178771	-2.7557295631480083	-3.0624377440721915	-2.449021382223825	318
Friend loss	35.45251396648045	-2.748178052093697	-3.052422422254924	-2.4439336819324704	318
Friend loss	35.849162011173185	-2.740626541039386	-3.042492480351204	-2.438760601727568	318
Friend loss	36.245810055865924	-2.733075029985075	-3.0326499519515746	-2.433500108018575	318
Friend loss	36.642458100558656	-2.725523518930764	-3.0228968574106747	-2.4281501804508534	318
Friend loss	37.039106145251395	-2.717972007876453	-3.013235197283742	-2.4227088184691636	318
Friend loss	37.435754189944134	-2.7104204968221417	-3.0036669454145613	-2.417174048229722	318
Friend loss	37.832402234636874	-2.7028689857678305	-2.9941940417070545	-2.4115439298286065	318
Friend loss	38.22905027932961	-2.6953174747135193	-2.9848183846201066	-2.405816564806932	318
Friend loss	38.62569832402235	-2.687765963659208	-2.9755418234326028	-2.3999901038858136	318
Friend loss	39.022346368715084	-2.680214452604897	-2.9663661503330685	-2.3940627548767255	318
Friend loss	39.41899441340782	-2.672662941550586	-2.9572930923953935	-2.388032790705778	318
Friend loss	39.815642458100555	-2.6651114304962746	-2.9483243035087585	-2.3818985574837908	318
Friend loss	40.212290502793294	-2.6575599194419635	-2.9394613563358836	-2.3756584825480433	318
Friend loss	40.608938547486034	-2.6500084083876523	-2.93070573437875	-2.3693110823965546	318
Friend loss	41.00558659217877	-2.642456897333341	-2.9220588242349144	-2.362854970431768	318
Friend loss	41.40223463687151	-2.63490538627903	-2.9135219081301527	-2.356288864427907	318
Friend loss	41.79888268156425	-2.6273538752247187	-2.9050961568142992	-2.3496115936351383	318
Friend loss	42.19553072625698	-2.6198023641704076	-2.896782622906619	-2.342822105434196	318
Friend loss	42.59217877094972	-2.6122508531160964	-2.888582234774778	-2.335919471457415	318
Friend loss	42.988826815642454	-2.6046993420617857	-2.88049579102739	-2.3289028930961813	318
Friend loss	43.385474860335194	-2.5971478310074745	-2.872523955694244	-2.321771706320705	318
Friend loss	43.78212290502793	-2.5895963199531633	-2.8646672541606755	-2.314525385745651	318
Friend loss	44.17877094972067	-2.582044808898852	-2.8569260699133263	-2.307163547884378	318
Friend loss	44.57541899441341	-2.5744932978445405	-2.849300642143863	-2.299685953545218	318
Friend loss	44.97206703910615	-2.5669417867902293	-2.8417910642453634	-2.2920925093350952	318
Friend loss	45.36871508379889	-2.559390275735918	-2.8343972832233577	-2.2843832682484786	318
Friend loss	45.76536312849162	-2.551838764681607	-2.827119100030153	-2.2765584293330607	318
Friend loss	46.16201117318436	-2.544287253627296	-2.819956170817544	-2.2686183364370476	318
Friend loss	46.55865921787709	-2.536735742572985	-2.8129080090895635	-2.2605634760564066	318
Friend loss	46.95530726256983	-2.529184231518674	-2.8059739887240087	-2.252394474313339	318
Friend loss	47.35195530726257	-2.5216327204643627	-2.7991533478193342	-2.244112093109391	318
Friend loss	47.74860335195531	-2.5140812094100515	-2.7924451933124774	-2.2357172255076256	318
Friend loss	48.14525139664805	-2.5065296983557404	-2.785848506303553	-2.2272108904079277	318
Friend loss	48.54189944134079	-2.498978187301429	-2.779362148015249	-2.2185942265876095	318
Friend loss	48.93854748603352	-2.491426676247118	-2.7729848663083816	-2.2098684861858544	318
Friend loss	49.33519553072626	-2.483875165192807	-2.766715302670508	-2.201035027715106	318
Friend loss	49.73184357541899	-2.4763236541384956	-2.7605519995916876	-2.1920953086853037	318
Friend loss	50.12849162011173	-2.4687721430841845	-2.7544934082405215	-2.1830508779278475	318
Friend loss	50.52513966480447	-2.4612206320298733	-2.748537896354245	-2.1739033677055017	318
Friend loss	50.92178770949721	-2.453669120975562	-2.7426837562589124	-2.164654485692212	318
Friend loss	51.31843575418995	-2.446117609921251	-2.7369292129392866	-2.1553060069032153	318
Friend loss	51.71508379888268	-2.4385660988669398	-2.7312724320828363	-2.145859765651043	318
Friend loss	52.11173184357542	-2.4310145878126286	-2.725711528027988	-2.136317647597269	318
Friend loss	52.50837988826816	-2.4234630767583174	-2.7202445715532586	-2.126681581963376	318
Friend loss	52.9050279329609	-2.4159115657040062	-2.7148695974508863	-2.116953533957126	318
Friend loss	53.30167597765363	-2.4083600546496955	-2.7095846118359277	-2.1071354974634633	318
Friend loss	53.69832402234637	-2.4008085435953843	-2.7043875991491864	-2.0972294880415823	318
Friend loss	54.09497206703911	-2.393257032541073	-2.699276528819758	-2.0872375362623883	318
Friend loss	54.49162011173185	-2.385705521486762	-2.6942493615601073	-2.0771616814134166	318
Friend loss	54.88826815642458	-2.378154010432451	-2.6893040552734826	-2.067003965591419	318
Friend loss	55.28491620111732	-2.3706024993781396	-2.684438570559849	-2.0567664281964304	318
Friend loss	55.68156424581006	-2.3630509883238284	-2.6796508758124213	-2.0464511008352355	318
Friend loss	56.0782122905028	-2.3554994772695173	-2.6749389519022433	-2.036060002636791	318
Friend loss	56.47486033519554	-2.347947966215206	-2.670300796452975	-2.0255951359774373	318
Friend loss	56.87150837988827	-2.340396455160895	-2.665734427712196	-2.015058482609594	318
Friend loss	57.26815642458101	-2.3328449441065837	-2.6612378880291154	-2.004452000184052	318
Friend loss	57.66480446927375	-2.3252934330522725	-2.6568092469514695	-1.9937776191530758	318
Friend loss	58.061452513966486	-2.3177419219979614	-2.652446603956866	-1.9830372400390568	318
Friend loss	58.45810055865922	-2.31019041094365	-2.648148090835675	-1.9722327310516254	318
Friend loss	58.85474860335196	-2.302638899889339	-2.6439118737440133	-1.9613659260346648	318
Friend loss	59.2513966480447	-2.295087388835028	-2.639736154946341	-1.9504386227237147	318
Friend loss	59.648044692737436	-2.2875358777807167	-2.6356191742677963	-1.939452581293637	318
Friend loss	60.04469273743017	-2.2799843667264055	-2.6315592102766767	-1.928409523176134	318
Friend loss	60.44134078212291	-2.2724328556720943	-2.627554581217446	-1.9173111301267427	318
Friend loss	60.837988826815646	-2.264881344617783	-2.623603645714387	-1.9061590435211793	318
Friend loss	61.234636871508386	-2.257329833563472	-2.6197048032655768	-1.8949548638613671	318
Friend loss	61.63128491620112	-2.249778322509161	-2.6158564945462057	-1.8837001504721167	318
Friend loss	62.02793296089386	-2.24222681145485	-2.6120572015395367	-1.8723964213701636	318
Friend loss	62.424581005586596	-2.234675300400539	-2.6083054475129246	-1.8610451532881531	318
Friend loss	62.821229050279335	-2.2271237893462277	-2.6045997968554184	-1.8496477818370367	318
Friend loss	63.21787709497207	-2.2195722782919165	-2.6009388547924788	-1.8382057017913545	318
Friend loss	63.614525139664806	-2.2120207672376053	-2.5973212669923598	-1.8267202674828507	318
Friend loss	64.01117318435755	-2.204469256183294	-2.5937457190777162	-1.815192793288872	318
Friend loss	64.40782122905028	-2.196917745128983	-2.5902109360549703	-1.8036245542029956	318
Friend loss	64.80446927374302	-2.189366234074672	-2.5867156816730326	-1.792016786476311	318
Friend loss	65.20111731843576	-2.1818147230203606	-2.5832587577219916	-1.7803706883187298	318
Friend loss	65.5977653631285	-2.1742632119660494	-2.579839003281495	-1.7686874206506038	318
Friend loss	65.99441340782124	-2.1667117009117383	-2.5764552939276633	-1.7569681078958133	318
Friend loss	66.39106145251397	-2.159160189857427	-2.5731065409065383	-1.7452138388083156	318
Friend loss	66.7877094972067	-2.151608678803116	-2.569791690281312	-1.7334256673249198	318
Friend loss	67.18435754189944	-2.1440571677488047	-2.566509722059814	-1.7216046134377954	318
Friend loss	67.58100558659218	-2.1365056566944935	-2.563259649308088	-1.709751664080899	318
Friend loss	67.97765363128491	-2.128954145640183	-2.5600405172552168	-1.6978677740251489	318
Friend loss	68.37430167597765	-2.1214026345858716	-2.556851402393993	-1.6859538667777505	318
Friend loss	68.77094972067039	-2.1138511235315605	-2.5536914115814744	-1.6740108354816465	318
Friend loss	69.16759776536313	-2.1062996124772493	-2.5505596811429756	-1.6620395438115232	318
Friend loss	69.56424581005587	-2.098748101422938	-2.5474553759825826	-1.6500408268632936	318
Friend loss	69.9608938547486	-2.091196590368627	-2.5443776887028773	-1.6380154920343766	318
Friend loss	70.35754189944134	-2.0836450793143158	-2.5413258387361584	-1.625964319892473	318
Friend loss	70.75418994413408	-2.0760935682600046	-2.5382990714891376	-1.6138880650308716	318
Friend loss	71.15083798882682	-2.0685420572056934	-2.5352966575027467	-1.60178745690864	318
Friend loss	71.54748603351956	-2.060990546151382	-2.532317891628443	-1.5896632006743214	318
Friend loss	71.9441340782123	-2.053439035097071	-2.5293620922221356	-1.5775159779720067	318
Friend loss	72.34078212290504	-2.04588752404276	-2.5264286003566436	-1.5653464477288763	318
Friend loss	72.73743016759778	-2.0383360129884482	-2.523516779053395	-1.5531552469235013	318
Friend loss	73.1340782122905	-2.0307845019341375	-2.520626012533899	-1.5409429913343762	318
Friend loss	73.53072625698324	-2.0232329908798263	-2.5177557054913673	-1.5287102762682856	318
Friend loss	73.92737430167598	-2.015681479825515	-2.5149052823827485	-1.5164576772682818	318
Friend loss	74.32402234636872	-2.008129968771204	-2.5120741867412724	-1.5041857508011356	318
Friend loss	74.72067039106145	-2.0005784577168932	-2.509261880509545	-1.4918950349242417	318
Friend loss	75.11731843575419	-1.993026946662582	-2.506467843393118	-1.4795860499320463	318
Friend loss	75.51396648044692	-1.9854754356082709	-2.5036915722343798	-1.467259298982162	318
Friend loss	75.91061452513966	-1.9779239245539597	-2.5009325804065634	-1.454915268701356	318
Friend loss	76.3072625698324	-1.970372413499648	-2.4981903972275887	-1.4425544297717074	318
Friend loss	76.70391061452514	-1.9628209024453374	-2.495464567393429	-1.430177237497246	318
Friend loss	77.10055865921788	-1.9552693913910262	-2.4927546504306255	-1.417784132351427	318
Friend loss	77.49720670391062	-1.9477178803367146	-2.490060220167581	-1.405375540505848	318
Friend loss	77.89385474860336	-1.9401663692824034	-2.487380864224193	-1.3929518743406137	318
Friend loss	78.2905027932961	-1.9326148582280922	-2.4847161835193843	-1.3805135329368	318
Friend loss	78.68715083798884	-1.925063347173781	-2.4820657917960904	-1.3680609025514716	318
Friend loss	79.08379888268158	-1.9175118361194698	-2.479429315163217	-1.3555943570757227	318
Friend loss	79.4804469273743	-1.9099603250651591	-2.476806391654102	-1.3431142584762163	318
Friend loss	79.87709497206704	-1.902408814010848	-2.4741966708009837	-1.3306209572207124	318
Friend loss	80.27374301675978	-1.8948573029565368	-2.4715998132250108	-1.3181147926880628	318
Friend loss	80.67039106145252	-1.8873057919022256	-2.4690154902412935	-1.3055960935631576	318
Friend loss	81.06703910614524	-1.8797542808479144	-2.4664433834785178	-1.293065178217311	318
Friend loss	81.46368715083798	-1.8722027697936032	-2.463883184512647	-1.2805223550745595	318
Friend loss	81.86033519553072	-1.8646512587392925	-2.4613345945142417	-1.2679679229643432	318
Friend loss	82.25698324022346	-1.8570997476849809	-2.4587973239089234	-1.2554021714610384	318
Friend loss	82.6536312849162	-1.8495482366306697	-2.4562710920505366	-1.2428253812108028	318
Friend loss	83.05027932960894	-1.8419967255763585	-2.4537556269065575	-1.2302378242461596	318
Friend loss	83.44692737430168	-1.8344452145220473	-2.451250664755305	-1.21763976428879	318
Friend loss	83.84357541899442	-1.8268937034677362	-2.4487559498945424	-1.20503145704093	318
Friend loss	84.24022346368716	-1.819342192413425	-2.4462712343610455	-1.1924131504658046	318
Friend loss	84.6368715083799	-1.811790681359114	-2.4437962776607236	-1.1797850850575045	318
Friend loss	85.03351955307264	-1.8042391703048029	-2.4413308465089183	-1.1671474941006874	318
Friend loss	85.43016759776536	-1.796687659250492	-2.4388747145804857	-1.1545006039204981	318
Friend loss	85.8268156424581	-1.7891361481961807	-2.4364276622693017	-1.1418446341230597	318
Friend loss	86.22346368715084	-1.7815846371418695	-2.4339894764568166	-1.1291797978269225	318
Friend loss	86.62011173184358	-1.7740331260875584	-2.4315599502893357	-1.116506301885781	318
Friend loss	87.01675977653632	-1.7664816150332472	-2.42913888296367	-1.1038243471028242	318
Friend loss	87.41340782122906	-1.758930103978936	-2.426726079520848	-1.0911341284370237	318
Friend loss	87.8100558659218	-1.7513785929246248	-2.4243213506475687	-1.0784358352016807	318
Friend loss	88.20670391061454	-1.7438270818703137	-2.4219245124850963	-1.065729651255531	318
Friend loss	88.60335195530726	-1.7362755708160027	-2.4195353864453173	-1.0530157551866883	318
Friend loss	89.0	-1.7287240597616915	-2.417153799033655	-1.040294320489728	318
Mean across six conditions	18.0	0.30049401753207	0.11472153462370888	0.4862665004404311	318
Mean across six conditions	18.39664804469274	0.3033607939031778	0.11956687875871977	0.4871547090476358	318
Mean across six conditions	18.793296089385475	0.30622757027428565	0.12440399105036809	0.4880511494982032	318
Mean across six conditions	19.189944134078214	0.30909434664539354	0.12923260096571482	0.48895609232507226	318
Mean across six conditions	19.58659217877095	0.3119611230165014	0.1340524272325014	0.4898698188005014	318
Mean across six conditions	19.98324022346369	0.3148278993876093	0.13886317737872636	0.49079262139649227	318
Mean across six conditions	20.379888268156424	0.3176946757587172	0.14366454725436834	0.49172480426306603	318
Mean across six conditions	20.776536312849164	0.32056145212982506	0.14845622053504146	0.49266668372460865	318
Mean across six conditions	21.1731843575419	0.32342822850093284	0.15323786820745067	0.493618588794415	318
Mean across six conditions	21.56983240223464	0.3262950048720407	0.15800914803661464	0.4945808617074668	318
Mean across six conditions	21.966480446927374	0.3291617812431486	0.16276970401493732	0.4955538584713599	318
Mean across six conditions	22.363128491620113	0.3320285576142565	0.1675191657933587	0.4965379494351543	318
Mean across six conditions	22.75977653631285	0.33489533398536436	0.1722571480949606	0.4975335198757681	318
Mean across six conditions	23.156424581005588	0.33776211035647224	0.1769832501116051	0.4985409706013394	318
Mean across six conditions	23.553072625698324	0.34062888672758	0.18169705488438778	0.4995607185707722	318
Mean across six conditions	23.949720670391063	0.3434956630986879	0.18639812866894556	0.5005931975284302	318
Mean across six conditions	24.3463687150838	0.3463624394697958	0.19108602028693153	0.50163885865266	318
Mean across six conditions	24.743016759776538	0.34922921584090366	0.19576026046530226	0.5026981712165051	318
Mean across six conditions	25.139664804469273	0.35209599221201154	0.20042036116542164	0.5037716232586015	318
Mean across six conditions	25.536312849162012	0.3549627685831194	0.2050658149043961	0.5048597222618427	318
Mean across six conditions	25.932960893854748	0.3578295449542273	0.2096960940715229	0.5059629958369317	318
Mean across six conditions	26.329608938547487	0.3606963213253352	0.21431065024324786	0.5070819924074226	318
Mean across six conditions	26.726256983240226	0.36356309769644307	0.2189089135006007	0.5082172818922854	318
Mean across six conditions	27.122905027932962	0.36642987406755084	0.2234902917537164	0.5093694563813853	318
Mean across six conditions	27.519553072625698	0.3692966504386587	0.2280541700787491	0.5105391307985684	318
Mean across six conditions	27.916201117318437	0.3721634268097666	0.23259991007325476	0.5117269435462785	318
Mean across six conditions	28.312849162011176	0.3750302031808745	0.23712684923695135	0.5129335571247976	318
Mean across six conditions	28.70949720670391	0.37789697955198237	0.2416343003856734	0.5141596587182913	318
Mean across six conditions	29.106145251396647	0.38076375592309025	0.2461215511073076	0.5154059607388729	318
Mean across six conditions	29.502793296089386	0.383630532294198	0.2505878632695313	0.5166732013188647	318
Mean across six conditions	29.899441340782126	0.386497308665306	0.25503247259027	0.517962144740342	318
Mean across six conditions	30.29608938547486	0.3893640850364138	0.2594545882829342	0.5192735817898934	318
Mean across six conditions	30.692737430167597	0.39223086140752167	0.2638533927896768	0.5206083300253666	318
Mean across six conditions	31.089385474860336	0.39509763777862955	0.2682280416171129	0.5219672339401462	318
Mean across six conditions	31.486033519553075	0.39796441414973743	0.27257766329015054	0.5233511650093243	318
Mean across six conditions	31.88268156424581	0.4008311905208453	0.27690135944075767	0.524761021600933	318
Mean across six conditions	32.279329608938546	0.4036979668919531	0.2811982050496084	0.5261977287342977	318
Mean across six conditions	32.675977653631286	0.40656474326306097	0.28546724885958263	0.5276622376665393	318
Mean across six conditions	33.072625698324025	0.40943151963416885	0.28970751398097094	0.5291555252873668	318
Mean across six conditions	33.46927374301676	0.41229829600527673	0.2939179987089334	0.53067859330162	318
Mean across six conditions	33.865921787709496	0.4151650723763846	0.2980976775741961	0.5322324671785731	318
Mean across six conditions	34.262569832402235	0.4180318487474925	0.3022455026480948	0.5338181948468902	318
Mean across six conditions	34.659217877094974	0.4208986251186004	0.3063604051228072	0.5354368451143936	318
Mean across six conditions	35.05586592178771	0.42376540148970826	0.3104412971868854	0.5370895057925311	318
Mean across six conditions	35.45251396648045	0.42663217786081614	0.3144870742149296	0.5387772815067027	318
Mean across six conditions	35.849162011173185	0.4294989542319239	0.3184966172883559	0.540501291175492	318
Mean across six conditions	36.245810055865924	0.4323657306030318	0.3224687960616294	0.5422626651444342	318
Mean across six conditions	36.642458100558656	0.4352325069741397	0.3264024719849953	0.5440625419632841	318
Mean across six conditions	37.039106145251395	0.43809928334524756	0.33029650189060844	0.5459020647998867	318
Mean across six conditions	37.435754189944134	0.44096605971635544	0.33414974194396563	0.5477823774887453	318
Mean across six conditions	37.832402234636874	0.4438328360874633	0.3379610519567292	0.5497046202181974	318
Mean across six conditions	38.22905027932961	0.4466996124585712	0.3417293000503738	0.5516699248667687	318
Mean across six conditions	38.62569832402235	0.4495663888296791	0.3454533676526833	0.5536794100066749	318
Mean across six conditions	39.022346368715084	0.45243316520078686	0.349132154801054	0.5557341756005197	318
Mean across six conditions	39.41899441340782	0.45529994157189474	0.35276458571798897	0.5578352974258005	318
Mean across six conditions	39.815642458100555	0.4581667179430026	0.3563496146152923	0.559983821270713	318
Mean across six conditions	40.212290502793294	0.4610334943141105	0.3598862316745249	0.5621807569536962	318
Mean across six conditions	40.608938547486034	0.4639002706852184	0.363373469142574	0.5644270722278628	318
Mean across six conditions	41.00558659217877	0.46676704705632627	0.36681040747303356	0.566723686639619	318
Mean across six conditions	41.40223463687151	0.46963382342743415	0.37019618143683014	0.5690714654180382	318
Mean across six conditions	41.79888268156425	0.47250059979854203	0.3735299861195517	0.5714712134775324	318
Mean across six conditions	42.19553072625698	0.4753673761696498	0.37681108271855884	0.5739236696207407	318
Mean across six conditions	42.59217877094972	0.4782341525407577	0.3800388040505347	0.5764295010309807	318
Mean across six conditions	42.988826815642454	0.48110092891186557	0.38321255967990686	0.5789892981438243	318
Mean across six conditions	43.385474860335194	0.48396770528297345	0.38633184058077796	0.5816035699851689	318
Mean across six conditions	43.78212290502793	0.48683448165408133	0.3893962232497165	0.5842727400584462	318
Mean across six conditions	44.17877094972067	0.4897012580251892	0.39240537319400415	0.5869971428563743	318
Mean across six conditions	44.57541899441341	0.4925680343962971	0.39535904772959063	0.5897770210630036	318
Mean across six conditions	44.97206703910615	0.495434810767405	0.39825709803485615	0.5926125234999537	318
Mean across six conditions	45.36871508379889	0.49830158713851275	0.4010994704199514	0.5955037038570741	318
Mean across six conditions	45.76536312849162	0.5011683635096206	0.40388620678658615	0.598450520232655	318
Mean across six conditions	46.16201117318436	0.5040351398807286	0.4066174442691076	0.6014528354923495	318
Mean across six conditions	46.55865921787709	0.5069019162518363	0.4092934140640196	0.604510418439653	318
Mean across six conditions	46.95530726256983	0.5097686926229442	0.41191443947114337	0.6076229457747451	318
Mean across six conditions	47.35195530726257	0.5126354689940521	0.4144809331848412	0.6107900048032631	318
Mean across six conditions	47.74860335195531	0.51550224536516	0.41699339388762113	0.6140110968426988	318
Mean across six conditions	48.14525139664805	0.5183690217362679	0.41945240221051244	0.6172856412620232	318
Mean across six conditions	48.54189944134079	0.5212357981073757	0.42185861613455294	0.6206129800801985	318
Mean across six conditions	48.93854748603352	0.5241025744784836	0.42421276591528145	0.6239923830416858	318
Mean across six conditions	49.33519553072626	0.5269693508495915	0.42651564861715	0.627423053082033	318
Mean across six conditions	49.73184357541899	0.5298361272206993	0.4287681223472874	0.6309041320941112	318
Mean across six conditions	50.12849162011173	0.5327029035918072	0.4309711002781079	0.6344347069055064	318
Mean across six conditions	50.52513966480447	0.535569679962915	0.4331255445460961	0.638013815379734	318
Mean across six conditions	50.92178770949721	0.5384364563340229	0.43523246010994693	0.641640452558099	318
Mean across six conditions	51.31843575418995	0.5413032327051308	0.4372928886454373	0.6453135767648244	318
Mean across six conditions	51.71508379888268	0.5441700090762387	0.43930790254728447	0.6490321156051929	318
Mean across six conditions	52.11173184357542	0.5470367854473466	0.44127859910018585	0.6527949717945073	318
Mean across six conditions	52.50837988826816	0.5499035618184545	0.44320609487256557	0.6566010287643433	318
Mean across six conditions	52.9050279329609	0.5527703381895623	0.44509152037763383	0.6604491560014909	318
Mean across six conditions	53.30167597765363	0.5556371145606701	0.4469360150374495	0.6643382140838907	318
Mean across six conditions	53.69832402234637	0.558503890931778	0.4487407224770688	0.6682670593864872	318
Mean across six conditions	54.09497206703911	0.5613706673028859	0.45050678616771245	0.6722345484380593	318
Mean across six conditions	54.49162011173185	0.5642374436739938	0.4522353454303983	0.6762395419175893	318
Mean across six conditions	54.88826815642458	0.5671042200451016	0.45392753180472534	0.6802809082854779	318
Mean across six conditions	55.28491620111732	0.5699709964162095	0.4555844657815764	0.6843575270508426	318
Mean across six conditions	55.68156424581006	0.5728377727873174	0.4572072538934131	0.6884682916812217	318
Mean across six conditions	56.0782122905028	0.5757045491584253	0.45879698615159326	0.6926121121652573	318
Mean across six conditions	56.47486033519554	0.5785713255295332	0.46035473381670944	0.6967879172423569	318
Mean across six conditions	56.87150837988827	0.5814381019006409	0.4618815474852778	0.7009946563160041	318
Mean across six conditions	57.26815642458101	0.5843048782717488	0.4633784554741315	0.7052313010693662	318
Mean across six conditions	57.66480446927375	0.5871716546428567	0.46484646248253486	0.7094968468031786	318
Mean across six conditions	58.061452513966486	0.5900384310139646	0.46628654851123885	0.7137903135166903	318
Mean across six conditions	58.45810055865922	0.5929052073850725	0.46769966801738166	0.7181107467527632	318
Mean across six conditions	58.85474860335196	0.5957719837561803	0.4690867492842124	0.7224572182281483	318
Mean across six conditions	59.2513966480447	0.5986387601272882	0.4704486939850251	0.7268288262695514	318
Mean across six conditions	59.648044692737436	0.6015055364983961	0.4717863769213495	0.7312246960754427	318
Mean across six conditions	60.04469273743017	0.604372312869504	0.47310064591631146	0.7356439798226966	318
Mean across six conditions	60.44134078212291	0.6072390892406119	0.47439232184508295	0.7400858566361408	318
Mean across six conditions	60.837988826815646	0.6101058656117198	0.47566219878545835	0.7445495324379812	318
Mean across six conditions	61.234636871508386	0.6129726419828274	0.47691104427275716	0.7490342396928977	318
Mean across six conditions	61.63128491620112	0.6158394183539353	0.47813959964446745	0.7535392370634031	318
Mean across six conditions	62.02793296089386	0.6187061947250432	0.4793485804612331	0.7580638089888533	318
Mean across six conditions	62.424581005586596	0.6215729710961511	0.48053867699199126	0.7626072652003109	318
Mean across six conditions	62.821229050279335	0.6244397474672589	0.4817105547521962	0.7671689401823216	318
Mean across six conditions	63.21787709497207	0.6273065238383668	0.48286485508517907	0.7717481925915546	318
Mean across six conditions	63.614525139664806	0.6301733002094747	0.48400219577773373	0.7763444046412157	318
Mean across six conditions	64.01117318435755	0.6330400765805826	0.48512317170199415	0.780956981459171	318
Mean across six conditions	64.40782122905028	0.6359068529516905	0.4862283554765857	0.7855853504267952	318
Mean across six conditions	64.80446927374302	0.6387736293227984	0.4873182981408759	0.7902289605047208	318
Mean across six conditions	65.20111731843576	0.6416404056939062	0.48839352983692896	0.7948872815508835	318
Mean across six conditions	65.5977653631285	0.6445071820650141	0.4894545604944682	0.79955980363556	318
Mean across six conditions	65.99441340782124	0.647373958436122	0.4905018805148065	0.8042460363574375	318
Mean across six conditions	66.39106145251397	0.6502407348072297	0.49153596145027995	0.8089455081641794	318
Mean across six conditions	66.7877094972067	0.6531075111783375	0.4925572566762426	0.8136577656804325	318
Mean across six conditions	67.18435754189944	0.6559742875494454	0.493566202053152	0.8183823730457389	318
Mean across six conditions	67.58100558659218	0.6588410639205533	0.4945632165766936	0.8231189112644131	318
Mean across six conditions	67.97765363128491	0.6617078402916612	0.49554870301425885	0.8278669775690635	318
Mean across six conditions	68.37430167597765	0.6645746166627691	0.4965230485264198	0.8326261847991183	318
Mean across six conditions	68.77094972067039	0.667441393033877	0.49748662527233795	0.8373961607954159	318
Mean across six conditions	69.16759776536313	0.6703081694049848	0.49843979099828534	0.8421765478116843	318
Mean across six conditions	69.56424581005587	0.6731749457760927	0.49938288960868504	0.8469670019435004	318
Mean across six conditions	69.9608938547486	0.6760417221472006	0.5003162517192643	0.8517671925751369	318
Mean across six conditions	70.35754189944134	0.6789084985183085	0.5012401951920796	0.8565768018445373	318
Mean across six conditions	70.75418994413408	0.6817752748894164	0.5021550256523125	0.8613955241265202	318
Mean across six conditions	71.15083798882682	0.6846420512605242	0.5030610369868536	0.8662230655341949	318
Mean across six conditions	71.54748603351956	0.6875088276316321	0.5039585118247998	0.8710591434384645	318
Mean across six conditions	71.9441340782123	0.69037560400274	0.5048477220000667	0.8759034860054133	318
Mean across six conditions	72.34078212290504	0.6932423803738479	0.5057289289963932	0.8807558317513026	318
Mean across six conditions	72.73743016759778	0.6961091567449558	0.5066023843750759	0.8856159291148357	318
Mean across six conditions	73.1340782122905	0.6989759331160634	0.5074683301858116	0.8904835360463152	318
Mean across six conditions	73.53072625698324	0.7018427094871713	0.5083269993610688	0.8953584196132738	318
Mean across six conditions	73.92737430167598	0.7047094858582792	0.5091786160944343	0.9002403556221241	318
Mean across six conditions	74.32402234636872	0.7075762622293871	0.5100233962034071	0.9051291282553671	318
Mean across six conditions	74.72067039106145	0.710443038600495	0.510861547477122	0.9100245297238679	318
Mean across six conditions	75.11731843575419	0.7133098149716028	0.5116932700094978	0.9149263599337079	318
Mean across six conditions	75.51396648044692	0.7161765913427107	0.5125187565183142	0.9198344261671072	318
Mean across six conditions	75.91061452513966	0.7190433677138186	0.5133381926507128	0.9247485427769244	318
Mean across six conditions	76.3072625698324	0.7219101440849265	0.5141517572756283	0.9296685308942246	318
Mean across six conditions	76.70391061452514	0.7247769204560344	0.5149596227636417	0.934594218148427	318
Mean across six conditions	77.10055865921788	0.7276436968271423	0.5157619552547464	0.9395254383995381	318
Mean across six conditions	77.49720670391062	0.7305104731982501	0.5165589149145068	0.9444620314819935	318
Mean across six conditions	77.89385474860336	0.733377249569358	0.5173506561790772	0.9494038429596389	318
Mean across six conditions	78.2905027932961	0.7362440259404659	0.518137327989544	0.9543507238913878	318
Mean across six conditions	78.68715083798884	0.7391108023115738	0.5189190740160341	0.9593025306071135	318
Mean across six conditions	79.08379888268158	0.7419775786826817	0.519696032872023	0.9642591244933403	318
Mean across six conditions	79.4804469273743	0.7448443550537893	0.5204683383192631	0.9692203717883155	318
Mean across six conditions	79.87709497206704	0.7477111314248972	0.5212361194637407	0.9741861433860537	318
Mean across six conditions	80.27374301675978	0.7505779077960051	0.5219995009430461	0.979156314648964	318
Mean across six conditions	80.67039106145252	0.753444684167113	0.5227586031055439	0.984130765228682	318
Mean across six conditions	81.06703910614524	0.7563114605382208	0.5235135421816989	0.9891093788947428	318
Mean across six conditions	81.46368715083798	0.7591782369093287	0.5242644304479116	0.9940920433707459	318
Mean across six conditions	81.86033519553072	0.7620450132804366	0.5250113763831986	0.9990786501776746	318
Mean across six conditions	82.25698324022346	0.7649117896515445	0.5257544848190381	1.004069094484051	318
Mean across six conditions	82.6536312849162	0.7677785660226524	0.5264938570826904	1.0090632749626143	318
Mean across six conditions	83.05027932960894	0.7706453423937603	0.5272295911342881	1.0140610936532324	318
Mean across six conditions	83.44692737430168	0.7735121187648681	0.5279617816979817	1.0190624558317545	318
Mean across six conditions	83.84357541899442	0.776378895135976	0.5286905203874084	1.0240672698845437	318
Mean across six conditions	84.24022346368716	0.7792456715070839	0.5294158958257422	1.0290754471884256	318
Mean across six conditions	84.6368715083799	0.7821124478781918	0.5301379937605784	1.0340869019958052	318
Mean across six conditions	85.03351955307264	0.7849792242492997	0.5308568971738805	1.0391015513247188	318
Mean across six conditions	85.43016759776536	0.7878460006204073	0.5315726863872234	1.0441193148535912	318
Mean across six conditions	85.8268156424581	0.7907127769915152	0.5322854391625396	1.0491401148204909	318
Mean across six conditions	86.22346368715084	0.7935795533626231	0.5329952307985824	1.0541638759266638	318
Mean across six conditions	86.62011173184358	0.796446329733731	0.5337021342232959	1.059190525244166	318
Mean across six conditions	87.01675977653632	0.7993131061048389	0.534406220082281	1.0642199921273967	318
Mean across six conditions	87.41340782122906	0.8021798824759467	0.5351075568235338	1.0692522081283595	318
Mean across six conditions	87.8100558659218	0.8050466588470546	0.5358062107786304	1.0742871069154787	318
Mean across six conditions	88.20670391061454	0.8079134352181625	0.5365022462405153	1.0793246241958097	318
Mean across six conditions	88.60335195530726	0.8107802115892704	0.5371957255380477	1.084364697640493	318
Mean across six conditions	89.0	0.8136469879603783	0.537886709107458	1.0894072668132986	318
