condition	age	adjusted_mean	ci95_low	ci95_high	n
Computer win	18.0	1.4399931982188734	0.967465057154369	1.9125213392833778	347
Computer win	18.39664804469274	1.4422162258764843	0.9742610795886595	1.9101713721643092	347
Computer win	18.793296089385475	1.4444392535340953	0.9810382891714513	1.9078402178967393	347
Computer win	19.189944134078214	1.4466622811917063	0.9877961257577037	1.9055284366257088	347
Computer win	19.58659217877095	1.448885308849317	0.9945340092705424	1.9032366084280916	347
Computer win	19.98324022346369	1.451108336506928	1.0012513389503201	1.9009653340635357	347
Computer win	20.379888268156424	1.453331364164539	1.0079474925796381	1.8987152357494397	347
Computer win	20.776536312849164	1.4555543918221499	1.014621825684367	1.8964869579599326	347
Computer win	21.1731843575419	1.4577774194797606	1.0212736707108296	1.8942811682486915	347
Computer win	21.56983240223464	1.4600004471373715	1.027902336179461	1.892098558095282	347
Computer win	21.966480446927374	1.4622234747949825	1.034507105815439	1.889939843774526	347
Computer win	22.363128491620113	1.4644465024525934	1.0410872376569824	1.8878057672482045	347
Computer win	22.75977653631285	1.4666695301102042	1.0476419631422298	1.8856970970781786	347
Computer win	23.156424581005588	1.4688925577678151	1.0541704861758798	1.8836146293597504	347
Computer win	23.553072625698324	1.471115585425426	1.0606719821770665	1.8815591886737857	347
Computer win	23.949720670391063	1.473338613083037	1.0671455971102448	1.8795316290558293	347
Computer win	24.3463687150838	1.4755616407406478	1.073590446501267	1.8775328349800287	347
Computer win	24.743016759776538	1.4777846683982587	1.0800056144411903	1.8755637223553272	347
Computer win	25.139664804469273	1.4800076960558697	1.0863901525808464	1.873625239530893	347
Computer win	25.536312849162012	1.4822307237134804	1.0927430791196777	1.871718368307283	347
Computer win	25.932960893854748	1.4844537513710914	1.0990633777929104	1.8698441249492723	347
Computer win	26.329608938547487	1.4866767790287023	1.1053499968617306	1.868003561195674	347
Computer win	26.726256983240226	1.4888998066863133	1.1116018481118082	1.8661977652608184	347
Computer win	27.122905027932962	1.491122834343924	1.1178178058662105	1.8644278628216375	347
Computer win	27.519553072625698	1.493345862001535	1.1239967060195715	1.8626950179834985	347
Computer win	27.916201117318437	1.495568889659146	1.1301373451011858	1.861000434217106	347
Computer win	28.312849162011176	1.4977919173167569	1.1362384793756568	1.859345355257857	347
Computer win	28.70949720670391	1.5000149449743676	1.1422988239906648	1.8577310659580704	347
Computer win	29.106145251396647	1.5022379726319786	1.1483170521824948	1.8561588930814623	347
Computer win	29.502793296089386	1.5044610002895895	1.1542917945510234	1.8546302060281556	347
Computer win	29.899441340782126	1.5066840279472005	1.1602216384170643	1.8531464174773367	347
Computer win	30.29608938547486	1.5089070556048112	1.1661051272761185	1.851708983933504	347
Computer win	30.692737430167597	1.5111300832624222	1.171940760363847	1.8503194061609973	347
Computer win	31.089385474860336	1.513353110920033	1.1777269923498257	1.8489792294902405	347
Computer win	31.486033519553075	1.515576138577644	1.183462233177408	1.84769004397788	347
Computer win	31.88268156424581	1.5177991662352548	1.1891448480687707	1.8464534844017388	347
Computer win	32.279329608938546	1.5200221938928657	1.1947731577154461	1.8452712300702854	347
Computer win	32.675977653631286	1.5222452215504767	1.2003454386757595	1.844145004425194	347
Computer win	33.072625698324025	1.5244682492080874	1.205859924001691	1.843076574414484	347
Computer win	33.46927374301676	1.5266912768656984	1.2113148041185315	1.8420677496128652	347
Computer win	33.865921787709496	1.5289143045233093	1.216708227981469	1.8411203810651497	347
Computer win	34.262569832402235	1.5311373321809203	1.2220383045337275	1.840236359828113	347
Computer win	34.659217877094974	1.533360359838531	1.2273031044910792	1.839417615185983	347
Computer win	35.05586592178771	1.535583387496142	1.2325006624774177	1.8386661125148662	347
Computer win	35.45251396648045	1.537806415153753	1.2376289795355482	1.8379838507719577	347
Computer win	35.849162011173185	1.540029442811364	1.2426860260363286	1.8373728595863992	347
Computer win	36.245810055865924	1.5422524704689746	1.2476697450077412	1.836835195930208	347
Computer win	36.642458100558656	1.5444754981265856	1.2525780559033461	1.836372940349825	347
Computer win	37.039106145251395	1.5466985257841965	1.2574088588267405	1.8359881927416526	347
Computer win	37.435754189944134	1.5489215534418075	1.2621600392251549	1.8356830676584601	347
Computer win	37.832402234636874	1.5511445810994182	1.266829473061023	1.8354596891378134	347
Computer win	38.22905027932961	1.5533676087570292	1.271415032465331	1.8353201850487273	347
Computer win	38.62569832402235	1.5555906364146401	1.2759145918706842	1.835266680958596	347
Computer win	39.022346368715084	1.557813664072251	1.2803260346154315	1.8353012935290707	347
Computer win	39.41899441340782	1.5600366917298618	1.2846472600027845	1.8354261234569391	347
Computer win	39.815642458100555	1.5622597193874728	1.2888761907908417	1.8356432479841038	347
Computer win	40.212290502793294	1.5644827470450837	1.293010781080801	1.8359547130093665	347
Computer win	40.608938547486034	1.5667057747026945	1.2970490245615836	1.8363625248438054	347
Computer win	41.00558659217877	1.5689288023603054	1.3009889630597569	1.836868641660854	347
Computer win	41.40223463687151	1.5711518300179164	1.3048286953342645	1.8374749647015682	347
Computer win	41.79888268156425	1.5733748576755273	1.3085663860462478	1.8381833293048069	347
Computer win	42.19553072625698	1.575597885333138	1.312200274825509	1.838995495840767	347
Computer win	42.59217877094972	1.577820912990749	1.3157286853471062	1.8399131406343918	347
Computer win	42.988826815642454	1.58004394064836	1.3191500343245997	1.8409378469721203	347
Computer win	43.385474860335194	1.582266968305971	1.3224628403208292	1.8420710962911127	347
Computer win	43.78212290502793	1.5844899959635816	1.325665732273034	1.8433142596541292	347
Computer win	44.17877094972067	1.5867130236211926	1.3287574576270211	1.844668589615364	347
Computer win	44.57541899441341	1.5889360512788036	1.3317368899750042	1.846135212582603	347
Computer win	44.97206703910615	1.5911590789364145	1.3346030360939831	1.847715121778846	347
Computer win	45.36871508379889	1.5933821065940255	1.3373550422860845	1.8494091709019664	347
Computer win	45.76536312849162	1.5956051342516362	1.3399921999292468	1.8512180685740256	347
Computer win	46.16201117318436	1.5978281619092471	1.342513950155872	1.8531423736626222	347
Computer win	46.55865921787709	1.600051189566858	1.344919887588489	1.8551824915452273	347
Computer win	46.95530726256983	1.6022742172244688	1.3472097630747515	1.8573386713741862	347
Computer win	47.35195530726257	1.6044972448820798	1.3493834853790032	1.8596110043851564	347
Computer win	47.74860335195531	1.6067202725396907	1.3514411218037177	1.8619994232756638	347
Computer win	48.14525139664805	1.6089433001973017	1.3533828977309756	1.8645037026636277	347
Computer win	48.54189944134079	1.6111663278549124	1.3552091950912273	1.8671234606185976	347
Computer win	48.93854748603352	1.6133893555125234	1.3569205497835461	1.8698581612415006	347
Computer win	49.33519553072626	1.6156123831701343	1.3585176480877639	1.8727071182525048	347
Computer win	49.73184357541899	1.617835410827745	1.3600013221240088	1.8756694995314813	347
Computer win	50.12849162011173	1.620058438485356	1.3613725444287172	1.8787443325419948	347
Computer win	50.52513966480447	1.622281466142967	1.3626324217278862	1.8819305105580477	347
Computer win	50.92178770949721	1.6245044938005777	1.363782187997964	1.8852267996031915	347
Computer win	51.31843575418995	1.6267275214581889	1.3648231969120217	1.888631846004356	347
Computer win	51.71508379888268	1.6289505491157996	1.365756913773831	1.8921441844577682	347
Computer win	52.11173184357542	1.6311735767734103	1.366584907045011	1.8957622465018098	347
Computer win	52.50837988826816	1.6333966044310215	1.367308839570719	1.8994843692913241	347
Computer win	52.9050279329609	1.6356196320886323	1.367930459607479	1.9033088045697855	347
Computer win	53.30167597765363	1.6378426597462434	1.3684515917530329	1.907233727739454	347
Computer win	53.69832402234637	1.6400656874038542	1.3688741278726146	1.9112572469350937	347
Computer win	54.09497206703911	1.642288715061465	1.3692000181092947	1.915377412013635	347
Computer win	54.49162011173185	1.644511742719076	1.36943126205811	1.9195922233800422	347
Computer win	54.88826815642458	1.6467347703766868	1.3695699001750565	1.923899640578317	347
Computer win	55.28491620111732	1.6489577980342975	1.3696180054828415	1.9282975905857536	347
Computer win	55.68156424581006	1.6511808256919087	1.3695776756259344	1.932783975757883	347
Computer win	56.0782122905028	1.6534038533495194	1.369451025318077	1.937356681380962	347
Computer win	56.47486033519554	1.6556268810071306	1.3692401792163298	1.9420135827979315	347
Computer win	56.87150837988827	1.6578499086647414	1.3689472652470014	1.9467525520824813	347
Computer win	57.26815642458101	1.660072936322352	1.3685744084007045	1.9515714642439996	347
Computer win	57.66480446927375	1.6622959639799633	1.3681237250062581	1.9564682029536684	347
Computer win	58.061452513966486	1.664518991637574	1.3675973174864566	1.9614406657886914	347
Computer win	58.45810055865922	1.6667420192951847	1.3669972695927295	1.96648676899764	347
Computer win	58.85474860335196	1.668965046952796	1.3663256421105676	1.9716044517950242	347
Computer win	59.2513966480447	1.6711880746104066	1.3655844690231795	1.9767916801976337	347
Computer win	59.648044692737436	1.6734111022680178	1.3647757541172363	1.9820464504187993	347
Computer win	60.04469273743017	1.6756341299256285	1.3639014680116415	1.9873667918396156	347
Computer win	60.44134078212291	1.6778571575832393	1.3629635455880271	1.9927507695784514	347
Computer win	60.837988826815646	1.6800801852408505	1.3619638838000296	1.9981964866816713	347
Computer win	61.234636871508386	1.6823032128984612	1.3609043398373244	2.0037020859595978	347
Computer win	61.63128491620112	1.684526240556072	1.3597867296197905	2.0092657514923533	347
Computer win	62.02793296089386	1.686749268213683	1.358612826596957	2.014885709830409	347
Computer win	62.424581005586596	1.6889722958712938	1.3573843608280782	2.0205602309145094	347
Computer win	62.821229050279335	1.691195323528905	1.3561030183186158	2.026287628739194	347
Computer win	63.21787709497207	1.6934183511865157	1.3547704405896053	2.0320662617834264	347
Computer win	63.614525139664806	1.6956413788441265	1.353388224457282	2.037894533230971	347
Computer win	64.01117318435755	1.6978644065017376	1.3519579220013418	2.0437708910021337	347
Computer win	64.40782122905028	1.7000874341593484	1.3504810407013834	2.0496938276173133	347
Computer win	64.80446927374302	1.702310461816959	1.348959043722262	2.055661879911656	347
Computer win	65.20111731843576	1.7045334894745703	1.3473933503303313	2.0616736286188093	347
Computer win	65.5977653631285	1.706756517132181	1.345785336423825	2.067727697840537	347
Computer win	65.99441340782124	1.7089795447897922	1.3441363351618922	2.073822754417692	347
Computer win	66.39106145251397	1.711202572447403	1.3424476376780141	2.0799575072167915	347
Computer win	66.7877094972067	1.7134256001050137	1.3407204938647719	2.0861307063452554	347
Computer win	67.18435754189944	1.7156486277626248	1.338956113218058	2.0923411423071916	347
Computer win	67.58100558659218	1.7178716554202356	1.337155665729951	2.09858764511052	347
Computer win	67.97765363128491	1.7200946830778463	1.3353202828205242	2.1048690833351684	347
Computer win	68.37430167597765	1.7223177107354575	1.3334510582998238	2.111184363171091	347
Computer win	68.77094972067039	1.7245407383930682	1.3315490493521984	2.117532427433938	347
Computer win	69.16759776536313	1.726763766050679	1.3296152775360173	2.1239122545653406	347
Computer win	69.56424581005587	1.7289867937082901	1.3276507297925861	2.130322857623994	347
Computer win	69.9608938547486	1.7312098213659008	1.325656359458836	2.1367632832729657	347
Computer win	70.35754189944134	1.733432849023512	1.3236330872790165	2.1432326107680075	347
Computer win	70.75418994413408	1.7356558766811228	1.3215818024112278	2.1497299509510177	347
Computer win	71.15083798882682	1.7378789043387335	1.3195033634252125	2.1562544452522543	347
Computer win	71.54748603351956	1.7401019319963447	1.3173985992883135	2.162805264704376	347
Computer win	71.9441340782123	1.7423249596539554	1.315268310336962	2.169381608970949	347
Computer win	72.34078212290504	1.7445479873115661	1.3131132692315028	2.1759827053916294	347
Computer win	72.73743016759778	1.7467710149691773	1.310934221892486	2.1826078080458684	347
Computer win	73.1340782122905	1.748994042626788	1.3087318884169235	2.1892561968366526	347
Computer win	73.53072625698324	1.7512170702843988	1.306506963973296	2.1959271765955015	347
Computer win	73.92737430167598	1.75344009794201	1.3042601196743462	2.2026200762096737	347
Computer win	74.32402234636872	1.7556631255996207	1.301992003426928	2.2093342477723135	347
Computer win	74.72067039106145	1.7578861532572314	1.299703240758405	2.216069065756058	347
Computer win	75.11731843575419	1.7601091809148426	1.2973944356192448	2.2228239262104403	347
Computer win	75.51396648044692	1.7623322085724533	1.2950661711616258	2.229598245983281	347
Computer win	75.91061452513966	1.7645552362300645	1.2927190104940054	2.2363914619661234	347
Computer win	76.3072625698324	1.7667782638876752	1.290353497411722	2.243203030363629	347
Computer win	76.70391061452514	1.769001291545286	1.2879701571037931	2.2500324259867788	347
Computer win	77.10055865921788	1.7712243192028971	1.2855694968361693	2.256879141569625	347
Computer win	77.49720670391062	1.7734473468605079	1.2831520066117652	2.2637426871092505	347
Computer win	77.89385474860336	1.775670374518119	1.2807181598076596	2.2706225892285783	347
Computer win	78.2905027932961	1.7778934021757298	1.2782684137899083	2.2775183905615513	347
Computer win	78.68715083798884	1.7801164298333405	1.2758032105064414	2.2844296491602396	347
Computer win	79.08379888268158	1.7823394574909517	1.2733229770585646	2.291355937923339	347
Computer win	79.4804469273743	1.7845624851485624	1.2708281262515997	2.298296844045525	347
Computer win	79.87709497206704	1.7867855128061731	1.2683190571252319	2.3052519684871147	347
Computer win	80.27374301675978	1.7890085404637843	1.2657961554641295	2.312220925463439	347
Computer win	80.67039106145252	1.791231568121395	1.263259794289421	2.319203341953369	347
Computer win	81.06703910614524	1.7934545957790058	1.2607103343316197	2.326198857226392	347
Computer win	81.46368715083798	1.795677623436617	1.2581481244855865	2.3332071223876474	347
Computer win	81.86033519553072	1.7979006510942277	1.2555735022481136	2.340227799940342	347
Computer win	82.25698324022346	1.8001236787518389	1.2529867941387192	2.3472605633649586	347
Computer win	82.6536312849162	1.8023467064094496	1.2503883161042286	2.3543050967146706	347
Computer win	83.05027932960894	1.8045697340670603	1.247778373907713	2.3613610942264076	347
Computer win	83.44692737430168	1.8067927617246715	1.2451572635023402	2.368428259947003	347
Computer win	83.84357541899442	1.8090157893822822	1.24252527139069	2.3755063073738745	347
Computer win	84.24022346368716	1.811238817039893	1.2398826749700773	2.3825949591097086	347
Computer win	84.6368715083799	1.8134618446975042	1.2372297428643888	2.3896939465306195	347
Computer win	85.03351955307264	1.8156848723551149	1.2345667352429608	2.396803009467269	347
Computer win	85.43016759776536	1.8179079000127256	1.2318939041269816	2.4039218958984696	347
Computer win	85.8268156424581	1.8201309276703368	1.2292114936839105	2.411050361656763	347
Computer win	86.22346368715084	1.8223539553279475	1.2265197405103647	2.4181881701455303	347
Computer win	86.62011173184358	1.8245769829855587	1.2238188739039444	2.425335092067173	347
Computer win	87.01675977653632	1.8268000106431694	1.2211091161244108	2.432490905161928	347
Computer win	87.41340782122906	1.8290230383007802	1.218390682644665	2.4396553939568952	347
Computer win	87.8100558659218	1.8312460659583913	1.2156637823919105	2.446828349524872	347
Computer win	88.20670391061454	1.833469093616002	1.2129286179794034	2.4540095692526007	347
Computer win	88.60335195530726	1.8356921212736128	1.2101853859291776	2.461198856618048	347
Computer win	89.0	1.837915148931224	1.2074342768860868	2.4683960209763613	347
Computer loss	18.0	-1.7961019824100228	-2.1564683282223944	-1.4357356365976512	347
Computer loss	18.39664804469274	-1.7910691456648165	-2.147894325677411	-1.4342439656522221	347
Computer loss	18.793296089385475	-1.7860363089196103	-2.139336272379327	-1.4327363454598936	347
Computer loss	19.189944134078214	-1.781003472174404	-2.130794650540886	-1.431212293807922	347
Computer loss	19.58659217877095	-1.7759706354291975	-2.1222699596245316	-1.4296713112338633	347
Computer loss	19.98324022346369	-1.7709377986839911	-2.1137627169820004	-1.428112880385982	347
Computer loss	20.379888268156424	-1.765904961938785	-2.105273458512474	-1.4265364653650956	347
Computer loss	20.776536312849164	-1.7608721251935786	-2.0968027393389614	-1.4249415110481958	347
Computer loss	21.1731843575419	-1.7558392884483724	-2.088351134502404	-1.4233274423943407	347
Computer loss	21.56983240223464	-1.750806451703166	-2.0799192396728596	-1.4216936637334725	347
Computer loss	21.966480446927374	-1.7457736149579597	-2.071507671876893	-1.4200395580390264	347
Computer loss	22.363128491620113	-1.7407407782127535	-2.0631170702401103	-1.4183644861853968	347
Computer loss	22.75977653631285	-1.7357079414675471	-2.0547480967435034	-1.4166677861915908	347
Computer loss	23.156424581005588	-1.7306751047223408	-2.04640143699202	-1.414948772452662	347
Computer loss	23.553072625698324	-1.7256422679771344	-2.0380778009934333	-1.4132067349608355	347
Computer loss	23.949720670391063	-1.7206094312319282	-2.0297779239452907	-1.4114409385185658	347
Computer loss	24.3463687150838	-1.7155765944867218	-2.0215025670272766	-1.409650621946167	347
Computer loss	24.743016759776538	-1.7105437577415155	-2.013252518195973	-1.407834997287058	347
Computer loss	25.139664804469273	-1.7055109209963093	-2.005028592978485	-1.4059932490141336	347
Computer loss	25.536312849162012	-1.700478084251103	-1.9968316352609208	-1.404124533241285	347
Computer loss	25.932960893854748	-1.6954452475058968	-1.9886625180671533	-1.4022279769446402	347
Computer loss	26.329608938547487	-1.6904124107606904	-1.9805221443226926	-1.4003026771986882	347
Computer loss	26.726256983240226	-1.685379574015484	-1.972411447597839	-1.398347700433129	347
Computer loss	27.122905027932962	-1.6803467372702776	-1.9643313928235948	-1.3963620817169604	347
Computer loss	27.519553072625698	-1.6753139005250715	-1.9562829769730563	-1.3943448240770866	347
Computer loss	27.916201117318437	-1.670281063779865	-1.9482672297002022	-1.392294897859528	347
Computer loss	28.312849162011176	-1.6652482270346587	-1.940285213927155	-1.3902112401421625	347
Computer loss	28.70949720670391	-1.6602153902894525	-1.9323380263700904	-1.3880927542088146	347
Computer loss	29.106145251396647	-1.6551825535442461	-1.9244267979930465	-1.3859383090954458	347
Computer loss	29.502793296089386	-1.65014971679904	-1.9165526943779212	-1.3837467392201588	347
Computer loss	29.899441340782126	-1.6451168800538336	-1.9087169159979522	-1.381516844109715	347
Computer loss	30.29608938547486	-1.6400840433086272	-1.900920698381003	-1.3792473882362515	347
Computer loss	30.692737430167597	-1.635051206563421	-1.893165312147964	-1.3769371009788782	347
Computer loss	31.089385474860336	-1.6300183698182147	-1.8854520629106295	-1.3745846767257999	347
Computer loss	31.486033519553075	-1.6249855330730083	-1.8777822910124833	-1.3721887751335333	347
Computer loss	31.88268156424581	-1.6199526963278021	-1.8701573710949764	-1.369748021560628	347
Computer loss	32.279329608938546	-1.6149198595825958	-1.8625787114711225	-1.367261007694069	347
Computer loss	32.675977653631286	-1.6098870228373894	-1.8550477532876335	-1.3647262923871453	347
Computer loss	33.072625698324025	-1.6048541860921832	-1.847565969456341	-1.3621424027280253	347
Computer loss	33.46927374301676	-1.5998213493469768	-1.8401348633354335	-1.3595078353585202	347
Computer loss	33.865921787709496	-1.5947885126017705	-1.8327559671410605	-1.3568210580624804	347
Computer loss	34.262569832402235	-1.5897556758565643	-1.8254308400701407	-1.354080511642988	347
Computer loss	34.659217877094974	-1.584722839111358	-1.818161066115937	-1.3512846121067787	347
Computer loss	35.05586592178771	-1.5796900023661515	-1.8109482515590067	-1.3484317531732963	347
Computer loss	35.45251396648045	-1.5746571656209452	-1.8037940221176827	-1.3455203091242076	347
Computer loss	35.849162011173185	-1.569624328875739	-1.7967000197442826	-1.3425486380071954	347
Computer loss	36.245810055865924	-1.5645914921305326	-1.7896678990558352	-1.33951508520523	347
Computer loss	36.642458100558656	-1.5595586553853265	-1.7826993233912745	-1.3364179873793784	347
Computer loss	37.039106145251395	-1.55452581864012	-1.7757959604908342	-1.333255676789406	347
Computer loss	37.435754189944134	-1.5494929818949137	-1.7689594777977915	-1.3300264859920359	347
Computer loss	37.832402234636874	-1.5444601451497075	-1.76219153738771	-1.3267287529117051	347
Computer loss	38.22905027932961	-1.5394273084045011	-1.7554937905359689	-1.3233608262730334	347
Computer loss	38.62569832402235	-1.5343944716592948	-1.7488678719405306	-1.319921071378059	347
Computer loss	39.022346368715084	-1.5293616349140886	-1.7423153936235345	-1.3164078762046427	347
Computer loss	39.41899441340782	-1.5243287981688822	-1.7358379385423532	-1.3128196577954112	347
Computer loss	39.815642458100555	-1.519295961423676	-1.7294370539480242	-1.309154868899328	347
Computer loss	40.212290502793294	-1.5142631246784697	-1.7231142445363408	-1.3054120048205986	347
Computer loss	40.608938547486034	-1.5092302879332633	-1.7168709654442107	-1.301589610422316	347
Computer loss	41.00558659217877	-1.504197451188057	-1.7107086151508848	-1.297686287225229	347
Computer loss	41.40223463687151	-1.4991646144428508	-1.7046285283501756	-1.2937007005355259	347
Computer loss	41.79888268156425	-1.4941317776976444	-1.6986319688655493	-1.2896315865297394	347
Computer loss	42.19553072625698	-1.4890989409524382	-1.6927201226847448	-1.2854777592201316	347
Computer loss	42.59217877094972	-1.4840661042072318	-1.686894091194162	-1.2812381172203018	347
Computer loss	42.988826815642454	-1.4790332674620255	-1.6811548846954083	-1.2769116502286426	347
Computer loss	43.385474860335194	-1.4740004307168193	-1.6755034162869193	-1.2724974451467193	347
Computer loss	43.78212290502793	-1.468967593971613	-1.669940496192405	-1.267994691750821	347
Computer loss	44.17877094972067	-1.4639347572264065	-1.664466826614797	-1.263402687838016	347
Computer loss	44.57541899441341	-1.4589019204812002	-1.6590829971894916	-1.2587208437729087	347
Computer loss	44.97206703910615	-1.453869083735994	-1.6537894811039204	-1.2539486863680676	347
Computer loss	45.36871508379889	-1.4488362469907876	-1.6485866319420228	-1.2490858620395524	347
Computer loss	45.76536312849162	-1.4438034102455815	-1.6434746813021397	-1.2441321391890232	347
Computer loss	46.16201117318436	-1.438770573500375	-1.6384537372255	-1.2390874097752502	347
Computer loss	46.55865921787709	-1.4337377367551687	-1.6335237834600542	-1.2339516900502832	347
Computer loss	46.95530726256983	-1.4287049000099625	-1.6286846795713383	-1.2287251204485867	347
Computer loss	47.35195530726257	-1.4236720632647561	-1.623936161898596	-1.2234079646309164	347
Computer loss	47.74860335195531	-1.4186392265195498	-1.6192778453410284	-1.2180006076980712	347
Computer loss	48.14525139664805	-1.4136063897743434	-1.6147092259460767	-1.21250355360261	347
Computer loss	48.54189944134079	-1.4085735530291372	-1.610229684259501	-1.2069174217987735	347
Computer loss	48.93854748603352	-1.4035407162839308	-1.605838489385956	-1.2012429431819056	347
Computer loss	49.33519553072626	-1.3985078795387247	-1.6015348036991361	-1.1954809553783132	347
Computer loss	49.73184357541899	-1.3934750427935183	-1.5973176881325024	-1.1896323974545342	347
Computer loss	50.12849162011173	-1.388442206048312	-1.5931861079753538	-1.18369830412127	347
Computer loss	50.52513966480447	-1.3834093693031058	-1.5891389390945772	-1.1776797995116344	347
Computer loss	50.92178770949721	-1.3783765325578994	-1.5851749744998442	-1.1715780906159545	347
Computer loss	51.31843575418995	-1.373343695812693	-1.5812929311693205	-1.1653944604560655	347
Computer loss	51.71508379888268	-1.3683108590674868	-1.5774914570539018	-1.1591302610810719	347
Computer loss	52.11173184357542	-1.3632780223222805	-1.5737691381805532	-1.1527869064640077	347
Computer loss	52.50837988826816	-1.358245185577074	-1.570124505779225	-1.1463658653749231	347
Computer loss	52.9050279329609	-1.353212348831868	-1.5665560433628958	-1.13986865430084	347
Computer loss	53.30167597765363	-1.3481795120866615	-1.5630621936962543	-1.1332968304770688	347
Computer loss	53.69832402234637	-1.3431466753414552	-1.5596413655952093	-1.126651985087701	347
Computer loss	54.09497206703911	-1.338113838596249	-1.5562919405065156	-1.1199357366859823	347
Computer loss	54.49162011173185	-1.3330810018510426	-1.553012278824152	-1.1131497248779332	347
Computer loss	54.88826815642458	-1.3280481651058365	-1.5498007259064648	-1.1062956043052081	347
Computer loss	55.28491620111732	-1.32301532836063	-1.546655617765309	-1.0993750389559511	347
Computer loss	55.68156424581006	-1.3179824916154237	-1.5435752864053707	-1.0923896968254767	347
Computer loss	56.0782122905028	-1.3129496548702173	-1.540558064798383	-1.0853412449420516	347
Computer loss	56.47486033519554	-1.3079168181250111	-1.5376022914829806	-1.0782313447670417	347
Computer loss	56.87150837988827	-1.3028839813798048	-1.5347063147864024	-1.0710616479732071	347
Computer loss	57.26815642458101	-1.2978511446345984	-1.5318684966691067	-1.06383379260009	347
Computer loss	57.66480446927375	-1.2928183078893922	-1.529087216197626	-1.0565493995811583	347
Computer loss	58.061452513966486	-1.2877854711441858	-1.5263608726545765	-1.0492100696337952	347
Computer loss	58.45810055865922	-1.2827526343989797	-1.5236878882977858	-1.0418173805001736	347
Computer loss	58.85474860335196	-1.2777197976537733	-1.5210667107829072	-1.0343728845246394	347
Computer loss	59.2513966480447	-1.272686960908567	-1.5184958152658348	-1.026878106551299	347
Computer loss	59.648044692737436	-1.2676541241633605	-1.5159737062026049	-1.0193345421241162	347
Computer loss	60.04469273743017	-1.2626212874181544	-1.5134989188654715	-1.0117436559708373	347
Computer loss	60.44134078212291	-1.257588450672948	-1.5110700205944017	-1.0041068807514943	347
Computer loss	60.837988826815646	-1.2525556139277416	-1.508685611803492	-0.9964256160519913	347
Computer loss	61.234636871508386	-1.2475227771825355	-1.5063443267617338	-0.9887012276033371	347
Computer loss	61.63128491620112	-1.242489940437329	-1.5040448341672707	-0.9809350467073875	347
Computer loss	62.02793296089386	-1.237457103692123	-1.5017858375337976	-0.9731283698504483	347
Computer loss	62.424581005586596	-1.2324242669469165	-1.4995660754070728	-0.9652824584867603	347
Computer loss	62.821229050279335	-1.2273914302017102	-1.497384321428759	-0.9573985389746613	347
Computer loss	63.21787709497207	-1.222358593456504	-1.4952393842639142	-0.9494778026490936	347
Computer loss	63.614525139664806	-1.2173257567112976	-1.4931301074075336	-0.9415214060150616	347
Computer loss	64.01117318435755	-1.2122929199660912	-1.4910553688845654	-0.9335304710476171	347
Computer loss	64.40782122905028	-1.207260083220885	-1.4890140808568302	-0.92550608558494	347
Computer loss	64.80446927374302	-1.2022272464756787	-1.487005189149274	-0.9174493038020833	347
Computer loss	65.20111731843576	-1.1971944097304723	-1.4850276727070315	-0.9093611467539132	347
Computer loss	65.5977653631285	-1.192161572985266	-1.4830805429937868	-0.9012426029767451	347
Computer loss	65.99441340782124	-1.1871287362400598	-1.4811628433410262	-0.8930946291390932	347
Computer loss	66.39106145251397	-1.1820958994948536	-1.479273648256878	-0.8849181507328293	347
Computer loss	66.7877094972067	-1.1770630627496472	-1.4774120627024105	-0.8767140627968839	347
Computer loss	67.18435754189944	-1.1720302260044408	-1.475577221342467	-0.8684832306664148	347
Computer loss	67.58100558659218	-1.1669973892592345	-1.473768287777364	-0.860226490741105	347
Computer loss	67.97765363128491	-1.1619645525140283	-1.4719844537611184	-0.8519446512669382	347
Computer loss	68.37430167597765	-1.1569317157688221	-1.4702249384112032	-0.8436384931264411	347
Computer loss	68.77094972067039	-1.1518988790236158	-1.4684889874142601	-0.8353087706329714	347
Computer loss	69.16759776536313	-1.1468660422784094	-1.466775872231647	-0.8269562123251716	347
Computer loss	69.56424581005587	-1.141833205533203	-1.4650848893082107	-0.8185815217581953	347
Computer loss	69.9608938547486	-1.1368003687879968	-1.4634153592872137	-0.81018537828878	347
Computer loss	70.35754189944134	-1.1317675320427905	-1.4617666262339528	-0.8017684378516281	347
Computer loss	70.75418994413408	-1.126734695297584	-1.4601380568702147	-0.7933313337249535	347
Computer loss	71.15083798882682	-1.1217018585523777	-1.4585290398213944	-0.784874677283361	347
Computer loss	71.54748603351956	-1.1166690218071715	-1.4569389848778043	-0.7763990587365389	347
Computer loss	71.9441340782123	-1.1116361850619652	-1.4553673222714227	-0.7679050478525076	347
Computer loss	72.34078212290504	-1.1066033483167588	-1.4538135019691	-0.7593931946644175	347
Computer loss	72.73743016759778	-1.1015705115715524	-1.4522769929830255	-0.7508640301600793	347
Computer loss	73.1340782122905	-1.0965376748263462	-1.4507572826990718	-0.7423180669536207	347
Computer loss	73.53072625698324	-1.09150483808114	-1.4492538762234632	-0.7337557999388168	347
Computer loss	73.92737430167598	-1.0864720013359337	-1.4477662957480733	-0.725177706923794	347
Computer loss	74.32402234636872	-1.0814391645907273	-1.4462940799345279	-0.7165842492469268	347
Computer loss	74.72067039106145	-1.0764063278455211	-1.4448367833171831	-0.7079758723738591	347
Computer loss	75.11731843575419	-1.0713734911003148	-1.443393975724938	-0.6993530064756914	347
Computer loss	75.51396648044692	-1.0663406543551086	-1.4419652417217776	-0.6907160669884396	347
Computer loss	75.91061452513966	-1.0613078176099022	-1.4405501800658644	-0.68206545515394	347
Computer loss	76.3072625698324	-1.0562749808646958	-1.4391484031869262	-0.6734015585424655	347
Computer loss	76.70391061452514	-1.0512421441194895	-1.4377595366816518	-0.6647247515573272	347
Computer loss	77.10055865921788	-1.0462093073742833	-1.4363832188267618	-0.6560353959218048	347
Computer loss	77.49720670391062	-1.041176470629077	-1.435019100109379	-0.6473338411487748	347
Computer loss	77.89385474860336	-1.0361436338838705	-1.433666842774306	-0.6386204249934351	347
Computer loss	78.2905027932961	-1.0311107971386642	-1.432326120387786	-0.6298954738895424	347
Computer loss	78.68715083798884	-1.026077960393458	-1.4309966174173154	-0.6211593033696006	347
Computer loss	79.08379888268158	-1.0210451236482516	-1.429678028827055	-0.6124122184694483	347
Computer loss	79.4804469273743	-1.0160122869030455	-1.4283700596883928	-0.6036545141176981	347
Computer loss	79.87709497206704	-1.010979450157839	-1.427072424805181	-0.5948864755104972	347
Computer loss	80.27374301675978	-1.005946613412633	-1.4257848483532025	-0.5861083784720633	347
Computer loss	80.67039106145252	-1.0009137766674265	-1.4245070635333903	-0.5773204898014627	347
Computer loss	81.06703910614524	-0.9958809399222205	-1.423238812238347	-0.568523067606094	347
Computer loss	81.46368715083798	-0.9908481031770141	-1.4219798447317051	-0.5597163616223231	347
Computer loss	81.86033519553072	-0.9858152664318078	-1.420729919339885	-0.5509006135237307	347
Computer loss	82.25698324022346	-0.9807824296866016	-1.4194888021558008	-0.5420760572174024	347
Computer loss	82.6536312849162	-0.9757495929413952	-1.4182562667540877	-0.5332429191287028	347
Computer loss	83.05027932960894	-0.9707167561961889	-1.4170320939174237	-0.5244014184749541	347
Computer loss	83.44692737430168	-0.9656839194509825	-1.4158160713735317	-0.5155517675284333	347
Computer loss	83.84357541899442	-0.9606510827057763	-1.414607993542464	-0.5066941718690885	347
Computer loss	84.24022346368716	-0.9556182459605699	-1.4134076612937667	-0.49782883062737315	347
Computer loss	84.6368715083799	-0.9505854092153636	-1.4122148817131557	-0.4889559367175715	347
Computer loss	85.03351955307264	-0.9455525724701573	-1.411029467878327	-0.4800756770619876	347
Computer loss	85.43016759776536	-0.9405197357249511	-1.4098512386435431	-0.4711882328063591	347
Computer loss	85.8268156424581	-0.9354868989797448	-1.408680018432658	-0.4622937795268316	347
Computer loss	86.22346368715084	-0.9304540622345384	-1.4075156370402353	-0.4533924874288414	347
Computer loss	86.62011173184358	-0.9254212254893321	-1.4063579294404471	-0.44448452153821716	347
Computer loss	87.01675977653632	-0.9203883887441258	-1.4052067356034332	-0.43557004188481824	347
Computer loss	87.41340782122906	-0.9153555519989195	-1.404061900318827	-0.4266492036790118	347
Computer loss	87.8100558659218	-0.9103227152537132	-1.4029232730261585	-0.4177221574812679	347
Computer loss	88.20670391061454	-0.9052898785085068	-1.401790707651851	-0.40878904936516264	347
Computer loss	88.60335195530726	-0.9002570417633007	-1.4006640624525495	-0.3998500210740519	347
Computer loss	89.0	-0.8952242050180943	-1.3995431998645211	-0.39090521017166746	347
Stranger win	18.0	2.3381069173047506	1.976190745429814	2.7000230891796875	347
Stranger win	18.39664804469274	2.340344191481498	1.9820152646051823	2.698673118357814	347
Stranger win	18.793296089385475	2.3425814656582458	1.987820921475585	2.697342009840906	347
Stranger win	19.189944134078214	2.3448187398349933	1.9936071411057594	2.6960303385642272	347
Stranger win	19.58659217877095	2.347056014011741	1.9993733282825938	2.694738699740888	347
Stranger win	19.98324022346369	2.3492932881884885	2.005118866811125	2.693467709565852	347
Stranger win	20.379888268156424	2.351530562365236	2.0108431187959517	2.6922180059345204	347
Stranger win	20.776536312849164	2.3537678365419836	2.016545423909271	2.690990249174696	347
Stranger win	21.1731843575419	2.356005110718731	2.022225098647004	2.6897851227904583	347
Stranger win	21.56983240223464	2.358242384895479	2.0278814355747423	2.688603334216216	347
Stranger win	21.966480446927374	2.360479659072227	2.033513702565565	2.6874456155788886	347
Stranger win	22.363128491620113	2.3627169332489744	2.0391211420321294	2.6863127244658194	347
Stranger win	22.75977653631285	2.364954207425722	2.0447029701557984	2.6852054446956455	347
Stranger win	23.156424581005588	2.3671914816024695	2.050258376115997	2.684124587088942	347
Stranger win	23.553072625698324	2.369428755779217	2.0557865213234545	2.6830709902349796	347
Stranger win	23.949720670391063	2.3716660299559646	2.0612865386614696	2.6820455212504597	347
Stranger win	24.3463687150838	2.373903304132712	2.0667575317399005	2.681049076525524	347
Stranger win	24.743016759776538	2.37614057830946	2.072198574167147	2.6800825824517727	347
Stranger win	25.139664804469273	2.3783778524862074	2.077608708846046	2.6791469961263688	347
Stranger win	25.536312849162012	2.380615126662955	2.082986947300267	2.6782433060256428	347
Stranger win	25.932960893854748	2.3828524008397025	2.088332269038527	2.677372532640878	347
Stranger win	26.329608938547487	2.38508967501645	2.0936436209646976	2.6765357290682026	347
Stranger win	26.726256983240226	2.3873269491931977	2.0989199168427124	2.675733981543683	347
Stranger win	27.122905027932962	2.3895642233699452	2.104160036825998	2.6749684099138924	347
Stranger win	27.519553072625698	2.391801497546693	2.109362827062051	2.674240168031335	347
Stranger win	27.916201117318437	2.3940387717234404	2.1145270993836727	2.673550444063208	347
Stranger win	28.312849162011176	2.396276045900188	2.1196516310992943	2.6729004607010816	347
Stranger win	28.70949720670391	2.3985133200769355	2.1247351648957347	2.6722914752581364	347
Stranger win	29.106145251396647	2.400750594253683	2.1297764088676434	2.6717247796397228	347
Stranger win	29.502793296089386	2.4029878684304307	2.134774036688748	2.671201700172113	347
Stranger win	29.899441340782126	2.4052251426071782	2.1397266879408563	2.6707235972735	347
Stranger win	30.29608938547486	2.407462416783926	2.144632968617294	2.6702918649505576	347
Stranger win	30.692737430167597	2.4096996909606734	2.1494914518181196	2.669907930103227	347
Stranger win	31.089385474860336	2.411936965137421	2.1543006786549403	2.6695732516199016	347
Stranger win	31.486033519553075	2.4141742393141685	2.159059159383525	2.669289319244812	347
Stranger win	31.88268156424581	2.416411513490916	2.1637653747824928	2.6690576521993394	347
Stranger win	32.279329608938546	2.4186487876676637	2.1684177777962756	2.6688797975390517	347
Stranger win	32.675977653631286	2.4208860618444112	2.173014795460114	2.6687573282287085	347
Stranger win	33.072625698324025	2.423123336021159	2.177554831124099	2.6686918409182185	347
Stranger win	33.46927374301676	2.4253606101979064	2.1820362669921334	2.6686849534036794	347
Stranger win	33.865921787709496	2.427597884374654	2.186457466990123	2.668738301759185	347
Stranger win	34.262569832402235	2.4298351585514015	2.1908167799756675	2.6688535371271356	347
Stranger win	34.659217877094974	2.432072432728149	2.195112543298986	2.669032322157312	347
Stranger win	35.05586592178771	2.4343097069048967	2.199343086721708	2.6692763270880855	347
Stranger win	35.45251396648045	2.4365469810816442	2.2035067366965544	2.669587225466734	347
Stranger win	35.849162011173185	2.438784255258392	2.2076018210067048	2.669966689510079	347
Stranger win	36.245810055865924	2.4410215294351394	2.2116266737588837	2.670416385111395	347
Stranger win	36.642458100558656	2.443258803611887	2.215579640718911	2.670937966504863	347
Stranger win	37.039106145251395	2.4454960777886345	2.2194590849726703	2.6715330706045988	347
Stranger win	37.435754189944134	2.447733351965382	2.2232633928892427	2.6722033110415215	347
Stranger win	37.832402234636874	2.4499706261421297	2.2269909803564105	2.672950271927849	347
Stranger win	38.22905027932961	2.4522079003188773	2.2306402992520087	2.673775501385746	347
Stranger win	38.62569832402235	2.454445174495625	2.234209844107762	2.674680504883488	347
Stranger win	39.022346368715084	2.4566824486723724	2.2376981589155567	2.675666738429188	347
Stranger win	39.41899441340782	2.45891972284912	2.241103844019627	2.676735601678613	347
Stranger win	39.815642458100555	2.4611569970258675	2.2444255630321965	2.6778884310195386	347
Stranger win	40.212290502793294	2.463394271202615	2.247662049704844	2.6791264927003864	347
Stranger win	40.608938547486034	2.4656315453793627	2.2508121146834976	2.6804509760752278	347
Stranger win	41.00558659217877	2.4678688195561103	2.253874652071692	2.6818629870405286	347
Stranger win	41.40223463687151	2.470106093732858	2.2568486457247654	2.6833635417409503	347
Stranger win	41.79888268156425	2.4723433679096054	2.259733175197165	2.684953560622046	347
Stranger win	42.19553072625698	2.474580642086353	2.2625274212661086	2.6866338629065973	347
Stranger win	42.59217877094972	2.4768179162631005	2.2652306709575787	2.6884051615686224	347
Stranger win	42.988826815642454	2.479055190439848	2.2678423220050847	2.6902680588746115	347
Stranger win	43.385474860335194	2.4812924646165957	2.2703618866777306	2.6922230425554607	347
Stranger win	43.78212290502793	2.4835297387933437	2.2727889949218074	2.69427048266488	347
Stranger win	44.17877094972067	2.4857670129700913	2.2751233967692803	2.6964106291709022	347
Stranger win	44.57541899441341	2.488004287146839	2.2773649639768707	2.698643610316807	347
Stranger win	44.97206703910615	2.4902415613235864	2.2795136908707874	2.7009694317763855	347
Stranger win	45.36871508379889	2.492478835500334	2.281569694384159	2.703387976616509	347
Stranger win	45.76536312849162	2.4947161096770816	2.283533213286595	2.7058990060675683	347
Stranger win	46.16201117318436	2.496953383853829	2.2854046066176816	2.7085021610899767	347
Stranger win	46.55865921787709	2.4991906580305767	2.2871843513482872	2.711196964712866	347
Stranger win	46.95530726256983	2.5014279322073243	2.288873039304945	2.713982825109704	347
Stranger win	47.35195530726257	2.503665206384072	2.2904713734030477	2.716859039365096	347
Stranger win	47.74860335195531	2.5059024805608194	2.291980163243852	2.719824797877787	347
Stranger win	48.14525139664805	2.508139754737567	2.2934003201380895	2.7228791893370445	347
Stranger win	48.54189944134079	2.5103770289143146	2.2947328516252745	2.7260212062033546	347
Stranger win	48.93854748603352	2.512614303091062	2.2959788555623812	2.729249750619743	347
Stranger win	49.33519553072626	2.5148515772678097	2.297139513858456	2.7325636406771636	347
Stranger win	49.73184357541899	2.5170888514445573	2.2982160859329777	2.735961616956137	347
Stranger win	50.12849162011173	2.519326125621305	2.2992099019753938	2.739442349267216	347
Stranger win	50.52513966480447	2.5215633997980524	2.300122356081428	2.743004443514677	347
Stranger win	50.92178770949721	2.5238006739748	2.3009548993386155	2.7466464486109845	347
Stranger win	51.31843575418995	2.5260379481515476	2.301709032929243	2.750366863373852	347
Stranger win	51.71508379888268	2.528275222328295	2.3023863013136694	2.754164143342921	347
Stranger win	52.11173184357542	2.5305124965050427	2.30298828555111	2.7580367074589756	347
Stranger win	52.50837988826816	2.5327497706817903	2.3035165968085725	2.761982944555008	347
Stranger win	52.9050279329609	2.534987044858538	2.303972870101901	2.7660012196151746	347
Stranger win	53.30167597765363	2.5372243190352854	2.3043587583061123	2.7700898797644586	347
Stranger win	53.69832402234637	2.539461593212033	2.30467592646541	2.774247259958656	347
Stranger win	54.09497206703911	2.5416988673887806	2.304926046426741	2.77847168835082	347
Stranger win	54.49162011173185	2.543936141565528	2.3051107918144824	2.782761491316574	347
Stranger win	54.88826815642458	2.5461734157422757	2.305231833358043	2.7871149981265084	347
Stranger win	55.28491620111732	2.5484106899190233	2.305290834578806	2.7915305452592407	347
Stranger win	55.68156424581006	2.550647964095771	2.3052894478380295	2.7960064803535123	347
Stranger win	56.0782122905028	2.5528852382725185	2.305229310743065	2.800541165801972	347
Stranger win	56.47486033519554	2.555122512449266	2.3051120429055514	2.8051329819929807	347
Stranger win	56.87150837988827	2.5573597866260136	2.3049392430421256	2.8097803302099016	347
Stranger win	57.26815642458101	2.559597060802761	2.304712486405596	2.8144816351999262	347
Stranger win	57.66480446927375	2.5618343349795087	2.3044333225324247	2.8192353474265928	347
Stranger win	58.061452513966486	2.5640716091562563	2.3041032732907802	2.8240399450217324	347
Stranger win	58.45810055865922	2.566308883333004	2.303723831212233	2.8288939354537748	347
Stranger win	58.85474860335196	2.5685461575097515	2.303296458089389	2.833795856930114	347
Stranger win	59.2513966480447	2.570783431686499	2.3028225838212957	2.8387442795517024	347
Stranger win	59.648044692737436	2.5730207058632466	2.3023036054883232	2.84373780623817	347
Stranger win	60.04469273743017	2.575257980039994	2.301740886638328	2.84877507344166	347
Stranger win	60.44134078212291	2.5774952542167417	2.3011357567662167	2.8538547516672668	347
Stranger win	60.837988826815646	2.5797325283934893	2.300489510969528	2.858975545817451	347
Stranger win	61.234636871508386	2.581969802570237	2.2998034097632747	2.864136195377199	347
Stranger win	61.63128491620112	2.5842070767469845	2.2990786790380424	2.8693354744559265	347
Stranger win	62.02793296089386	2.586444350923732	2.298316510146125	2.874572191701339	347
Stranger win	62.424581005586596	2.5886816251004796	2.297518060101381	2.8798451900995783	347
Stranger win	62.821229050279335	2.590918899277227	2.296684451879366	2.8851533466750885	347
Stranger win	63.21787709497207	2.5931561734539748	2.295816774805248	2.8904955721027017	347
Stranger win	63.614525139664806	2.5953934476307223	2.2949160850178787	2.895870810243566	347
Stranger win	64.01117318435755	2.59763072180747	2.2939834059993514	2.9012780376155884	347
Stranger win	64.40782122905028	2.599867995984218	2.2930197291602026	2.9067162628082333	347
Stranger win	64.80446927374302	2.6021052701609655	2.292026014471311	2.91218452585062	347
Stranger win	65.20111731843576	2.604342544337713	2.291003191134321	2.917681897541105	347
Stranger win	65.5977653631285	2.6065798185144606	2.289952158283218	2.923207478745703	347
Stranger win	65.99441340782124	2.608817092691208	2.288873785710387	2.9287603996720293	347
Stranger win	66.39106145251397	2.611054366867956	2.2877689146111946	2.934339819124717	347
Stranger win	66.7877094972067	2.6132916410447034	2.2866383583417513	2.9399449237476554	347
Stranger win	67.18435754189944	2.615528915221451	2.2854829031851103	2.9455749272577916	347
Stranger win	67.58100558659218	2.6177661893981985	2.28430330912171	2.951229069674687	347
Stranger win	67.97765363128491	2.620003463574946	2.283100310600367	2.9569066165495252	347
Stranger win	68.37430167597765	2.6222407377516936	2.2818746173065843	2.962606858196803	347
Stranger win	68.77094972067039	2.624478011928441	2.280626914925365	2.9683291089315174	347
Stranger win	69.16759776536313	2.626715286105189	2.279357865896113	2.9740727063142645	347
Stranger win	69.56424581005587	2.6289525602819364	2.2780681101575233	2.9798370104063494	347
Stranger win	69.9608938547486	2.631189834458684	2.276758265880714	2.985621403036654	347
Stranger win	70.35754189944134	2.6334271086354315	2.275428930189101	2.991425287081762	347
Stranger win	70.75418994413408	2.635664382812179	2.2740806798637987	2.9972480857605595	347
Stranger win	71.15083798882682	2.6379016569889266	2.2727140720335286	3.0030892419443247	347
Stranger win	71.54748603351956	2.640138931165674	2.271329644848246	3.0089482174831024	347
Stranger win	71.9441340782123	2.642376205342422	2.269927918135852	3.0148244925489918	347
Stranger win	72.34078212290504	2.6446134795191694	2.2685093940415375	3.020717564996801	347
Stranger win	72.73743016759778	2.646850753695917	2.2670745576494222	3.0266269497424116	347
Stranger win	73.1340782122905	2.6490880278726645	2.265623877586296	3.032552178159033	347
Stranger win	73.53072625698324	2.651325302049412	2.264157806607362	3.038492797491462	347
Stranger win	73.92737430167598	2.6535625762261597	2.262676782163988	3.044448370288331	347
Stranger win	74.32402234636872	2.6557998504029072	2.2611812269535316	3.050418473852283	347
Stranger win	74.72067039106145	2.658037124579655	2.259671549451397	3.056402699707913	347
Stranger win	75.11731843575419	2.6602743987564024	2.2581481444255305	3.0624006530872743	347
Stranger win	75.51396648044692	2.66251167293315	2.256611393433606	3.068411952432694	347
Stranger win	75.91061452513966	2.6647489471098975	2.2550616653032	3.074436228916595	347
Stranger win	76.3072625698324	2.666986221286645	2.2534993165952946	3.0804731259779956	347
Stranger win	76.70391061452514	2.6692234954633927	2.2519246920514613	3.086522298875324	347
Stranger win	77.10055865921788	2.6714607696401402	2.2503381250251215	3.092583414255159	347
Stranger win	77.49720670391062	2.673698043816888	2.248739937897274	3.0986561497365015	347
Stranger win	77.89385474860336	2.6759353179936354	2.247130442477107	3.104740193510164	347
Stranger win	78.2905027932961	2.678172592170383	2.2455099403879255	3.1108352439528404	347
Stranger win	78.68715083798884	2.6804098663471305	2.2438787234388253	3.1169410092554357	347
Stranger win	79.08379888268158	2.682647140523878	2.242237073982529	3.1230572070652274	347
Stranger win	79.4804469273743	2.6848844147006257	2.2405852652598437	3.1291835641414076	347
Stranger win	79.87709497206704	2.6871216888773732	2.2389235617311627	3.135319816023584	347
Stranger win	80.27374301675978	2.689358963054121	2.237252219395435	3.1414657067128067	347
Stranger win	80.67039106145252	2.6915962372308684	2.2355714860970384	3.1476209883646984	347
Stranger win	81.06703910614524	2.693833511407616	2.233881601820967	3.153785420994265	347
Stranger win	81.46368715083798	2.6960707855843635	2.2321827989767566	3.1599587721919704	347
Stranger win	81.86033519553072	2.698308059761111	2.2304753026715343	3.166140816850688	347
Stranger win	82.25698324022346	2.7005453339378587	2.2287593309726024	3.172331336903115	347
Stranger win	82.6536312849162	2.7027826081146062	2.2270350951599385	3.178530121069274	347
Stranger win	83.05027932960894	2.705019882291354	2.2253027999689783	3.1847369646137293	347
Stranger win	83.44692737430168	2.7072571564681014	2.223562643824062	3.190951669112141	347
Stranger win	83.84357541899442	2.709494430644849	2.2218148190628813	3.1971740422268167	347
Stranger win	84.24022346368716	2.7117317048215965	2.220059512152289	3.203403897490904	347
Stranger win	84.6368715083799	2.7139689789983446	2.2182969038957907	3.2096410541008984	347
Stranger win	85.03351955307264	2.716206253175092	2.216527169633045	3.215885336717139	347
Stranger win	85.43016759776536	2.7184435273518393	2.2147504794316895	3.222136575271989	347
Stranger win	85.8268156424581	2.720680801528587	2.2129669982717894	3.228394604785384	347
Stranger win	86.22346368715084	2.722918075705335	2.211176886223195	3.234659265187475	347
Stranger win	86.62011173184358	2.725155349882082	2.209380298616096	3.2409304011480677	347
Stranger win	87.01675977653632	2.72739262405883	2.207577386205045	3.247207861912615	347
Stranger win	87.41340782122906	2.7296298982355776	2.2057682953266937	3.2534915011444614	347
Stranger win	87.8100558659218	2.731867172412325	2.203953168051515	3.259781176773135	347
Stranger win	88.20670391061454	2.7341044465890727	2.202132142329738	3.2660767508484074	347
Stranger win	88.60335195530726	2.7363417207658203	2.200305352131724	3.2723780893999166	347
Stranger win	89.0	2.738578994942568	2.1984729275830226	3.278685062302113	347
Stranger loss	18.0	-1.9218556489375298	-2.2613258786997137	-1.582385419175346	347
Stranger loss	18.39664804469274	-1.9177214475593747	-2.253672527794372	-1.5817703673243773	347
Stranger loss	18.793296089385475	-1.9135872461812204	-2.2460370712298	-1.581137421132641	347
Stranger loss	19.189944134078214	-1.9094530448030653	-2.2384200803645307	-1.5804860092415998	347
Stranger loss	19.58659217877095	-1.905318843424911	-2.2308221479317374	-1.579815538918085	347
Stranger loss	19.98324022346369	-1.901184642046756	-2.2232438888494626	-1.5791253952440494	347
Stranger loss	20.379888268156424	-1.8970504406686017	-2.215685941052484	-1.5784149402847194	347
Stranger loss	20.776536312849164	-1.892916239290447	-2.2081489663448344	-1.5776835122360597	347
Stranger loss	21.1731843575419	-1.8887820379122924	-2.200633651271759	-1.5769304245528255	347
Stranger loss	21.56983240223464	-1.8846478365341377	-2.1931407080095684	-1.576154965058707	347
Stranger loss	21.966480446927374	-1.880513635155983	-2.185670875271483	-1.5753563950404832	347
Stranger loss	22.363128491620113	-1.8763794337778281	-2.1782249192271865	-1.57453394832847	347
Stranger loss	22.75977653631285	-1.8722452323996734	-2.1708036344333568	-1.57368683036599	347
Stranger loss	23.156424581005588	-1.8681110310215188	-2.163407844771942	-1.5728142172710955	347
Stranger loss	23.553072625698324	-1.863976829643364	-2.1560384043924152	-1.5719152548943132	347
Stranger loss	23.949720670391063	-1.8598426282652094	-2.1486961986536275	-1.5709890578767913	347
Stranger loss	24.3463687150838	-1.8557084268870547	-2.141382145060211	-1.5700347087138984	347
Stranger loss	24.743016759776538	-1.8515742255089	-2.1340971941877545	-1.5690512568300456	347
Stranger loss	25.139664804469273	-1.8474400241307454	-2.126842330590173	-1.568037717671318	347
Stranger loss	25.536312849162012	-1.8433058227525907	-2.119618573681824	-1.5669930718233576	347
Stranger loss	25.932960893854748	-1.839171621374436	-2.112426978585984	-1.565916264162888	347
Stranger loss	26.329608938547487	-1.8350374199962813	-2.1052686369402887	-1.5648062030522742	347
Stranger loss	26.726256983240226	-1.8309032186181267	-2.0981446776486545	-1.563661759587599	347
Stranger loss	27.122905027932962	-1.826769017239972	-2.0910562675680744	-1.5624817669118694	347
Stranger loss	27.519553072625698	-1.8226348158618173	-2.08400461211745	-1.5612650196061848	347
Stranger loss	27.916201117318437	-1.8185006144836626	-2.076990955794379	-1.5600102731729462	347
Stranger loss	28.312849162011176	-1.814366413105508	-2.070016582584521	-1.5587162436264952	347
Stranger loss	28.70949720670391	-1.8102322117273533	-2.063082816246827	-1.5573816072078794	347
Stranger loss	29.106145251396647	-1.8060980103491986	-2.056191020456591	-1.556005000241806	347
Stranger loss	29.502793296089386	-1.801963808971044	-2.0493425987869602	-1.5545850191551274	347
Stranger loss	29.899441340782126	-1.7978296075928892	-2.0425389945082593	-1.5531202206775192	347
Stranger loss	30.29608938547486	-1.7936954062147346	-2.0357816901832875	-1.5516091222461814	347
Stranger loss	30.692737430167597	-1.7895612048365799	-2.029072207035659	-1.5500502026375007	347
Stranger loss	31.089385474860336	-1.7854270034584252	-2.0224121040673233	-1.5484419028495269	347
Stranger loss	31.486033519553075	-1.7812928020802705	-2.015802976900703	-1.5467826272598382	347
Stranger loss	31.88268156424581	-1.7771586007021158	-2.009246456320431	-1.5450707450838008	347
Stranger loss	32.279329608938546	-1.7730243993239612	-2.0027442064895675	-1.5433045921583546	347
Stranger loss	32.675977653631286	-1.7688901979458065	-1.9962979228154711	-1.5414824730761418	347
Stranger loss	33.072625698324025	-1.7647559965676518	-1.9899093294412487	-1.539602663694055	347
Stranger loss	33.46927374301676	-1.7606217951894971	-1.983580176340056	-1.5376634140389382	347
Stranger loss	33.865921787709496	-1.7564875938113425	-1.977312235991433	-1.5356629516312519	347
Stranger loss	34.262569832402235	-1.7523533924331878	-1.9711072996214938	-1.5335994852448818	347
Stranger loss	34.659217877094974	-1.748219191055033	-1.9649671729921965	-1.5314712091178697	347
Stranger loss	35.05586592178771	-1.7440849896768784	-1.9588936717291023	-1.5292763076246545	347
Stranger loss	35.45251396648045	-1.7399507882987237	-1.9528886161821037	-1.5270129604153437	347
Stranger loss	35.849162011173185	-1.7358165869205693	-1.9469538258195098	-1.5246793480216287	347
Stranger loss	36.245810055865924	-1.7316823855424144	-1.9410911131626891	-1.5222736579221396	347
Stranger loss	36.642458100558656	-1.72754818416426	-1.9353022772760788	-1.519794091052441	347
Stranger loss	37.039106145251395	-1.7234139827861052	-1.9295890968357503	-1.5172388687364602	347
Stranger loss	37.435754189944134	-1.7192797814079506	-1.923953322808767	-1.514606240007134	347
Stranger loss	37.832402234636874	-1.715145580029796	-1.9183966707850915	-1.5118944892745003	347
Stranger loss	38.22905027932961	-1.711011378651641	-1.9129208130136355	-1.5091019442896465	347
Stranger loss	38.62569832402235	-1.7068771772734863	-1.9075273702039734	-1.5062269843429992	347
Stranger loss	39.022346368715084	-1.7027429758953319	-1.9022179031649031	-1.5032680486257606	347
Stranger loss	39.41899441340782	-1.6986087745171772	-1.896993904360262	-1.5002236446740924	347
Stranger loss	39.815642458100555	-1.6944745731390225	-1.891856789470718	-1.497092356807327	347
Stranger loss	40.212290502793294	-1.6903403717608678	-1.8868078890574038	-1.4938728544643318	347
Stranger loss	40.608938547486034	-1.6862061703827131	-1.8818484404288742	-1.490563900336552	347
Stranger loss	41.00558659217877	-1.6820719690045585	-1.876979579816613	-1.487164358192504	347
Stranger loss	41.40223463687151	-1.6779377676264038	-1.8722023349659191	-1.4836732002868884	347
Stranger loss	41.79888268156425	-1.673803566248249	-1.8675176182482343	-1.480089514248264	347
Stranger loss	42.19553072625698	-1.6696693648700944	-1.86292622039764	-1.4764125093425489	347
Stranger loss	42.59217877094972	-1.6655351634919398	-1.8584288049683608	-1.4726415220155187	347
Stranger loss	42.988826815642454	-1.661400962113785	-1.854025903601567	-1.4687760206260032	347
Stranger loss	43.385474860335194	-1.6572667607356304	-1.8497179121788125	-1.4648156092924483	347
Stranger loss	43.78212290502793	-1.6531325593574757	-1.845505087926239	-1.4607600307887125	347
Stranger loss	44.17877094972067	-1.648998357979321	-1.8413875475185733	-1.4566091684400688	347
Stranger loss	44.57541899441341	-1.6448641566011664	-1.837365266215368	-1.4523630469869646	347
Stranger loss	44.97206703910615	-1.6407299552230117	-1.8334380780443538	-1.4480218324016696	347
Stranger loss	45.36871508379889	-1.636595753844857	-1.8296056770287439	-1.4435858306609701	347
Stranger loss	45.76536312849162	-1.6324615524667023	-1.8258676194373948	-1.4390554854960098	347
Stranger loss	46.16201117318436	-1.6283273510885476	-1.8222233270194368	-1.4344313751576585	347
Stranger loss	46.55865921787709	-1.624193149710393	-1.8186720911688703	-1.4297142082519156	347
Stranger loss	46.95530726256983	-1.6200589483322383	-1.8152130779501523	-1.4249048187143243	347
Stranger loss	47.35195530726257	-1.6159247469540836	-1.8118453339033342	-1.420004160004833	347
Stranger loss	47.74860335195531	-1.611790545575929	-1.8085677925371828	-1.415013298614675	347
Stranger loss	48.14525139664805	-1.6076563441977743	-1.8053792814110867	-1.4099334069844618	347
Stranger loss	48.54189944134079	-1.6035221428196196	-1.8022785297015673	-1.4047657559376718	347
Stranger loss	48.93854748603352	-1.599387941441465	-1.7992641761467727	-1.399511706736157	347
Stranger loss	49.33519553072626	-1.5952537400633102	-1.7963347772624303	-1.3941727028641901	347
Stranger loss	49.73184357541899	-1.5911195386851555	-1.7934888157251119	-1.3887502616451992	347
Stranger loss	50.12849162011173	-1.5869853373070009	-1.7907247088230942	-1.3832459657909075	347
Stranger loss	50.52513966480447	-1.5828511359288462	-1.7880408168812978	-1.3776614549763946	347
Stranger loss	50.92178770949721	-1.5787169345506915	-1.7854354515743558	-1.3719984175270272	347
Stranger loss	51.31843575418995	-1.5745827331725368	-1.782906884050573	-1.3662585822945006	347
Stranger loss	51.71508379888268	-1.5704485317943822	-1.7804533527989113	-1.360443710789853	347
Stranger loss	52.11173184357542	-1.5663143304162275	-1.7780730712009514	-1.3545555896315036	347
Stranger loss	52.50837988826816	-1.5621801290380728	-1.7757642347196925	-1.3485960233564531	347
Stranger loss	52.9050279329609	-1.5580459276599181	-1.7735250276868126	-1.3425668276330236	347
Stranger loss	53.30167597765363	-1.5539117262817637	-1.7713536296593817	-1.3364698229041456	347
Stranger loss	53.69832402234637	-1.5497775249036088	-1.7692482213258425	-1.330306828481375	347
Stranger loss	54.09497206703911	-1.545643323525454	-1.7672069899492089	-1.3240796571016993	347
Stranger loss	54.49162011173185	-1.5415091221472994	-1.7652281343427574	-1.3177901099518414	347
Stranger loss	54.88826815642458	-1.537374920769145	-1.7633098693799867	-1.3114399721583032	347
Stranger loss	55.28491620111732	-1.5332407193909903	-1.7614504300462424	-1.3050310087357382	347
Stranger loss	55.68156424581006	-1.5291065180128354	-1.759648075044148	-1.2985649609815226	347
Stranger loss	56.0782122905028	-1.5249723166346807	-1.757901089968908	-1.2920435433004533	347
Stranger loss	56.47486033519554	-1.520838115256526	-1.7562077900726574	-1.2854684404403947	347
Stranger loss	56.87150837988827	-1.5167039138783716	-1.754566522639423	-1.2788413051173202	347
Stranger loss	57.26815642458101	-1.5125697125002169	-1.7529756689939617	-1.272163756006472	347
Stranger loss	57.66480446927375	-1.5084355111220622	-1.7514336461688762	-1.2654373760752482	347
Stranger loss	58.061452513966486	-1.5043013097439075	-1.749938908254975	-1.25866371123284	347
Stranger loss	58.45810055865922	-1.5001671083657528	-1.74848994746002	-1.2518442692714857	347
Stranger loss	58.85474860335196	-1.4960329069875982	-1.747085294900735	-1.2449805190744614	347
Stranger loss	59.2513966480447	-1.4918987056094435	-1.7457235211524404	-1.2380738900664465	347
Stranger loss	59.648044692737436	-1.4877645042312888	-1.7444032365798625	-1.231125771882715	347
Stranger loss	60.04469273743017	-1.4836303028531341	-1.7431230914716755	-1.2241375142345927	347
Stranger loss	60.44134078212291	-1.4794961014749795	-1.741881776000227	-1.217110426949732	347
Stranger loss	60.837988826815646	-1.4753619000968248	-1.7406780200266336	-1.210045780167016	347
Stranger loss	61.234636871508386	-1.47122769871867	-1.7395105927701666	-1.2029448046671736	347
Stranger loss	61.63128491620112	-1.4670934973405154	-1.738378302359488	-1.1958086923215427	347
Stranger loss	62.02793296089386	-1.4629592959623607	-1.737279995281999	-1.1886385966427224	347
Stranger loss	62.424581005586596	-1.458825094584206	-1.7362145557462094	-1.1814356334222027	347
Stranger loss	62.821229050279335	-1.4546908932060514	-1.7351809049707763	-1.1742008814413265	347
Stranger loss	63.21787709497207	-1.4505566918278967	-1.7341780004126053	-1.1669353832431881	347
Stranger loss	63.614525139664806	-1.446422490449742	-1.7332048349452274	-1.1596401459542567	347
Stranger loss	64.01117318435755	-1.4422882890715873	-1.7322604359975458	-1.152316142145629	347
Stranger loss	64.40782122905028	-1.4381540876934327	-1.7313438646619859	-1.1449643107248795	347
Stranger loss	64.80446927374302	-1.434019886315278	-1.730454214780097	-1.137585557850459	347
Stranger loss	65.20111731843576	-1.4298856849371233	-1.729590612012746	-1.1301807578615006	347
Stranger loss	65.5977653631285	-1.4257514835589686	-1.72875221290119	-1.1227507542167472	347
Stranger loss	65.99441340782124	-1.421617282180814	-1.7279382039245461	-1.1152963604370818	347
Stranger loss	66.39106145251397	-1.4174830808026593	-1.727147800558461	-1.1078183610468575	347
Stranger loss	66.7877094972067	-1.4133488794245046	-1.7263802463391424	-1.1003175125098668	347
Stranger loss	67.18435754189944	-1.40921467804635	-1.7256348119363283	-1.0927945441563716	347
Stranger loss	67.58100558659218	-1.4050804766681952	-1.7249107942382387	-1.0852501590981518	347
Stranger loss	67.97765363128491	-1.4009462752900408	-1.724207515451084	-1.0776850351289975	347
Stranger loss	68.37430167597765	-1.396812073911886	-1.7235243222152734	-1.0700998256084988	347
Stranger loss	68.77094972067039	-1.3926778725337314	-1.7228605847400957	-1.0624951603273671	347
Stranger loss	69.16759776536313	-1.3885436711555768	-1.7222156959582944	-1.0548716463528591	347
Stranger loss	69.56424581005587	-1.384409469777422	-1.7215890707016737	-1.0472298688531705	347
Stranger loss	69.9608938547486	-1.3802752683992674	-1.7209801448986028	-1.039570391899932	347
Stranger loss	70.35754189944134	-1.3761410670211125	-1.7203883747940498	-1.0318937592481752	347
Stranger loss	70.75418994413408	-1.372006865642958	-1.7198132361925802	-1.0242004950933359	347
Stranger loss	71.15083798882682	-1.3678726642648031	-1.71925422372458	-1.0164911048050262	347
Stranger loss	71.54748603351956	-1.3637384628866485	-1.718710850135806	-1.008766075637491	347
Stranger loss	71.9441340782123	-1.3596042615084938	-1.718182645600236	-1.0010258774167515	347
Stranger loss	72.34078212290504	-1.355470060130339	-1.71766915705608	-0.9932709632045983	347
Stranger loss	72.73743016759778	-1.3513358587521844	-1.7171699475647184	-0.9855017699396503	347
Stranger loss	73.1340782122905	-1.34720165737403	-1.7166845956922554	-0.9777187190558045	347
Stranger loss	73.53072625698324	-1.3430674559958753	-1.7162126949132979	-0.9699222170784527	347
Stranger loss	73.92737430167598	-1.3389332546177206	-1.7157538530365288	-0.9621126561989124	347
Stranger loss	74.32402234636872	-1.334799053239566	-1.715307691651593	-0.9542904148275387	347
Stranger loss	74.72067039106145	-1.3306648518614113	-1.7148738455967723	-0.9464558581260503	347
Stranger loss	75.11731843575419	-1.3265306504832566	-1.7144519624469083	-0.9386093385196048	347
Stranger loss	75.51396648044692	-1.322396449105102	-1.7140417020210033	-0.9307511961892005	347
Stranger loss	75.91061452513966	-1.3182622477269472	-1.7136427359089237	-0.9228817595449708	347
Stranger loss	76.3072625698324	-1.3141280463487925	-1.7132547470166046	-0.9150013456809803	347
Stranger loss	76.70391061452514	-1.3099938449706379	-1.7128774291291717	-0.907110260812104	347
Stranger loss	77.10055865921788	-1.3058596435924832	-1.7125104864913734	-0.899208800693593	347
Stranger loss	77.49720670391062	-1.3017254422143285	-1.7121536334047323	-0.8912972510239248	347
Stranger loss	77.89385474860336	-1.2975912408361738	-1.7118065938408313	-0.8833758878315163	347
Stranger loss	78.2905027932961	-1.2934570394580192	-1.7114691010701428	-0.8754449778458955	347
Stranger loss	78.68715083798884	-1.2893228380798645	-1.71114089730583	-0.8675047788538989	347
Stranger loss	79.08379888268158	-1.2851886367017098	-1.7108217333619673	-0.8595555400414523	347
Stranger loss	79.4804469273743	-1.2810544353235551	-1.710511368325618	-0.8515975023214924	347
Stranger loss	79.87709497206704	-1.2769202339454004	-1.7102095692422368	-0.8436308986485641	347
Stranger loss	80.27374301675978	-1.2727860325672458	-1.7099161108138792	-0.8356559543206123	347
Stranger loss	80.67039106145252	-1.268651831189091	-1.7096307751097046	-0.8276728872684775	347
Stranger loss	81.06703910614524	-1.2645176298109366	-1.7093533512882804	-0.8196819083335929	347
Stranger loss	81.46368715083798	-1.260383428432782	-1.7090836353312142	-0.8116832215343497	347
Stranger loss	81.86033519553072	-1.256249227054627	-1.7088214297876507	-0.8036770243216035	347
Stranger loss	82.25698324022346	-1.2521150256764724	-1.7085665435291837	-0.795663507823761	347
Stranger loss	82.6536312849162	-1.2479808242983177	-1.7083187915147582	-0.7876428570818772	347
Stranger loss	83.05027932960894	-1.243846622920163	-1.7080779945651472	-0.7796152512751788	347
Stranger loss	83.44692737430168	-1.2397124215420083	-1.7078439791465982	-0.7715808639374184	347
Stranger loss	83.84357541899442	-1.2355782201638537	-1.7076165771632756	-0.7635398631644317	347
Stranger loss	84.24022346368716	-1.231444018785699	-1.7073956257581155	-0.7554924118132824	347
Stranger loss	84.6368715083799	-1.2273098174075443	-1.7071809671217522	-0.7474386676933363	347
Stranger loss	85.03351955307264	-1.2231756160293896	-1.7069724483091635	-0.7393787837496159	347
Stranger loss	85.43016759776536	-1.2190414146512352	-1.706769921063716	-0.7313129082387545	347
Stranger loss	85.8268156424581	-1.2149072132730805	-1.7065732416482902	-0.7232411848978708	347
Stranger loss	86.22346368715084	-1.2107730118949256	-1.7063822706831908	-0.7151637531066604	347
Stranger loss	86.62011173184358	-1.2066388105167711	-1.7061968729905468	-0.7070807480429955	347
Stranger loss	87.01675977653632	-1.2025046091386162	-1.7060169174449276	-0.6989923008323049	347
Stranger loss	87.41340782122906	-1.1983704077604616	-1.7058422768299146	-0.6908985386910084	347
Stranger loss	87.8100558659218	-1.1942362063823069	-1.7056728277003712	-0.6827995850642427	347
Stranger loss	88.20670391061454	-1.1901020050041522	-1.7055084502501612	-0.6746955597581431	347
Stranger loss	88.60335195530726	-1.1859678036259977	-1.705349028185103	-0.6665865790668926	347
Stranger loss	89.0	-1.181833602247843	-1.7051944486009127	-0.6584727558947734	347
Friend win	18.0	4.23676926230676	3.9515493940303155	4.521989130583205	347
Friend win	18.39664804469274	4.2367628758344225	3.9544746458209854	4.5190511058478595	347
Friend win	18.793296089385475	4.236756489362085	3.957387415750257	4.5161255629739125	347
Friend win	19.189944134078214	4.236750102889747	3.960287308431853	4.513212897347641	347
Friend win	19.58659217877095	4.2367437164174095	3.9631739134596824	4.510313519375137	347
Friend win	19.98324022346369	4.236737329945072	3.9660468047999964	4.507427855090147	347
Friend win	20.379888268156424	4.236730943472735	3.968905540162241	4.504556346783229	347
Friend win	20.776536312849164	4.2367245570003975	3.9717496603485336	4.501699453652262	347
Friend win	21.1731843575419	4.23671817052806	3.974578688581848	4.498857652474271	347
Friend win	21.56983240223464	4.236711784055722	3.9773921298130954	4.496031438298349	347
Friend win	21.966480446927374	4.236705397583385	3.9801894700074776	4.493221325159292	347
Friend win	22.363128491620113	4.236699011111047	3.9829701754106765	4.490427846811417	347
Friend win	22.75977653631285	4.236692624638709	3.9857336917956485	4.487651557481771	347
Friend win	23.156424581005588	4.236686238166372	3.988479443691048	4.484893032641695	347
Friend win	23.553072625698324	4.236679851694034	3.991206833592597	4.4821528697954705	347
Friend win	23.949720670391063	4.236673465221696	3.993915241159017	4.479431689284376	347
Friend win	24.3463687150838	4.236667078749359	3.9966040223945147	4.476730135104202	347
Friend win	24.743016759776538	4.236660692277021	3.9992725088202263	4.474048875733816	347
Friend win	25.139664804469273	4.236654305804684	4.001920006637456	4.471388604971913	347
Friend win	25.536312849162012	4.236647919332347	4.0045457958860755	4.468750042778618	347
Friend win	25.932960893854748	4.236641532860009	4.007149129602012	4.466133936118006	347
Friend win	26.329608938547487	4.2366351463876715	4.009729232978348	4.463541059796995	347
Friend win	26.726256983240226	4.236628759915334	4.012285302535287	4.460972217295381	347
Friend win	27.122905027932962	4.236622373442996	4.014816505304953	4.458428241581039	347
Friend win	27.519553072625698	4.2366159869706586	4.017321978037823	4.455909995903494	347
Friend win	27.916201117318437	4.236609600498321	4.019800826438498	4.453418374558144	347
Friend win	28.312849162011176	4.236603214025983	4.022252124439444	4.450954303612523	347
Friend win	28.70949720670391	4.236596827553646	4.024674913522379	4.448518741584913	347
Friend win	29.106145251396647	4.236590441081308	4.027068202098094	4.446112680064522	347
Friend win	29.502793296089386	4.23658405460897	4.029430964956587	4.443737144261354	347
Friend win	29.899441340782126	4.236577668136634	4.031762142800681	4.441393193472586	347
Friend win	30.29608938547486	4.236571281664296	4.034060641877441	4.439081921451151	347
Friend win	30.692737430167597	4.236564895191958	4.036325333723089	4.436804456660828	347
Friend win	31.089385474860336	4.236558508719621	4.038555055038291	4.4345619624009505	347
Friend win	31.486033519553075	4.236552122247283	4.040748607712051	4.432355636782515	347
Friend win	31.88268156424581	4.236545735774945	4.0429047590136	4.430186712536291	347
Friend win	32.279329608938546	4.236539349302608	4.045022241972864	4.428056456632351	347
Friend win	32.675977653631286	4.23653296283027	4.04709975597112	4.425966169689421	347
Friend win	33.072625698324025	4.2365265763579325	4.049135967564278	4.423917185151587	347
Friend win	33.46927374301676	4.236520189885595	4.051129511561964	4.421910868209226	347
Friend win	33.865921787709496	4.236513803413257	4.053078992385849	4.419948614440665	347
Friend win	34.262569832402235	4.23650741694092	4.054982985730819	4.418031848151021	347
Friend win	34.659217877094974	4.236501030468583	4.056840040552114	4.416162020385052	347
Friend win	35.05586592178771	4.236494643996245	4.058648681400786	4.414340606591704	347
Friend win	35.45251396648045	4.236488257523908	4.060407411128366	4.4125691039194495	347
Friend win	35.849162011173185	4.23648187105157	4.062114713979601	4.410849028123539	347
Friend win	36.245810055865924	4.236475484579232	4.063769059089398	4.409181910069067	347
Friend win	36.642458100558656	4.236469098106895	4.065368904396554	4.407569291817235	347
Friend win	37.039106145251395	4.236462711634557	4.066912700982592	4.406012722286522	347
Friend win	37.435754189944134	4.236456325162219	4.068398897838784	4.404513752485655	347
Friend win	37.832402234636874	4.236449938689882	4.069825947058463	4.403073930321301	347
Friend win	38.22905027932961	4.236443552217544	4.071192309444826	4.401694794990262	347
Friend win	38.62569832402235	4.2364371657452065	4.072496460516781	4.400377870973632	347
Friend win	39.022346368715084	4.236430779272869	4.0737368968870085	4.399124661658729	347
Friend win	39.41899441340782	4.236424392800532	4.074912142977492	4.397936642623572	347
Friend win	39.815642458100555	4.236418006328194	4.076020758028416	4.396815254627973	347
Friend win	40.212290502793294	4.236411619855857	4.077061343346819	4.395761896364895	347
Friend win	40.608938547486034	4.236405233383519	4.078032549731957	4.394777917035081	347
Friend win	41.00558659217877	4.2363988469111815	4.0789330850052545	4.3938646088171085	347
Friend win	41.40223463687151	4.236392460438844	4.079761721564397	4.393023199313291	347
Friend win	41.79888268156425	4.236386073966506	4.080517303873773	4.39225484405924	347
Friend win	42.19553072625698	4.236379687494169	4.081198755797607	4.39156061919073	347
Friend win	42.59217877094972	4.236373301021831	4.081805087677919	4.390941514365743	347
Friend win	42.988826815642454	4.236366914549493	4.0823354030572965	4.39039842604169	347
Friend win	43.385474860335194	4.236360528077156	4.082788904946653	4.389932151207659	347
Friend win	43.78212290502793	4.236354141604818	4.083164901540678	4.389543381668958	347
Friend win	44.17877094972067	4.236347755132481	4.083462811288931	4.3892326989760315	347
Friend win	44.57541899441341	4.236341368660144	4.083682167238194	4.389000570082093	347
Friend win	44.97206703910615	4.236334982187806	4.0838226205719215	4.388847343803691	347
Friend win	45.36871508379889	4.236328595715468	4.0838839432850005	4.388773248145936	347
Friend win	45.76536312849162	4.236322209243131	4.083866029946379	4.388778388539882	347
Friend win	46.16201117318436	4.236315822770793	4.083768898517941	4.388862747023645	347
Friend win	46.55865921787709	4.2363094362984555	4.083592690214823	4.3890261823820875	347
Friend win	46.95530726256983	4.236303049826118	4.083337668409717	4.3892684312425185	347
Friend win	47.35195530726257	4.23629666335378	4.083004216600909	4.389589110106652	347
Friend win	47.74860335195531	4.2362902768814426	4.0825928354804075	4.389987718282478	347
Friend win	48.14525139664805	4.236283890409105	4.08210413915398	4.39046364166423	347
Friend win	48.54189944134079	4.236277503936767	4.081538850578647	4.391016157294888	347
Friend win	48.93854748603352	4.2362711174644305	4.080897796295054	4.391644438633807	347
Friend win	49.33519553072626	4.236264730992093	4.080181900541575	4.392347561442611	347
Friend win	49.73184357541899	4.236258344519755	4.079392178844002	4.393124510195508	347
Friend win	50.12849162011173	4.236251958047418	4.078529731179085	4.39397418491575	347
Friend win	50.52513966480447	4.23624557157508	4.077595734812089	4.394895408338071	347
Friend win	50.92178770949721	4.236239185102742	4.076591436907953	4.395886933297532	347
Friend win	51.31843575418995	4.236232798630405	4.075518147012903	4.3969474502479065	347
Friend win	51.71508379888268	4.236226412158067	4.074377229498629	4.398075594817505	347
Friend win	52.11173184357542	4.236220025685729	4.073170096054814	4.399269955316645	347
Friend win	52.50837988826816	4.236213639213392	4.071898198308133	4.400529080118651	347
Friend win	52.9050279329609	4.236207252741054	4.070563020637253	4.4018514848448556	347
Friend win	53.30167597765363	4.2362008662687165	4.069166073244174	4.403235659293259	347
Friend win	53.69832402234637	4.23619447979638	4.067708885532745	4.404680074060015	347
Friend win	54.09497206703911	4.236188093324042	4.066192999835689	4.406183186812395	347
Friend win	54.49162011173185	4.2361817068517045	4.064619965522285	4.407743448181124	347
Friend win	54.88826815642458	4.236175320379367	4.062991333509979	4.409359307248755	347
Friend win	55.28491620111732	4.236168933907029	4.061308651195102	4.411029216618957	347
Friend win	55.68156424581006	4.236162547434692	4.059573457810391	4.412751637058992	347
Friend win	56.0782122905028	4.236156160962354	4.05778728021039	4.414525041714318	347
Friend win	56.47486033519554	4.236149774490016	4.0559516290800195	4.416347919900013	347
Friend win	56.87150837988827	4.236143388017679	4.054067995556694	4.4182187804786635	347
Friend win	57.26815642458101	4.236137001545341	4.052137848252273	4.420136154838409	347
Friend win	57.66480446927375	4.236130615073003	4.050162630657848	4.422098599488159	347
Friend win	58.061452513966486	4.236124228600666	4.048143758911845	4.4241046982894865	347
Friend win	58.45810055865922	4.236117842128329	4.046082619910054	4.426153064346604	347
Friend win	58.85474860335196	4.236111455655991	4.043980569734977	4.428242341577006	347
Friend win	59.2513966480447	4.236105069183654	4.0418389323811645	4.430371205986143	347
Friend win	59.648044692737436	4.236098682711316	4.039658998752961	4.432538366669671	347
Friend win	60.04469273743017	4.236092296238978	4.037442025911254	4.434742566566703	347
Friend win	60.44134078212291	4.236085909766641	4.035189236546244	4.436982582987038	347
Friend win	60.837988826815646	4.236079523294303	4.0329018186540235	4.439257227934583	347
Friend win	61.234636871508386	4.2360731368219655	4.030580925395625	4.441565348248306	347
Friend win	61.63128491620112	4.236066750349628	4.0282276751183135	4.443905825580942	347
Friend win	62.02793296089386	4.23606036387729	4.02584315152004	4.44627757623454	347
Friend win	62.424581005586596	4.236053977404953	4.023428403939239	4.448679550870666	347
Friend win	62.821229050279335	4.236047590932615	4.020984447753411	4.451110734111819	347
Friend win	63.21787709497207	4.236041204460278	4.018512264871221	4.453570144049335	347
Friend win	63.614525139664806	4.236034817987941	4.016012804304117	4.456056831671765	347
Friend win	64.01117318435755	4.236028431515603	4.0134869828046815	4.458569880226524	347
Friend win	64.40782122905028	4.236022045043265	4.010935685560175	4.461108404526356	347
Friend win	64.80446927374302	4.236015658570928	4.008359766930777	4.463671550211078	347
Friend win	65.20111731843576	4.23600927209859	4.005760051223214	4.466258492973966	347
Friend win	65.5977653631285	4.236002885626252	4.00313733349136	4.468868437761145	347
Friend win	65.99441340782124	4.235996499153915	4.00049238035642	4.47150061795141	347
Friend win	66.39106145251397	4.235990112681577	3.9978259308401305	4.474154294523024	347
Friend win	66.7877094972067	4.2359837262092395	3.99513869720521	4.476828755213269	347
Friend win	67.18435754189944	4.235977339736902	3.9924313657980517	4.4795233136757515	347
Friend win	67.58100558659218	4.235970953264565	3.9897045978892938	4.482237308639836	347
Friend win	67.97765363128491	4.235964566792227	3.986959030508512	4.484970103075943	347
Friend win	68.37430167597765	4.23595818031989	3.9841952772698432	4.487721083369936	347
Friend win	68.77094972067039	4.235951793847552	3.9814139291858113	4.4904896585092935	347
Friend win	69.16759776536313	4.2359454073752145	3.978615555467094	4.493275259283335	347
Friend win	69.56424581005587	4.235939020902877	3.975800704306346	4.496077337499408	347
Friend win	69.9608938547486	4.235932634430539	3.9729699036445516	4.498895365216526	347
Friend win	70.35754189944134	4.235926247958202	3.970123661918683	4.50172883399772	347
Friend win	70.75418994413408	4.235919861485864	3.967262468789716	4.504577254182013	347
Friend win	71.15083798882682	4.235913475013526	3.964386795850291	4.507440154176762	347
Friend win	71.54748603351956	4.235907088541189	3.96149709731153	4.510317079770847	347
Friend win	71.9441340782123	4.235900702068851	3.958593810668667	4.513207593469035	347
Friend win	72.34078212290504	4.235894315596514	3.955677357345357	4.516111273847672	347
Friend win	72.73743016759778	4.235887929124177	3.9527481433166125	4.519027714931741	347
Friend win	73.1340782122905	4.235881542651839	3.9498065597104772	4.521956525593201	347
Friend win	73.53072625698324	4.235875156179501	3.946852983388601	4.524897328970401	347
Friend win	73.92737430167598	4.235868769707164	3.9438877775060095	4.5278497619083184	347
Friend win	74.32402234636872	4.235862383234826	3.940911292050384	4.5308134744192685	347
Friend win	74.72067039106145	4.2358559967624885	3.937923864361264	4.533788129163713	347
Friend win	75.11731843575419	4.235849610290151	3.9349258196296026	4.5367734009506995	347
Friend win	75.51396648044692	4.235843223817813	3.9319174713781564	4.53976897625747	347
Friend win	75.91061452513966	4.235836837345476	3.928899121923219	4.542774552767733	347
Friend win	76.3072625698324	4.235830450873138	3.925871062818215	4.54578983892806	347
Friend win	76.70391061452514	4.2358240644008	3.922833575279716	4.5488145535218845	347
Friend win	77.10055865921788	4.2358176779284635	3.9197869305964144	4.551848425260513	347
Friend win	77.49720670391062	4.235811291456126	3.916731390521616	4.554891192390636	347
Friend win	77.89385474860336	4.235804904983788	3.9136672076498296	4.5579426023177465	347
Friend win	78.2905027932961	4.235798518511451	3.9105946257779864	4.561002411244915	347
Friend win	78.68715083798884	4.235792132039113	3.907513880251857	4.564070383826369	347
Friend win	79.08379888268158	4.235785745566775	3.904425198298214	4.567146292835337	347
Friend win	79.4804469273743	4.235779359094438	3.9013287993432706	4.570229918845605	347
Friend win	79.87709497206704	4.2357729726221	3.898224895317929	4.573321049926271	347
Friend win	80.27374301675978	4.235766586149762	3.8951136909503505	4.576419481349174	347
Friend win	80.67039106145252	4.235760199677425	3.891995384046352	4.579525015308498	347
Friend win	81.06703910614524	4.235753813205087	3.8888701657581164	4.582637460652058	347
Friend win	81.46368715083798	4.2357474267327495	3.8857382208416924	4.585756632623807	347
Friend win	81.86033519553072	4.235741040260413	3.8825997279037483	4.588882352617077	347
Friend win	82.25698324022346	4.235734653788075	3.879454859638012	4.592014447938139	347
Friend win	82.6536312849162	4.2357282673157375	3.8763037830518514	4.595152751579624	347
Friend win	83.05027932960894	4.2357218808434	3.8731466596833832	4.598297102003417	347
Friend win	83.44692737430168	4.235715494371062	3.8699836458095316	4.601447342932593	347
Friend win	83.84357541899442	4.235709107898725	3.8668148926454102	4.604603323152039	347
Friend win	84.24022346368716	4.235702721426387	3.8636405465354042	4.60776489631737	347
Friend win	84.6368715083799	4.235696334954049	3.8604607491363088	4.61093192077179	347
Friend win	85.03351955307264	4.235689948481712	3.8572756375928625	4.614104259370561	347
Friend win	85.43016759776536	4.235683562009374	3.8540853447060077	4.617281779312741	347
Friend win	85.8268156424581	4.235677175537036	3.8508899990941914	4.620464351979882	347
Friend win	86.22346368715084	4.235670789064699	3.847689725348011	4.623651852781387	347
Friend win	86.62011173184358	4.235664402592362	3.8444846441784937	4.62684416100623	347
Friend win	87.01675977653632	4.235658016120024	3.8412748725592767	4.630041159680772	347
Friend win	87.41340782122906	4.235651629647687	3.8380605238629775	4.633242735432396	347
Friend win	87.8100558659218	4.235645243175349	3.8348417079919845	4.636448778358714	347
Friend win	88.20670391061454	4.235638856703011	3.8316185315039157	4.639659181902108	347
Friend win	88.60335195530726	4.235632470230674	3.828391097731994	4.642873842729354	347
Friend win	89.0	4.235626083758336	3.825159506900538	4.646092660616135	347
Friend loss	18.0	-3.041479655891926	-3.4861102246354436	-2.5968490871484082	347
Friend loss	18.39664804469274	-3.0329450147291896	-3.4732315880430664	-2.592658441415313	347
Friend loss	18.793296089385475	-3.0244103735664534	-3.4603777598383885	-2.5884429872945183	347
Friend loss	19.189944134078214	-3.0158757324037166	-3.447549484696006	-2.5842019801114273	347
Friend loss	19.58659217877095	-3.0073410912409804	-3.4347475327184593	-2.5799346497635014	347
Friend loss	19.98324022346369	-2.998806450078244	-3.4219727002539813	-2.575640199902507	347
Friend loss	20.379888268156424	-2.990271808915508	-3.409225810724969	-2.5713178071060465	347
Friend loss	20.776536312849164	-2.981737167752771	-3.396507715465052	-2.5669666200404904	347
Friend loss	21.1731843575419	-2.973202526590035	-3.3838192945622447	-2.562585758617825	347
Friend loss	21.56983240223464	-2.9646678854272985	-3.371161457705332	-2.558174313149265	347
Friend loss	21.966480446927374	-2.9561332442645623	-3.3585351450301846	-2.55373134349894	347
Friend loss	22.363128491620113	-2.9475986031018255	-3.3459413279622527	-2.5492558782413983	347
Friend loss	22.75977653631285	-2.9390639619390893	-3.3333810100509975	-2.544746913827181	347
Friend loss	23.156424581005588	-2.930529320776353	-3.3208552277914567	-2.5402034137612493	347
Friend loss	23.553072625698324	-2.9219946796136167	-3.3083650514275713	-2.535624307799662	347
Friend loss	23.949720670391063	-2.91346003845088	-3.295911585731262	-2.531008491170498	347
Friend loss	24.3463687150838	-2.9049253972881437	-3.2834959707505806	-2.5263548238257068	347
Friend loss	24.743016759776538	-2.8963907561254074	-3.2711193825195144	-2.5216621297313004	347
Friend loss	25.139664804469273	-2.887856114962671	-3.258783033721292	-2.51692919620405	347
Friend loss	25.536312849162012	-2.8793214737999344	-3.246488174296222	-2.5121547733036467	347
Friend loss	25.932960893854748	-2.870786832637198	-3.2342360919842377	-2.5073375732901586	347
Friend loss	26.329608938547487	-2.862252191474462	-3.2220281127914783	-2.5024762701574454	347
Friend loss	26.726256983240226	-2.8537175503117256	-3.209865601369316	-2.4975694992541353	347
Friend loss	27.122905027932962	-2.845182909148989	-3.1977499612933244	-2.4926158570046533	347
Friend loss	27.519553072625698	-2.8366482679862526	-3.185682635228776	-2.487613900743729	347
Friend loss	27.916201117318437	-2.8281136268235163	-3.173665104968302	-2.482562148678731	347
Friend loss	28.312849162011176	-2.81957898566078	-3.161698891326497	-2.477459079995063	347
Friend loss	28.70949720670391	-2.8110443444980433	-3.14978555387536	-2.4723031351207267	347
Friend loss	29.106145251396647	-2.802509703335307	-3.137926690503682	-2.467092716166932	347
Friend loss	29.502793296089386	-2.7939750621725707	-3.1261239367827796	-2.461826187562362	347
Friend loss	29.899441340782126	-2.7854404210098345	-3.114378965120375	-2.456501876899294	347
Friend loss	30.29608938547486	-2.776905779847098	-3.102693483683985	-2.4511180760102116	347
Friend loss	30.692737430167597	-2.7683711386843615	-3.091069235074896	-2.445673042293827	347
Friend loss	31.089385474860336	-2.759836497521625	-3.07950799473377	-2.4401650003094804	347
Friend loss	31.486033519553075	-2.751301856358889	-3.068011569059098	-2.43459214365868	347
Friend loss	31.88268156424581	-2.7427672151961526	-3.0565817932202766	-2.4289526371720287	347
Friend loss	32.279329608938546	-2.734232574033416	-3.0452205286478735	-2.4232446194189583	347
Friend loss	32.675977653631286	-2.7256979328706796	-3.0339296601849264	-2.417466205556433	347
Friend loss	33.072625698324025	-2.7171632917079434	-3.0227110928847476	-2.411615490531139	347
Friend loss	33.46927374301676	-2.708628650545207	-3.0115667484428643	-2.40569055264755	347
Friend loss	33.865921787709496	-2.7000940093824704	-3.0004985612533375	-2.3996894575116032	347
Friend loss	34.262569832402235	-2.691559368219734	-2.989508474082863	-2.393610262356605	347
Friend loss	34.659217877094974	-2.683024727056998	-2.9785984333597653	-2.3874510207542303	347
Friend loss	35.05586592178771	-2.674490085894261	-2.967770384079267	-2.3812097877092553	347
Friend loss	35.45251396648045	-2.665955444731525	-2.9570262643312115	-2.374884625131838	347
Friend loss	35.849162011173185	-2.6574208035687885	-2.9463679994617324	-2.3684736076758446	347
Friend loss	36.245810055865924	-2.6488861624060522	-2.935797495886229	-2.3619748289258755	347
Friend loss	36.642458100558656	-2.640351521243316	-2.9253166345771513	-2.3553864079094806	347
Friend loss	37.039106145251395	-2.6318168800805792	-2.9149272642567405	-2.348706495904418	347
Friend loss	37.435754189944134	-2.623282238917843	-2.9046311943315732	-2.3419332835041127	347
Friend loss	37.832402234636874	-2.6147475977551067	-2.8944301876126732	-2.33506500789754	347
Friend loss	38.22905027932961	-2.6062129565923704	-2.884325952871741	-2.3280999603129997	347
Friend loss	38.62569832402235	-2.5976783154296337	-2.8743201372906064	-2.321036493568661	347
Friend loss	39.022346368715084	-2.5891436742668974	-2.8644143188671576	-2.313873029666637	347
Friend loss	39.41899441340782	-2.580609033104161	-2.8546099988465143	-2.306608067361808	347
Friend loss	39.815642458100555	-2.572074391941425	-2.8449085942509167	-2.299240189631933	347
Friend loss	40.212290502793294	-2.5635397507786886	-2.835311430585446	-2.2917680709719312	347
Friend loss	40.608938547486034	-2.555005109615952	-2.825819734799179	-2.2841904844327248	347
Friend loss	41.00558659217877	-2.5464704684532156	-2.816434628582468	-2.276506308323963	347
Friend loss	41.40223463687151	-2.5379358272904793	-2.8071571220805978	-2.268714532500361	347
Friend loss	41.79888268156425	-2.5294011861277426	-2.7979881081020985	-2.2608142641533866	347
Friend loss	42.19553072625698	-2.5208665449650063	-2.788928356896257	-2.2528047330337557	347
Friend loss	42.59217877094972	-2.51233190380227	-2.7799785115690905	-2.2446852960354495	347
Friend loss	42.988826815642454	-2.5037972626395337	-2.7711390842001027	-2.2364554410789648	347
Friend loss	43.385474860335194	-2.4952626214767974	-2.7624104527136897	-2.228114790239905	347
Friend loss	43.78212290502793	-2.4867279803140607	-2.753792858549373	-2.2196631020787483	347
Friend loss	44.17877094972067	-2.4781933391513244	-2.745286405164137	-2.211100273138512	347
Friend loss	44.57541899441341	-2.469658697988588	-2.7368910573884597	-2.2024263385887166	347
Friend loss	44.97206703910615	-2.4611240568258514	-2.728606641645378	-2.193641472006325	347
Friend loss	45.36871508379889	-2.452589415663115	-2.7204328470293957	-2.1847459842968346	347
Friend loss	45.76536312849162	-2.444054774500379	-2.712369227229647	-2.175740321771111	347
Friend loss	46.16201117318436	-2.4355201333376426	-2.7044152032696984	-2.166625063405587	347
Friend loss	46.55865921787709	-2.4269854921749063	-2.696570067025062	-2.157400917324751	347
Friend loss	46.95530726256983	-2.4184508510121696	-2.688832985469179	-2.1480687165551604	347
Friend loss	47.35195530726257	-2.4099162098494333	-2.681203005589536	-2.1386294141093307	347
Friend loss	47.74860335195531	-2.401381568686697	-2.6736790599078835	-2.1290840774655106	347
Friend loss	48.14525139664805	-2.3928469275239603	-2.6662599725323997	-2.119433882515521	347
Friend loss	48.54189944134079	-2.384312286361224	-2.658944465665174	-2.109680107057274	347
Friend loss	48.93854748603352	-2.3757776451984878	-2.6517311664855012	-2.0998241239114743	347
Friend loss	49.33519553072626	-2.3672430040357515	-2.6446186143283343	-2.0898673937431687	347
Friend loss	49.73184357541899	-2.358708362873015	-2.6376052680775706	-2.07981145766846	347
Friend loss	50.12849162011173	-2.3501737217102785	-2.6306895136956667	-2.0696579297248903	347
Friend loss	50.52513966480447	-2.341639080547542	-2.62386967181418	-2.0594084892809046	347
Friend loss	50.92178770949721	-2.333104439384806	-2.617144005314022	-2.04906487345559	347
Friend loss	51.31843575418995	-2.3245697982220697	-2.610510726829386	-2.038628869614753	347
Friend loss	51.71508379888268	-2.3160351570593334	-2.6039680061151262	-2.0281023080035405	347
Friend loss	52.11173184357542	-2.3075005158965967	-2.5975139772237794	-2.017487054569414	347
Friend loss	52.50837988826816	-2.2989658747338604	-2.5911467454450965	-2.0067850040226243	347
Friend loss	52.9050279329609	-2.290431233571124	-2.5848643939678326	-1.9959980731744158	347
Friend loss	53.30167597765363	-2.281896592408388	-2.5786649902303704	-1.9851281945864052	347
Friend loss	53.69832402234637	-2.273361951245651	-2.5725465919334294	-1.974177310557873	347
Friend loss	54.09497206703911	-2.264827310082915	-2.566507252694515	-1.9631473674713145	347
Friend loss	54.49162011173185	-2.2562926689201785	-2.560545027329801	-1.9520403105105562	347
Friend loss	54.88826815642458	-2.2477580277574423	-2.554657976754686	-1.9408580787601983	347
Friend loss	55.28491620111732	-2.2392233865947055	-2.548844172499367	-1.9296026006900442	347
Friend loss	55.68156424581006	-2.2306887454319693	-2.5431017008402637	-1.9182757900236749	347
Friend loss	56.0782122905028	-2.222154104269233	-2.5374286665521497	-1.9068795419863165	347
Friend loss	56.47486033519554	-2.2136194631064963	-2.5318231962892472	-1.8954157299237455	347
Friend loss	56.87150837988827	-2.20508482194376	-2.526283441606438	-1.883886202281082	347
Friend loss	57.26815642458101	-2.1965501807810237	-2.5208075816341036	-1.8722927799279436	347
Friend loss	57.66480446927375	-2.1880155396182874	-2.5153938254220285	-1.8606372538145464	347
Friend loss	58.061452513966486	-2.1794808984555507	-2.510040413969189	-1.848921382941912	347
Friend loss	58.45810055865922	-2.1709462572928144	-2.5047456219573427	-1.8371468926282863	347
Friend loss	58.85474860335196	-2.162411616130078	-2.4995077592069297	-1.8253154730532264	347
Friend loss	59.2513966480447	-2.153876974967342	-2.494325171874229	-1.8134287780604548	347
Friend loss	59.648044692737436	-2.145342333804605	-2.4891962434087094	-1.801488424200501	347
Friend loss	60.04469273743017	-2.136807692641869	-2.4841193952893894	-1.7894959899943481	347
Friend loss	60.44134078212291	-2.1282730514791326	-2.4790930875586406	-1.7774530153996249	347
Friend loss	60.837988826815646	-2.1197384103163963	-2.474115819171348	-1.7653610014614447	347
Friend loss	61.234636871508386	-2.1112037691536596	-2.4691861281766814	-1.753221410130638	347
Friend loss	61.63128491620112	-2.1026691279909233	-2.464302591748967	-1.7410356642328793	347
Friend loss	62.02793296089386	-2.094134486828187	-2.4594638260833435	-1.7288051475730306	347
Friend loss	62.424581005586596	-2.0855998456654508	-2.4546684861709704	-1.7165312051599313	347
Friend loss	62.821229050279335	-2.077065204502714	-2.449915265467697	-1.7042151435377313	347
Friend loss	63.21787709497207	-2.0685305633399778	-2.4452028954691185	-1.6918582312108372	347
Friend loss	63.614525139664806	-2.0599959221772415	-2.4405301452040735	-1.6794616991504092	347
Friend loss	64.01117318435755	-2.051461281014505	-2.4358958206577053	-1.667026741371305	347
Friend loss	64.40782122905028	-2.0429266398517685	-2.4312987641343167	-1.65455451556922	347
Friend loss	64.80446927374302	-2.034391998689032	-2.4267378535694095	-1.6420461438086547	347
Friend loss	65.20111731843576	-2.025857357526296	-2.422212001799458	-1.629502713253134	347
Friend loss	65.5977653631285	-2.017322716363559	-2.4177201557971926	-1.6169252769299258	347
Friend loss	65.99441340782124	-2.008788075200823	-2.413261295879437	-1.6043148545222088	347
Friend loss	66.39106145251397	-2.0002534340380866	-2.4088344348938127	-1.5916724331823606	347
Friend loss	66.7877094972067	-1.9917187928753501	-2.4044386173900176	-1.5789989683606827	347
Friend loss	67.18435754189944	-1.9831841517126139	-2.400072918780743	-1.5662953846444851	347
Friend loss	67.58100558659218	-1.9746495105498771	-2.395736444496736	-1.553562576603018	347
Friend loss	67.97765363128491	-1.9661148693871413	-2.39142832914002	-1.5408014096342626	347
Friend loss	68.37430167597765	-1.9575802282244046	-2.3871477356387523	-1.528012720810057	347
Friend loss	68.77094972067039	-1.9490455870616683	-2.3828938544068348	-1.5151973197165018	347
Friend loss	69.16759776536313	-1.940510945898932	-2.3786659025109116	-1.5023559892869525	347
Friend loss	69.56424581005587	-1.9319763047361953	-2.37446312284709	-1.4894894866253008	347
Friend loss	69.9608938547486	-1.923441663573459	-2.370284783329349	-1.4765985438175686	347
Friend loss	70.35754189944134	-1.9149070224107227	-2.366130176091322	-1.4636838687301235	347
Friend loss	70.75418994413408	-1.906372381247986	-2.361998616702848	-1.4507461457931239	347
Friend loss	71.15083798882682	-1.8978377400852497	-2.3578894434024837	-1.4377860367680158	347
Friend loss	71.54748603351956	-1.8893030989225135	-2.353802016346895	-1.424804181498132	347
Friend loss	71.9441340782123	-1.8807684577597767	-2.349735716877907	-1.4118011986416463	347
Friend loss	72.34078212290504	-1.8722338165970405	-2.3456899468077883	-1.3987776863862926	347
Friend loss	72.73743016759778	-1.8636991754343042	-2.3416641277231895	-1.3857342231454186	347
Friend loss	73.1340782122905	-1.855164534271568	-2.3376577003080534	-1.3726713682350824	347
Friend loss	73.53072625698324	-1.8466298931088316	-2.3336701236856516	-1.3595896625320116	347
Friend loss	73.92737430167598	-1.838095251946095	-2.3297008747798333	-1.3464896291123563	347
Friend loss	74.32402234636872	-1.8295606107833586	-2.3257494476954643	-1.333371773871253	347
Friend loss	74.72067039106145	-1.8210259696206224	-2.321815353117961	-1.3202365861232837	347
Friend loss	75.11731843575419	-1.812491328457886	-2.31789811773175	-1.307084539184022	347
Friend loss	75.51396648044692	-1.8039566872951498	-2.313997283657442	-1.2939160909328575	347
Friend loss	75.91061452513966	-1.7954220461324133	-2.310112407907437	-1.2807316843573897	347
Friend loss	76.3072625698324	-1.7868874049696768	-2.3062430618596554	-1.267531748079698	347
Friend loss	76.70391061452514	-1.7783527638069403	-2.3023888307490488	-1.254316696864832	347
Friend loss	77.10055865921788	-1.7698181226442038	-2.298549313176502	-1.2410869321119053	347
Friend loss	77.49720670391062	-1.7612834814814675	-2.2947241206347515	-1.2278428423281835	347
Friend loss	77.89385474860336	-1.752748840318731	-2.2909128770508804	-1.2145848035865816	347
Friend loss	78.2905027932961	-1.7442141991559947	-2.2871152183449768	-1.2013131799670125	347
Friend loss	78.68715083798884	-1.7356795579932582	-2.283330792004508	-1.1880283239820084	347
Friend loss	79.08379888268158	-1.7271449168305217	-2.2795592566739655	-1.174730576987078	347
Friend loss	79.4804469273743	-1.7186102756677857	-2.2758002817593406	-1.1614202695762308	347
Friend loss	79.87709497206704	-1.7100756345050492	-2.2720535470469585	-1.1480977219631399	347
Friend loss	80.27374301675978	-1.701540993342313	-2.2683187423362474	-1.1347632443483784	347
Friend loss	80.67039106145252	-1.6930063521795764	-2.2645955670859776	-1.1214171372731752	347
Friend loss	81.06703910614524	-1.6844717110168403	-2.2608837300735356	-1.108059691960145	347
Friend loss	81.46368715083798	-1.6759370698541038	-2.2571829490667925	-1.0946911906414152	347
Friend loss	81.86033519553072	-1.6674024286913673	-2.253492950508144	-1.081311906874591	347
Friend loss	82.25698324022346	-1.658867787528631	-2.249813469210296	-1.0679221058469663	347
Friend loss	82.6536312849162	-1.6503331463658946	-2.2461442480633775	-1.0545220446684116	347
Friend loss	83.05027932960894	-1.641798505203158	-2.242485037752994	-1.0411119726533222	347
Friend loss	83.44692737430168	-1.6332638640404218	-2.238835596488805	-1.0276921315920389	347
Friend loss	83.84357541899442	-1.6247292228776853	-2.2351956897432643	-1.0142627560121062	347
Friend loss	84.24022346368716	-1.6161945817149488	-2.2315650900001325	-1.000824073429765	347
Friend loss	84.6368715083799	-1.6076599405522125	-2.2279435765124096	-0.9873763045920154	347
Friend loss	85.03351955307264	-1.599125299389476	-2.2243309350693337	-0.9739196637096184	347
Friend loss	85.43016759776536	-1.59059065822674	-2.220726957772102	-0.960454358681378	347
Friend loss	85.8268156424581	-1.5820560170640035	-2.2171314428179887	-0.9469805913100184	347
Friend loss	86.22346368715084	-1.573521375901267	-2.2135441942925365	-0.9334985575099974	347
Friend loss	86.62011173184358	-1.5649867347385307	-2.209965021969517	-0.9200084475075445	347
Friend loss	87.01675977653632	-1.5564520935757942	-2.2063937411183607	-0.9065104460332276	347
Friend loss	87.41340782122906	-1.547917452413058	-2.2028301723187638	-0.8930047325073519	347
Friend loss	87.8100558659218	-1.5393828112503214	-2.1992741412822054	-0.8794914812184375	347
Friend loss	88.20670391061454	-1.530848170087585	-2.1957254786800973	-0.8659708614950726	347
Friend loss	88.60335195530726	-1.5223135289248488	-2.1921840199783156	-0.8524430378713822	347
Friend loss	89.0	-1.5137788877621123	-2.188649605277858	-0.8389081702463668	347
Mean across six conditions	18.0	0.2092386817651509	0.027246716424577794	0.39123064710572397	347
Mean across six conditions	18.39664804469274	0.21293128087317068	0.032859401153229606	0.39300316059311174	347
Mean across six conditions	18.793296089385475	0.21662387998119034	0.038464430261189314	0.39478332970119134	347
Mean across six conditions	19.189944134078214	0.22031647908921012	0.04406155454947899	0.3965714036289413	347
Mean across six conditions	19.58659217877095	0.2240090781972298	0.04965051498397341	0.3983676414104862	347
Mean across six conditions	19.98324022346369	0.22770167730524946	0.05523104227311404	0.4001723123373849	347
Mean across six conditions	20.379888268156424	0.23139427641326923	0.0608028564288603	0.40198569639767817	347
Mean across six conditions	20.776536312849164	0.2350868755212889	0.06636566631059676	0.40380808473198104	347
Mean across six conditions	21.1731843575419	0.23877947462930857	0.07191916915178856	0.40563978010682855	347
Mean across six conditions	21.56983240223464	0.24247207373732835	0.07746305006923762	0.40748109740541905	347
Mean across six conditions	21.966480446927374	0.24616467284534801	0.08299698155490329	0.40933236413579277	347
Mean across six conditions	22.363128491620113	0.2498572719533678	0.08852062295034904	0.4111939209563865	347
Mean across six conditions	22.75977653631285	0.25354987106138743	0.09403361990400602	0.4130661222187688	347
Mean across six conditions	23.156424581005588	0.25724247016940716	0.09953560381160276	0.41494933652721155	347
Mean across six conditions	23.553072625698324	0.2609350692774269	0.10502619124027318	0.4168439473145806	347
Mean across six conditions	23.949720670391063	0.26462766838544655	0.11050498333706765	0.41875035343382544	347
Mean across six conditions	24.3463687150838	0.2683202674934662	0.11597156522281454	0.4206689697641179	347
Mean across six conditions	24.743016759776538	0.272012866601486	0.12142550537255162	0.4226002278304204	347
Mean across six conditions	25.139664804469273	0.27570546570950566	0.12686635498403948	0.42454457643497184	347
Mean across six conditions	25.536312849162012	0.27939806481752544	0.1322936473362217	0.42650248229882914	347
Mean across six conditions	25.932960893854748	0.2830906639255451	0.13770689713986908	0.42847443071122115	347
Mean across six conditions	26.329608938547487	0.2867832630335648	0.1431055998830871	0.4304609261840424	347
Mean across six conditions	26.726256983240226	0.29047586214158455	0.14848923117484716	0.43246249310832197	347
Mean across six conditions	27.122905027932962	0.2941684612496042	0.15385724609023455	0.4344796764089739	347
Mean across six conditions	27.519553072625698	0.2978610603576239	0.1592090785217143	0.4365130421935335	347
Mean across six conditions	27.916201117318437	0.30155365946564366	0.16454414054135863	0.4385631783899287	347
Mean across six conditions	28.312849162011176	0.30524625857366333	0.16986182177971448	0.4406306953676122	347
Mean across six conditions	28.70949720670391	0.3089388576816831	0.17516148882776406	0.44271622653560216	347
Mean across six conditions	29.106145251396647	0.3126314567897028	0.18044248466928592	0.44482042891011964	347
Mean across six conditions	29.502793296089386	0.31632405589772244	0.18570412815184098	0.4469439836436039	347
Mean across six conditions	29.899441340782126	0.3200166550057422	0.19094571350557987	0.4490875965059046	347
Mean across six conditions	30.29608938547486	0.3237092541137619	0.19616650992010157	0.45125199830742224	347
Mean across six conditions	30.692737430167597	0.32740185322178156	0.20136576119067875	0.4534379452528844	347
Mean across six conditions	31.089385474860336	0.33109445232980134	0.20654268544627652	0.45564621921332615	347
Mean across six conditions	31.486033519553075	0.3347870514378211	0.2116964749729459	0.4578776279026963	347
Mean across six conditions	31.88268156424581	0.3384796505458408	0.21682629614730903	0.46013300494437254	347
Mean across six conditions	32.279329608938546	0.34217224965386045	0.22193128949599134	0.46241320981172956	347
Mean across six conditions	32.675977653631286	0.34586484876188023	0.22701056989792906	0.4647191276258314	347
Mean across six conditions	33.072625698324025	0.3495574478698999	0.23206322694748344	0.46705166879231635	347
Mean across six conditions	33.46927374301676	0.35325004697791956	0.23708832549716086	0.46941176845867827	347
Mean across six conditions	33.865921787709496	0.35694264608593923	0.24208490639943286	0.4718003857724456	347
Mean across six conditions	34.262569832402235	0.360635245193959	0.24705198746763193	0.4742185029202861	347
Mean across six conditions	34.659217877094974	0.3643278443019788	0.2519885646760648	0.4766671239278928	347
Mean across six conditions	35.05586592178771	0.36802044340999845	0.25689361361932467	0.47914727320067224	347
Mean across six conditions	35.45251396648045	0.37171304251801823	0.26176609125017447	0.481659993785862	347
Mean across six conditions	35.849162011173185	0.3754056416260379	0.2666049379142791	0.4842063453377967	347
Mean across six conditions	36.245810055865924	0.37909824073405757	0.2714090796983883	0.48678740176972685	347
Mean across six conditions	36.642458100558656	0.38279083984207724	0.2761774311062585	0.489404248577896	347
Mean across six conditions	37.039106145251395	0.386483438950097	0.2809088980735802	0.4920579798266138	347
Mean across six conditions	37.435754189944134	0.3901760380581167	0.28560238132939764	0.4947496947868357	347
Mean across six conditions	37.832402234636874	0.39386863716613646	0.2902567801069335	0.4974804942253394	347
Mean across six conditions	38.22905027932961	0.3975612362741561	0.2948709962013553	0.500251476346957	347
Mean across six conditions	38.62569832402235	0.4012538353821759	0.2994439383658525	0.5030637323984993	347
Mean across six conditions	39.022346368715084	0.4049464344901956	0.30397452703048977	0.5059183419499014	347
Mean across six conditions	39.41899441340782	0.40863903359821524	0.30846169932074285	0.5088163678756876	347
Mean across six conditions	39.815642458100555	0.4123316327062349	0.31290441434455296	0.5117588510679169	347
Mean across six conditions	40.212290502793294	0.4160242318142547	0.3173016587083291	0.5147468049201802	347
Mean across six conditions	40.608938547486034	0.41971683092227435	0.3216524522137947	0.517781209630754	347
Mean across six conditions	41.00558659217877	0.42340943003029413	0.325955853679205	0.5208630063813833	347
Mean across six conditions	41.40223463687151	0.4271020291383138	0.33021096682053863	0.523993091456089	347
Mean across six conditions	41.79888268156425	0.4307946282463336	0.33441694612112066	0.5271723103715465	347
Mean across six conditions	42.19553072625698	0.43448722735435324	0.33857300261212714	0.5304014520965793	347
Mean across six conditions	42.59217877094972	0.4381798264623729	0.3426784094818487	0.5336812434428971	347
Mean across six conditions	42.988826815642454	0.4418724255703926	0.3467325074288164	0.5370123437119687	347
Mean across six conditions	43.385474860335194	0.44556502467841236	0.3507347096731582	0.5403953396836665	347
Mean across six conditions	43.78212290502793	0.449257623786432	0.3546845065420601	0.543830741030804	347
Mean across six conditions	44.17877094972067	0.4529502228944518	0.3585814695491215	0.5473189762397821	347
Mean across six conditions	44.57541899441341	0.45664282200247147	0.3624252548936889	0.550860389111254	347
Mean across six conditions	44.97206703910615	0.46033542111049125	0.366215606314901	0.5544552359060815	347
Mean across six conditions	45.36871508379889	0.4640280202185109	0.3699523572459516	0.5581036831910702	347
Mean across six conditions	45.76536312849162	0.4677206193265306	0.37363543222670625	0.5618058064263549	347
Mean across six conditions	46.16201117318436	0.47141321843455036	0.37726484754687406	0.5655615893222267	347
Mean across six conditions	46.55865921787709	0.47510581754257003	0.38084071110699613	0.5693709239781439	347
Mean across six conditions	46.95530726256983	0.4787984166505897	0.3843632215000064	0.5732336118011729	347
Mean across six conditions	47.35195530726257	0.4824910157586095	0.3878326663315279	0.577149365185691	347
Mean across six conditions	47.74860335195531	0.48618361486662914	0.39124941981183164	0.5811178099214266	347
Mean across six conditions	48.14525139664805	0.4898762139746489	0.3946139396659948	0.5851384882833031	347
Mean across six conditions	48.54189944134079	0.4935688130826687	0.39792676342079514	0.5892108627445423	347
Mean across six conditions	48.93854748603352	0.49726141219068826	0.4011885041369431	0.5933343202444333	347
Mean across six conditions	49.33519553072626	0.500954011298708	0.40439984566306825	0.5975081769343478	347
Mean across six conditions	49.73184357541899	0.5046466104067276	0.4075615374933398	0.6017316833201155	347
Mean across six conditions	50.12849162011173	0.5083392095147474	0.41067438931364764	0.6060040297158472	347
Mean across six conditions	50.52513966480447	0.5120318086227672	0.41373926532196237	0.610324351923572	347
Mean across six conditions	50.92178770949721	0.515724407730787	0.416757078407014	0.6146917370545599	347
Mean across six conditions	51.31843575418995	0.5194170068388066	0.4197287842659684	0.6191052294116449	347
Mean across six conditions	51.71508379888268	0.5231096059468263	0.4226553755366768	0.6235638363569758	347
Mean across six conditions	52.11173184357542	0.5268022050548461	0.4255378760136126	0.6280665340960796	347
Mean across six conditions	52.50837988826816	0.5304948041628658	0.428377335009155	0.6326122733165765	347
Mean across six conditions	52.9050279329609	0.5341874032708854	0.4311748219137569	0.637199984628014	347
Mean across six conditions	53.30167597765363	0.5378800023789051	0.4339314210000762	0.641828583757734	347
Mean across six conditions	53.69832402234637	0.541572601486925	0.4366482265076327	0.6464969764662173	347
Mean across six conditions	54.09497206703911	0.5452652005949447	0.4393263380362436	0.6512040631536458	347
Mean across six conditions	54.49162011173185	0.5489577997029643	0.4419668562685799	0.6559487431373487	347
Mean across six conditions	54.88826815642458	0.552650398810984	0.44457087903484893	0.660729918587119	347
Mean across six conditions	55.28491620111732	0.5563429979190037	0.4471394977259584	0.6655464981120489	347
Mean across six conditions	55.68156424581006	0.5600355970270235	0.4496737940556286	0.6703973999984185	347
Mean across six conditions	56.0782122905028	0.5637281961350432	0.4521748371668184	0.675281555103268	347
Mean across six conditions	56.47486033519554	0.5674207952430629	0.45464368107355463	0.6801979094125712	347
Mean across six conditions	56.87150837988827	0.5711133943510825	0.4570813624257366	0.6851454262764285	347
Mean across six conditions	57.26815642458101	0.5748059934591022	0.45948889858173375	0.6901230883364707	347
Mean across six conditions	57.66480446927375	0.5784985925671221	0.46186728597150434	0.6951298991627399	347
Mean across six conditions	58.061452513966486	0.5821911916751418	0.4642174987315113	0.7001648846187722	347
Mean across six conditions	58.45810055865922	0.5858837907831614	0.466540487591792	0.7052270939745309	347
Mean across six conditions	58.85474860335196	0.5895763898911811	0.4688371789950999	0.7103156007872623	347
Mean across six conditions	59.2513966480447	0.5932689889992008	0.47110847442799564	0.7154295035704059	347
Mean across six conditions	59.648044692737436	0.5969615881072207	0.47335524994405437	0.720567926270387	347
Mean across six conditions	60.04469273743017	0.6006541872152403	0.47557835585992003	0.7257300185705606	347
Mean across six conditions	60.44134078212291	0.60434678632326	0.4777786166056961	0.7309149560408239	347
Mean across six conditions	60.837988826815646	0.6080393854312797	0.4799568307120843	0.736121940150475	347
Mean across six conditions	61.234636871508386	0.6117319845392993	0.4821137709177198	0.7413501981608789	347
Mean across six conditions	61.63128491620112	0.615424583647319	0.48425018438124556	0.7465989829133924	347
Mean across six conditions	62.02793296089386	0.6191171827553389	0.48636679298380886	0.7518675725268689	347
Mean across six conditions	62.424581005586596	0.6228097818633586	0.4884642937088133	0.7571552700179038	347
Mean across six conditions	62.821229050279335	0.6265023809713782	0.49054335908689584	0.7624614028558606	347
Mean across six conditions	63.21787709497207	0.6301949800793979	0.49260463769520535	0.7677853224635904	347
Mean across six conditions	63.614525139664806	0.6338875791874176	0.49464875470112146	0.7731264036737137	347
Mean across six conditions	64.01117318435755	0.6375801782954374	0.4966763124415729	0.778484044149302	347
Mean across six conditions	64.40782122905028	0.6412727774034571	0.49868789103006095	0.7838576637768533	347
Mean across six conditions	64.80446927374302	0.6449653765114768	0.5006840489843959	0.7892467040385577	347
Mean across six conditions	65.20111731843576	0.6486579756194965	0.502665323868967	0.7946506273700259	347
Mean across six conditions	65.5977653631285	0.6523505747275163	0.5046322329461452	0.8000689165088875	347
Mean across six conditions	65.99441340782124	0.656043173835536	0.5065852738321011	0.805501073838971	347
Mean across six conditions	66.39106145251397	0.6597357729435557	0.5085249251529703	0.810946620734141	347
Mean across six conditions	66.7877094972067	0.6634283720515753	0.5104516471978563	0.8164050969052944	347
Mean across six conditions	67.18435754189944	0.667120971159595	0.5123658825656963	0.8218760597534938	347
Mean across six conditions	67.58100558659218	0.6708135702676147	0.5142680568034705	0.8273590837317588	347
Mean across six conditions	67.97765363128491	0.6745061693756343	0.5161585790336537	0.832853759717615	347
Mean across six conditions	68.37430167597765	0.6781987684836542	0.5180378425691762	0.8383596943981323	347
Mean across six conditions	68.77094972067039	0.6818913675916739	0.5199062255144874	0.8438765096688604	347
Mean across six conditions	69.16759776536313	0.6855839666996936	0.5217640913516097	0.8494038420477774	347
Mean across six conditions	69.56424581005587	0.6892765658077132	0.5236117895103082	0.8549413421051183	347
Mean across six conditions	69.9608938547486	0.6929691649157331	0.5254496559217392	0.860488673909727	347
Mean across six conditions	70.35754189944134	0.6966617640237528	0.5272780135551187	0.8660455144923869	347
Mean across six conditions	70.75418994413408	0.7003543631317725	0.529097172937129	0.8716115533264159	347
Mean across six conditions	71.15083798882682	0.7040469622397921	0.5309074326539112	0.8771864918256731	347
Mean across six conditions	71.54748603351956	0.707739561347812	0.5327090798356251	0.8827700428599989	347
Mean across six conditions	71.9441340782123	0.7114321604558317	0.534502390623652	0.8883619302880114	347
Mean across six conditions	72.34078212290504	0.7151247595638514	0.5362876306206138	0.8939618885070889	347
Mean across six conditions	72.73743016759778	0.718817358671871	0.5380650553234368	0.8995696620203052	347
Mean across six conditions	73.1340782122905	0.7225099577798907	0.5398349105397693	0.9051850050200121	347
Mean across six conditions	73.53072625698324	0.7262025568879104	0.541597432788093	0.9108076809877277	347
Mean across six conditions	73.92737430167598	0.7298951559959302	0.5433528496819215	0.9164374623099389	347
Mean across six conditions	74.32402234636872	0.7335877551039499	0.5451013802984963	0.9220741299094035	347
Mean across six conditions	74.72067039106145	0.7372803542119696	0.5468432355324262	0.927717472891513	347
Mean across six conditions	75.11731843575419	0.7409729533199892	0.548578618434725	0.9333672882052535	347
Mean across six conditions	75.51396648044692	0.7446655524280089	0.5503077245377178	0.9390233803183	347
Mean across six conditions	75.91061452513966	0.7483581515360286	0.5520307421662902	0.9446855609057669	347
Mean across six conditions	76.3072625698324	0.7520507506440485	0.5537478527359598	0.9503536485521371	347
Mean across six conditions	76.70391061452514	0.7557433497520681	0.55545923103825	0.9560274684658863	347
Mean across six conditions	77.10055865921788	0.7594359488600878	0.5571650455138379	0.9617068522063377	347
Mean across six conditions	77.49720670391062	0.7631285479681075	0.5588654585139499	0.9673916374222651	347
Mean across six conditions	77.89385474860336	0.7668211470761274	0.5605606265504621	0.9730816676017926	347
Mean across six conditions	78.2905027932961	0.770513746184147	0.5622507005351605	0.9787767918331336	347
Mean across six conditions	78.68715083798884	0.7742063452921667	0.5639358260086084	0.984476864575725	347
Mean across six conditions	79.08379888268158	0.7778989444001864	0.5656161433590403	0.9901817454413324	347
Mean across six conditions	79.4804469273743	0.781591543508206	0.5672917880317137	0.9958912989846984	347
Mean across six conditions	79.87709497206704	0.7852841426162257	0.5689628907291165	1.001605394503335	347
Mean across six conditions	80.27374301675978	0.7889767417242456	0.5706295776024279	1.0073239058460632	347
Mean across six conditions	80.67039106145252	0.7926693408322653	0.572291970434609	1.0130467112299215	347
Mean across six conditions	81.06703910614524	0.7963619399402849	0.5739501868154923	1.0187736930650777	347
Mean across six conditions	81.46368715083798	0.8000545390483046	0.5756043403092215	1.0245047377873877	347
Mean across six conditions	81.86033519553072	0.8037471381563243	0.5772545406143827	1.0302397356982658	347
Mean across six conditions	82.25698324022346	0.8074397372643439	0.578900893717147	1.0359785808115407	347
Mean across six conditions	82.6536312849162	0.8111323363723638	0.5805435020377491	1.0417211707069787	347
Mean across six conditions	83.05027932960894	0.8148249354803835	0.5821824645705884	1.0474674063901785	347
Mean across six conditions	83.44692737430168	0.8185175345884032	0.5838178770182539	1.0532171921585525	347
Mean across six conditions	83.84357541899442	0.8222101336964228	0.5854498319197358	1.0589704354731098	347
Mean across six conditions	84.24022346368716	0.8259027328044427	0.5870784187730975	1.064727046835788	347
Mean across six conditions	84.6368715083799	0.8295953319124624	0.5887037241528533	1.0704869396720715	347
Mean across six conditions	85.03351955307264	0.833287931020482	0.5903258318222984	1.0762500302186657	347
Mean across six conditions	85.43016759776536	0.8369805301285017	0.5919448228410149	1.0820162374159885	347
Mean across six conditions	85.8268156424581	0.8406731292365214	0.5935607756677814	1.0877854828052613	347
Mean across six conditions	86.22346368715084	0.8443657283445413	0.5951737662590897	1.0935576904299928	347
Mean across six conditions	86.62011173184358	0.8480583274525609	0.5967838681634717	1.09933278674165	347
Mean across six conditions	87.01675977653632	0.8517509265605806	0.5983911526118273	1.105110700509334	347
Mean across six conditions	87.41340782122906	0.8554435256686003	0.5999956886039368	1.1108913627332637	347
Mean across six conditions	87.8100558659218	0.8591361247766199	0.6015975429913307	1.1166747065619091	347
Mean across six conditions	88.20670391061454	0.8628287238846398	0.6031967805566786	1.122460667212601	347
Mean across six conditions	88.60335195530726	0.8665213229926595	0.6047934640898649	1.128249181895454	347
Mean across six conditions	89.0	0.8702139221006792	0.6063876544608915	1.1340401897404668	347
