sub,path,ones,age_demeaned,study_demeaned,flip_demeaned,tsnr_demeaned,fd_mean_demeaned,gender_M_demeaned,gender_F_demeaned,FminS_win_z_demeaned,age_x_FminS_win_z_demeaned
104,/gpfs/scratch/tug87422/smithlab-shared/sharedreward-aging/derivatives/fsl/sub-104/L2_task-sharedreward_model-1_type-REPLACEME_sm-5.gfeat/copeCOPENUM.feat/stats/cope1.nii.gz,1,-24.86805555555556,-0.8958333333333334,-0.7777777777777778,42.73415199220805,-0.1010499019202701,0.6076388888888888,-0.5902777777777778,-0.7012019428816559,17.437528871244513
107,/gpfs/scratch/tug87422/smithlab-shared/sharedreward-aging/derivatives/fsl/sub-107/L2_task-sharedreward_model-1_type-REPLACEME_sm-5.gfeat/copeCOPENUM.feat/stats/cope1.nii.gz,1,-21.86805555555556,-0.8958333333333334,-0.7777777777777778,49.041119068587854,-0.094172659789725,0.6076388888888888,-0.5902777777777778,-0.7012019428816559,15.333923042599547
108,/gpfs/scratch/tug87422/smithlab-shared/sharedreward-aging/derivatives/fsl/sub-108/L2_task-sharedreward_model-1_type-REPLACEME_sm-5.gfeat/copeCOPENUM.feat/stats/cope1.nii.gz,1,-23.86805555555556,-0.8958333333333334,-0.7777777777777778,17.279939004994652,-0.0311020230793051,-0.3923611111111111,0.4097222222222222,-0.4189856823665766,10.000373543707806
111,/gpfs/scratch/tug87422/smithlab-shared/sharedreward-aging/derivatives/fsl/sub-111/L1_task-sharedreward_model-1_type-REPLACEME_run-02_sm-5.feat/stats/copeCOPENUM.nii.gz,1,35.13194444444444,-0.8958333333333334,-0.7777777777777778,2.066307542456037,0.1730279827773135,0.6076388888888888,-0.5902777777777778,-0.7012019428816559,-24.63458770165484
112,/gpfs/scratch/tug87422/smithlab-shared/sharedreward-aging/derivatives/fsl/sub-112/L2_task-sharedreward_model-1_type-REPLACEME_sm-5.gfeat/copeCOPENUM.feat/stats/cope1.nii.gz,1,-21.86805555555556,-0.8958333333333334,-0.7777777777777778,42.58870848101257,-0.0560512715772439,-0.3923611111111111,0.4097222222222222,-0.7012019428816559,15.333923042599547
113,/gpfs/scratch/tug87422/smithlab-shared/sharedreward-aging/derivatives/fsl/sub-113/L2_task-sharedreward_model-1_type-REPLACEME_sm-5.gfeat/copeCOPENUM.feat/stats/cope1.nii.gz,1,-10.868055555555555,-0.8958333333333334,-0.7777777777777778,30.57778455289705,-0.0339189590503367,-0.3923611111111111,0.4097222222222222,-0.7012019428816559,7.620701670901331
115,/gpfs/scratch/tug87422/smithlab-shared/sharedreward-aging/derivatives/fsl/sub-115/L2_task-sharedreward_model-1_type-REPLACEME_sm-5.gfeat/copeCOPENUM.feat/stats/cope1.nii.gz,1,-23.86805555555556,-0.8958333333333334,-0.7777777777777778,50.49258990028799,-0.0366218909663902,-0.3923611111111111,0.4097222222222222,-0.7012019428816559,16.736326928362857
116,/gpfs/scratch/tug87422/smithlab-shared/sharedreward-aging/derivatives/fsl/sub-116/L2_task-sharedreward_model-1_type-REPLACEME_sm-5.gfeat/copeCOPENUM.feat/stats/cope1.nii.gz,1,-19.86805555555556,-0.8958333333333334,-0.7777777777777778,3.366876349162034,0.1079771755015977,-0.3923611111111111,0.4097222222222222,1.1027485243251327,-21.909468945098645
117,/gpfs/scratch/tug87422/smithlab-shared/sharedreward-aging/derivatives/fsl/sub-117/L2_task-sharedreward_model-1_type-REPLACEME_sm-5.gfeat/copeCOPENUM.feat/stats/cope1.nii.gz,1,-24.86805555555556,-0.8958333333333334,-0.7777777777777778,40.79426435866086,-0.0408720052433097,-0.3923611111111111,0.4097222222222222,-0.3969898669436195,9.87236606614654
121,/gpfs/scratch/tug87422/smithlab-shared/sharedreward-aging/derivatives/fsl/sub-121/L2_task-sharedreward_model-1_type-REPLACEME_sm-5.gfeat/copeCOPENUM.feat/stats/cope1.nii.gz,1,-24.86805555555556,-0.8958333333333334,-0.7777777777777778,55.60774691911107,-0.0764214358628414,-0.3923611111111111,0.4097222222222222,0.2033320908516348,-5.056473731525725
122,/gpfs/scratch/tug87422/smithlab-shared/sharedreward-aging/derivatives/fsl/sub-122/L2_task-sharedreward_model-1_type-REPLACEME_sm-5.gfeat/copeCOPENUM.feat/stats/cope1.nii.gz,1,-24.86805555555556,-0.8958333333333334,-0.7777777777777778,59.298532522476,-0.0436300577380489,-0.3923611111111111,0.4097222222222222,0.1389661075351499,-3.455816882523416
124,/gpfs/scratch/tug87422/smithlab-shared/sharedreward-aging/derivatives/fsl/sub-124/L2_task-sharedreward_model-1_type-REPLACEME_sm-5.gfeat/copeCOPENUM.feat/stats/cope1.nii.gz,1,-24.86805555555556,-0.8958333333333334,-0.7777777777777778,33.1649086527356,-0.0114334641129879,0.6076388888888888,-0.5902777777777778,-0.1348869290620453,3.354375645633225
125,/gpfs/scratch/tug87422/smithlab-shared/sharedreward-aging/derivatives/fsl/sub-125/L2_task-sharedreward_model-1_type-REPLACEME_sm-5.gfeat/copeCOPENUM.feat/stats/cope1.nii.gz,1,-23.86805555555556,-0.8958333333333334,-0.7777777777777778,57.12379927801127,-0.0767294306119292,-0.3923611111111111,0.4097222222222222,0.6663249746339993,-15.903881512618442
128,/gpfs/scratch/tug87422/smithlab-shared/sharedreward-aging/derivatives/fsl/sub-128/L2_task-sharedreward_model-1_type-REPLACEME_sm-5.gfeat/copeCOPENUM.feat/stats/cope1.nii.gz,1,18.131944444444443,-0.8958333333333334,-0.7777777777777778,26.600032989361047,0.1382384061421695,0.6076388888888888,-0.5902777777777778,0.3594582288981652,6.517676636479926
136,/gpfs/scratch/tug87422/smithlab-shared/sharedreward-aging/derivatives/fsl/sub-136/L2_task-sharedreward_model-1_type-REPLACEME_sm-5.gfeat/copeCOPENUM.feat/stats/cope1.nii.gz,1,20.131944444444443,-0.8958333333333334,-0.7777777777777778,31.407058706350348,-0.009792685767852,-0.3923611111111111,0.4097222222222222,-0.3114600614046774,-6.27029665286222
137,/gpfs/scratch/tug87422/smithlab-shared/sharedreward-aging/derivatives/fsl/sub-137/L2_task-sharedreward_model-1_type-REPLACEME_sm-5.gfeat/copeCOPENUM.feat/stats/cope1.nii.gz,1,27.131944444444443,-0.8958333333333334,-0.7777777777777778,34.816167588014345,0.0801940368544371,0.6076388888888888,-0.5902777777777778,-0.3832025788797481,-10.397031081133166
141,/gpfs/scratch/tug87422/smithlab-shared/sharedreward-aging/derivatives/fsl/sub-141/L2_task-sharedreward_model-1_type-REPLACEME_sm-5.gfeat/copeCOPENUM.feat/stats/cope1.nii.gz,1,31.131944444444443,-0.8958333333333334,-0.7777777777777778,45.39878641786678,-0.0061294894650909,-0.3923611111111111,0.4097222222222222,-0.7012019428816559,-21.82977993012822
142,/gpfs/scratch/tug87422/smithlab-shared/sharedreward-aging/derivatives/fsl/sub-142/L2_task-sharedreward_model-1_type-REPLACEME_sm-5.gfeat/copeCOPENUM.feat/stats/cope1.nii.gz,1,25.131944444444443,-0.8958333333333334,-0.7777777777777778,26.28346350476537,0.0929310161780758,-0.3923611111111111,0.4097222222222222,-0.0652032148778399,-1.6386835739090475
144,/gpfs/scratch/tug87422/smithlab-shared/sharedreward-aging/derivatives/fsl/sub-144/L2_task-sharedreward_model-1_type-REPLACEME_sm-5.gfeat/copeCOPENUM.feat/stats/cope1.nii.gz,1,27.131944444444443,-0.8958333333333334,-0.7777777777777778,0.9192594485536248,0.1947163896311806,0.6076388888888888,-0.5902777777777778,0.3594582288981652,9.752800696563414
147,/gpfs/scratch/tug87422/smithlab-shared/sharedreward-aging/derivatives/fsl/sub-147/L2_task-sharedreward_model-1_type-REPLACEME_sm-5.gfeat/copeCOPENUM.feat/stats/cope1.nii.gz,1,20.131944444444443,-0.8958333333333334,-0.7777777777777778,23.264275289857014,0.0389615612338296,-0.3923611111111111,0.4097222222222222,-0.7012019428816559,-14.116558558430002
149,/gpfs/scratch/tug87422/smithlab-shared/sharedreward-aging/derivatives/fsl/sub-149/L1_task-sharedreward_model-1_type-REPLACEME_run-02_sm-5.feat/stats/copeCOPENUM.nii.gz,1,21.131944444444443,-0.8958333333333334,-0.7777777777777778,10.882347522612385,0.1276818931586897,0.6076388888888888,-0.5902777777777778,-3.3844835158814037,-71.52071763074382
150,/gpfs/scratch/tug87422/smithlab-shared/sharedreward-aging/derivatives/fsl/sub-150/L2_task-sharedreward_model-1_type-REPLACEME_sm-5.gfeat/copeCOPENUM.feat/stats/cope1.nii.gz,1,-21.86805555555556,-0.8958333333333334,-0.7777777777777778,12.004171633761564,0.022916553084391,-0.3923611111111111,0.4097222222222222,1.0308488646872216,-22.54266024236153
151,/gpfs/scratch/tug87422/smithlab-shared/sharedreward-aging/derivatives/fsl/sub-151/L2_task-sharedreward_model-1_type-REPLACEME_sm-5.gfeat/copeCOPENUM.feat/stats/cope1.nii.gz,1,20.131944444444443,-0.8958333333333334,-0.7777777777777778,21.44217748470297,0.1633249418729551,-0.3923611111111111,0.4097222222222222,-0.0465482721736788,-0.9371072293853818
153,/gpfs/scratch/tug87422/smithlab-shared/sharedreward-aging/derivatives/fsl/sub-153/L2_task-sharedreward_model-1_type-REPLACEME_sm-5.gfeat/copeCOPENUM.feat/stats/cope1.nii.gz,1,-15.868055555555555,-0.8958333333333334,-0.7777777777777778,13.038899570081108,0.0958057205479423,0.6076388888888888,-0.5902777777777778,0.820075715629674,-13.013007015373647
154,/gpfs/scratch/tug87422/smithlab-shared/sharedreward-aging/derivatives/fsl/sub-154/L2_task-sharedreward_model-1_type-REPLACEME_sm-5.gfeat/copeCOPENUM.feat/stats/cope1.nii.gz,1,22.131944444444443,-0.8958333333333334,-0.7777777777777778,18.539886332134905,0.0665774732745817,-0.3923611111111111,0.4097222222222222,-0.2341025763847421,-5.181145214848424
155,/gpfs/scratch/tug87422/smithlab-shared/sharedreward-aging/derivatives/fsl/sub-155/L2_task-sharedreward_model-1_type-REPLACEME_sm-5.gfeat/copeCOPENUM.feat/stats/cope1.nii.gz,1,-14.868055555555555,-0.8958333333333334,-0.7777777777777778,34.759033503727245,-0.0789606827818115,0.6076388888888888,-0.5902777777777778,-0.7012019428816559,10.425509442427956
156,/gpfs/scratch/tug87422/smithlab-shared/sharedreward-aging/derivatives/fsl/sub-156/L2_task-sharedreward_model-1_type-REPLACEME_sm-5.gfeat/copeCOPENUM.feat/stats/cope1.nii.gz,1,-14.868055555555555,-0.8958333333333334,-0.7777777777777778,2.8282866177211545,0.0516670291874806,-0.3923611111111111,0.4097222222222222,-0.7012019428816559,10.425509442427956
157,/gpfs/scratch/tug87422/smithlab-shared/sharedreward-aging/derivatives/fsl/sub-157/L2_task-sharedreward_model-1_type-REPLACEME_sm-5.gfeat/copeCOPENUM.feat/stats/cope1.nii.gz,1,-19.86805555555556,-0.8958333333333334,-0.7777777777777778,8.88455571800629,-0.0202578955428592,0.6076388888888888,-0.5902777777777778,-0.7012019428816559,13.931519156836234
158,/gpfs/scratch/tug87422/smithlab-shared/sharedreward-aging/derivatives/fsl/sub-158/L2_task-sharedreward_model-1_type-REPLACEME_sm-5.gfeat/copeCOPENUM.feat/stats/cope1.nii.gz,1,-18.86805555555556,-0.8958333333333334,-0.7777777777777778,15.980446385237578,-0.0116266688919225,0.6076388888888888,-0.5902777777777778,0.2358406284499804,-4.449854079851368
159,/gpfs/scratch/tug87422/smithlab-shared/sharedreward-aging/derivatives/fsl/sub-159/L2_task-sharedreward_model-1_type-REPLACEME_sm-5.gfeat/copeCOPENUM.feat/stats/cope1.nii.gz,1,-20.86805555555556,-0.8958333333333334,-0.7777777777777778,44.61363333238448,-0.0813586227869637,-0.3923611111111111,0.4097222222222222,-0.4217540831820825,8.801187638626098
10317,/gpfs/scratch/tug87422/smithlab-shared/sharedreward-aging/derivatives/fsl/sub-10317/L2_task-sharedreward_model-1_type-REPLACEME_sm-5.gfeat/copeCOPENUM.feat/stats/cope1.nii.gz,1,18.131944444444443,0.1041666666666666,-0.7777777777777778,-16.898138887638503,0.0089648009366473,-0.3923611111111111,0.4097222222222222,-0.3139036082609142,-5.691682785897549
10369,/gpfs/scratch/tug87422/smithlab-shared/sharedreward-aging/derivatives/fsl/sub-10369/L2_task-sharedreward_model-1_type-REPLACEME_sm-5.gfeat/copeCOPENUM.feat/stats/cope1.nii.gz,1,-12.868055555555555,0.1041666666666666,-0.7777777777777778,-15.922498059557562,-0.05818821114728,0.6076388888888888,-0.5902777777777778,-0.4390907258833447,5.650243854596097
10402,/gpfs/scratch/tug87422/smithlab-shared/sharedreward-aging/derivatives/fsl/sub-10402/L2_task-sharedreward_model-1_type-REPLACEME_sm-5.gfeat/copeCOPENUM.feat/stats/cope1.nii.gz,1,-8.868055555555557,0.1041666666666666,-0.7777777777777778,-15.536746496142165,0.0079556876761988,0.6076388888888888,-0.5902777777777778,-0.7012019428816559,6.218297785138019
10462,/gpfs/scratch/tug87422/smithlab-shared/sharedreward-aging/derivatives/fsl/sub-10462/L1_task-sharedreward_model-1_type-REPLACEME_run-1_sm-5.feat/stats/copeCOPENUM.nii.gz,1,17.131944444444443,0.1041666666666666,-0.7777777777777778,-16.059142342459687,-0.0366721764452551,0.6076388888888888,-0.5902777777777778,-0.7012019428816559,-12.012952729785034
10486,/gpfs/scratch/tug87422/smithlab-shared/sharedreward-aging/derivatives/fsl/sub-10486/L2_task-sharedreward_model-1_type-REPLACEME_sm-5.gfeat/copeCOPENUM.feat/stats/cope1.nii.gz,1,-2.868055555555557,0.1041666666666666,-0.7777777777777778,-15.381865025014427,-0.0254235954006692,-0.3923611111111111,0.4097222222222222,-0.7012019428816559,2.011086127848084
10529,/gpfs/scratch/tug87422/smithlab-shared/sharedreward-aging/derivatives/fsl/sub-10529/L2_task-sharedreward_model-1_type-REPLACEME_sm-5.gfeat/copeCOPENUM.feat/stats/cope1.nii.gz,1,22.131944444444443,0.1041666666666666,-0.7777777777777778,-14.888407828792277,0.0158441310129062,0.6076388888888888,-0.5902777777777778,-0.7012019428816559,-15.518962444193315
10541,/gpfs/scratch/tug87422/smithlab-shared/sharedreward-aging/derivatives/fsl/sub-10541/L2_task-sharedreward_model-1_type-REPLACEME_sm-5.gfeat/copeCOPENUM.feat/stats/cope1.nii.gz,1,24.131944444444443,0.1041666666666666,-0.7777777777777778,-19.8231043709496,0.1566195933018262,0.6076388888888888,-0.5902777777777778,-0.3400443836243483,-8.205932174268128
10559,/gpfs/scratch/tug87422/smithlab-shared/sharedreward-aging/derivatives/fsl/sub-10559/L2_task-sharedreward_model-1_type-REPLACEME_sm-5.gfeat/copeCOPENUM.feat/stats/cope1.nii.gz,1,-16.868055555555557,0.1041666666666666,-0.7777777777777778,-19.22302683900883,0.0583099643354357,0.6076388888888888,-0.5902777777777778,-0.7012019428816559,11.827913328191269
10572,/gpfs/scratch/tug87422/smithlab-shared/sharedreward-aging/derivatives/fsl/sub-10572/L2_task-sharedreward_model-1_type-REPLACEME_sm-5.gfeat/copeCOPENUM.feat/stats/cope1.nii.gz,1,25.131944444444443,0.1041666666666666,-0.7777777777777778,-20.126427389430624,0.124433553738779,-0.3923611111111111,0.4097222222222222,-0.7012019428816559,-17.622568272838283
10584,/gpfs/scratch/tug87422/smithlab-shared/sharedreward-aging/derivatives/fsl/sub-10584/L1_task-sharedreward_model-1_type-REPLACEME_run-1_sm-5.feat/stats/copeCOPENUM.nii.gz,1,4.131944444444443,0.1041666666666666,-0.7777777777777778,-16.066690817399227,-0.061645704628394,-0.3923611111111111,0.4097222222222222,-0.7012019428816559,-2.897327472323508
10585,/gpfs/scratch/tug87422/smithlab-shared/sharedreward-aging/derivatives/fsl/sub-10585/L2_task-sharedreward_model-1_type-REPLACEME_sm-5.gfeat/copeCOPENUM.feat/stats/cope1.nii.gz,1,18.131944444444443,0.1041666666666666,-0.7777777777777778,-18.44966819886425,0.0682241762242375,-0.3923611111111111,0.4097222222222222,-0.7012019428816559,-12.714154672666693
10589,/gpfs/scratch/tug87422/smithlab-shared/sharedreward-aging/derivatives/fsl/sub-10589/L2_task-sharedreward_model-1_type-REPLACEME_sm-5.gfeat/copeCOPENUM.feat/stats/cope1.nii.gz,1,-10.868055555555555,0.1041666666666666,-0.7777777777777778,-16.386973664263074,-0.0625386265262027,0.6076388888888888,-0.5902777777777778,0.3450268058127178,-3.7497704937284966
10590,/gpfs/scratch/tug87422/smithlab-shared/sharedreward-aging/derivatives/fsl/sub-10590/L2_task-sharedreward_model-1_type-REPLACEME_sm-5.gfeat/copeCOPENUM.feat/stats/cope1.nii.gz,1,11.131944444444445,0.1041666666666666,-0.7777777777777778,-13.285950281115523,-0.0385368729536897,-0.3923611111111111,0.4097222222222222,-0.08317049973213,-0.9258493824347536
10596,/gpfs/scratch/tug87422/smithlab-shared/sharedreward-aging/derivatives/fsl/sub-10596/L2_task-sharedreward_model-1_type-REPLACEME_sm-5.gfeat/copeCOPENUM.feat/stats/cope1.nii.gz,1,-17.868055555555557,0.1041666666666666,-0.7777777777777778,-14.934746133203896,0.0735888370281974,-0.3923611111111111,0.4097222222222222,0.3503692852249186,-6.260417853359137
10603,/gpfs/scratch/tug87422/smithlab-shared/sharedreward-aging/derivatives/fsl/sub-10603/L1_task-sharedreward_model-1_type-REPLACEME_run-1_sm-5.feat/stats/copeCOPENUM.nii.gz,1,24.131944444444443,0.1041666666666666,-0.7777777777777778,-15.680799317004436,0.0296406485621767,-0.3923611111111111,0.4097222222222222,-0.7012019428816559,-16.921366329956626
10608,/gpfs/scratch/tug87422/smithlab-shared/sharedreward-aging/derivatives/fsl/sub-10608/L1_task-sharedreward_model-1_type-REPLACEME_run-1_sm-5.feat/stats/copeCOPENUM.nii.gz,1,-15.868055555555555,0.1041666666666666,-0.7777777777777778,-11.698308990493691,-0.044574996241826,-0.3923611111111111,0.4097222222222222,0.2173567106620356,-3.4490283601579965
10617,/gpfs/scratch/tug87422/smithlab-shared/sharedreward-aging/derivatives/fsl/sub-10617/L1_task-sharedreward_model-1_type-REPLACEME_run-1_sm-5.feat/stats/copeCOPENUM.nii.gz,1,28.131944444444443,0.1041666666666666,-0.7777777777777778,-16.68207364475196,0.0423669218796227,-0.3923611111111111,0.4097222222222222,-0.7012019428816559,-19.72617410148325
10636,/gpfs/scratch/tug87422/smithlab-shared/sharedreward-aging/derivatives/fsl/sub-10636/L2_task-sharedreward_model-1_type-REPLACEME_sm-5.gfeat/copeCOPENUM.feat/stats/cope1.nii.gz,1,-17.868055555555557,0.1041666666666666,-0.7777777777777778,-16.236488238948674,-0.0308281766733066,-0.3923611111111111,0.4097222222222222,-0.0652032148778398,1.1650546658380694
10638,/gpfs/scratch/tug87422/smithlab-shared/sharedreward-aging/derivatives/fsl/sub-10638/L2_task-sharedreward_model-1_type-REPLACEME_sm-5.gfeat/copeCOPENUM.feat/stats/cope1.nii.gz,1,27.131944444444443,0.1041666666666666,-0.7777777777777778,-13.981431929609547,0.0010286404150741,-0.3923611111111111,0.4097222222222222,-0.7012019428816559,-19.0249721586016
10640,/gpfs/scratch/tug87422/smithlab-shared/sharedreward-aging/derivatives/fsl/sub-10640/L2_task-sharedreward_model-1_type-REPLACEME_sm-5.gfeat/copeCOPENUM.feat/stats/cope1.nii.gz,1,-13.868055555555555,0.1041666666666666,0.2222222222222222,-2.582780753535495,-0.0882889039717269,-0.3923611111111111,0.4097222222222222,0.6404388436182179,-8.881641463233203
10641,/gpfs/scratch/tug87422/smithlab-shared/sharedreward-aging/derivatives/fsl/sub-10641/L1_task-sharedreward_model-1_type-REPLACEME_run-1_sm-5.feat/stats/copeCOPENUM.nii.gz,1,-0.8680555555555571,0.1041666666666666,-0.7777777777777778,-15.982533179613108,0.0381208374982735,-0.3923611111111111,0.4097222222222222,0.394243172128676,-0.342224975806143
10642,/gpfs/scratch/tug87422/smithlab-shared/sharedreward-aging/derivatives/fsl/sub-10642/L2_task-sharedreward_model-1_type-REPLACEME_sm-5.gfeat/copeCOPENUM.feat/stats/cope1.nii.gz,1,-12.868055555555555,0.1041666666666666,0.2222222222222222,-0.3395791116457403,0.0689468857174083,-0.3923611111111111,0.4097222222222222,0.2911701806742924,-3.746794061037944
10644,/gpfs/scratch/tug87422/smithlab-shared/sharedreward-aging/derivatives/fsl/sub-10644/L2_task-sharedreward_model-1_type-REPLACEME_sm-5.gfeat/copeCOPENUM.feat/stats/cope1.nii.gz,1,24.131944444444443,0.1041666666666666,-0.7777777777777778,-20.024745734623444,0.0076668016103822,-0.3923611111111111,0.4097222222222222,1.0308488646872211,24.876387533250647
10647,/gpfs/scratch/tug87422/smithlab-shared/sharedreward-aging/derivatives/fsl/sub-10647/L2_task-sharedreward_model-1_type-REPLACEME_sm-5.gfeat/copeCOPENUM.feat/stats/cope1.nii.gz,1,-20.86805555555556,0.1041666666666666,0.2222222222222222,2.4672800872537337,-0.0760990933970161,-0.3923611111111111,0.4097222222222222,-2.145832179910886,44.77934514327926
10649,/gpfs/scratch/tug87422/smithlab-shared/sharedreward-aging/derivatives/fsl/sub-10649/L2_task-sharedreward_model-1_type-REPLACEME_sm-5.gfeat/copeCOPENUM.feat/stats/cope1.nii.gz,1,18.131944444444443,0.1041666666666666,-0.7777777777777778,-18.74854734209324,0.0556857699929092,-0.3923611111111111,0.4097222222222222,-0.7012019428816559,-12.714154672666693
10652,/gpfs/scratch/tug87422/smithlab-shared/sharedreward-aging/derivatives/fsl/sub-10652/L2_task-sharedreward_model-1_type-REPLACEME_sm-5.gfeat/copeCOPENUM.feat/stats/cope1.nii.gz,1,25.131944444444443,0.1041666666666666,-0.7777777777777778,-13.556995169940215,-0.0052633680842752,-0.3923611111111111,0.4097222222222222,1.6342948896029128,41.07300837133987
10656,/gpfs/scratch/tug87422/smithlab-shared/sharedreward-aging/derivatives/fsl/sub-10656/L2_task-sharedreward_model-1_type-REPLACEME_sm-5.gfeat/copeCOPENUM.feat/stats/cope1.nii.gz,1,-23.86805555555556,0.1041666666666666,-0.7777777777777778,-16.593976734333715,-0.0598194400937138,0.6076388888888888,-0.5902777777777778,-0.0888295071858614,2.120187612484763
10657,/gpfs/scratch/tug87422/smithlab-shared/sharedreward-aging/derivatives/fsl/sub-10657/L2_task-sharedreward_model-1_type-REPLACEME_sm-5.gfeat/copeCOPENUM.feat/stats/cope1.nii.gz,1,14.131944444444445,0.1041666666666666,-0.7777777777777778,-18.47702379784854,0.1086082394481662,0.6076388888888888,-0.5902777777777778,-0.7012019428816559,-9.909346901140069
10661,/gpfs/scratch/tug87422/smithlab-shared/sharedreward-aging/derivatives/fsl/sub-10661/L2_task-sharedreward_model-1_type-REPLACEME_sm-5.gfeat/copeCOPENUM.feat/stats/cope1.nii.gz,1,5.131944444444443,0.1041666666666666,-0.7777777777777778,-14.597459689288677,-0.085695999296108,0.6076388888888888,-0.5902777777777778,-0.7012019428816559,-3.598529415205164
10663,/gpfs/scratch/tug87422/smithlab-shared/sharedreward-aging/derivatives/fsl/sub-10663/L2_task-sharedreward_model-1_type-REPLACEME_sm-5.gfeat/copeCOPENUM.feat/stats/cope1.nii.gz,1,-22.86805555555556,0.1041666666666666,-0.7777777777777778,-13.742757648386338,-0.0066313065977941,-0.3923611111111111,0.4097222222222222,-0.411180996167957,9.402909863757518
10668,/gpfs/scratch/tug87422/smithlab-shared/sharedreward-aging/derivatives/fsl/sub-10668/L1_task-sharedreward_model-1_type-REPLACEME_run-1_sm-5.feat/stats/copeCOPENUM.nii.gz,1,-7.868055555555557,0.1041666666666666,0.2222222222222222,-4.332377998780736,-0.1004121748940582,-0.3923611111111111,0.4097222222222222,-0.7012019428816559,5.517095842256364
10673,/gpfs/scratch/tug87422/smithlab-shared/sharedreward-aging/derivatives/fsl/sub-10673/L2_task-sharedreward_model-1_type-REPLACEME_sm-5.gfeat/copeCOPENUM.feat/stats/cope1.nii.gz,1,3.131944444444443,0.1041666666666666,-0.7777777777777778,-15.276663393986688,0.1347054211406143,-0.3923611111111111,0.4097222222222222,0.1229614408104781,0.3851084014272611
10674,/gpfs/scratch/tug87422/smithlab-shared/sharedreward-aging/derivatives/fsl/sub-10674/L2_task-sharedreward_model-1_type-REPLACEME_sm-5.gfeat/copeCOPENUM.feat/stats/cope1.nii.gz,1,-11.868055555555555,0.1041666666666666,-0.7777777777777778,-15.103971947199476,-0.061660135689389,0.6076388888888888,-0.5902777777777778,-0.3290977391140305,3.905750251013044
10677,/gpfs/scratch/tug87422/smithlab-shared/sharedreward-aging/derivatives/fsl/sub-10677/L2_task-sharedreward_model-1_type-REPLACEME_sm-5.gfeat/copeCOPENUM.feat/stats/cope1.nii.gz,1,-11.868055555555555,0.1041666666666666,-0.7777777777777778,-19.718592184636087,0.0301056258140833,-0.3923611111111111,0.4097222222222222,1.0308488646872216,-12.234171595489318
10685,/gpfs/scratch/tug87422/smithlab-shared/sharedreward-aging/derivatives/fsl/sub-10685/L2_task-sharedreward_model-1_type-REPLACEME_sm-5.gfeat/copeCOPENUM.feat/stats/cope1.nii.gz,1,-10.868055555555555,0.1041666666666666,0.2222222222222222,-9.49830112098092,-0.0546481171264061,0.6076388888888888,-0.5902777777777778,1.982079630118092,-21.54135153565844
10690,/gpfs/scratch/tug87422/smithlab-shared/sharedreward-aging/derivatives/fsl/sub-10690/L2_task-sharedreward_model-1_type-REPLACEME_sm-5.gfeat/copeCOPENUM.feat/stats/cope1.nii.gz,1,11.131944444444445,0.1041666666666666,0.2222222222222222,-5.033241335342915,0.0600754133001046,-0.3923611111111111,0.4097222222222222,-0.7012019428816559,-7.805741072495099
10691,/gpfs/scratch/tug87422/smithlab-shared/sharedreward-aging/derivatives/fsl/sub-10691/L2_task-sharedreward_model-1_type-REPLACEME_sm-5.gfeat/copeCOPENUM.feat/stats/cope1.nii.gz,1,13.131944444444445,0.1041666666666666,-0.7777777777777778,-14.14522016943041,-0.0308074253143032,-0.3923611111111111,0.4097222222222222,-0.1211600494542578,-1.5910670383194552
10701,/gpfs/scratch/tug87422/smithlab-shared/sharedreward-aging/derivatives/fsl/sub-10701/L2_task-sharedreward_model-1_type-REPLACEME_sm-5.gfeat/copeCOPENUM.feat/stats/cope1.nii.gz,1,-17.868055555555557,0.1041666666666666,-0.7777777777777778,-15.119097293860555,-0.106627426041,0.6076388888888888,-0.5902777777777778,-0.4448946455666275,7.9494022433537
10713,/gpfs/scratch/tug87422/smithlab-shared/sharedreward-aging/derivatives/fsl/sub-10713/L2_task-sharedreward_model-1_type-REPLACEME_sm-5.gfeat/copeCOPENUM.feat/stats/cope1.nii.gz,1,26.131944444444443,0.1041666666666666,0.2222222222222222,-10.009820025862004,0.170421448405768,-0.3923611111111111,0.4097222222222222,-0.7012019428816559,-18.32377021571994
10716,/gpfs/scratch/tug87422/smithlab-shared/sharedreward-aging/derivatives/fsl/sub-10716/L2_task-sharedreward_model-1_type-REPLACEME_sm-5.gfeat/copeCOPENUM.feat/stats/cope1.nii.gz,1,24.131944444444443,0.1041666666666666,0.2222222222222222,-1.0862315032685146,-0.0104115787963091,0.6076388888888888,-0.5902777777777778,1.0308488646872211,24.876387533250647
10718,/gpfs/scratch/tug87422/smithlab-shared/sharedreward-aging/derivatives/fsl/sub-10718/L2_task-sharedreward_model-1_type-REPLACEME_sm-5.gfeat/copeCOPENUM.feat/stats/cope1.nii.gz,1,-16.868055555555557,0.1041666666666666,0.2222222222222222,-9.17603491664007,0.0744185019479741,-0.3923611111111111,-0.5902777777777778,1.206794241129792,-20.356272303501843
10720,/gpfs/scratch/tug87422/smithlab-shared/sharedreward-aging/derivatives/fsl/sub-10720/L2_task-sharedreward_model-1_type-REPLACEME_sm-5.gfeat/copeCOPENUM.feat/stats/cope1.nii.gz,1,-11.868055555555555,0.1041666666666666,0.2222222222222222,6.066932517354566,-0.0749648613244989,-0.3923611111111111,0.4097222222222222,0.82279958112063,-9.765031139827478
10723,/gpfs/scratch/tug87422/smithlab-shared/sharedreward-aging/derivatives/fsl/sub-10723/L2_task-sharedreward_model-1_type-REPLACEME_sm-5.gfeat/copeCOPENUM.feat/stats/cope1.nii.gz,1,-23.86805555555556,0.1041666666666666,-0.7777777777777778,-17.96252953177858,-0.0539604054253002,0.6076388888888888,-0.5902777777777778,-1.070476415819654,25.55019056369549
10741,/gpfs/scratch/tug87422/smithlab-shared/sharedreward-aging/derivatives/fsl/sub-10741/L2_task-sharedreward_model-1_type-REPLACEME_sm-5.gfeat/copeCOPENUM.feat/stats/cope1.nii.gz,1,-8.868055555555557,0.1041666666666666,-0.7777777777777778,-17.77329330371534,0.0242309805870306,-0.3923611111111111,0.4097222222222222,0.1229614408104784,-1.0904288882984792
10748,/gpfs/scratch/tug87422/smithlab-shared/sharedreward-aging/derivatives/fsl/sub-10748/L2_task-sharedreward_model-1_type-REPLACEME_sm-5.gfeat/copeCOPENUM.feat/stats/cope1.nii.gz,1,-11.868055555555555,0.1041666666666666,0.2222222222222222,0.9412982240498096,-0.0817295551220076,-0.3923611111111111,0.4097222222222222,-0.7012019428816559,8.321903613782988
10767,/gpfs/scratch/tug87422/smithlab-shared/sharedreward-aging/derivatives/fsl/sub-10767/L2_task-sharedreward_model-1_type-REPLACEME_sm-5.gfeat/copeCOPENUM.feat/stats/cope1.nii.gz,1,-19.86805555555556,0.1041666666666666,0.2222222222222222,-0.8128259169573866,-0.0850945671974041,-0.3923611111111111,0.4097222222222222,-0.2341025763847421,4.651162993310745
10770,/gpfs/scratch/tug87422/smithlab-shared/sharedreward-aging/derivatives/fsl/sub-10770/L2_task-sharedreward_model-1_type-REPLACEME_sm-5.gfeat/copeCOPENUM.feat/stats/cope1.nii.gz,1,19.131944444444443,0.1041666666666666,0.2222222222222222,-11.190811173303096,0.054327767802444,0.6076388888888888,-0.5902777777777778,1.0308488646872211,19.722143209814543
10777,/gpfs/scratch/tug87422/smithlab-shared/sharedreward-aging/derivatives/fsl/sub-10777/L2_task-sharedreward_model-1_type-REPLACEME_sm-5.gfeat/copeCOPENUM.feat/stats/cope1.nii.gz,1,-6.868055555555557,0.1041666666666666,0.2222222222222222,-2.605168535938297,-0.0420750425565231,0.6076388888888888,-0.5902777777777778,-0.0272147953195792,0.1869127261879437
10781,/gpfs/scratch/tug87422/smithlab-shared/sharedreward-aging/derivatives/fsl/sub-10781/L2_task-sharedreward_model-1_type-REPLACEME_sm-5.gfeat/copeCOPENUM.feat/stats/cope1.nii.gz,1,-7.868055555555557,0.1041666666666666,0.2222222222222222,-4.3652390081081975,-0.0855093571375633,0.6076388888888888,-0.5902777777777778,0.312983162792564,-2.4625689128053825
10783,/gpfs/scratch/tug87422/smithlab-shared/sharedreward-aging/derivatives/fsl/sub-10783/L2_task-sharedreward_model-1_type-REPLACEME_sm-5.gfeat/copeCOPENUM.feat/stats/cope1.nii.gz,1,6.131944444444443,0.1041666666666666,0.2222222222222222,-3.729641117894367,0.1366261949661749,-0.3923611111111111,0.4097222222222222,-0.7012019428816559,-4.299731358086819
10785,/gpfs/scratch/tug87422/smithlab-shared/sharedreward-aging/derivatives/fsl/sub-10785/L2_task-sharedreward_model-1_type-REPLACEME_sm-5.gfeat/copeCOPENUM.feat/stats/cope1.nii.gz,1,16.131944444444443,0.1041666666666666,0.2222222222222222,-3.7170110815607913,0.0200176287926281,-0.3923611111111111,0.4097222222222222,-0.0542053036610254,-0.8744369472539042
10794,/gpfs/scratch/tug87422/smithlab-shared/sharedreward-aging/derivatives/fsl/sub-10794/L2_task-sharedreward_model-1_type-REPLACEME_sm-5.gfeat/copeCOPENUM.feat/stats/cope1.nii.gz,1,-5.868055555555557,0.1041666666666666,0.2222222222222222,-3.2735658198183373,-0.1202809711962245,0.6076388888888888,-0.5902777777777778,1.3500884333918275,-7.922393932056213
10800,/gpfs/scratch/tug87422/smithlab-shared/sharedreward-aging/derivatives/fsl/sub-10800/L2_task-sharedreward_model-1_type-REPLACEME_sm-5.gfeat/copeCOPENUM.feat/stats/cope1.nii.gz,1,-18.86805555555556,0.1041666666666666,0.2222222222222222,-11.785592724784088,-0.0024987768428134,-0.3923611111111111,0.4097222222222222,-1.0008276445450095,18.88367159881105
10801,/gpfs/scratch/tug87422/smithlab-shared/sharedreward-aging/derivatives/fsl/sub-10801/L2_task-sharedreward_model-1_type-REPLACEME_sm-5.gfeat/copeCOPENUM.feat/stats/cope1.nii.gz,1,-10.868055555555555,0.1041666666666666,0.2222222222222222,-4.479213695664235,-0.0011632196872965,-0.3923611111111111,0.4097222222222222,-0.7012019428816559,7.620701670901331
10802,/gpfs/scratch/tug87422/smithlab-shared/sharedreward-aging/derivatives/fsl/sub-10802/L2_task-sharedreward_model-1_type-REPLACEME_sm-5.gfeat/copeCOPENUM.feat/stats/cope1.nii.gz,1,-2.868055555555557,0.1041666666666666,0.2222222222222222,-7.568427146569171,-0.0423218589591974,-0.3923611111111111,0.4097222222222222,-0.7012019428816559,2.011086127848084
10804,/gpfs/scratch/tug87422/smithlab-shared/sharedreward-aging/derivatives/fsl/sub-10804/L2_task-sharedreward_model-1_type-REPLACEME_sm-5.gfeat/copeCOPENUM.feat/stats/cope1.nii.gz,1,-19.86805555555556,0.1041666666666666,0.2222222222222222,2.8648790916373983,-0.0511075342118639,-0.3923611111111111,0.4097222222222222,-1.8300669849419728,36.35987252721517
10806,/gpfs/scratch/tug87422/smithlab-shared/sharedreward-aging/derivatives/fsl/sub-10806/L2_task-sharedreward_model-1_type-REPLACEME_sm-5.gfeat/copeCOPENUM.feat/stats/cope1.nii.gz,1,-17.868055555555557,0.1041666666666666,0.2222222222222222,-17.853234198275764,0.1427696967913739,0.6076388888888888,-0.5902777777777778,-0.7012019428816559,12.529115271072923
10809,/gpfs/scratch/tug87422/smithlab-shared/sharedreward-aging/derivatives/fsl/sub-10809/L1_task-sharedreward_model-1_type-REPLACEME_run-2_sm-5.feat/stats/copeCOPENUM.nii.gz,1,23.131944444444443,0.1041666666666666,0.2222222222222222,2.677028078196294,-0.0962363094549307,0.6076388888888888,-0.5902777777777778,0.203332090851635,4.703466629352753
10812,/gpfs/scratch/tug87422/smithlab-shared/sharedreward-aging/derivatives/fsl/sub-10812/L2_task-sharedreward_model-1_type-REPLACEME_sm-5.gfeat/copeCOPENUM.feat/stats/cope1.nii.gz,1,17.131944444444443,0.1041666666666666,0.2222222222222222,-7.92992989757871,-0.0176755367193959,0.6076388888888888,-0.5902777777777778,-0.7012019428816559,-12.012952729785034
10831,/gpfs/scratch/tug87422/smithlab-shared/sharedreward-aging/derivatives/fsl/sub-10831/L2_task-sharedreward_model-1_type-REPLACEME_sm-5.gfeat/copeCOPENUM.feat/stats/cope1.nii.gz,1,-19.86805555555556,0.1041666666666666,0.2222222222222222,-9.638902866903967,0.1288015202323194,-0.3923611111111111,0.4097222222222222,0.975849040243186,-19.388222945387188
10843,/gpfs/scratch/tug87422/smithlab-shared/sharedreward-aging/derivatives/fsl/sub-10843/L2_task-sharedreward_model-1_type-REPLACEME_sm-5.gfeat/copeCOPENUM.feat/stats/cope1.nii.gz,1,-17.868055555555557,0.1041666666666666,0.2222222222222222,5.310079351958542,-0.0600806324431148,0.6076388888888888,-0.5902777777777778,-0.7012019428816559,12.529115271072923
10850,/gpfs/scratch/tug87422/smithlab-shared/sharedreward-aging/derivatives/fsl/sub-10850/L2_task-sharedreward_model-1_type-REPLACEME_sm-5.gfeat/copeCOPENUM.feat/stats/cope1.nii.gz,1,-12.868055555555555,0.1041666666666666,0.2222222222222222,2.59260727496045,-0.0955514043447515,-0.3923611111111111,-0.5902777777777778,-0.411180996167957,5.291099902077948
10854,/gpfs/scratch/tug87422/smithlab-shared/sharedreward-aging/derivatives/fsl/sub-10854/L2_task-sharedreward_model-1_type-REPLACEME_sm-5.gfeat/copeCOPENUM.feat/stats/cope1.nii.gz,1,1.1319444444444429,0.1041666666666666,0.2222222222222222,-4.108278844022003,-0.0439400200695999,-0.3923611111111111,0.4097222222222222,-0.7012019428816559,-0.79372164367854
10857,/gpfs/scratch/tug87422/smithlab-shared/sharedreward-aging/derivatives/fsl/sub-10857/L2_task-sharedreward_model-1_type-REPLACEME_sm-5.gfeat/copeCOPENUM.feat/stats/cope1.nii.gz,1,-22.86805555555556,0.1041666666666666,0.2222222222222222,-7.108387201453603,0.0091347616159728,0.6076388888888888,-0.5902777777777778,0.1719263072491428,-3.931620345634912
10858,/gpfs/scratch/tug87422/smithlab-shared/sharedreward-aging/derivatives/fsl/sub-10858/L2_task-sharedreward_model-1_type-REPLACEME_sm-5.gfeat/copeCOPENUM.feat/stats/cope1.nii.gz,1,35.13194444444444,0.1041666666666666,0.2222222222222222,-14.743936517083364,0.0614117870647741,0.6076388888888888,-0.5902777777777778,1.3739414487165678,48.269234646229975
10862,/gpfs/scratch/tug87422/smithlab-shared/sharedreward-aging/derivatives/fsl/sub-10862/L2_task-sharedreward_model-1_type-REPLACEME_sm-5.gfeat/copeCOPENUM.feat/stats/cope1.nii.gz,1,15.131944444444445,0.1041666666666666,0.2222222222222222,-8.480901344836035,-0.00969954491432,0.6076388888888888,-0.5902777777777778,-0.7012019428816559,-10.610548844021723
10863,/gpfs/scratch/tug87422/smithlab-shared/sharedreward-aging/derivatives/fsl/sub-10863/L2_task-sharedreward_model-1_type-REPLACEME_sm-5.gfeat/copeCOPENUM.feat/stats/cope1.nii.gz,1,-2.868055555555557,0.1041666666666666,0.2222222222222222,-5.297922915237301,-0.0394936414944218,0.6076388888888888,-0.5902777777777778,-0.7012019428816559,2.011086127848084
10875,/gpfs/scratch/tug87422/smithlab-shared/sharedreward-aging/derivatives/fsl/sub-10875/L2_task-sharedreward_model-1_type-REPLACEME_sm-5.gfeat/copeCOPENUM.feat/stats/cope1.nii.gz,1,-12.868055555555555,0.1041666666666666,0.2222222222222222,-9.59455404911963,-0.0278051228911747,0.6076388888888888,-0.5902777777777778,1.6342948896029128,-21.03019743357082
10887,/gpfs/scratch/tug87422/smithlab-shared/sharedreward-aging/derivatives/fsl/sub-10887/L2_task-sharedreward_model-1_type-REPLACEME_sm-5.gfeat/copeCOPENUM.feat/stats/cope1.nii.gz,1,-9.868055555555555,0.1041666666666666,0.2222222222222222,-19.33230909098014,0.1167461865298663,-0.3923611111111111,0.4097222222222222,-0.7012019428816559,6.919499728019676
10896,/gpfs/scratch/tug87422/smithlab-shared/sharedreward-aging/derivatives/fsl/sub-10896/L2_task-sharedreward_model-1_type-REPLACEME_sm-5.gfeat/copeCOPENUM.feat/stats/cope1.nii.gz,1,-16.868055555555557,0.1041666666666666,0.2222222222222222,-3.5303680210602906,0.0062429337357191,-0.3923611111111111,0.4097222222222222,-0.7012019428816559,11.827913328191269
10897,/gpfs/scratch/tug87422/smithlab-shared/sharedreward-aging/derivatives/fsl/sub-10897/L1_task-sharedreward_model-1_type-REPLACEME_run-1_sm-5.feat/stats/copeCOPENUM.nii.gz,1,-13.868055555555555,0.1041666666666666,0.2222222222222222,-9.55848323482163,-0.0278759151898873,-0.3923611111111111,0.4097222222222222,0.470498255945759,-6.524895952247784
10898,/gpfs/scratch/tug87422/smithlab-shared/sharedreward-aging/derivatives/fsl/sub-10898/L2_task-sharedreward_model-1_type-REPLACEME_sm-5.gfeat/copeCOPENUM.feat/stats/cope1.nii.gz,1,16.131944444444443,0.1041666666666666,0.2222222222222222,-11.59841202215133,0.0999579365812741,-0.3923611111111111,0.4097222222222222,-0.0831704997321303,-1.3417018810954076
10908,/gpfs/scratch/tug87422/smithlab-shared/sharedreward-aging/derivatives/fsl/sub-10908/L2_task-sharedreward_model-1_type-REPLACEME_sm-5.gfeat/copeCOPENUM.feat/stats/cope1.nii.gz,1,-2.868055555555557,0.1041666666666666,0.2222222222222222,-17.94099334014421,0.1245832414274082,-0.3923611111111111,0.4097222222222222,1.063843273362,-3.051161610406293
10918,/gpfs/scratch/tug87422/smithlab-shared/sharedreward-aging/derivatives/fsl/sub-10918/L2_task-sharedreward_model-1_type-REPLACEME_sm-5.gfeat/copeCOPENUM.feat/stats/cope1.nii.gz,1,-20.86805555555556,0.1041666666666666,0.2222222222222222,-3.75823405132936,-0.065438905435045,-0.3923611111111111,-0.5902777777777778,1.3500884333918275,-28.173720432933628
10919,/gpfs/scratch/tug87422/smithlab-shared/sharedreward-aging/derivatives/fsl/sub-10919/L2_task-sharedreward_model-1_type-REPLACEME_sm-5.gfeat/copeCOPENUM.feat/stats/cope1.nii.gz,1,4.131944444444443,0.1041666666666666,0.2222222222222222,-15.711399086383912,0.0825970628297857,-0.3923611111111111,0.4097222222222222,-0.0037161104187403,-0.0153547617996561
10924,/gpfs/scratch/tug87422/smithlab-shared/sharedreward-aging/derivatives/fsl/sub-10924/L2_task-sharedreward_model-1_type-REPLACEME_sm-5.gfeat/copeCOPENUM.feat/stats/cope1.nii.gz,1,-12.868055555555555,0.1041666666666666,0.2222222222222222,4.146014433779477,-0.0338038779425551,-0.3923611111111111,0.4097222222222222,0.913212762709494,-11.751272564588144
10928,/gpfs/scratch/tug87422/smithlab-shared/sharedreward-aging/derivatives/fsl/sub-10928/L2_task-sharedreward_model-1_type-REPLACEME_sm-5.gfeat/copeCOPENUM.feat/stats/cope1.nii.gz,1,10.131944444444445,0.1041666666666666,0.2222222222222222,-4.808316403865625,0.0574715742745133,-0.3923611111111111,0.4097222222222222,0.3553391447090926,3.600276473128932
10929,/gpfs/scratch/tug87422/smithlab-shared/sharedreward-aging/derivatives/fsl/sub-10929/L2_task-sharedreward_model-1_type-REPLACEME_sm-5.gfeat/copeCOPENUM.feat/stats/cope1.nii.gz,1,-2.868055555555557,0.1041666666666666,0.2222222222222222,-2.783430623745822,-0.0081072688785267,-0.3923611111111111,0.4097222222222222,-0.7012019428816559,2.011086127848084
10930,/gpfs/scratch/tug87422/smithlab-shared/sharedreward-aging/derivatives/fsl/sub-10930/L2_task-sharedreward_model-1_type-REPLACEME_sm-5.gfeat/copeCOPENUM.feat/stats/cope1.nii.gz,1,4.131944444444443,0.1041666666666666,0.2222222222222222,-3.3664772922751,-0.0776510740142801,-0.3923611111111111,0.4097222222222222,-0.7012019428816559,-2.897327472323508
10950,/gpfs/scratch/tug87422/smithlab-shared/sharedreward-aging/derivatives/fsl/sub-10950/L2_task-sharedreward_model-1_type-REPLACEME_sm-5.gfeat/copeCOPENUM.feat/stats/cope1.nii.gz,1,-20.86805555555556,0.1041666666666666,0.2222222222222222,-15.282260988122594,0.1837843221690314,-0.3923611111111111,0.4097222222222222,0.6663249746339993,-13.904906588716443
10951,/gpfs/scratch/tug87422/smithlab-shared/sharedreward-aging/derivatives/fsl/sub-10951/L2_task-sharedreward_model-1_type-REPLACEME_sm-5.gfeat/copeCOPENUM.feat/stats/cope1.nii.gz,1,-23.86805555555556,0.1041666666666666,0.2222222222222222,-11.634663575427416,0.0945597066002104,0.6076388888888888,-0.5902777777777778,0.273552707051332,-6.529171209273808
10952,/gpfs/scratch/tug87422/smithlab-shared/sharedreward-aging/derivatives/fsl/sub-10952/L2_task-sharedreward_model-1_type-REPLACEME_sm-5.gfeat/copeCOPENUM.feat/stats/cope1.nii.gz,1,-12.868055555555555,0.1041666666666666,0.2222222222222222,-10.839110797427873,-0.0227781993984848,0.6076388888888888,-0.5902777777777778,-0.7012019428816559,9.023105556664644
10953,/gpfs/scratch/tug87422/smithlab-shared/sharedreward-aging/derivatives/fsl/sub-10953/L1_task-sharedreward_model-1_type-REPLACEME_run-1_sm-5.feat/stats/copeCOPENUM.nii.gz,1,17.131944444444443,0.1041666666666666,0.2222222222222222,-9.782367101095891,0.1957995613594078,-0.3923611111111111,0.4097222222222222,-0.7012019428816559,-12.012952729785034
10956,/gpfs/scratch/tug87422/smithlab-shared/sharedreward-aging/derivatives/fsl/sub-10956/L2_task-sharedreward_model-1_type-REPLACEME_sm-5.gfeat/copeCOPENUM.feat/stats/cope1.nii.gz,1,-16.868055555555557,0.1041666666666666,0.2222222222222222,4.767143172637283,-0.0951073528095649,-0.3923611111111111,0.4097222222222222,-0.7012019428816559,11.827913328191269
10958,/gpfs/scratch/tug87422/smithlab-shared/sharedreward-aging/derivatives/fsl/sub-10958/L2_task-sharedreward_model-1_type-REPLACEME_sm-5.gfeat/copeCOPENUM.feat/stats/cope1.nii.gz,1,-10.868055555555555,0.1041666666666666,0.2222222222222222,-10.213246373907474,0.0546286094517989,-0.3923611111111111,0.4097222222222222,0.5978361627950021,-6.497316630376239
10961,/gpfs/scratch/tug87422/smithlab-shared/sharedreward-aging/derivatives/fsl/sub-10961/L2_task-sharedreward_model-1_type-REPLACEME_sm-5.gfeat/copeCOPENUM.feat/stats/cope1.nii.gz,1,-21.86805555555556,0.1041666666666666,0.2222222222222222,0.7072669643563714,-0.0414723274828914,-0.3923611111111111,0.4097222222222222,-0.9501238869751628,20.777361945033245
10964,/gpfs/scratch/tug87422/smithlab-shared/sharedreward-aging/derivatives/fsl/sub-10964/L2_task-sharedreward_model-1_type-REPLACEME_sm-5.gfeat/copeCOPENUM.feat/stats/cope1.nii.gz,1,15.131944444444445,0.1041666666666666,0.2222222222222222,-9.273168486990777,0.0814148065964953,-0.3923611111111111,0.4097222222222222,-1.427474982084219,-21.60047212473273
10966,/gpfs/scratch/tug87422/smithlab-shared/sharedreward-aging/derivatives/fsl/sub-10966/L2_task-sharedreward_model-1_type-REPLACEME_sm-5.gfeat/copeCOPENUM.feat/stats/cope1.nii.gz,1,-10.868055555555555,0.1041666666666666,0.2222222222222222,-7.062044520757205,-0.0457363163620311,-0.3923611111111111,0.4097222222222222,0.1229614408104782,-1.3363517699194336
10969,/gpfs/scratch/tug87422/smithlab-shared/sharedreward-aging/derivatives/fsl/sub-10969/L2_task-sharedreward_model-1_type-REPLACEME_sm-5.gfeat/copeCOPENUM.feat/stats/cope1.nii.gz,1,-18.86805555555556,0.1041666666666666,0.2222222222222222,3.858889553073517,-0.1227283828338401,-0.3923611111111111,0.4097222222222222,1.0308488646872211,-19.450113648299865
10974,/gpfs/scratch/tug87422/smithlab-shared/sharedreward-aging/derivatives/fsl/sub-10974/L1_task-sharedreward_model-1_type-REPLACEME_run-2_sm-5.feat/stats/copeCOPENUM.nii.gz,1,35.13194444444444,0.1041666666666666,0.2222222222222222,-5.947811862726972,0.143376967981868,-0.3923611111111111,0.4097222222222222,-0.0140839417050138,-0.4947962575393394
10979,/gpfs/scratch/tug87422/smithlab-shared/sharedreward-aging/derivatives/fsl/sub-10979/L2_task-sharedreward_model-1_type-REPLACEME_sm-5.gfeat/copeCOPENUM.feat/stats/cope1.nii.gz,1,-12.868055555555555,0.1041666666666666,0.2222222222222222,4.066347347648538,-0.0664219370734614,-0.3923611111111111,0.4097222222222222,0.3725880324077525,-4.794483500358094
10983,/gpfs/scratch/tug87422/smithlab-shared/sharedreward-aging/derivatives/fsl/sub-10983/L2_task-sharedreward_model-1_type-REPLACEME_sm-5.gfeat/copeCOPENUM.feat/stats/cope1.nii.gz,1,-20.86805555555556,0.1041666666666666,0.2222222222222222,-9.518859035579531,0.1389440256029598,-0.3923611111111111,0.4097222222222222,0.291170180674292,-6.076155506432275
10984,/gpfs/scratch/tug87422/smithlab-shared/sharedreward-aging/derivatives/fsl/sub-10984/L2_task-sharedreward_model-1_type-REPLACEME_sm-5.gfeat/copeCOPENUM.feat/stats/cope1.nii.gz,1,7.131944444444443,0.1041666666666666,0.2222222222222222,-8.97034032216137,0.0438174368300921,0.6076388888888888,-0.5902777777777778,-1.8153739719439672,-12.94714631379482
10998,/gpfs/scratch/tug87422/smithlab-shared/sharedreward-aging/derivatives/fsl/sub-10998/L2_task-sharedreward_model-1_type-REPLACEME_sm-5.gfeat/copeCOPENUM.feat/stats/cope1.nii.gz,1,-23.86805555555556,0.1041666666666666,0.2222222222222222,2.253792094492077,-0.0715835179783005,-0.3923611111111111,0.4097222222222222,1.2037999621212014,-28.73236437368451
11007,/gpfs/scratch/tug87422/smithlab-shared/sharedreward-aging/derivatives/fsl/sub-11007/L1_task-sharedreward_model-1_type-REPLACEME_run-1_sm-5.feat/stats/copeCOPENUM.nii.gz,1,1.1319444444444429,0.1041666666666666,0.2222222222222222,-12.06024570254916,0.0357593441678686,-0.3923611111111111,0.4097222222222222,1.560133141451571,1.765984042059762
11012,/gpfs/scratch/tug87422/smithlab-shared/sharedreward-aging/derivatives/fsl/sub-11012/L1_task-sharedreward_model-1_type-REPLACEME_run-2_sm-5.feat/stats/copeCOPENUM.nii.gz,1,13.131944444444445,0.1041666666666666,0.2222222222222222,-2.631804642889925,-0.0399591274901603,-0.3923611111111111,0.4097222222222222,-0.7012019428816559,-9.208144958258412
11016,/gpfs/scratch/tug87422/smithlab-shared/sharedreward-aging/derivatives/fsl/sub-11016/L2_task-sharedreward_model-1_type-REPLACEME_sm-5.gfeat/copeCOPENUM.feat/stats/cope1.nii.gz,1,-22.86805555555556,0.1041666666666666,0.2222222222222222,1.784160583676261,-0.0800394446350733,-0.3923611111111111,0.4097222222222222,-0.3657917462566876,8.364945975161614
11021,/gpfs/scratch/tug87422/smithlab-shared/sharedreward-aging/derivatives/fsl/sub-11021/L2_task-sharedreward_model-1_type-REPLACEME_sm-5.gfeat/copeCOPENUM.feat/stats/cope1.nii.gz,1,-19.86805555555556,0.1041666666666666,0.2222222222222222,-1.916205883124654,-0.0444303400926995,-0.3923611111111111,0.4097222222222222,-0.1191164427944569,2.366612103020427
11030,/gpfs/scratch/tug87422/smithlab-shared/sharedreward-aging/derivatives/fsl/sub-11030/L2_task-sharedreward_model-1_type-REPLACEME_sm-5.gfeat/copeCOPENUM.feat/stats/cope1.nii.gz,1,-21.86805555555556,0.1041666666666666,0.2222222222222222,-6.600463229562898,-0.0669227519989737,-0.3923611111111111,0.4097222222222222,-0.1885873482515994,4.124038608640879
11031,/gpfs/scratch/tug87422/smithlab-shared/sharedreward-aging/derivatives/fsl/sub-11031/L2_task-sharedreward_model-1_type-REPLACEME_sm-5.gfeat/copeCOPENUM.feat/stats/cope1.nii.gz,1,-21.86805555555556,0.1041666666666666,0.2222222222222222,2.54238377356129,-0.0466705446351602,-0.3923611111111111,0.4097222222222222,-0.1945615457767571,4.25468269202089
11036,/gpfs/scratch/tug87422/smithlab-shared/sharedreward-aging/derivatives/fsl/sub-11036/L2_task-sharedreward_model-1_type-REPLACEME_sm-5.gfeat/copeCOPENUM.feat/stats/cope1.nii.gz,1,-22.86805555555556,0.1041666666666666,0.2222222222222222,-0.2928073037877183,-0.1004545441365496,-0.3923611111111111,0.4097222222222222,0.4066214759323386,-9.298642501702718
11039,/gpfs/scratch/tug87422/smithlab-shared/sharedreward-aging/derivatives/fsl/sub-11039/L2_task-sharedreward_model-1_type-REPLACEME_sm-5.gfeat/copeCOPENUM.feat/stats/cope1.nii.gz,1,-4.868055555555557,0.1041666666666666,0.2222222222222222,2.245866925473514,0.0627072306307949,-0.3923611111111111,0.4097222222222222,-0.4783675370691937,2.328719746427118
11042,/gpfs/scratch/tug87422/smithlab-shared/sharedreward-aging/derivatives/fsl/sub-11042/L2_task-sharedreward_model-1_type-REPLACEME_sm-5.gfeat/copeCOPENUM.feat/stats/cope1.nii.gz,1,-15.868055555555555,0.1041666666666666,0.2222222222222222,-6.9117443421676725,0.1085050847563555,-0.3923611111111111,0.4097222222222222,1.2649546663640407,-20.07237092112384
11053,/gpfs/scratch/tug87422/smithlab-shared/sharedreward-aging/derivatives/fsl/sub-11053/L2_task-sharedreward_model-1_type-REPLACEME_sm-5.gfeat/copeCOPENUM.feat/stats/cope1.nii.gz,1,-14.868055555555555,0.1041666666666666,0.2222222222222222,-11.775816499528752,-0.0509079818063157,-0.3923611111111111,0.4097222222222222,-0.0888295071858614,1.32072204781201
11058,/gpfs/scratch/tug87422/smithlab-shared/sharedreward-aging/derivatives/fsl/sub-11058/L2_task-sharedreward_model-1_type-REPLACEME_sm-5.gfeat/copeCOPENUM.feat/stats/cope1.nii.gz,1,-6.868055555555557,0.1041666666666666,0.2222222222222222,-11.645057571393714,0.1440354625798568,-0.3923611111111111,0.4097222222222222,-0.7012019428816559,4.815893899374707
11060,/gpfs/scratch/tug87422/smithlab-shared/sharedreward-aging/derivatives/fsl/sub-11060/L2_task-sharedreward_model-1_type-REPLACEME_sm-5.gfeat/copeCOPENUM.feat/stats/cope1.nii.gz,1,-15.868055555555555,0.1041666666666666,0.2222222222222222,3.192682744487378,-0.1119329736254015,-0.3923611111111111,0.4097222222222222,1.4201184006779868,-22.534517677425
11063,/gpfs/scratch/tug87422/smithlab-shared/sharedreward-aging/derivatives/fsl/sub-11063/L2_task-sharedreward_model-1_type-REPLACEME_sm-5.gfeat/copeCOPENUM.feat/stats/cope1.nii.gz,1,-23.86805555555556,0.1041666666666666,0.2222222222222222,3.3747872326818324,-0.0901563824521385,-0.3923611111111111,0.4097222222222222,-0.0756587007104319,1.8058260718177397
11065,/gpfs/scratch/tug87422/smithlab-shared/sharedreward-aging/derivatives/fsl/sub-11065/L2_task-sharedreward_model-1_type-REPLACEME_sm-5.gfeat/copeCOPENUM.feat/stats/cope1.nii.gz,1,-23.86805555555556,0.1041666666666666,0.2222222222222222,0.4140587641337916,-0.0119086203550506,-0.3923611111111111,0.4097222222222222,0.8438766649921584,-20.141695122069784
11066,/gpfs/scratch/tug87422/smithlab-shared/sharedreward-aging/derivatives/fsl/sub-11066/L2_task-sharedreward_model-1_type-REPLACEME_sm-5.gfeat/copeCOPENUM.feat/stats/cope1.nii.gz,1,-22.86805555555556,0.1041666666666666,0.2222222222222222,-5.584339937933997,-0.0003501697700476,0.6076388888888888,-0.5902777777777778,0.2527961491240681,-5.780956382399697
11068,/gpfs/scratch/tug87422/smithlab-shared/sharedreward-aging/derivatives/fsl/sub-11068/L2_task-sharedreward_model-1_type-REPLACEME_sm-5.gfeat/copeCOPENUM.feat/stats/cope1.nii.gz,1,-1.8680555555555567,0.1041666666666666,0.2222222222222222,-2.585662382928,-0.0407633371914817,-0.3923611111111111,0.4097222222222222,-0.7012019428816559,1.3098841849664278
11072,/gpfs/scratch/tug87422/smithlab-shared/sharedreward-aging/derivatives/fsl/sub-11072/L2_task-sharedreward_model-1_type-REPLACEME_sm-5.gfeat/copeCOPENUM.feat/stats/cope1.nii.gz,1,-19.86805555555556,0.1041666666666666,0.2222222222222222,-10.995652505935446,-0.0359619917170981,0.6076388888888888,-0.5902777777777778,1.982079630118092,-39.38006820672126
11074,/gpfs/scratch/tug87422/smithlab-shared/sharedreward-aging/derivatives/fsl/sub-11074/L2_task-sharedreward_model-1_type-REPLACEME_sm-5.gfeat/copeCOPENUM.feat/stats/cope1.nii.gz,1,-3.868055555555557,0.1041666666666666,0.2222222222222222,-1.6332181910223298,-0.0274196876964289,0.6076388888888888,-0.5902777777777778,1.982079630118092,-7.66679412483179
11075,/gpfs/scratch/tug87422/smithlab-shared/sharedreward-aging/derivatives/fsl/sub-11075/L2_task-sharedreward_model-1_type-REPLACEME_sm-5.gfeat/copeCOPENUM.feat/stats/cope1.nii.gz,1,32.13194444444444,0.1041666666666666,0.2222222222222222,-2.7654904906342708,-0.0733331450306815,0.6076388888888888,-0.5902777777777778,-0.1494413550356127,-4.801841317706806
11076,/gpfs/scratch/tug87422/smithlab-shared/sharedreward-aging/derivatives/fsl/sub-11076/L1_task-sharedreward_model-1_type-REPLACEME_run-1_sm-5.feat/stats/copeCOPENUM.nii.gz,1,28.131944444444443,0.1041666666666666,0.2222222222222222,-4.310976111719661,0.0678506566423102,-0.3923611111111111,0.4097222222222222,-0.7012019428816559,-19.72617410148325
11078,/gpfs/scratch/tug87422/smithlab-shared/sharedreward-aging/derivatives/fsl/sub-11078/L2_task-sharedreward_model-1_type-REPLACEME_sm-5.gfeat/copeCOPENUM.feat/stats/cope1.nii.gz,1,27.131944444444443,0.1041666666666666,0.2222222222222222,-2.0799240236340992,0.0682631522492389,-0.3923611111111111,0.4097222222222222,-0.2636069683879721,-7.1521696214708825
11083,/gpfs/scratch/tug87422/smithlab-shared/sharedreward-aging/derivatives/fsl/sub-11083/L2_task-sharedreward_model-1_type-REPLACEME_sm-5.gfeat/copeCOPENUM.feat/stats/cope1.nii.gz,1,23.131944444444443,0.1041666666666666,0.2222222222222222,-1.3454458823074091,0.0214120675363784,-0.3923611111111111,0.4097222222222222,2.268646538101844,52.47820568345307
11084,/gpfs/scratch/tug87422/smithlab-shared/sharedreward-aging/derivatives/fsl/sub-11084/L2_task-sharedreward_model-1_type-REPLACEME_sm-5.gfeat/copeCOPENUM.feat/stats/cope1.nii.gz,1,23.131944444444443,0.1041666666666666,0.2222222222222222,5.162911980780031,-0.0625968156507989,-0.3923611111111111,0.4097222222222222,1.0308488646872211,23.845538668563428
11090,/gpfs/scratch/tug87422/smithlab-shared/sharedreward-aging/derivatives/fsl/sub-11090/L1_task-sharedreward_model-1_type-REPLACEME_run-1_sm-5.feat/stats/copeCOPENUM.nii.gz,1,24.131944444444443,0.1041666666666666,0.2222222222222222,-21.583522764074893,0.2393807568137441,0.6076388888888888,-0.5902777777777778,-0.7012019428816559,-16.921366329956626
11110,/gpfs/scratch/tug87422/smithlab-shared/sharedreward-aging/derivatives/fsl/sub-11110/L2_task-sharedreward_model-1_type-REPLACEME_sm-5.gfeat/copeCOPENUM.feat/stats/cope1.nii.gz,1,21.131944444444443,0.1041666666666666,0.2222222222222222,-3.079353423596636,-0.001349499482406,-0.3923611111111111,0.4097222222222222,1.4201184006779868,30.00986314766051
11113,/gpfs/scratch/tug87422/smithlab-shared/sharedreward-aging/derivatives/fsl/sub-11113/L2_task-sharedreward_model-1_type-REPLACEME_sm-5.gfeat/copeCOPENUM.feat/stats/cope1.nii.gz,1,-23.86805555555556,0.1041666666666666,0.2222222222222222,-0.5405652441080164,-0.0882520800275336,0.6076388888888888,-0.5902777777777778,0.3725880324077525,-8.892951856843371
11116,/gpfs/scratch/tug87422/smithlab-shared/sharedreward-aging/derivatives/fsl/sub-11116/L2_task-sharedreward_model-1_type-REPLACEME_sm-5.gfeat/copeCOPENUM.feat/stats/cope1.nii.gz,1,14.131944444444445,0.1041666666666666,0.2222222222222222,-7.297349234617592,-0.0057471530635415,0.6076388888888888,-0.5902777777777778,0.0430064646535949,0.6077649692365671
11120,/gpfs/scratch/tug87422/smithlab-shared/sharedreward-aging/derivatives/fsl/sub-11120/L2_task-sharedreward_model-1_type-REPLACEME_sm-5.gfeat/copeCOPENUM.feat/stats/cope1.nii.gz,1,21.131944444444443,0.1041666666666666,0.2222222222222222,-8.603054426126924,0.0123271325821117,0.6076388888888888,-0.5902777777777778,-1.7618621146614777,-37.23157232579775
11126,/gpfs/scratch/tug87422/smithlab-shared/sharedreward-aging/derivatives/fsl/sub-11126/L1_task-sharedreward_model-1_type-REPLACEME_run-1_sm-5.feat/stats/copeCOPENUM.nii.gz,1,13.131944444444445,0.1041666666666666,0.2222222222222222,-12.812305327545197,0.0512628148603102,0.6076388888888888,-0.5902777777777778,0.3432639928525313,4.507723683917615
11128,/gpfs/scratch/tug87422/smithlab-shared/sharedreward-aging/derivatives/fsl/sub-11128/L2_task-sharedreward_model-1_type-REPLACEME_sm-5.gfeat/copeCOPENUM.feat/stats/cope1.nii.gz,1,14.131944444444445,0.1041666666666666,0.2222222222222222,-5.300827453011458,0.1025849306331696,0.6076388888888888,-0.5902777777777778,-0.4619662760329861,-6.528481748105047
11145,/gpfs/scratch/tug87422/smithlab-shared/sharedreward-aging/derivatives/fsl/sub-11145/L2_task-sharedreward_model-1_type-REPLACEME_sm-5.gfeat/copeCOPENUM.feat/stats/cope1.nii.gz,1,19.131944444444443,0.1041666666666666,0.2222222222222222,-7.440657994400986,0.0462898861073469,0.6076388888888888,-0.5902777777777778,1.4201184006779868,27.169626346304536
11164,/gpfs/scratch/tug87422/smithlab-shared/sharedreward-aging/derivatives/fsl/sub-11164/L1_task-sharedreward_model-1_type-REPLACEME_run-1_sm-5.feat/stats/copeCOPENUM.nii.gz,1,39.13194444444444,0.1041666666666666,0.2222222222222222,-3.5719279867301665,0.0348709760224364,0.6076388888888888,-0.5902777777777778,0.7540118073363417,29.505948155140867
11167,/gpfs/scratch/tug87422/smithlab-shared/sharedreward-aging/derivatives/fsl/sub-11167/L2_task-sharedreward_model-1_type-REPLACEME_sm-5.gfeat/copeCOPENUM.feat/stats/cope1.nii.gz,1,12.131944444444445,0.1041666666666666,0.2222222222222222,-9.713549137970707,0.0160870702417092,-0.3923611111111111,0.4097222222222222,-0.7012019428816559,-8.506943015376756
11168,/gpfs/scratch/tug87422/smithlab-shared/sharedreward-aging/derivatives/fsl/sub-11168/L2_task-sharedreward_model-1_type-REPLACEME_sm-5.gfeat/copeCOPENUM.feat/stats/cope1.nii.gz,1,-17.868055555555557,0.1041666666666666,0.2222222222222222,-11.372188502031657,0.1026517241266039,-0.3923611111111111,0.4097222222222222,0.1537626569732598,-2.7474396971680397
11171,/gpfs/scratch/tug87422/smithlab-shared/sharedreward-aging/derivatives/fsl/sub-11171/L2_task-sharedreward_model-1_type-REPLACEME_sm-5.gfeat/copeCOPENUM.feat/stats/cope1.nii.gz,1,-19.86805555555556,0.1041666666666666,0.2222222222222222,-3.903827382059113,-0.0790498151813739,0.6076388888888888,-0.5902777777777778,1.9820796301180912,-39.38006820672125
11177,/gpfs/scratch/tug87422/smithlab-shared/sharedreward-aging/derivatives/fsl/sub-11177/L2_task-sharedreward_model-1_type-REPLACEME_sm-5.gfeat/copeCOPENUM.feat/stats/cope1.nii.gz,1,10.131944444444445,0.1041666666666666,0.2222222222222222,-4.005438610951693,-0.07247539306639,0.6076388888888888,-0.5902777777777778,0.3594582288981652,3.642010805294604
11192,/gpfs/scratch/tug87422/smithlab-shared/sharedreward-aging/derivatives/fsl/sub-11192/L2_task-sharedreward_model-1_type-REPLACEME_sm-5.gfeat/copeCOPENUM.feat/stats/cope1.nii.gz,1,24.131944444444443,0.1041666666666666,0.2222222222222222,-8.383773560734276,0.0889663721663147,0.6076388888888888,-0.5902777777777778,-1.798681312411102,-43.40567750436514
11193,/gpfs/scratch/tug87422/smithlab-shared/sharedreward-aging/derivatives/fsl/sub-11193/L2_task-sharedreward_model-1_type-REPLACEME_sm-5.gfeat/copeCOPENUM.feat/stats/cope1.nii.gz,1,10.131944444444445,0.1041666666666666,0.2222222222222222,-18.49150999872321,0.0939772520761418,-0.3923611111111111,0.4097222222222222,-0.7012019428816559,-7.104539129613444
11227,/gpfs/scratch/tug87422/smithlab-shared/sharedreward-aging/derivatives/fsl/sub-11227/L2_task-sharedreward_model-1_type-REPLACEME_sm-5.gfeat/copeCOPENUM.feat/stats/cope1.nii.gz,1,-14.868055555555555,0.1041666666666666,0.2222222222222222,-2.3555966165552817,-0.1062464530160276,-0.3923611111111111,0.4097222222222222,-0.1645456282817061,2.446473542716201
11238,/gpfs/scratch/tug87422/smithlab-shared/sharedreward-aging/derivatives/fsl/sub-11238/L2_task-sharedreward_model-1_type-REPLACEME_sm-5.gfeat/copeCOPENUM.feat/stats/cope1.nii.gz,1,0.1319444444444428,0.1041666666666666,0.2222222222222222,-5.3897756655172415,-0.0185467201361591,0.6076388888888888,-0.5902777777777778,0.0677199490634287,0.00893527105698
11241,/gpfs/scratch/tug87422/smithlab-shared/sharedreward-aging/derivatives/fsl/sub-11241/L2_task-sharedreward_model-1_type-REPLACEME_sm-5.gfeat/copeCOPENUM.feat/stats/cope1.nii.gz,1,-18.86805555555556,0.1041666666666666,0.2222222222222222,1.078532632807459,-0.069394781236692,-0.3923611111111111,0.4097222222222222,-0.7012019428816559,13.230317213954578
11246,/gpfs/scratch/tug87422/smithlab-shared/sharedreward-aging/derivatives/fsl/sub-11246/L2_task-sharedreward_model-1_type-REPLACEME_sm-5.gfeat/copeCOPENUM.feat/stats/cope1.nii.gz,1,-5.868055555555557,0.1041666666666666,0.2222222222222222,-7.222031015244589,-0.0468734011516388,0.6076388888888888,-0.5902777777777778,0.2678854808230421,-1.571966883996324
11286,/gpfs/scratch/tug87422/smithlab-shared/sharedreward-aging/derivatives/fsl/sub-11286/L1_task-sharedreward_model-1_type-REPLACEME_run-1_sm-5.feat/stats/copeCOPENUM.nii.gz,1,-21.86805555555556,0.1041666666666666,0.2222222222222222,1.4052117801799469,-0.0921792707109563,-0.3923611111111111,0.4097222222222222,-0.7012019428816559,15.333923042599547
11301,/gpfs/scratch/tug87422/smithlab-shared/sharedreward-aging/derivatives/fsl/sub-11301/L2_task-sharedreward_model-1_type-REPLACEME_sm-5.gfeat/copeCOPENUM.feat/stats/cope1.nii.gz,1,-22.86805555555556,0.1041666666666666,0.2222222222222222,-0.0403847776581969,-0.0588027585176313,-0.3923611111111111,0.4097222222222222,1.982079630118092,-45.32630709707554
11311,/gpfs/scratch/tug87422/smithlab-shared/sharedreward-aging/derivatives/fsl/sub-11311/L2_task-sharedreward_model-1_type-REPLACEME_sm-5.gfeat/copeCOPENUM.feat/stats/cope1.nii.gz,1,-23.86805555555556,0.1041666666666666,0.2222222222222222,0.7199775316000014,-0.0689772616772149,-0.3923611111111111,0.4097222222222222,1.2855965927159096,-30.684690896976264
11312,/gpfs/scratch/tug87422/smithlab-shared/sharedreward-aging/derivatives/fsl/sub-11312/L2_task-sharedreward_model-1_type-REPLACEME_sm-5.gfeat/copeCOPENUM.feat/stats/cope1.nii.gz,1,-22.86805555555556,0.1041666666666666,0.2222222222222222,-2.109129821630937,-0.0745780536821269,-0.3923611111111111,-0.5902777777777778,0.2111411626419909,-4.82838783736164
11316,/gpfs/scratch/tug87422/smithlab-shared/sharedreward-aging/derivatives/fsl/sub-11316/L2_task-sharedreward_model-1_type-REPLACEME_sm-5.gfeat/copeCOPENUM.feat/stats/cope1.nii.gz,1,-3.868055555555557,0.1041666666666666,0.2222222222222222,-8.664989823544907,0.1093002523301241,0.6076388888888888,-0.5902777777777778,1.4201184006779868,-5.493096869289159
11318,/gpfs/scratch/tug87422/smithlab-shared/sharedreward-aging/derivatives/fsl/sub-11318/L2_task-sharedreward_model-1_type-REPLACEME_sm-5.gfeat/copeCOPENUM.feat/stats/cope1.nii.gz,1,-23.86805555555556,0.1041666666666666,0.2222222222222222,3.986226515978764,-0.0816771952697951,-0.3923611111111111,0.4097222222222222,0.4780172648630972,-11.40934263426712
11321,/gpfs/scratch/tug87422/smithlab-shared/sharedreward-aging/derivatives/fsl/sub-11321/L2_task-sharedreward_model-1_type-REPLACEME_sm-5.gfeat/copeCOPENUM.feat/stats/cope1.nii.gz,1,-22.86805555555556,0.1041666666666666,0.2222222222222222,5.191928357835117,-0.1216383954996444,-0.3923611111111111,0.4097222222222222,-0.7012019428816559,16.035124985481204
11325,/gpfs/scratch/tug87422/smithlab-shared/sharedreward-aging/derivatives/fsl/sub-11325/L2_task-sharedreward_model-1_type-REPLACEME_sm-5.gfeat/copeCOPENUM.feat/stats/cope1.nii.gz,1,-17.868055555555557,0.1041666666666666,0.2222222222222222,-4.059187381801472,-0.0703701179769925,0.6076388888888888,-0.5902777777777778,0.7173967883487254,-12.81848566959216
11326,/gpfs/scratch/tug87422/smithlab-shared/sharedreward-aging/derivatives/fsl/sub-11326/L2_task-sharedreward_model-1_type-REPLACEME_sm-5.gfeat/copeCOPENUM.feat/stats/cope1.nii.gz,1,-19.86805555555556,0.1041666666666666,0.2222222222222222,-10.40610862149,-0.0107226453269257,0.6076388888888888,-0.5902777777777778,-1.3472602253514545,26.767441005073
11329,/gpfs/scratch/tug87422/smithlab-shared/sharedreward-aging/derivatives/fsl/sub-11329/L2_task-sharedreward_model-1_type-REPLACEME_sm-5.gfeat/copeCOPENUM.feat/stats/cope1.nii.gz,1,-21.86805555555556,0.1041666666666666,0.2222222222222222,-1.7860546081031643,-0.0764971801674456,0.6076388888888888,-0.5902777777777778,-0.7012019428816559,15.333923042599547
11330,/gpfs/scratch/tug87422/smithlab-shared/sharedreward-aging/derivatives/fsl/sub-11330/L2_task-sharedreward_model-1_type-REPLACEME_sm-5.gfeat/copeCOPENUM.feat/stats/cope1.nii.gz,1,-18.86805555555556,0.1041666666666666,0.2222222222222222,6.021598572220377,-0.102031051981925,0.6076388888888888,-0.5902777777777778,-0.7012019428816559,13.230317213954578
11337,/gpfs/scratch/tug87422/smithlab-shared/sharedreward-aging/derivatives/fsl/sub-11337/L2_task-sharedreward_model-1_type-REPLACEME_sm-5.gfeat/copeCOPENUM.feat/stats/cope1.nii.gz,1,-14.868055555555555,0.1041666666666666,0.2222222222222222,-13.814906385185472,-0.0365591440375402,0.6076388888888888,-0.5902777777777778,-0.4717862090110941,7.014543565921893
11338,/gpfs/scratch/tug87422/smithlab-shared/sharedreward-aging/derivatives/fsl/sub-11338/L2_task-sharedreward_model-1_type-REPLACEME_sm-5.gfeat/copeCOPENUM.feat/stats/cope1.nii.gz,1,-23.86805555555556,0.1041666666666666,0.2222222222222222,-1.141271156881281,-0.0806430334156419,0.6076388888888888,-0.5902777777777778,-0.181424244692604,4.330243951447778
11340,/gpfs/scratch/tug87422/smithlab-shared/sharedreward-aging/derivatives/fsl/sub-11340/L2_task-sharedreward_model-1_type-REPLACEME_sm-5.gfeat/copeCOPENUM.feat/stats/cope1.nii.gz,1,-13.868055555555555,0.1041666666666666,0.2222222222222222,-1.5925213725243663,-0.00386469403782,0.6076388888888888,-0.5902777777777778,-0.7012019428816559,9.7243074995463
11343,/gpfs/scratch/tug87422/smithlab-shared/sharedreward-aging/derivatives/fsl/sub-11343/L2_task-sharedreward_model-1_type-REPLACEME_sm-5.gfeat/copeCOPENUM.feat/stats/cope1.nii.gz,1,-12.868055555555555,0.1041666666666666,0.2222222222222222,-4.201428076758326,-0.0664043924123851,-0.3923611111111111,0.4097222222222222,-0.1019505395549493,1.3119052069119528
11345,/gpfs/scratch/tug87422/smithlab-shared/sharedreward-aging/derivatives/fsl/sub-11345/L2_task-sharedreward_model-1_type-REPLACEME_sm-5.gfeat/copeCOPENUM.feat/stats/cope1.nii.gz,1,-11.868055555555555,0.1041666666666666,0.2222222222222222,12.65674997524517,-0.1277310591250613,-0.3923611111111111,0.4097222222222222,-0.1156618991125359,1.372681844328639
11348,/gpfs/scratch/tug87422/smithlab-shared/sharedreward-aging/derivatives/fsl/sub-11348/L2_task-sharedreward_model-1_type-REPLACEME_sm-5.gfeat/copeCOPENUM.feat/stats/cope1.nii.gz,1,-9.868055555555555,0.1041666666666666,0.2222222222222222,-6.732505019037795,-0.0399809922911983,0.6076388888888888,-0.5902777777777778,1.4201184006779868,-14.01380727335708
11358,/gpfs/scratch/tug87422/smithlab-shared/sharedreward-aging/derivatives/fsl/sub-11358/L2_task-sharedreward_model-1_type-REPLACEME_sm-5.gfeat/copeCOPENUM.feat/stats/cope1.nii.gz,1,3.131944444444443,0.1041666666666666,0.2222222222222222,5.513160139689411,-0.0437978246702966,-0.3923611111111111,0.4097222222222222,-3.065533161598958,-9.601079554730063
11364,/gpfs/scratch/tug87422/smithlab-shared/sharedreward-aging/derivatives/fsl/sub-11364/L2_task-sharedreward_model-1_type-REPLACEME_sm-5.gfeat/copeCOPENUM.feat/stats/cope1.nii.gz,1,9.131944444444445,0.1041666666666666,0.2222222222222222,-9.477455451426373,-0.0281488163682704,-0.3923611111111111,0.4097222222222222,-0.7012019428816559,-6.403337186731788
11367,/gpfs/scratch/tug87422/smithlab-shared/sharedreward-aging/derivatives/fsl/sub-11367/L2_task-sharedreward_model-1_type-REPLACEME_sm-5.gfeat/copeCOPENUM.feat/stats/cope1.nii.gz,1,13.131944444444445,0.1041666666666666,0.2222222222222222,-2.70839613182428,-0.1130440498151004,-0.3923611111111111,0.4097222222222222,-0.7012019428816559,-9.208144958258412
11376,/gpfs/scratch/tug87422/smithlab-shared/sharedreward-aging/derivatives/fsl/sub-11376/L2_task-sharedreward_model-1_type-REPLACEME_sm-5.gfeat/copeCOPENUM.feat/stats/cope1.nii.gz,1,25.131944444444443,0.1041666666666666,0.2222222222222222,2.4429164096542664,-0.0359826665729859,0.6076388888888888,-0.5902777777777778,-0.7012019428816559,-17.622568272838283
11377,/gpfs/scratch/tug87422/smithlab-shared/sharedreward-aging/derivatives/fsl/sub-11377/L2_task-sharedreward_model-1_type-REPLACEME_sm-5.gfeat/copeCOPENUM.feat/stats/cope1.nii.gz,1,24.131944444444443,0.1041666666666666,0.2222222222222222,-1.78330974273225,0.001532837098515,-0.3923611111111111,0.4097222222222222,-0.7012019428816559,-16.921366329956626
11387,/gpfs/scratch/tug87422/smithlab-shared/sharedreward-aging/derivatives/fsl/sub-11387/L2_task-sharedreward_model-1_type-REPLACEME_sm-5.gfeat/copeCOPENUM.feat/stats/cope1.nii.gz,1,8.131944444444443,0.1041666666666666,0.2222222222222222,1.7164926258443884,0.0361678089449931,-0.3923611111111111,0.4097222222222222,1.6342948896029128,13.289995248090351
11410,/gpfs/scratch/tug87422/smithlab-shared/sharedreward-aging/derivatives/fsl/sub-11410/L2_task-sharedreward_model-1_type-REPLACEME_sm-5.gfeat/copeCOPENUM.feat/stats/cope1.nii.gz,1,0.1319444444444428,0.1041666666666666,0.2222222222222222,-17.687599799374162,0.1729850926232162,0.6076388888888888,-0.5902777777777778,-0.7012019428816559,-0.092519700796884
11416,/gpfs/scratch/tug87422/smithlab-shared/sharedreward-aging/derivatives/fsl/sub-11416/L1_task-sharedreward_model-1_type-REPLACEME_run-1_sm-5.feat/stats/copeCOPENUM.nii.gz,1,-2.868055555555557,0.1041666666666666,0.2222222222222222,-21.914776375208326,0.2180593813767896,-0.3923611111111111,0.4097222222222222,-0.4671196484893948,1.3397251029591677
11426,/gpfs/scratch/tug87422/smithlab-shared/sharedreward-aging/derivatives/fsl/sub-11426/L1_task-sharedreward_model-1_type-REPLACEME_run-1_sm-5.feat/stats/copeCOPENUM.nii.gz,1,-7.868055555555557,0.1041666666666666,0.2222222222222222,-6.419152673024961,0.1047978309759805,-0.3923611111111111,0.4097222222222222,0.9023655085928904,-7.099861953026007
11430,/gpfs/scratch/tug87422/smithlab-shared/sharedreward-aging/derivatives/fsl/sub-11430/L1_task-sharedreward_model-1_type-REPLACEME_run-1_sm-5.feat/stats/copeCOPENUM.nii.gz,1,-9.868055555555555,0.1041666666666666,0.2222222222222222,-13.40027755863806,-0.0394578136099547,-0.3923611111111111,0.4097222222222222,1.414834904694139,-13.961669441460916
11432,/gpfs/scratch/tug87422/smithlab-shared/sharedreward-aging/derivatives/fsl/sub-11432/L2_task-sharedreward_model-1_type-REPLACEME_sm-5.gfeat/copeCOPENUM.feat/stats/cope1.nii.gz,1,-9.868055555555555,0.1041666666666666,0.2222222222222222,-6.747060192032528,-0.082652070529332,-0.3923611111111111,0.4097222222222222,-0.0140839417050138,0.1389811191862821
11433,/gpfs/scratch/tug87422/smithlab-shared/sharedreward-aging/derivatives/fsl/sub-11433/L2_task-sharedreward_model-1_type-REPLACEME_sm-5.gfeat/copeCOPENUM.feat/stats/cope1.nii.gz,1,-10.868055555555555,0.1041666666666666,0.2222222222222222,-2.046809578820408,-0.0691201630163529,0.6076388888888888,-0.5902777777777778,-0.432065160471902,4.695708167628658
11435,/gpfs/scratch/tug87422/smithlab-shared/sharedreward-aging/derivatives/fsl/sub-11435/L2_task-sharedreward_model-1_type-REPLACEME_sm-5.gfeat/copeCOPENUM.feat/stats/cope1.nii.gz,1,-11.868055555555555,0.1041666666666666,0.2222222222222222,-0.7160623399361938,-0.0829877223721103,-0.3923611111111111,0.4097222222222222,0.2033320908516348,-2.413156550454472
11439,/gpfs/scratch/tug87422/smithlab-shared/sharedreward-aging/derivatives/fsl/sub-11439/L1_task-sharedreward_model-1_type-REPLACEME_run-1_sm-5.feat/stats/copeCOPENUM.nii.gz,1,18.131944444444443,0.1041666666666666,0.2222222222222222,-12.846946025889643,0.0774602768940165,0.6076388888888888,-0.5902777777777778,-0.1071134170956514,-1.942174528032958
11440,/gpfs/scratch/tug87422/smithlab-shared/sharedreward-aging/derivatives/fsl/sub-11440/L2_task-sharedreward_model-1_type-REPLACEME_sm-5.gfeat/copeCOPENUM.feat/stats/cope1.nii.gz,1,18.131944444444443,0.1041666666666666,0.2222222222222222,-6.355413457826522,-0.0336714694355294,0.6076388888888888,-0.5902777777777778,0.7000961566090854,12.694104617405014
11443,/gpfs/scratch/tug87422/smithlab-shared/sharedreward-aging/derivatives/fsl/sub-11443/L1_task-sharedreward_model-1_type-REPLACEME_run-1_sm-5.feat/stats/copeCOPENUM.nii.gz,1,12.131944444444445,0.1041666666666666,0.2222222222222222,-9.88052081489544,0.2657925883147517,-0.3923611111111111,0.4097222222222222,1.4454233155181415,17.535795362570788
11451,/gpfs/scratch/tug87422/smithlab-shared/sharedreward-aging/derivatives/fsl/sub-11451/L2_task-sharedreward_model-1_type-REPLACEME_sm-5.gfeat/copeCOPENUM.feat/stats/cope1.nii.gz,1,3.131944444444443,0.1041666666666666,0.2222222222222222,4.282131297648142,0.0754645664048646,0.6076388888888888,-0.5902777777777778,-0.4154876571673702,-1.3012842596005825
11461,/gpfs/scratch/tug87422/smithlab-shared/sharedreward-aging/derivatives/fsl/sub-11461/L2_task-sharedreward_model-1_type-REPLACEME_sm-5.gfeat/copeCOPENUM.feat/stats/cope1.nii.gz,1,29.131944444444443,0.1041666666666666,0.2222222222222222,-14.55624043398378,0.1871168042996202,0.6076388888888888,-0.5902777777777778,0.7540118073363417,21.96583008177745
11462,/gpfs/scratch/tug87422/smithlab-shared/sharedreward-aging/derivatives/fsl/sub-11462/L1_task-sharedreward_model-1_type-REPLACEME_run-1_sm-5.feat/stats/copeCOPENUM.nii.gz,1,24.131944444444443,0.1041666666666666,0.2222222222222222,-5.323171811567896,-0.0021452980647283,0.6076388888888888,-0.5902777777777778,1.298798057118344,31.342522558932256
11498,/gpfs/scratch/tug87422/smithlab-shared/sharedreward-aging/derivatives/fsl/sub-11498/L1_task-sharedreward_model-1_type-REPLACEME_run-1_sm-5.feat/stats/copeCOPENUM.nii.gz,1,1.1319444444444429,0.1041666666666666,0.2222222222222222,-15.751924766850005,-0.0230591922312601,-0.3923611111111111,0.4097222222222222,1.7041492343301634,1.9290022583042796
11517,/gpfs/scratch/tug87422/smithlab-shared/sharedreward-aging/derivatives/fsl/sub-11517/L2_task-sharedreward_model-1_type-REPLACEME_sm-5.gfeat/copeCOPENUM.feat/stats/cope1.nii.gz,1,-21.86805555555556,0.1041666666666666,0.2222222222222222,-1.87659130435744,-0.0078293323515089,-0.3923611111111111,0.4097222222222222,0.5498845414607928,-12.02490570180581
11518,/gpfs/scratch/tug87422/smithlab-shared/sharedreward-aging/derivatives/fsl/sub-11518/L2_task-sharedreward_model-1_type-REPLACEME_sm-5.gfeat/copeCOPENUM.feat/stats/cope1.nii.gz,1,-23.86805555555556,0.1041666666666666,0.2222222222222222,-11.8986055548124,0.0375967339211494,-0.3923611111111111,0.4097222222222222,1.1728831997816171,-27.994441372565404
11523,/gpfs/scratch/tug87422/smithlab-shared/sharedreward-aging/derivatives/fsl/sub-11523/L2_task-sharedreward_model-1_type-REPLACEME_sm-5.gfeat/copeCOPENUM.feat/stats/cope1.nii.gz,1,-8.868055555555557,0.1041666666666666,0.2222222222222222,-6.97949360780725,0.055541684158126,-0.3923611111111111,0.4097222222222222,0.9087670009181926,-8.05899625119814
11526,/gpfs/scratch/tug87422/smithlab-shared/sharedreward-aging/derivatives/fsl/sub-11526/L2_task-sharedreward_model-1_type-REPLACEME_sm-5.gfeat/copeCOPENUM.feat/stats/cope1.nii.gz,1,-20.86805555555556,0.1041666666666666,0.2222222222222222,18.66100654607332,-0.1108161773020091,-0.3923611111111111,0.4097222222222222,1.206794241129792,-25.18344926802101
11527,/gpfs/scratch/tug87422/smithlab-shared/sharedreward-aging/derivatives/fsl/sub-11527/L2_task-sharedreward_model-1_type-REPLACEME_sm-5.gfeat/copeCOPENUM.feat/stats/cope1.nii.gz,1,-22.86805555555556,0.1041666666666666,0.2222222222222222,-13.220293203874768,0.0516377019614656,0.6076388888888888,-0.5902777777777778,-0.7012019428816559,16.035124985481204
11529,/gpfs/scratch/tug87422/smithlab-shared/sharedreward-aging/derivatives/fsl/sub-11529/L2_task-sharedreward_model-1_type-REPLACEME_sm-5.gfeat/copeCOPENUM.feat/stats/cope1.nii.gz,1,-22.86805555555556,0.1041666666666666,0.2222222222222222,16.59375293781674,-0.0848840798228411,-0.3923611111111111,0.4097222222222222,0.3669015494928122,-8.390325017221045
11530,/gpfs/scratch/tug87422/smithlab-shared/sharedreward-aging/derivatives/fsl/sub-11530/L2_task-sharedreward_model-1_type-REPLACEME_sm-5.gfeat/copeCOPENUM.feat/stats/cope1.nii.gz,1,-19.86805555555556,0.1041666666666666,0.2222222222222222,-5.0509744435952015,-0.0165084374544215,-0.3923611111111111,-0.5902777777777778,-0.7012019428816559,13.931519156836234
11532,/gpfs/scratch/tug87422/smithlab-shared/sharedreward-aging/derivatives/fsl/sub-11532/L2_task-sharedreward_model-1_type-REPLACEME_sm-5.gfeat/copeCOPENUM.feat/stats/cope1.nii.gz,1,-8.868055555555557,0.1041666666666666,0.2222222222222222,9.585266277677569,-0.0813151617169592,-0.3923611111111111,0.4097222222222222,-0.7012019428816559,6.218297785138019
11533,/gpfs/scratch/tug87422/smithlab-shared/sharedreward-aging/derivatives/fsl/sub-11533/L2_task-sharedreward_model-1_type-REPLACEME_sm-5.gfeat/copeCOPENUM.feat/stats/cope1.nii.gz,1,-11.868055555555555,0.1041666666666666,0.2222222222222222,11.891226966825036,-0.0801894389079374,-0.3923611111111111,0.4097222222222222,-0.1729313990862817,2.052359451655941
11534,/gpfs/scratch/tug87422/smithlab-shared/sharedreward-aging/derivatives/fsl/sub-11534/L2_task-sharedreward_model-1_type-REPLACEME_sm-5.gfeat/copeCOPENUM.feat/stats/cope1.nii.gz,1,-22.86805555555556,0.1041666666666666,0.2222222222222222,-10.630188844556264,-0.0091124750402535,0.6076388888888888,-0.5902777777777778,1.2641634033596,-28.90895893932752
11535,/gpfs/scratch/tug87422/smithlab-shared/sharedreward-aging/derivatives/fsl/sub-11535/L2_task-sharedreward_model-1_type-REPLACEME_sm-5.gfeat/copeCOPENUM.feat/stats/cope1.nii.gz,1,-10.868055555555555,0.1041666666666666,0.2222222222222222,3.932153944002188,-0.0382780957494088,-0.3923611111111111,0.4097222222222222,1.2154277521181642,-13.209336333784217
11536,/gpfs/scratch/tug87422/smithlab-shared/sharedreward-aging/derivatives/fsl/sub-11536/L2_task-sharedreward_model-1_type-REPLACEME_sm-5.gfeat/copeCOPENUM.feat/stats/cope1.nii.gz,1,-7.868055555555557,0.1041666666666666,0.2222222222222222,-2.7501769167541497,0.0048737472983041,0.6076388888888888,-0.5902777777777778,0.3882076159221884,-3.0544390891655526
11540,/gpfs/scratch/tug87422/smithlab-shared/sharedreward-aging/derivatives/fsl/sub-11540/L2_task-sharedreward_model-1_type-REPLACEME_sm-5.gfeat/copeCOPENUM.feat/stats/cope1.nii.gz,1,-9.868055555555555,0.1041666666666666,0.2222222222222222,9.787130163301905,-0.0854444709642394,-0.3923611111111111,0.4097222222222222,-0.7012019428816559,6.919499728019676
11542,/gpfs/scratch/tug87422/smithlab-shared/sharedreward-aging/derivatives/fsl/sub-11542/L2_task-sharedreward_model-1_type-REPLACEME_sm-5.gfeat/copeCOPENUM.feat/stats/cope1.nii.gz,1,16.131944444444443,0.1041666666666666,0.2222222222222222,-1.134008519158975,0.0530075772908205,0.6076388888888888,-0.5902777777777778,-0.4070277401743799,-6.566148891840864
11545,/gpfs/scratch/tug87422/smithlab-shared/sharedreward-aging/derivatives/fsl/sub-11545/L2_task-sharedreward_model-1_type-REPLACEME_sm-5.gfeat/copeCOPENUM.feat/stats/cope1.nii.gz,1,28.131944444444443,0.1041666666666666,0.2222222222222222,7.560191561078376,-0.0002653730120542,-0.3923611111111111,0.4097222222222222,1.298798057118344,36.53771478740563
11551,/gpfs/scratch/tug87422/smithlab-shared/sharedreward-aging/derivatives/fsl/sub-11551/L2_task-sharedreward_model-1_type-REPLACEME_sm-5.gfeat/copeCOPENUM.feat/stats/cope1.nii.gz,1,20.131944444444443,0.1041666666666666,0.2222222222222222,-3.6309412771773495,0.0013659775294212,-0.3923611111111111,0.4097222222222222,-0.7012019428816559,-14.116558558430002
11559,/gpfs/scratch/tug87422/smithlab-shared/sharedreward-aging/derivatives/fsl/sub-11559/L2_task-sharedreward_model-1_type-REPLACEME_sm-5.gfeat/copeCOPENUM.feat/stats/cope1.nii.gz,1,22.131944444444443,0.1041666666666666,0.2222222222222222,-8.722237230086044,0.2037094638455117,-0.3923611111111111,0.4097222222222222,-0.2600731696253712,-5.755924941639292
11563,/gpfs/scratch/tug87422/smithlab-shared/sharedreward-aging/derivatives/fsl/sub-11563/L2_task-sharedreward_model-1_type-REPLACEME_sm-5.gfeat/copeCOPENUM.feat/stats/cope1.nii.gz,1,10.131944444444445,0.1041666666666666,0.2222222222222222,-3.652845771674343,-0.0663398121677261,0.6076388888888888,-0.5902777777777778,-0.7012019428816559,-7.104539129613444
11570,/gpfs/scratch/tug87422/smithlab-shared/sharedreward-aging/derivatives/fsl/sub-11570/L2_task-sharedreward_model-1_type-REPLACEME_sm-5.gfeat/copeCOPENUM.feat/stats/cope1.nii.gz,1,-3.868055555555557,0.1041666666666666,0.2222222222222222,-1.7664648071334668,0.0392193455196707,0.6076388888888888,-0.5902777777777778,0.6115829805993948,-2.365636945790716
11572,/gpfs/scratch/tug87422/smithlab-shared/sharedreward-aging/derivatives/fsl/sub-11572/L2_task-sharedreward_model-1_type-REPLACEME_sm-5.gfeat/copeCOPENUM.feat/stats/cope1.nii.gz,1,-2.868055555555557,0.1041666666666666,0.2222222222222222,4.619079938234485,-0.0289342434595813,0.6076388888888888,-0.5902777777777778,-0.7012019428816559,2.011086127848084
11579,/gpfs/scratch/tug87422/smithlab-shared/sharedreward-aging/derivatives/fsl/sub-11579/L2_task-sharedreward_model-1_type-REPLACEME_sm-5.gfeat/copeCOPENUM.feat/stats/cope1.nii.gz,1,2.131944444444443,0.1041666666666666,0.2222222222222222,2.152160330285973,-0.0283964724690106,0.6076388888888888,-0.5902777777777778,1.2745547369327703,2.7172798905441686
11586,/gpfs/scratch/tug87422/smithlab-shared/sharedreward-aging/derivatives/fsl/sub-11586/L1_task-sharedreward_model-1_type-REPLACEME_run-1_sm-5.feat/stats/copeCOPENUM.nii.gz,1,8.131944444444443,0.1041666666666666,0.2222222222222222,1.8601384436075603,-0.0885687350410714,0.6076388888888888,-0.5902777777777778,-0.7012019428816559,-5.702135243850131
11588,/gpfs/scratch/tug87422/smithlab-shared/sharedreward-aging/derivatives/fsl/sub-11588/L2_task-sharedreward_model-1_type-REPLACEME_sm-5.gfeat/copeCOPENUM.feat/stats/cope1.nii.gz,1,9.131944444444445,0.1041666666666666,0.2222222222222222,18.30016888167635,-0.0655845333028841,0.6076388888888888,-0.5902777777777778,0.3669015494928122,3.350524566548944
11591,/gpfs/scratch/tug87422/smithlab-shared/sharedreward-aging/derivatives/fsl/sub-11591/L2_task-sharedreward_model-1_type-REPLACEME_sm-5.gfeat/copeCOPENUM.feat/stats/cope1.nii.gz,1,14.131944444444445,0.1041666666666666,0.2222222222222222,-1.9056240141329328,0.0653851123371187,0.6076388888888888,-0.5902777777777778,-1.248924500386822,-17.6497316547721
11597,/gpfs/scratch/tug87422/smithlab-shared/sharedreward-aging/derivatives/fsl/sub-11597/L1_task-sharedreward_model-1_type-REPLACEME_run-2_sm-5.feat/stats/copeCOPENUM.nii.gz,1,7.131944444444443,0.1041666666666666,0.2222222222222222,-4.333392361335733,0.1858696544626674,-0.3923611111111111,0.4097222222222222,-0.7012019428816559,-5.000933300968476
11598,/gpfs/scratch/tug87422/smithlab-shared/sharedreward-aging/derivatives/fsl/sub-11598/L1_task-sharedreward_model-1_type-REPLACEME_run-1_sm-5.feat/stats/copeCOPENUM.nii.gz,1,7.131944444444443,0.1041666666666666,0.2222222222222222,-0.9517606666016364,0.2044669551716284,-0.3923611111111111,0.4097222222222222,-0.7012019428816559,-5.000933300968476
11599,/gpfs/scratch/tug87422/smithlab-shared/sharedreward-aging/derivatives/fsl/sub-11599/L2_task-sharedreward_model-1_type-REPLACEME_sm-5.gfeat/copeCOPENUM.feat/stats/cope1.nii.gz,1,7.131944444444443,0.1041666666666666,0.2222222222222222,12.740798657952531,-0.0420299312311966,-0.3923611111111111,0.4097222222222222,-0.7012019428816559,-5.000933300968476
11600,/gpfs/scratch/tug87422/smithlab-shared/sharedreward-aging/derivatives/fsl/sub-11600/L2_task-sharedreward_model-1_type-REPLACEME_sm-5.gfeat/copeCOPENUM.feat/stats/cope1.nii.gz,1,8.131944444444443,0.1041666666666666,0.2222222222222222,6.045443547849267,-0.0138266568458724,-0.3923611111111111,0.4097222222222222,-0.1218364833793347,-0.9907675141472287
11622,/gpfs/scratch/tug87422/smithlab-shared/sharedreward-aging/derivatives/fsl/sub-11622/L2_task-sharedreward_model-1_type-REPLACEME_sm-5.gfeat/copeCOPENUM.feat/stats/cope1.nii.gz,1,23.131944444444443,0.1041666666666666,0.2222222222222222,15.179896539677124,-0.0417297194454579,-0.3923611111111111,0.4097222222222222,0.9023655085928904,20.8734688133536
11623,/gpfs/scratch/tug87422/smithlab-shared/sharedreward-aging/derivatives/fsl/sub-11623/L1_task-sharedreward_model-1_type-REPLACEME_run-1_sm-5.feat/stats/copeCOPENUM.nii.gz,1,34.13194444444444,0.1041666666666666,0.2222222222222222,-4.579683906322622,0.013693434726083,-0.3923611111111111,0.4097222222222222,-0.7012019428816559,-23.933385758773184
11625,/gpfs/scratch/tug87422/smithlab-shared/sharedreward-aging/derivatives/fsl/sub-11625/L2_task-sharedreward_model-1_type-REPLACEME_sm-5.gfeat/copeCOPENUM.feat/stats/cope1.nii.gz,1,27.131944444444443,0.1041666666666666,0.2222222222222222,-5.332790934026285,0.0200480498518951,0.6076388888888888,-0.5902777777777778,-0.0831704997321303,-2.256577378148841
11626,/gpfs/scratch/tug87422/smithlab-shared/sharedreward-aging/derivatives/fsl/sub-11626/L2_task-sharedreward_model-1_type-REPLACEME_sm-5.gfeat/copeCOPENUM.feat/stats/cope1.nii.gz,1,26.131944444444443,0.1041666666666666,0.2222222222222222,10.7288579061457,-0.0766598535159254,0.6076388888888888,-0.5902777777777778,1.1504382566634468,30.06318860989271
11628,/gpfs/scratch/tug87422/smithlab-shared/sharedreward-aging/derivatives/fsl/sub-11628/L2_task-sharedreward_model-1_type-REPLACEME_sm-5.gfeat/copeCOPENUM.feat/stats/cope1.nii.gz,1,10.131944444444445,0.1041666666666666,0.2222222222222222,15.777804677974622,-0.0426939020797506,-0.3923611111111111,0.4097222222222222,-0.7012019428816559,-7.104539129613444
11631,/gpfs/scratch/tug87422/smithlab-shared/sharedreward-aging/derivatives/fsl/sub-11631/L2_task-sharedreward_model-1_type-REPLACEME_sm-5.gfeat/copeCOPENUM.feat/stats/cope1.nii.gz,1,11.131944444444445,0.1041666666666666,0.2222222222222222,15.501476803172103,-0.085451845020159,-0.3923611111111111,0.4097222222222222,1.4201184006779863,15.808679140880637
11651,/gpfs/scratch/tug87422/smithlab-shared/sharedreward-aging/derivatives/fsl/sub-11651/L2_task-sharedreward_model-1_type-REPLACEME_sm-5.gfeat/copeCOPENUM.feat/stats/cope1.nii.gz,1,17.131944444444443,0.1041666666666666,0.2222222222222222,-1.384560860559155,-0.0068698074008048,0.6076388888888888,-0.5902777777777778,-0.7012019428816559,-12.012952729785034
11660,/gpfs/scratch/tug87422/smithlab-shared/sharedreward-aging/derivatives/fsl/sub-11660/L2_task-sharedreward_model-1_type-REPLACEME_sm-5.gfeat/copeCOPENUM.feat/stats/cope1.nii.gz,1,-3.868055555555557,0.1041666666666666,0.2222222222222222,8.916847872856728,-0.0947000270572872,-0.3923611111111111,0.4097222222222222,1.560002045762639,-6.03417457979021
11670,/gpfs/scratch/tug87422/smithlab-shared/sharedreward-aging/derivatives/fsl/sub-11670/L2_task-sharedreward_model-1_type-REPLACEME_sm-5.gfeat/copeCOPENUM.feat/stats/cope1.nii.gz,1,0.1319444444444428,0.1041666666666666,0.2222222222222222,2.9271844102364994,0.086447383060077,-0.3923611111111111,0.4097222222222222,1.6414044854474357,0.2165742029409785
11674,/gpfs/scratch/tug87422/smithlab-shared/sharedreward-aging/derivatives/fsl/sub-11674/L1_task-sharedreward_model-1_type-REPLACEME_run-1_sm-5.feat/stats/copeCOPENUM.nii.gz,1,11.131944444444445,0.1041666666666666,0.2222222222222222,12.595322974800789,0.0126669379059722,0.6076388888888888,-0.5902777777777778,0.0430064646535945,0.4787455752757786
11679,/gpfs/scratch/tug87422/smithlab-shared/sharedreward-aging/derivatives/fsl/sub-11679/L2_task-sharedreward_model-1_type-REPLACEME_sm-5.gfeat/copeCOPENUM.feat/stats/cope1.nii.gz,1,12.131944444444445,0.1041666666666666,0.2222222222222222,16.693604890566043,-0.0716485518900295,-0.3923611111111111,0.4097222222222222,-0.2769378741697274,-3.3597949039896786
11692,/gpfs/scratch/tug87422/smithlab-shared/sharedreward-aging/derivatives/fsl/sub-11692/L2_task-sharedreward_model-1_type-REPLACEME_sm-5.gfeat/copeCOPENUM.feat/stats/cope1.nii.gz,1,18.131944444444443,0.1041666666666666,0.2222222222222222,-7.530706678557486,0.0192788103341579,-0.3923611111111111,0.4097222222222222,1.1701466417737605,21.217033900495053
11701,/gpfs/scratch/tug87422/smithlab-shared/sharedreward-aging/derivatives/fsl/sub-11701/L2_task-sharedreward_model-1_type-REPLACEME_sm-5.gfeat/copeCOPENUM.feat/stats/cope1.nii.gz,1,21.131944444444443,0.1041666666666666,0.2222222222222222,1.998851596861336,-0.0567710810219306,-0.3923611111111111,0.4097222222222222,-0.7012019428816559,-14.81776050131166
11703,/gpfs/scratch/tug87422/smithlab-shared/sharedreward-aging/derivatives/fsl/sub-11703/L2_task-sharedreward_model-1_type-REPLACEME_sm-5.gfeat/copeCOPENUM.feat/stats/cope1.nii.gz,1,9.131944444444445,0.1041666666666666,0.2222222222222222,10.653551338549429,0.0129144079528085,-0.3923611111111111,0.4097222222222222,-0.7012019428816559,-6.403337186731788
11705,/gpfs/scratch/tug87422/smithlab-shared/sharedreward-aging/derivatives/fsl/sub-11705/L2_task-sharedreward_model-1_type-REPLACEME_sm-5.gfeat/copeCOPENUM.feat/stats/cope1.nii.gz,1,9.131944444444445,0.1041666666666666,0.2222222222222222,-0.2456967014407709,0.0715486982383779,0.6076388888888888,-0.5902777777777778,-0.2600731696253712,-2.374973736509466
11709,/gpfs/scratch/tug87422/smithlab-shared/sharedreward-aging/derivatives/fsl/sub-11709/L2_task-sharedreward_model-1_type-REPLACEME_sm-5.gfeat/copeCOPENUM.feat/stats/cope1.nii.gz,1,8.131944444444443,0.1041666666666666,0.2222222222222222,9.191082930152028,0.0324513124626382,-0.3923611111111111,0.4097222222222222,0.4928426853703312,4.007769337282346
11710,/gpfs/scratch/tug87422/smithlab-shared/sharedreward-aging/derivatives/fsl/sub-11710/L2_task-sharedreward_model-1_type-REPLACEME_sm-5.gfeat/copeCOPENUM.feat/stats/cope1.nii.gz,1,26.131944444444443,0.1041666666666666,0.2222222222222222,14.930234488874396,0.0398793840104012,0.6076388888888888,-0.5902777777777778,0.0873923749273263,2.283732686468951
11714,/gpfs/scratch/tug87422/smithlab-shared/sharedreward-aging/derivatives/fsl/sub-11714/L2_task-sharedreward_model-1_type-REPLACEME_sm-5.gfeat/copeCOPENUM.feat/stats/cope1.nii.gz,1,26.131944444444443,0.1041666666666666,0.2222222222222222,-0.6604239895644568,-0.0063531993662055,0.6076388888888888,-0.5902777777777778,0.3594582288981655,9.393342467665256
11719,/gpfs/scratch/tug87422/smithlab-shared/sharedreward-aging/derivatives/fsl/sub-11719/L1_task-sharedreward_model-1_type-REPLACEME_run-1_sm-5.feat/stats/copeCOPENUM.nii.gz,1,8.131944444444443,0.1041666666666666,0.2222222222222222,4.609430349740855,-0.0112988431124212,-0.3923611111111111,0.4097222222222222,-0.7012019428816559,-5.702135243850131
11722,/gpfs/scratch/tug87422/smithlab-shared/sharedreward-aging/derivatives/fsl/sub-11722/L2_task-sharedreward_model-1_type-REPLACEME_sm-5.gfeat/copeCOPENUM.feat/stats/cope1.nii.gz,1,10.131944444444445,0.1041666666666666,0.2222222222222222,-0.7452816119005874,0.0956137798477184,-0.3923611111111111,0.4097222222222222,-0.7012019428816559,-7.104539129613444
11723,/gpfs/scratch/tug87422/smithlab-shared/sharedreward-aging/derivatives/fsl/sub-11723/L2_task-sharedreward_model-1_type-REPLACEME_sm-5.gfeat/copeCOPENUM.feat/stats/cope1.nii.gz,1,11.131944444444445,0.1041666666666666,0.2222222222222222,-2.3077248598386504,0.0072497138993594,0.6076388888888888,-0.5902777777777778,1.940150776095216,21.59765065333771
11736,/gpfs/scratch/tug87422/smithlab-shared/sharedreward-aging/derivatives/fsl/sub-11736/L2_task-sharedreward_model-1_type-REPLACEME_sm-5.gfeat/copeCOPENUM.feat/stats/cope1.nii.gz,1,25.131944444444443,0.1041666666666666,0.2222222222222222,0.2419025025625742,0.0165495329292206,0.6076388888888888,-0.5902777777777778,0.5321377348079009,13.373655987984677
11744,/gpfs/scratch/tug87422/smithlab-shared/sharedreward-aging/derivatives/fsl/sub-11744/L2_task-sharedreward_model-1_type-REPLACEME_sm-5.gfeat/copeCOPENUM.feat/stats/cope1.nii.gz,1,44.13194444444444,0.1041666666666666,0.2222222222222222,-5.731009865336397,-0.043509862894551,0.6076388888888888,-0.5902777777777778,0.2358406284499804,10.4081055124974
11746,/gpfs/scratch/tug87422/smithlab-shared/sharedreward-aging/derivatives/fsl/sub-11746/L2_task-sharedreward_model-1_type-REPLACEME_sm-5.gfeat/copeCOPENUM.feat/stats/cope1.nii.gz,1,23.131944444444443,0.1041666666666666,0.2222222222222222,4.8974231200587965,-0.0511891757462484,0.6076388888888888,-0.5902777777777778,1.7321193740797818,40.06728913235939
11748,/gpfs/scratch/tug87422/smithlab-shared/sharedreward-aging/derivatives/fsl/sub-11748/L2_task-sharedreward_model-1_type-REPLACEME_sm-5.gfeat/copeCOPENUM.feat/stats/cope1.nii.gz,1,8.131944444444443,0.1041666666666666,0.2222222222222222,-3.3029585871084564,-0.0378649847095598,-0.3923611111111111,0.4097222222222222,1.0308488646872211,8.38280569825511
11756,/gpfs/scratch/tug87422/smithlab-shared/sharedreward-aging/derivatives/fsl/sub-11756/L2_task-sharedreward_model-1_type-REPLACEME_sm-5.gfeat/copeCOPENUM.feat/stats/cope1.nii.gz,1,6.131944444444443,0.1041666666666666,0.2222222222222222,8.116874693270496,-0.0829551294397437,-0.3923611111111111,0.4097222222222222,0.2721265839029191,1.6686650943491494
11764,/gpfs/scratch/tug87422/smithlab-shared/sharedreward-aging/derivatives/fsl/sub-11764/L2_task-sharedreward_model-1_type-REPLACEME_sm-5.gfeat/copeCOPENUM.feat/stats/cope1.nii.gz,1,23.131944444444443,0.1041666666666666,0.2222222222222222,9.958655496145788,-0.0646216368948909,-0.3923611111111111,0.4097222222222222,-0.4141830189406922,-9.580858583968372
11772,/gpfs/scratch/tug87422/smithlab-shared/sharedreward-aging/derivatives/fsl/sub-11772/L1_task-sharedreward_model-1_type-REPLACEME_run-1_sm-5.feat/stats/copeCOPENUM.nii.gz,1,4.131944444444443,0.1041666666666666,0.2222222222222222,11.979230503860585,-0.0703406667958091,-0.3923611111111111,0.4097222222222222,1.0308488646872211,4.2594102395062245
11773,/gpfs/scratch/tug87422/smithlab-shared/sharedreward-aging/derivatives/fsl/sub-11773/L2_task-sharedreward_model-1_type-REPLACEME_sm-5.gfeat/copeCOPENUM.feat/stats/cope1.nii.gz,1,11.131944444444445,0.1041666666666666,0.2222222222222222,11.771029111306838,-0.0664693312762069,-0.3923611111111111,0.4097222222222222,-0.7012019428816559,-7.805741072495099
11774,/gpfs/scratch/tug87422/smithlab-shared/sharedreward-aging/derivatives/fsl/sub-11774/L2_task-sharedreward_model-1_type-REPLACEME_sm-5.gfeat/copeCOPENUM.feat/stats/cope1.nii.gz,1,-0.8680555555555571,0.1041666666666666,0.2222222222222222,2.4943451097530343,-0.0198230785021413,-0.3923611111111111,0.4097222222222222,-0.0856149316305634,0.0743185170404198
11784,/gpfs/scratch/tug87422/smithlab-shared/sharedreward-aging/derivatives/fsl/sub-11784/L2_task-sharedreward_model-1_type-REPLACEME_sm-5.gfeat/copeCOPENUM.feat/stats/cope1.nii.gz,1,-2.868055555555557,0.1041666666666666,0.2222222222222222,2.0318584205412336,-0.0084247390684347,0.6076388888888888,-0.5902777777777778,-0.7012019428816559,2.011086127848084
11787,/gpfs/scratch/tug87422/smithlab-shared/sharedreward-aging/derivatives/fsl/sub-11787/L2_task-sharedreward_model-1_type-REPLACEME_sm-5.gfeat/copeCOPENUM.feat/stats/cope1.nii.gz,1,-4.868055555555557,0.1041666666666666,0.2222222222222222,-4.685274371335559,0.02053565559399,-0.3923611111111111,0.4097222222222222,-0.0314272562585188,0.1529896294251507
11788,/gpfs/scratch/tug87422/smithlab-shared/sharedreward-aging/derivatives/fsl/sub-11788/L2_task-sharedreward_model-1_type-REPLACEME_sm-5.gfeat/copeCOPENUM.feat/stats/cope1.nii.gz,1,-9.868055555555555,0.1041666666666666,0.2222222222222222,17.91158224696452,-0.0823881801374047,0.6076388888888888,-0.5902777777777778,-0.2600731696253713,2.5664164863725887
11789,/gpfs/scratch/tug87422/smithlab-shared/sharedreward-aging/derivatives/fsl/sub-11789/L2_task-sharedreward_model-1_type-REPLACEME_sm-5.gfeat/copeCOPENUM.feat/stats/cope1.nii.gz,1,-1.8680555555555567,0.1041666666666666,0.2222222222222222,1.0565394138281263,0.1716056344569393,-0.3923611111111111,0.4097222222222222,-0.7012019428816559,1.3098841849664278
11790,/gpfs/scratch/tug87422/smithlab-shared/sharedreward-aging/derivatives/fsl/sub-11790/L2_task-sharedreward_model-1_type-REPLACEME_sm-5.gfeat/copeCOPENUM.feat/stats/cope1.nii.gz,1,-7.868055555555557,0.1041666666666666,0.2222222222222222,1.8515043778640248,0.0050937688518128,-0.3923611111111111,0.4097222222222222,-0.7012019428816559,5.517095842256364
11793,/gpfs/scratch/tug87422/smithlab-shared/sharedreward-aging/derivatives/fsl/sub-11793/L2_task-sharedreward_model-1_type-REPLACEME_sm-5.gfeat/copeCOPENUM.feat/stats/cope1.nii.gz,1,-6.868055555555557,0.1041666666666666,0.2222222222222222,-4.688255585653984,0.0126169900239346,-0.3923611111111111,0.4097222222222222,-0.4253216489586341,2.9211327140283974
11795,/gpfs/scratch/tug87422/smithlab-shared/sharedreward-aging/derivatives/fsl/sub-11795/L2_task-sharedreward_model-1_type-REPLACEME_sm-5.gfeat/copeCOPENUM.feat/stats/cope1.nii.gz,1,-9.868055555555555,0.1041666666666666,0.2222222222222222,14.110004588979486,-0.0417949284928442,0.6076388888888888,-0.5902777777777778,0.2358406284499802,-2.327288423801541
11815,/gpfs/scratch/tug87422/smithlab-shared/sharedreward-aging/derivatives/fsl/sub-11815/L2_task-sharedreward_model-1_type-REPLACEME_sm-5.gfeat/copeCOPENUM.feat/stats/cope1.nii.gz,1,19.131944444444443,0.1041666666666666,0.2222222222222222,3.786445483292177,-0.0208525941329346,0.6076388888888888,-0.5902777777777778,-0.7012019428816559,-13.415356615548347
11822,/gpfs/scratch/tug87422/smithlab-shared/sharedreward-aging/derivatives/fsl/sub-11822/L2_task-sharedreward_model-1_type-REPLACEME_sm-5.gfeat/copeCOPENUM.feat/stats/cope1.nii.gz,1,11.131944444444445,0.1041666666666666,0.2222222222222222,9.700952515431403,-0.0539712245322691,-0.3923611111111111,0.4097222222222222,0.2636993384723597,2.93548638591106
11823,/gpfs/scratch/tug87422/smithlab-shared/sharedreward-aging/derivatives/fsl/sub-11823/L2_task-sharedreward_model-1_type-REPLACEME_sm-5.gfeat/copeCOPENUM.feat/stats/cope1.nii.gz,1,11.131944444444445,0.1041666666666666,0.2222222222222222,17.35041009479361,-0.0684453583715973,-0.3923611111111111,0.4097222222222222,0.1537626569732598,1.7116773550564968
11824,/gpfs/scratch/tug87422/smithlab-shared/sharedreward-aging/derivatives/fsl/sub-11824/L2_task-sharedreward_model-1_type-REPLACEME_sm-5.gfeat/copeCOPENUM.feat/stats/cope1.nii.gz,1,17.131944444444443,0.1041666666666666,0.2222222222222222,-9.340839764958524,0.1185656867215767,-0.3923611111111111,0.4097222222222222,-0.3576429422933348,-6.127119018317062
11828,/gpfs/scratch/tug87422/smithlab-shared/sharedreward-aging/derivatives/fsl/sub-11828/L2_task-sharedreward_model-1_type-REPLACEME_sm-5.gfeat/copeCOPENUM.feat/stats/cope1.nii.gz,1,33.13194444444444,0.1041666666666666,0.2222222222222222,-0.4456321431028627,-0.0011423274186211,0.6076388888888888,-0.5902777777777778,1.8342608213038931,60.77262762806163
11829,/gpfs/scratch/tug87422/smithlab-shared/sharedreward-aging/derivatives/fsl/sub-11829/L1_task-sharedreward_model-1_type-REPLACEME_run-2_sm-5.feat/stats/copeCOPENUM.nii.gz,1,11.131944444444445,0.1041666666666666,0.2222222222222222,25.825048334972657,-0.1066828229782363,-0.3923611111111111,0.4097222222222222,-0.7012019428816559,-7.805741072495099
11840,/gpfs/scratch/tug87422/smithlab-shared/sharedreward-aging/derivatives/fsl/sub-11840/L2_task-sharedreward_model-1_type-REPLACEME_sm-5.gfeat/copeCOPENUM.feat/stats/cope1.nii.gz,1,27.131944444444443,0.1041666666666666,0.2222222222222222,7.4615248969818495,-0.0471163753720109,0.6076388888888888,-0.5902777777777778,-0.7012019428816559,-19.0249721586016
11847,/gpfs/scratch/tug87422/smithlab-shared/sharedreward-aging/derivatives/fsl/sub-11847/L2_task-sharedreward_model-1_type-REPLACEME_sm-5.gfeat/copeCOPENUM.feat/stats/cope1.nii.gz,1,12.131944444444445,0.1041666666666666,0.2222222222222222,-3.046414951252096,0.0666976894038371,-0.3923611111111111,0.4097222222222222,1.4201184006779868,17.228797541558627
11853,/gpfs/scratch/tug87422/smithlab-shared/sharedreward-aging/derivatives/fsl/sub-11853/L2_task-sharedreward_model-1_type-REPLACEME_sm-5.gfeat/copeCOPENUM.feat/stats/cope1.nii.gz,1,19.131944444444443,0.1041666666666666,0.2222222222222222,15.765170322923645,-0.0794330751026958,-0.3923611111111111,0.4097222222222222,-1.1878662062739436,-22.726190265866077
11854,/gpfs/scratch/tug87422/smithlab-shared/sharedreward-aging/derivatives/fsl/sub-11854/L2_task-sharedreward_model-1_type-REPLACEME_sm-5.gfeat/copeCOPENUM.feat/stats/cope1.nii.gz,1,26.131944444444443,0.1041666666666666,0.2222222222222222,-7.819789813115072,0.1651199750906715,0.6076388888888888,-0.5902777777777778,0.523542928509933,13.681194722103315
11861,/gpfs/scratch/tug87422/smithlab-shared/sharedreward-aging/derivatives/fsl/sub-11861/L2_task-sharedreward_model-1_type-REPLACEME_sm-5.gfeat/copeCOPENUM.feat/stats/cope1.nii.gz,1,-18.86805555555556,0.1041666666666666,0.2222222222222222,9.415706695832036,-0.0148209847557586,0.6076388888888888,-0.5902777777777778,-0.7012019428816559,13.230317213954578
11866,/gpfs/scratch/tug87422/smithlab-shared/sharedreward-aging/derivatives/fsl/sub-11866/L2_task-sharedreward_model-1_type-REPLACEME_sm-5.gfeat/copeCOPENUM.feat/stats/cope1.nii.gz,1,-16.868055555555557,0.1041666666666666,0.2222222222222222,13.331835947424828,-0.0043361902202869,0.6076388888888888,-0.5902777777777778,-0.4226589356160782,7.129434407023988
11867,/gpfs/scratch/tug87422/smithlab-shared/sharedreward-aging/derivatives/fsl/sub-11867/L2_task-sharedreward_model-1_type-REPLACEME_sm-5.gfeat/copeCOPENUM.feat/stats/cope1.nii.gz,1,-19.86805555555556,0.1041666666666666,0.2222222222222222,17.3555116089589,-0.0969976257399553,0.6076388888888888,-0.5902777777777778,-0.0542053036610254,1.0769539845430136
11870,/gpfs/scratch/tug87422/smithlab-shared/sharedreward-aging/derivatives/fsl/sub-11870/L2_task-sharedreward_model-1_type-REPLACEME_sm-5.gfeat/copeCOPENUM.feat/stats/cope1.nii.gz,1,-16.868055555555557,0.1041666666666666,0.2222222222222222,10.860497218167133,-0.0452212375092438,0.6076388888888888,-0.5902777777777778,1.0308488646872216,-17.38841591892543
11872,/gpfs/scratch/tug87422/smithlab-shared/sharedreward-aging/derivatives/fsl/sub-11872/L2_task-sharedreward_model-1_type-REPLACEME_sm-5.gfeat/copeCOPENUM.feat/stats/cope1.nii.gz,1,-16.868055555555557,0.1041666666666666,0.2222222222222222,17.098146148451328,-0.0324948943293715,0.6076388888888888,-0.5902777777777778,0.1062084043476059,-1.7915292650023251
11876,/gpfs/scratch/tug87422/smithlab-shared/sharedreward-aging/derivatives/fsl/sub-11876/L2_task-sharedreward_model-1_type-REPLACEME_sm-5.gfeat/copeCOPENUM.feat/stats/cope1.nii.gz,1,-13.868055555555555,0.1041666666666666,0.2222222222222222,21.14628536145361,-0.063296016608855,0.6076388888888888,-0.5902777777777778,-0.1071134170956514,1.4854548190278891
11877,/gpfs/scratch/tug87422/smithlab-shared/sharedreward-aging/derivatives/fsl/sub-11877/L2_task-sharedreward_model-1_type-REPLACEME_sm-5.gfeat/copeCOPENUM.feat/stats/cope1.nii.gz,1,-18.86805555555556,0.1041666666666666,0.2222222222222222,-7.149275631102078,-0.0080172577476157,0.6076388888888888,-0.5902777777777778,-1.7577430304724049,33.165193151343914
11881,/gpfs/scratch/tug87422/smithlab-shared/sharedreward-aging/derivatives/fsl/sub-11881/L1_task-sharedreward_model-1_type-REPLACEME_run-1_sm-5.feat/stats/copeCOPENUM.nii.gz,1,18.131944444444443,0.1041666666666666,0.2222222222222222,3.4450630913085334,0.0395633267407591,-0.3923611111111111,0.4097222222222222,-0.7012019428816559,-12.714154672666693
11885,/gpfs/scratch/tug87422/smithlab-shared/sharedreward-aging/derivatives/fsl/sub-11885/L2_task-sharedreward_model-1_type-REPLACEME_sm-5.gfeat/copeCOPENUM.feat/stats/cope1.nii.gz,1,12.131944444444445,0.1041666666666666,0.2222222222222222,9.052442152944115,-0.0354761453906419,-0.3923611111111111,0.4097222222222222,1.2855965927159096,15.596786440796484
11891,/gpfs/scratch/tug87422/smithlab-shared/sharedreward-aging/derivatives/fsl/sub-11891/L2_task-sharedreward_model-1_type-REPLACEME_sm-5.gfeat/copeCOPENUM.feat/stats/cope1.nii.gz,1,27.131944444444443,0.1041666666666666,0.2222222222222222,7.506533512805312,0.0260292319695522,-0.3923611111111111,0.4097222222222222,0.6221843768871981,16.88107194790474
