sub,path,ones,age_demeaned,study_demeaned,flip_demeaned,tsnr_demeaned,fd_mean_demeaned,gender_M_demeaned,gender_F_demeaned,Fwin_minus_Floss_minus_Cwin_minus_Closs_z_demeaned,age_x_Fwin_minus_Floss_minus_Cwin_minus_Closs_z_demeaned
104,/gpfs/scratch/tug87422/smithlab-shared/sharedreward-aging/derivatives/fsl/sub-104/L2_task-sharedreward_model-1_type-REPLACEME_sm-5.gfeat/copeCOPENUM.feat/stats/cope1.nii.gz,1,-24.86805555555556,-0.8958333333333334,-0.7777777777777778,42.73415199220805,-0.1010499019202701,0.6076388888888888,-0.5902777777777778,-2.1142763369230257,52.5779414063983
107,/gpfs/scratch/tug87422/smithlab-shared/sharedreward-aging/derivatives/fsl/sub-107/L2_task-sharedreward_model-1_type-REPLACEME_sm-5.gfeat/copeCOPENUM.feat/stats/cope1.nii.gz,1,-21.86805555555556,-0.8958333333333334,-0.7777777777777778,49.041119068587854,-0.094172659789725,0.6076388888888888,-0.5902777777777778,1.1775710906269934,-25.75119003044724
108,/gpfs/scratch/tug87422/smithlab-shared/sharedreward-aging/derivatives/fsl/sub-108/L2_task-sharedreward_model-1_type-REPLACEME_sm-5.gfeat/copeCOPENUM.feat/stats/cope1.nii.gz,1,-23.86805555555556,-0.8958333333333334,-0.7777777777777778,17.279939004994652,-0.0311020230793051,-0.3923611111111111,0.4097222222222222,1.1127880088893285,-26.560086017726544
111,/gpfs/scratch/tug87422/smithlab-shared/sharedreward-aging/derivatives/fsl/sub-111/L1_task-sharedreward_model-1_type-REPLACEME_run-02_sm-5.feat/stats/copeCOPENUM.nii.gz,1,35.13194444444444,-0.8958333333333334,-0.7777777777777778,2.066307542456037,0.1730279827773135,0.6076388888888888,-0.5902777777777778,-4.110439908746132,-144.40774651629638
112,/gpfs/scratch/tug87422/smithlab-shared/sharedreward-aging/derivatives/fsl/sub-112/L2_task-sharedreward_model-1_type-REPLACEME_sm-5.gfeat/copeCOPENUM.feat/stats/cope1.nii.gz,1,-21.86805555555556,-0.8958333333333334,-0.7777777777777778,42.58870848101257,-0.0560512715772439,-0.3923611111111111,0.4097222222222222,-1.22075206090025,26.69547388732561
113,/gpfs/scratch/tug87422/smithlab-shared/sharedreward-aging/derivatives/fsl/sub-113/L2_task-sharedreward_model-1_type-REPLACEME_sm-5.gfeat/copeCOPENUM.feat/stats/cope1.nii.gz,1,-10.868055555555555,-0.8958333333333334,-0.7777777777777778,30.57778455289705,-0.0339189590503367,-0.3923611111111111,0.4097222222222222,-0.7763669622904157,8.437599277670143
115,/gpfs/scratch/tug87422/smithlab-shared/sharedreward-aging/derivatives/fsl/sub-115/L2_task-sharedreward_model-1_type-REPLACEME_sm-5.gfeat/copeCOPENUM.feat/stats/cope1.nii.gz,1,-23.86805555555556,-0.8958333333333334,-0.7777777777777778,50.49258990028799,-0.0366218909663902,-0.3923611111111111,0.4097222222222222,-0.1594269536536094,3.805211386857332
116,/gpfs/scratch/tug87422/smithlab-shared/sharedreward-aging/derivatives/fsl/sub-116/L2_task-sharedreward_model-1_type-REPLACEME_sm-5.gfeat/copeCOPENUM.feat/stats/cope1.nii.gz,1,-19.86805555555556,-0.8958333333333334,-0.7777777777777778,3.366876349162034,0.1079771755015977,-0.3923611111111111,0.4097222222222222,1.7297549818654967,-34.36686807720268
117,/gpfs/scratch/tug87422/smithlab-shared/sharedreward-aging/derivatives/fsl/sub-117/L2_task-sharedreward_model-1_type-REPLACEME_sm-5.gfeat/copeCOPENUM.feat/stats/cope1.nii.gz,1,-24.86805555555556,-0.8958333333333334,-0.7777777777777778,40.79426435866086,-0.0408720052433097,-0.3923611111111111,0.4097222222222222,-0.2103100319942388,5.230001559523397
121,/gpfs/scratch/tug87422/smithlab-shared/sharedreward-aging/derivatives/fsl/sub-121/L2_task-sharedreward_model-1_type-REPLACEME_sm-5.gfeat/copeCOPENUM.feat/stats/cope1.nii.gz,1,-24.86805555555556,-0.8958333333333334,-0.7777777777777778,55.60774691911107,-0.0764214358628414,-0.3923611111111111,0.4097222222222222,-0.5226243020130936,12.996650177145058
122,/gpfs/scratch/tug87422/smithlab-shared/sharedreward-aging/derivatives/fsl/sub-122/L2_task-sharedreward_model-1_type-REPLACEME_sm-5.gfeat/copeCOPENUM.feat/stats/cope1.nii.gz,1,-24.86805555555556,-0.8958333333333334,-0.7777777777777778,59.298532522476,-0.0436300577380489,-0.3923611111111111,0.4097222222222222,1.0933458155040334,-27.1893844813885
124,/gpfs/scratch/tug87422/smithlab-shared/sharedreward-aging/derivatives/fsl/sub-124/L2_task-sharedreward_model-1_type-REPLACEME_sm-5.gfeat/copeCOPENUM.feat/stats/cope1.nii.gz,1,-24.86805555555556,-0.8958333333333334,-0.7777777777777778,33.1649086527356,-0.0114334641129879,0.6076388888888888,-0.5902777777777778,1.4044167333516675,-34.92511334814113
125,/gpfs/scratch/tug87422/smithlab-shared/sharedreward-aging/derivatives/fsl/sub-125/L2_task-sharedreward_model-1_type-REPLACEME_sm-5.gfeat/copeCOPENUM.feat/stats/cope1.nii.gz,1,-23.86805555555556,-0.8958333333333334,-0.7777777777777778,57.12379927801127,-0.0767294306119292,-0.3923611111111111,0.4097222222222222,-2.110921794504212,50.383598664659566
128,/gpfs/scratch/tug87422/smithlab-shared/sharedreward-aging/derivatives/fsl/sub-128/L2_task-sharedreward_model-1_type-REPLACEME_sm-5.gfeat/copeCOPENUM.feat/stats/cope1.nii.gz,1,18.131944444444443,-0.8958333333333334,-0.7777777777777778,26.600032989361047,0.1382384061421695,0.6076388888888888,-0.5902777777777778,-1.4271583357463844,-25.87715565717923
136,/gpfs/scratch/tug87422/smithlab-shared/sharedreward-aging/derivatives/fsl/sub-136/L2_task-sharedreward_model-1_type-REPLACEME_sm-5.gfeat/copeCOPENUM.feat/stats/cope1.nii.gz,1,20.131944444444443,-0.8958333333333334,-0.7777777777777778,31.407058706350348,-0.009792685767852,-0.3923611111111111,0.4097222222222222,-0.6476745727924271,-13.038948517536433
137,/gpfs/scratch/tug87422/smithlab-shared/sharedreward-aging/derivatives/fsl/sub-137/L2_task-sharedreward_model-1_type-REPLACEME_sm-5.gfeat/copeCOPENUM.feat/stats/cope1.nii.gz,1,27.131944444444443,-0.8958333333333334,-0.7777777777777778,34.816167588014345,0.0801940368544371,0.6076388888888888,-0.5902777777777778,1.1168365762688794,30.301947940850777
141,/gpfs/scratch/tug87422/smithlab-shared/sharedreward-aging/derivatives/fsl/sub-141/L2_task-sharedreward_model-1_type-REPLACEME_sm-5.gfeat/copeCOPENUM.feat/stats/cope1.nii.gz,1,31.131944444444443,-0.8958333333333334,-0.7777777777777778,45.39878641786678,-0.0061294894650909,-0.3923611111111111,0.4097222222222222,-1.4271583357463844,-44.43021402188223
142,/gpfs/scratch/tug87422/smithlab-shared/sharedreward-aging/derivatives/fsl/sub-142/L2_task-sharedreward_model-1_type-REPLACEME_sm-5.gfeat/copeCOPENUM.feat/stats/cope1.nii.gz,1,25.131944444444443,-0.8958333333333334,-0.7777777777777778,26.28346350476537,0.0929310161780758,-0.3923611111111111,0.4097222222222222,1.1168365762688794,28.068274788313012
144,/gpfs/scratch/tug87422/smithlab-shared/sharedreward-aging/derivatives/fsl/sub-144/L2_task-sharedreward_model-1_type-REPLACEME_sm-5.gfeat/copeCOPENUM.feat/stats/cope1.nii.gz,1,27.131944444444443,-0.8958333333333334,-0.7777777777777778,0.9192594485536248,0.1947163896311806,0.6076388888888888,-0.5902777777777778,-2.487818507526206,-67.49935353406171
147,/gpfs/scratch/tug87422/smithlab-shared/sharedreward-aging/derivatives/fsl/sub-147/L2_task-sharedreward_model-1_type-REPLACEME_sm-5.gfeat/copeCOPENUM.feat/stats/cope1.nii.gz,1,20.131944444444443,-0.8958333333333334,-0.7777777777777778,23.264275289857014,0.0389615612338296,-0.3923611111111111,0.4097222222222222,-0.958637050080566,-19.29922783460806
149,/gpfs/scratch/tug87422/smithlab-shared/sharedreward-aging/derivatives/fsl/sub-149/L1_task-sharedreward_model-1_type-REPLACEME_run-02_sm-5.feat/stats/copeCOPENUM.nii.gz,1,21.131944444444443,-0.8958333333333334,-0.7777777777777778,10.882347522612385,0.1276818931586897,0.6076388888888888,-0.5902777777777778,-1.4271583357463844,-30.158630664418386
150,/gpfs/scratch/tug87422/smithlab-shared/sharedreward-aging/derivatives/fsl/sub-150/L2_task-sharedreward_model-1_type-REPLACEME_sm-5.gfeat/copeCOPENUM.feat/stats/cope1.nii.gz,1,-21.86805555555556,-0.8958333333333334,-0.7777777777777778,12.004171633761564,0.022916553084391,-0.3923611111111111,0.4097222222222222,2.0369432793913704,-44.543988797246016
151,/gpfs/scratch/tug87422/smithlab-shared/sharedreward-aging/derivatives/fsl/sub-151/L2_task-sharedreward_model-1_type-REPLACEME_sm-5.gfeat/copeCOPENUM.feat/stats/cope1.nii.gz,1,20.131944444444443,-0.8958333333333334,-0.7777777777777778,21.44217748470297,0.1633249418729551,-0.3923611111111111,0.4097222222222222,-2.0818120064543617,-41.91092365771662
153,/gpfs/scratch/tug87422/smithlab-shared/sharedreward-aging/derivatives/fsl/sub-153/L2_task-sharedreward_model-1_type-REPLACEME_sm-5.gfeat/copeCOPENUM.feat/stats/cope1.nii.gz,1,-15.868055555555555,-0.8958333333333334,-0.7777777777777778,13.038899570081108,0.0958057205479423,0.6076388888888888,-0.5902777777777778,0.0941193227649455,-1.4934906424854202
154,/gpfs/scratch/tug87422/smithlab-shared/sharedreward-aging/derivatives/fsl/sub-154/L2_task-sharedreward_model-1_type-REPLACEME_sm-5.gfeat/copeCOPENUM.feat/stats/cope1.nii.gz,1,22.131944444444443,-0.8958333333333334,-0.7777777777777778,18.539886332134905,0.0665774732745817,-0.3923611111111111,0.4097222222222222,0.9083384967381845,20.10329714655968
155,/gpfs/scratch/tug87422/smithlab-shared/sharedreward-aging/derivatives/fsl/sub-155/L2_task-sharedreward_model-1_type-REPLACEME_sm-5.gfeat/copeCOPENUM.feat/stats/cope1.nii.gz,1,-14.868055555555555,-0.8958333333333334,-0.7777777777777778,34.759033503727245,-0.0789606827818115,0.6076388888888888,-0.5902777777777778,1.2561232372533628,-18.67611007610729
156,/gpfs/scratch/tug87422/smithlab-shared/sharedreward-aging/derivatives/fsl/sub-156/L2_task-sharedreward_model-1_type-REPLACEME_sm-5.gfeat/copeCOPENUM.feat/stats/cope1.nii.gz,1,-14.868055555555555,-0.8958333333333334,-0.7777777777777778,2.8282866177211545,0.0516670291874806,-0.3923611111111111,0.4097222222222222,-1.4271583357463844,21.21906942245145
157,/gpfs/scratch/tug87422/smithlab-shared/sharedreward-aging/derivatives/fsl/sub-157/L2_task-sharedreward_model-1_type-REPLACEME_sm-5.gfeat/copeCOPENUM.feat/stats/cope1.nii.gz,1,-19.86805555555556,-0.8958333333333334,-0.7777777777777778,8.88455571800629,-0.0202578955428592,0.6076388888888888,-0.5902777777777778,-0.8091268925968587,16.075778053608424
158,/gpfs/scratch/tug87422/smithlab-shared/sharedreward-aging/derivatives/fsl/sub-158/L2_task-sharedreward_model-1_type-REPLACEME_sm-5.gfeat/copeCOPENUM.feat/stats/cope1.nii.gz,1,-18.86805555555556,-0.8958333333333334,-0.7777777777777778,15.980446385237578,-0.0116266688919225,0.6076388888888888,-0.5902777777777778,1.383969378248525,-26.11281111598085
159,/gpfs/scratch/tug87422/smithlab-shared/sharedreward-aging/derivatives/fsl/sub-159/L2_task-sharedreward_model-1_type-REPLACEME_sm-5.gfeat/copeCOPENUM.feat/stats/cope1.nii.gz,1,-20.86805555555556,-0.8958333333333334,-0.7777777777777778,44.61363333238448,-0.0813586227869637,-0.3923611111111111,0.4097222222222222,-0.5888147566476643,12.287419053654384
10317,/gpfs/scratch/tug87422/smithlab-shared/sharedreward-aging/derivatives/fsl/sub-10317/L2_task-sharedreward_model-1_type-REPLACEME_sm-5.gfeat/copeCOPENUM.feat/stats/cope1.nii.gz,1,18.131944444444443,0.1041666666666666,-0.7777777777777778,-16.898138887638503,0.0089648009366473,-0.3923611111111111,0.4097222222222222,1.2839300065988075,23.280147550204767
10369,/gpfs/scratch/tug87422/smithlab-shared/sharedreward-aging/derivatives/fsl/sub-10369/L2_task-sharedreward_model-1_type-REPLACEME_sm-5.gfeat/copeCOPENUM.feat/stats/cope1.nii.gz,1,-12.868055555555555,0.1041666666666666,-0.7777777777777778,-15.922498059557562,-0.05818821114728,0.6076388888888888,-0.5902777777777778,-0.3787134677531387,4.873305942684487
10402,/gpfs/scratch/tug87422/smithlab-shared/sharedreward-aging/derivatives/fsl/sub-10402/L2_task-sharedreward_model-1_type-REPLACEME_sm-5.gfeat/copeCOPENUM.feat/stats/cope1.nii.gz,1,-8.868055555555557,0.1041666666666666,-0.7777777777777778,-15.536746496142165,0.0079556876761988,0.6076388888888888,-0.5902777777777778,-1.0028942670344558,8.893722076409725
10462,/gpfs/scratch/tug87422/smithlab-shared/sharedreward-aging/derivatives/fsl/sub-10462/L1_task-sharedreward_model-1_type-REPLACEME_run-1_sm-5.feat/stats/copeCOPENUM.nii.gz,1,17.131944444444443,0.1041666666666666,-0.7777777777777778,-16.059142342459687,-0.0366721764452551,0.6076388888888888,-0.5902777777777778,-1.427158335746384,-24.44999732143284
10486,/gpfs/scratch/tug87422/smithlab-shared/sharedreward-aging/derivatives/fsl/sub-10486/L2_task-sharedreward_model-1_type-REPLACEME_sm-5.gfeat/copeCOPENUM.feat/stats/cope1.nii.gz,1,-2.868055555555557,0.1041666666666666,-0.7777777777777778,-15.381865025014427,-0.0254235954006692,-0.3923611111111111,0.4097222222222222,-0.42102599618562,1.2075259473934803
10529,/gpfs/scratch/tug87422/smithlab-shared/sharedreward-aging/derivatives/fsl/sub-10529/L2_task-sharedreward_model-1_type-REPLACEME_sm-5.gfeat/copeCOPENUM.feat/stats/cope1.nii.gz,1,22.131944444444443,0.1041666666666666,-0.7777777777777778,-14.888407828792277,0.0158441310129062,0.6076388888888888,-0.5902777777777778,-0.9863273207239972,-21.829341466301244
10541,/gpfs/scratch/tug87422/smithlab-shared/sharedreward-aging/derivatives/fsl/sub-10541/L2_task-sharedreward_model-1_type-REPLACEME_sm-5.gfeat/copeCOPENUM.feat/stats/cope1.nii.gz,1,24.131944444444443,0.1041666666666666,-0.7777777777777778,-19.8231043709496,0.1566195933018262,0.6076388888888888,-0.5902777777777778,-0.7048432172317693,-17.009237360280544
10559,/gpfs/scratch/tug87422/smithlab-shared/sharedreward-aging/derivatives/fsl/sub-10559/L2_task-sharedreward_model-1_type-REPLACEME_sm-5.gfeat/copeCOPENUM.feat/stats/cope1.nii.gz,1,-16.868055555555557,0.1041666666666666,-0.7777777777777778,-19.22302683900883,0.0583099643354357,0.6076388888888888,-0.5902777777777778,1.5426901452371156,-26.022183074867737
10572,/gpfs/scratch/tug87422/smithlab-shared/sharedreward-aging/derivatives/fsl/sub-10572/L2_task-sharedreward_model-1_type-REPLACEME_sm-5.gfeat/copeCOPENUM.feat/stats/cope1.nii.gz,1,25.131944444444443,0.1041666666666666,-0.7777777777777778,-20.126427389430624,0.124433553738779,-0.3923611111111111,0.4097222222222222,-0.0876089625001104,-2.2017835783881914
10584,/gpfs/scratch/tug87422/smithlab-shared/sharedreward-aging/derivatives/fsl/sub-10584/L1_task-sharedreward_model-1_type-REPLACEME_run-1_sm-5.feat/stats/copeCOPENUM.nii.gz,1,4.131944444444443,0.1041666666666666,-0.7777777777777778,-16.066690817399227,-0.061645704628394,-0.3923611111111111,0.4097222222222222,-1.4271583357463844,-5.89693895672985
10585,/gpfs/scratch/tug87422/smithlab-shared/sharedreward-aging/derivatives/fsl/sub-10585/L2_task-sharedreward_model-1_type-REPLACEME_sm-5.gfeat/copeCOPENUM.feat/stats/cope1.nii.gz,1,18.131944444444443,0.1041666666666666,-0.7777777777777778,-18.44966819886425,0.0682241762242375,-0.3923611111111111,0.4097222222222222,-0.5888147566476638,-10.676356455604514
10589,/gpfs/scratch/tug87422/smithlab-shared/sharedreward-aging/derivatives/fsl/sub-10589/L2_task-sharedreward_model-1_type-REPLACEME_sm-5.gfeat/copeCOPENUM.feat/stats/cope1.nii.gz,1,-10.868055555555555,0.1041666666666666,-0.7777777777777778,-16.386973664263074,-0.0625386265262027,0.6076388888888888,-0.5902777777777778,-0.0321866708205527,0.3498065266261458
10590,/gpfs/scratch/tug87422/smithlab-shared/sharedreward-aging/derivatives/fsl/sub-10590/L2_task-sharedreward_model-1_type-REPLACEME_sm-5.gfeat/copeCOPENUM.feat/stats/cope1.nii.gz,1,11.131944444444445,0.1041666666666666,-0.7777777777777778,-13.285950281115523,-0.0385368729536897,-0.3923611111111111,0.4097222222222222,2.281030323150769,25.39230283340752
10596,/gpfs/scratch/tug87422/smithlab-shared/sharedreward-aging/derivatives/fsl/sub-10596/L2_task-sharedreward_model-1_type-REPLACEME_sm-5.gfeat/copeCOPENUM.feat/stats/cope1.nii.gz,1,-17.868055555555557,0.1041666666666666,-0.7777777777777778,-14.934746133203896,0.0735888370281974,-0.3923611111111111,0.4097222222222222,1.72755534857334,-30.86805494360559
10603,/gpfs/scratch/tug87422/smithlab-shared/sharedreward-aging/derivatives/fsl/sub-10603/L1_task-sharedreward_model-1_type-REPLACEME_run-1_sm-5.feat/stats/copeCOPENUM.nii.gz,1,24.131944444444443,0.1041666666666666,-0.7777777777777778,-15.680799317004436,0.0296406485621767,-0.3923611111111111,0.4097222222222222,0.9972077711789216,24.064562533658
10608,/gpfs/scratch/tug87422/smithlab-shared/sharedreward-aging/derivatives/fsl/sub-10608/L1_task-sharedreward_model-1_type-REPLACEME_run-1_sm-5.feat/stats/copeCOPENUM.nii.gz,1,-15.868055555555555,0.1041666666666666,-0.7777777777777778,-11.698308990493691,-0.044574996241826,-0.3923611111111111,0.4097222222222222,0.4099589713409997,-6.505251732737391
10617,/gpfs/scratch/tug87422/smithlab-shared/sharedreward-aging/derivatives/fsl/sub-10617/L1_task-sharedreward_model-1_type-REPLACEME_run-1_sm-5.feat/stats/copeCOPENUM.nii.gz,1,28.131944444444443,0.1041666666666666,-0.7777777777777778,-16.68207364475196,0.0423669218796227,-0.3923611111111111,0.4097222222222222,1.0223314070367937,28.760170346569797
10636,/gpfs/scratch/tug87422/smithlab-shared/sharedreward-aging/derivatives/fsl/sub-10636/L2_task-sharedreward_model-1_type-REPLACEME_sm-5.gfeat/copeCOPENUM.feat/stats/cope1.nii.gz,1,-17.868055555555557,0.1041666666666666,-0.7777777777777778,-16.236488238948674,-0.0308281766733066,-0.3923611111111111,0.4097222222222222,1.7528353042726956,-31.319758596483656
10638,/gpfs/scratch/tug87422/smithlab-shared/sharedreward-aging/derivatives/fsl/sub-10638/L2_task-sharedreward_model-1_type-REPLACEME_sm-5.gfeat/copeCOPENUM.feat/stats/cope1.nii.gz,1,27.131944444444443,0.1041666666666666,-0.7777777777777778,-13.981431929609547,0.0010286404150741,-0.3923611111111111,0.4097222222222222,-0.4538298089618093,-12.313285163984649
10640,/gpfs/scratch/tug87422/smithlab-shared/sharedreward-aging/derivatives/fsl/sub-10640/L2_task-sharedreward_model-1_type-REPLACEME_sm-5.gfeat/copeCOPENUM.feat/stats/cope1.nii.gz,1,-13.868055555555555,0.1041666666666666,0.2222222222222222,-2.582780753535495,-0.0882889039717269,-0.3923611111111111,0.4097222222222222,-0.0855175492465107,1.1859621239255698
10641,/gpfs/scratch/tug87422/smithlab-shared/sharedreward-aging/derivatives/fsl/sub-10641/L1_task-sharedreward_model-1_type-REPLACEME_run-1_sm-5.feat/stats/copeCOPENUM.nii.gz,1,-0.8680555555555571,0.1041666666666666,-0.7777777777777778,-15.982533179613108,0.0381208374982735,-0.3923611111111111,0.4097222222222222,-1.4271583357463844,1.238852722002072
10642,/gpfs/scratch/tug87422/smithlab-shared/sharedreward-aging/derivatives/fsl/sub-10642/L2_task-sharedreward_model-1_type-REPLACEME_sm-5.gfeat/copeCOPENUM.feat/stats/cope1.nii.gz,1,-12.868055555555555,0.1041666666666666,0.2222222222222222,-0.3395791116457403,0.0689468857174083,-0.3923611111111111,0.4097222222222222,2.2115394506254265,-28.458212513950805
10644,/gpfs/scratch/tug87422/smithlab-shared/sharedreward-aging/derivatives/fsl/sub-10644/L2_task-sharedreward_model-1_type-REPLACEME_sm-5.gfeat/copeCOPENUM.feat/stats/cope1.nii.gz,1,24.131944444444443,0.1041666666666666,-0.7777777777777778,-20.024745734623444,0.0076668016103822,-0.3923611111111111,0.4097222222222222,2.03694327939137,49.15540205475702
10647,/gpfs/scratch/tug87422/smithlab-shared/sharedreward-aging/derivatives/fsl/sub-10647/L2_task-sharedreward_model-1_type-REPLACEME_sm-5.gfeat/copeCOPENUM.feat/stats/cope1.nii.gz,1,-20.86805555555556,0.1041666666666666,0.2222222222222222,2.4672800872537337,-0.0760990933970161,-0.3923611111111111,0.4097222222222222,1.4621021383120762,-30.511228650192983
10649,/gpfs/scratch/tug87422/smithlab-shared/sharedreward-aging/derivatives/fsl/sub-10649/L2_task-sharedreward_model-1_type-REPLACEME_sm-5.gfeat/copeCOPENUM.feat/stats/cope1.nii.gz,1,18.131944444444443,0.1041666666666666,-0.7777777777777778,-18.74854734209324,0.0556857699929092,-0.3923611111111111,0.4097222222222222,-1.4271583357463844,-25.87715565717923
10652,/gpfs/scratch/tug87422/smithlab-shared/sharedreward-aging/derivatives/fsl/sub-10652/L2_task-sharedreward_model-1_type-REPLACEME_sm-5.gfeat/copeCOPENUM.feat/stats/cope1.nii.gz,1,25.131944444444443,0.1041666666666666,-0.7777777777777778,-13.556995169940215,-0.0052633680842752,-0.3923611111111111,0.4097222222222222,-0.025860236255643,-0.649918020897029
10656,/gpfs/scratch/tug87422/smithlab-shared/sharedreward-aging/derivatives/fsl/sub-10656/L2_task-sharedreward_model-1_type-REPLACEME_sm-5.gfeat/copeCOPENUM.feat/stats/cope1.nii.gz,1,-23.86805555555556,0.1041666666666666,-0.7777777777777778,-16.593976734333715,-0.0598194400937138,0.6076388888888888,-0.5902777777777778,-2.039530771442178,48.67963376004701
10657,/gpfs/scratch/tug87422/smithlab-shared/sharedreward-aging/derivatives/fsl/sub-10657/L2_task-sharedreward_model-1_type-REPLACEME_sm-5.gfeat/copeCOPENUM.feat/stats/cope1.nii.gz,1,14.131944444444445,0.1041666666666666,-0.7777777777777778,-18.47702379784854,0.1086082394481662,0.6076388888888888,-0.5902777777777778,1.2561232372533628,17.75146380424023
10661,/gpfs/scratch/tug87422/smithlab-shared/sharedreward-aging/derivatives/fsl/sub-10661/L2_task-sharedreward_model-1_type-REPLACEME_sm-5.gfeat/copeCOPENUM.feat/stats/cope1.nii.gz,1,5.131944444444443,0.1041666666666666,-0.7777777777777778,-14.597459689288677,-0.085695999296108,0.6076388888888888,-0.5902777777777778,-1.4271583357463844,-7.324097292476234
10663,/gpfs/scratch/tug87422/smithlab-shared/sharedreward-aging/derivatives/fsl/sub-10663/L2_task-sharedreward_model-1_type-REPLACEME_sm-5.gfeat/copeCOPENUM.feat/stats/cope1.nii.gz,1,-22.86805555555556,0.1041666666666666,-0.7777777777777778,-13.742757648386338,-0.0066313065977941,-0.3923611111111111,0.4097222222222222,-0.2670745488915882,6.107475621527779
10668,/gpfs/scratch/tug87422/smithlab-shared/sharedreward-aging/derivatives/fsl/sub-10668/L1_task-sharedreward_model-1_type-REPLACEME_run-1_sm-5.feat/stats/copeCOPENUM.nii.gz,1,-7.868055555555557,0.1041666666666666,0.2222222222222222,-4.332377998780736,-0.1004121748940582,-0.3923611111111111,0.4097222222222222,-1.4271583357463844,11.228961072226763
10673,/gpfs/scratch/tug87422/smithlab-shared/sharedreward-aging/derivatives/fsl/sub-10673/L2_task-sharedreward_model-1_type-REPLACEME_sm-5.gfeat/copeCOPENUM.feat/stats/cope1.nii.gz,1,3.131944444444443,0.1041666666666666,-0.7777777777777778,-15.276663393986688,0.1347054211406143,-0.3923611111111111,0.4097222222222222,1.869495199022152,5.855155102492986
10674,/gpfs/scratch/tug87422/smithlab-shared/sharedreward-aging/derivatives/fsl/sub-10674/L2_task-sharedreward_model-1_type-REPLACEME_sm-5.gfeat/copeCOPENUM.feat/stats/cope1.nii.gz,1,-11.868055555555555,0.1041666666666666,-0.7777777777777778,-15.103971947199476,-0.061660135689389,0.6076388888888888,-0.5902777777777778,-1.0550541319787587,12.521441052442354
10677,/gpfs/scratch/tug87422/smithlab-shared/sharedreward-aging/derivatives/fsl/sub-10677/L2_task-sharedreward_model-1_type-REPLACEME_sm-5.gfeat/copeCOPENUM.feat/stats/cope1.nii.gz,1,-11.868055555555555,0.1041666666666666,-0.7777777777777778,-19.718592184636087,0.0301056258140833,-0.3923611111111111,0.4097222222222222,2.0369432793913704,-24.17455600333231
10685,/gpfs/scratch/tug87422/smithlab-shared/sharedreward-aging/derivatives/fsl/sub-10685/L2_task-sharedreward_model-1_type-REPLACEME_sm-5.gfeat/copeCOPENUM.feat/stats/cope1.nii.gz,1,-10.868055555555555,0.1041666666666666,0.2222222222222222,-9.49830112098092,-0.0546481171264061,0.6076388888888888,-0.5902777777777778,1.2561232372533635,-13.65161712709385
10690,/gpfs/scratch/tug87422/smithlab-shared/sharedreward-aging/derivatives/fsl/sub-10690/L2_task-sharedreward_model-1_type-REPLACEME_sm-5.gfeat/copeCOPENUM.feat/stats/cope1.nii.gz,1,11.131944444444445,0.1041666666666666,0.2222222222222222,-5.033241335342915,0.0600754133001046,-0.3923611111111111,0.4097222222222222,-1.4271583357463844,-15.88704730695454
10691,/gpfs/scratch/tug87422/smithlab-shared/sharedreward-aging/derivatives/fsl/sub-10691/L2_task-sharedreward_model-1_type-REPLACEME_sm-5.gfeat/copeCOPENUM.feat/stats/cope1.nii.gz,1,13.131944444444445,0.1041666666666666,-0.7777777777777778,-14.14522016943041,-0.0308074253143032,-0.3923611111111111,0.4097222222222222,-1.7171792824600836,-22.54990293841679
10701,/gpfs/scratch/tug87422/smithlab-shared/sharedreward-aging/derivatives/fsl/sub-10701/L2_task-sharedreward_model-1_type-REPLACEME_sm-5.gfeat/copeCOPENUM.feat/stats/cope1.nii.gz,1,-17.868055555555557,0.1041666666666666,-0.7777777777777778,-15.119097293860555,-0.106627426041,0.6076388888888888,-0.5902777777777778,0.1106854481437855,-1.977733736624724
10713,/gpfs/scratch/tug87422/smithlab-shared/sharedreward-aging/derivatives/fsl/sub-10713/L2_task-sharedreward_model-1_type-REPLACEME_sm-5.gfeat/copeCOPENUM.feat/stats/cope1.nii.gz,1,26.131944444444443,0.1041666666666666,0.2222222222222222,-10.009820025862004,0.170421448405768,-0.3923611111111111,0.4097222222222222,-2.882372085964382,-75.32198721863867
10716,/gpfs/scratch/tug87422/smithlab-shared/sharedreward-aging/derivatives/fsl/sub-10716/L2_task-sharedreward_model-1_type-REPLACEME_sm-5.gfeat/copeCOPENUM.feat/stats/cope1.nii.gz,1,24.131944444444443,0.1041666666666666,0.2222222222222222,-1.0862315032685146,-0.0104115787963091,0.6076388888888888,-0.5902777777777778,2.03694327939137,49.15540205475702
10718,/gpfs/scratch/tug87422/smithlab-shared/sharedreward-aging/derivatives/fsl/sub-10718/L2_task-sharedreward_model-1_type-REPLACEME_sm-5.gfeat/copeCOPENUM.feat/stats/cope1.nii.gz,1,-16.868055555555557,0.1041666666666666,0.2222222222222222,-9.17603491664007,0.0744185019479741,-0.3923611111111111,-0.5902777777777778,-0.1551608797387527,2.617262339482155
10720,/gpfs/scratch/tug87422/smithlab-shared/sharedreward-aging/derivatives/fsl/sub-10720/L2_task-sharedreward_model-1_type-REPLACEME_sm-5.gfeat/copeCOPENUM.feat/stats/cope1.nii.gz,1,-11.868055555555555,0.1041666666666666,0.2222222222222222,6.066932517354566,-0.0749648613244989,-0.3923611111111111,0.4097222222222222,1.620844712258188,-19.23627509200864
10723,/gpfs/scratch/tug87422/smithlab-shared/sharedreward-aging/derivatives/fsl/sub-10723/L2_task-sharedreward_model-1_type-REPLACEME_sm-5.gfeat/copeCOPENUM.feat/stats/cope1.nii.gz,1,-23.86805555555556,0.1041666666666666,-0.7777777777777778,-17.96252953177858,-0.0539604054253002,0.6076388888888888,-0.5902777777777778,-2.165707281622381,51.69122171483419
10741,/gpfs/scratch/tug87422/smithlab-shared/sharedreward-aging/derivatives/fsl/sub-10741/L2_task-sharedreward_model-1_type-REPLACEME_sm-5.gfeat/copeCOPENUM.feat/stats/cope1.nii.gz,1,-8.868055555555557,0.1041666666666666,-0.7777777777777778,-17.77329330371534,0.0242309805870306,-0.3923611111111111,0.4097222222222222,-0.6029949520542499,5.347392734536648
10748,/gpfs/scratch/tug87422/smithlab-shared/sharedreward-aging/derivatives/fsl/sub-10748/L2_task-sharedreward_model-1_type-REPLACEME_sm-5.gfeat/copeCOPENUM.feat/stats/cope1.nii.gz,1,-11.868055555555555,0.1041666666666666,0.2222222222222222,0.9412982240498096,-0.0817295551220076,-0.3923611111111111,0.4097222222222222,-1.4271583357463844,16.9375944152123
10767,/gpfs/scratch/tug87422/smithlab-shared/sharedreward-aging/derivatives/fsl/sub-10767/L2_task-sharedreward_model-1_type-REPLACEME_sm-5.gfeat/copeCOPENUM.feat/stats/cope1.nii.gz,1,-19.86805555555556,0.1041666666666666,0.2222222222222222,-0.8128259169573866,-0.0850945671974041,-0.3923611111111111,0.4097222222222222,0.9083384967381845,-18.04691971644407
10770,/gpfs/scratch/tug87422/smithlab-shared/sharedreward-aging/derivatives/fsl/sub-10770/L2_task-sharedreward_model-1_type-REPLACEME_sm-5.gfeat/copeCOPENUM.feat/stats/cope1.nii.gz,1,19.131944444444443,0.1041666666666666,0.2222222222222222,-11.190811173303096,0.054327767802444,0.6076388888888888,-0.5902777777777778,2.03694327939137,38.97068565780017
10777,/gpfs/scratch/tug87422/smithlab-shared/sharedreward-aging/derivatives/fsl/sub-10777/L2_task-sharedreward_model-1_type-REPLACEME_sm-5.gfeat/copeCOPENUM.feat/stats/cope1.nii.gz,1,-6.868055555555557,0.1041666666666666,0.2222222222222222,-2.605168535938297,-0.0420750425565231,0.6076388888888888,-0.5902777777777778,-1.427158335746384,9.801802736480376
10781,/gpfs/scratch/tug87422/smithlab-shared/sharedreward-aging/derivatives/fsl/sub-10781/L2_task-sharedreward_model-1_type-REPLACEME_sm-5.gfeat/copeCOPENUM.feat/stats/cope1.nii.gz,1,-7.868055555555557,0.1041666666666666,0.2222222222222222,-4.3652390081081975,-0.0855093571375633,0.6076388888888888,-0.5902777777777778,1.1083044284391654,-8.720200815427601
10783,/gpfs/scratch/tug87422/smithlab-shared/sharedreward-aging/derivatives/fsl/sub-10783/L2_task-sharedreward_model-1_type-REPLACEME_sm-5.gfeat/copeCOPENUM.feat/stats/cope1.nii.gz,1,6.131944444444443,0.1041666666666666,0.2222222222222222,-3.729641117894367,0.1366261949661749,-0.3923611111111111,0.4097222222222222,-1.1452537443054207,-7.022632334872821
10785,/gpfs/scratch/tug87422/smithlab-shared/sharedreward-aging/derivatives/fsl/sub-10785/L2_task-sharedreward_model-1_type-REPLACEME_sm-5.gfeat/copeCOPENUM.feat/stats/cope1.nii.gz,1,16.131944444444443,0.1041666666666666,0.2222222222222222,-3.7170110815607913,0.0200176287926281,-0.3923611111111111,0.4097222222222222,-0.4566633769154383,-7.366868226212245
10794,/gpfs/scratch/tug87422/smithlab-shared/sharedreward-aging/derivatives/fsl/sub-10794/L2_task-sharedreward_model-1_type-REPLACEME_sm-5.gfeat/copeCOPENUM.feat/stats/cope1.nii.gz,1,-5.868055555555557,0.1041666666666666,0.2222222222222222,-3.2735658198183373,-0.1202809711962245,0.6076388888888888,-0.5902777777777778,1.9916589580427544,-11.687165413514776
10800,/gpfs/scratch/tug87422/smithlab-shared/sharedreward-aging/derivatives/fsl/sub-10800/L2_task-sharedreward_model-1_type-REPLACEME_sm-5.gfeat/copeCOPENUM.feat/stats/cope1.nii.gz,1,-18.86805555555556,0.1041666666666666,0.2222222222222222,-11.785592724784088,-0.0024987768428134,-0.3923611111111111,0.4097222222222222,-0.5282812307563245,9.967639610867597
10801,/gpfs/scratch/tug87422/smithlab-shared/sharedreward-aging/derivatives/fsl/sub-10801/L2_task-sharedreward_model-1_type-REPLACEME_sm-5.gfeat/copeCOPENUM.feat/stats/cope1.nii.gz,1,-10.868055555555555,0.1041666666666666,0.2222222222222222,-4.479213695664235,-0.0011632196872965,-0.3923611111111111,0.4097222222222222,-0.3418408197956615,3.715145020695905
10802,/gpfs/scratch/tug87422/smithlab-shared/sharedreward-aging/derivatives/fsl/sub-10802/L2_task-sharedreward_model-1_type-REPLACEME_sm-5.gfeat/copeCOPENUM.feat/stats/cope1.nii.gz,1,-2.868055555555557,0.1041666666666666,0.2222222222222222,-7.568427146569171,-0.0423218589591974,-0.3923611111111111,0.4097222222222222,-0.1313556973743441,0.3767354376083622
10804,/gpfs/scratch/tug87422/smithlab-shared/sharedreward-aging/derivatives/fsl/sub-10804/L2_task-sharedreward_model-1_type-REPLACEME_sm-5.gfeat/copeCOPENUM.feat/stats/cope1.nii.gz,1,-19.86805555555556,0.1041666666666666,0.2222222222222222,2.8648790916373983,-0.0511075342118639,-0.3923611111111111,0.4097222222222222,-4.813753461927334,95.63992121232016
10806,/gpfs/scratch/tug87422/smithlab-shared/sharedreward-aging/derivatives/fsl/sub-10806/L2_task-sharedreward_model-1_type-REPLACEME_sm-5.gfeat/copeCOPENUM.feat/stats/cope1.nii.gz,1,-17.868055555555557,0.1041666666666666,0.2222222222222222,-17.853234198275764,0.1427696967913739,0.6076388888888888,-0.5902777777777778,1.1359146374038986,-20.296585847501607
10809,/gpfs/scratch/tug87422/smithlab-shared/sharedreward-aging/derivatives/fsl/sub-10809/L1_task-sharedreward_model-1_type-REPLACEME_run-2_sm-5.feat/stats/copeCOPENUM.nii.gz,1,23.131944444444443,0.1041666666666666,0.2222222222222222,2.677028078196294,-0.0962363094549307,0.6076388888888888,-0.5902777777777778,0.3819097317201971,8.834314696944283
10812,/gpfs/scratch/tug87422/smithlab-shared/sharedreward-aging/derivatives/fsl/sub-10812/L2_task-sharedreward_model-1_type-REPLACEME_sm-5.gfeat/copeCOPENUM.feat/stats/cope1.nii.gz,1,17.131944444444443,0.1041666666666666,0.2222222222222222,-7.92992989757871,-0.0176755367193959,0.6076388888888888,-0.5902777777777778,-1.4271583357463844,-24.449997321432846
10831,/gpfs/scratch/tug87422/smithlab-shared/sharedreward-aging/derivatives/fsl/sub-10831/L2_task-sharedreward_model-1_type-REPLACEME_sm-5.gfeat/copeCOPENUM.feat/stats/cope1.nii.gz,1,-19.86805555555556,0.1041666666666666,0.2222222222222222,-9.638902866903967,0.1288015202323194,-0.3923611111111111,0.4097222222222222,1.9269436305033003,-38.28462310326349
10843,/gpfs/scratch/tug87422/smithlab-shared/sharedreward-aging/derivatives/fsl/sub-10843/L2_task-sharedreward_model-1_type-REPLACEME_sm-5.gfeat/copeCOPENUM.feat/stats/cope1.nii.gz,1,-17.868055555555557,0.1041666666666666,0.2222222222222222,5.310079351958542,-0.0600806324431148,0.6076388888888888,-0.5902777777777778,0.3639086066315959,-6.50233920043817
10850,/gpfs/scratch/tug87422/smithlab-shared/sharedreward-aging/derivatives/fsl/sub-10850/L2_task-sharedreward_model-1_type-REPLACEME_sm-5.gfeat/copeCOPENUM.feat/stats/cope1.nii.gz,1,-12.868055555555555,0.1041666666666666,0.2222222222222222,2.59260727496045,-0.0955514043447515,-0.3923611111111111,-0.5902777777777778,0.893009237963208,-11.491292485734894
10854,/gpfs/scratch/tug87422/smithlab-shared/sharedreward-aging/derivatives/fsl/sub-10854/L2_task-sharedreward_model-1_type-REPLACEME_sm-5.gfeat/copeCOPENUM.feat/stats/cope1.nii.gz,1,1.1319444444444429,0.1041666666666666,0.2222222222222222,-4.108278844022003,-0.0439400200695999,-0.3923611111111111,0.4097222222222222,-1.4271583357463844,-1.6154639494906968
10857,/gpfs/scratch/tug87422/smithlab-shared/sharedreward-aging/derivatives/fsl/sub-10857/L2_task-sharedreward_model-1_type-REPLACEME_sm-5.gfeat/copeCOPENUM.feat/stats/cope1.nii.gz,1,-22.86805555555556,0.1041666666666666,0.2222222222222222,-7.108387201453603,0.0091347616159728,0.6076388888888888,-0.5902777777777778,0.3190981645152129,-7.297154553809695
10858,/gpfs/scratch/tug87422/smithlab-shared/sharedreward-aging/derivatives/fsl/sub-10858/L2_task-sharedreward_model-1_type-REPLACEME_sm-5.gfeat/copeCOPENUM.feat/stats/cope1.nii.gz,1,35.13194444444444,0.1041666666666666,0.2222222222222222,-14.743936517083364,0.0614117870647741,0.6076388888888888,-0.5902777777777778,1.8930710908107733,66.50726839174794
10862,/gpfs/scratch/tug87422/smithlab-shared/sharedreward-aging/derivatives/fsl/sub-10862/L2_task-sharedreward_model-1_type-REPLACEME_sm-5.gfeat/copeCOPENUM.feat/stats/cope1.nii.gz,1,15.131944444444445,0.1041666666666666,0.2222222222222222,-8.480901344836035,-0.00969954491432,0.6076388888888888,-0.5902777777777778,-0.4245439521999279,-6.424175498914186
10863,/gpfs/scratch/tug87422/smithlab-shared/sharedreward-aging/derivatives/fsl/sub-10863/L2_task-sharedreward_model-1_type-REPLACEME_sm-5.gfeat/copeCOPENUM.feat/stats/cope1.nii.gz,1,-2.868055555555557,0.1041666666666666,0.2222222222222222,-5.297922915237301,-0.0394936414944218,0.6076388888888888,-0.5902777777777778,-1.4271583357463844,4.093169393494841
10875,/gpfs/scratch/tug87422/smithlab-shared/sharedreward-aging/derivatives/fsl/sub-10875/L2_task-sharedreward_model-1_type-REPLACEME_sm-5.gfeat/copeCOPENUM.feat/stats/cope1.nii.gz,1,-12.868055555555555,0.1041666666666666,0.2222222222222222,-9.59455404911963,-0.0278051228911747,0.6076388888888888,-0.5902777777777778,1.842537229732012,-23.70987143537096
10887,/gpfs/scratch/tug87422/smithlab-shared/sharedreward-aging/derivatives/fsl/sub-10887/L2_task-sharedreward_model-1_type-REPLACEME_sm-5.gfeat/copeCOPENUM.feat/stats/cope1.nii.gz,1,-9.868055555555555,0.1041666666666666,0.2222222222222222,-19.33230909098014,0.1167461865298663,-0.3923611111111111,0.4097222222222222,-1.4271583357463844,14.083277743719531
10896,/gpfs/scratch/tug87422/smithlab-shared/sharedreward-aging/derivatives/fsl/sub-10896/L2_task-sharedreward_model-1_type-REPLACEME_sm-5.gfeat/copeCOPENUM.feat/stats/cope1.nii.gz,1,-16.868055555555557,0.1041666666666666,0.2222222222222222,-3.5303680210602906,0.0062429337357191,-0.3923611111111111,0.4097222222222222,-1.883329888508208,31.768113188794704
10897,/gpfs/scratch/tug87422/smithlab-shared/sharedreward-aging/derivatives/fsl/sub-10897/L1_task-sharedreward_model-1_type-REPLACEME_run-1_sm-5.feat/stats/copeCOPENUM.nii.gz,1,-13.868055555555555,0.1041666666666666,0.2222222222222222,-9.55848323482163,-0.0278759151898873,-0.3923611111111111,0.4097222222222222,2.08794226073586,-28.95569926867717
10898,/gpfs/scratch/tug87422/smithlab-shared/sharedreward-aging/derivatives/fsl/sub-10898/L2_task-sharedreward_model-1_type-REPLACEME_sm-5.gfeat/copeCOPENUM.feat/stats/cope1.nii.gz,1,16.131944444444443,0.1041666666666666,0.2222222222222222,-11.59841202215133,0.0999579365812741,-0.3923611111111111,0.4097222222222222,1.6629988800012434,26.82740554335339
10908,/gpfs/scratch/tug87422/smithlab-shared/sharedreward-aging/derivatives/fsl/sub-10908/L2_task-sharedreward_model-1_type-REPLACEME_sm-5.gfeat/copeCOPENUM.feat/stats/cope1.nii.gz,1,-2.868055555555557,0.1041666666666666,0.2222222222222222,-17.94099334014421,0.1245832414274082,-0.3923611111111111,0.4097222222222222,-2.0155067411609364,5.7805853062463
10918,/gpfs/scratch/tug87422/smithlab-shared/sharedreward-aging/derivatives/fsl/sub-10918/L2_task-sharedreward_model-1_type-REPLACEME_sm-5.gfeat/copeCOPENUM.feat/stats/cope1.nii.gz,1,-20.86805555555556,0.1041666666666666,0.2222222222222222,-3.75823405132936,-0.065438905435045,-0.3923611111111111,-0.5902777777777778,1.9916589580427544,-41.56204978415609
10919,/gpfs/scratch/tug87422/smithlab-shared/sharedreward-aging/derivatives/fsl/sub-10919/L2_task-sharedreward_model-1_type-REPLACEME_sm-5.gfeat/copeCOPENUM.feat/stats/cope1.nii.gz,1,4.131944444444443,0.1041666666666666,0.2222222222222222,-15.711399086383912,0.0825970628297857,-0.3923611111111111,0.4097222222222222,0.3165562454109045,1.3079928195797788
10924,/gpfs/scratch/tug87422/smithlab-shared/sharedreward-aging/derivatives/fsl/sub-10924/L2_task-sharedreward_model-1_type-REPLACEME_sm-5.gfeat/copeCOPENUM.feat/stats/cope1.nii.gz,1,-12.868055555555555,0.1041666666666666,0.2222222222222222,4.146014433779477,-0.0338038779425551,-0.3923611111111111,0.4097222222222222,-1.023554659348597,13.171158220645488
10928,/gpfs/scratch/tug87422/smithlab-shared/sharedreward-aging/derivatives/fsl/sub-10928/L2_task-sharedreward_model-1_type-REPLACEME_sm-5.gfeat/copeCOPENUM.feat/stats/cope1.nii.gz,1,10.131944444444445,0.1041666666666666,0.2222222222222222,-4.808316403865625,0.0574715742745133,-0.3923611111111111,0.4097222222222222,0.6859238394351128,6.949742234276593
10929,/gpfs/scratch/tug87422/smithlab-shared/sharedreward-aging/derivatives/fsl/sub-10929/L2_task-sharedreward_model-1_type-REPLACEME_sm-5.gfeat/copeCOPENUM.feat/stats/cope1.nii.gz,1,-2.868055555555557,0.1041666666666666,0.2222222222222222,-2.783430623745822,-0.0081072688785267,-0.3923611111111111,0.4097222222222222,-0.207484893473772,0.595078201421305
10930,/gpfs/scratch/tug87422/smithlab-shared/sharedreward-aging/derivatives/fsl/sub-10930/L2_task-sharedreward_model-1_type-REPLACEME_sm-5.gfeat/copeCOPENUM.feat/stats/cope1.nii.gz,1,4.131944444444443,0.1041666666666666,0.2222222222222222,-3.3664772922751,-0.0776510740142801,-0.3923611111111111,0.4097222222222222,-0.4663894129158615,-1.9270951436453996
10950,/gpfs/scratch/tug87422/smithlab-shared/sharedreward-aging/derivatives/fsl/sub-10950/L2_task-sharedreward_model-1_type-REPLACEME_sm-5.gfeat/copeCOPENUM.feat/stats/cope1.nii.gz,1,-20.86805555555556,0.1041666666666666,0.2222222222222222,-15.282260988122594,0.1837843221690314,-0.3923611111111111,0.4097222222222222,1.9916589580427544,-41.56204978415609
10951,/gpfs/scratch/tug87422/smithlab-shared/sharedreward-aging/derivatives/fsl/sub-10951/L2_task-sharedreward_model-1_type-REPLACEME_sm-5.gfeat/copeCOPENUM.feat/stats/cope1.nii.gz,1,-23.86805555555556,0.1041666666666666,0.2222222222222222,-11.634663575427416,0.0945597066002104,0.6076388888888888,-0.5902777777777778,1.1721873974082508,-27.97783392286221
10952,/gpfs/scratch/tug87422/smithlab-shared/sharedreward-aging/derivatives/fsl/sub-10952/L2_task-sharedreward_model-1_type-REPLACEME_sm-5.gfeat/copeCOPENUM.feat/stats/cope1.nii.gz,1,-12.868055555555555,0.1041666666666666,0.2222222222222222,-10.839110797427873,-0.0227781993984848,0.6076388888888888,-0.5902777777777778,0.6941620078132584,-8.932515281097
10953,/gpfs/scratch/tug87422/smithlab-shared/sharedreward-aging/derivatives/fsl/sub-10953/L1_task-sharedreward_model-1_type-REPLACEME_run-1_sm-5.feat/stats/copeCOPENUM.nii.gz,1,17.131944444444443,0.1041666666666666,0.2222222222222222,-9.782367101095891,0.1957995613594078,-0.3923611111111111,0.4097222222222222,-1.4271583357463844,-24.449997321432846
10956,/gpfs/scratch/tug87422/smithlab-shared/sharedreward-aging/derivatives/fsl/sub-10956/L2_task-sharedreward_model-1_type-REPLACEME_sm-5.gfeat/copeCOPENUM.feat/stats/cope1.nii.gz,1,-16.868055555555557,0.1041666666666666,0.2222222222222222,4.767143172637283,-0.0951073528095649,-0.3923611111111111,0.4097222222222222,-0.3129863066840734,5.279470409275101
10958,/gpfs/scratch/tug87422/smithlab-shared/sharedreward-aging/derivatives/fsl/sub-10958/L2_task-sharedreward_model-1_type-REPLACEME_sm-5.gfeat/copeCOPENUM.feat/stats/cope1.nii.gz,1,-10.868055555555555,0.1041666666666666,0.2222222222222222,-10.213246373907474,0.0546286094517989,-0.3923611111111111,0.4097222222222222,2.4699559812835896,-26.843618824366796
10961,/gpfs/scratch/tug87422/smithlab-shared/sharedreward-aging/derivatives/fsl/sub-10961/L2_task-sharedreward_model-1_type-REPLACEME_sm-5.gfeat/copeCOPENUM.feat/stats/cope1.nii.gz,1,-21.86805555555556,0.1041666666666666,0.2222222222222222,0.7072669643563714,-0.0414723274828914,-0.3923611111111111,0.4097222222222222,-0.6803925034658644,14.87886106537505
10964,/gpfs/scratch/tug87422/smithlab-shared/sharedreward-aging/derivatives/fsl/sub-10964/L2_task-sharedreward_model-1_type-REPLACEME_sm-5.gfeat/copeCOPENUM.feat/stats/cope1.nii.gz,1,15.131944444444445,0.1041666666666666,0.2222222222222222,-9.273168486990777,0.0814148065964953,-0.3923611111111111,0.4097222222222222,-2.8797044141515102,-43.575527211362086
10966,/gpfs/scratch/tug87422/smithlab-shared/sharedreward-aging/derivatives/fsl/sub-10966/L2_task-sharedreward_model-1_type-REPLACEME_sm-5.gfeat/copeCOPENUM.feat/stats/cope1.nii.gz,1,-10.868055555555555,0.1041666666666666,0.2222222222222222,-7.062044520757205,-0.0457363163620311,-0.3923611111111111,0.4097222222222222,1.869495199022152,-20.317777683817145
10969,/gpfs/scratch/tug87422/smithlab-shared/sharedreward-aging/derivatives/fsl/sub-10969/L2_task-sharedreward_model-1_type-REPLACEME_sm-5.gfeat/copeCOPENUM.feat/stats/cope1.nii.gz,1,-18.86805555555556,0.1041666666666666,0.2222222222222222,3.858889553073517,-0.1227283828338401,-0.3923611111111111,0.4097222222222222,2.03694327939137,-38.433158959071896
10974,/gpfs/scratch/tug87422/smithlab-shared/sharedreward-aging/derivatives/fsl/sub-10974/L1_task-sharedreward_model-1_type-REPLACEME_run-2_sm-5.feat/stats/copeCOPENUM.nii.gz,1,35.13194444444444,0.1041666666666666,0.2222222222222222,-5.947811862726972,0.143376967981868,-0.3923611111111111,0.4097222222222222,0.9777546683718624,34.350422689536465
10979,/gpfs/scratch/tug87422/smithlab-shared/sharedreward-aging/derivatives/fsl/sub-10979/L2_task-sharedreward_model-1_type-REPLACEME_sm-5.gfeat/copeCOPENUM.feat/stats/cope1.nii.gz,1,-12.868055555555555,0.1041666666666666,0.2222222222222222,4.066347347648538,-0.0664219370734614,-0.3923611111111111,0.4097222222222222,0.7204216148324325,-9.270425363086789
10983,/gpfs/scratch/tug87422/smithlab-shared/sharedreward-aging/derivatives/fsl/sub-10983/L2_task-sharedreward_model-1_type-REPLACEME_sm-5.gfeat/copeCOPENUM.feat/stats/cope1.nii.gz,1,-20.86805555555556,0.1041666666666666,0.2222222222222222,-9.518859035579531,0.1389440256029598,-0.3923611111111111,0.4097222222222222,-1.4271583357463846,29.782019436929765
10984,/gpfs/scratch/tug87422/smithlab-shared/sharedreward-aging/derivatives/fsl/sub-10984/L2_task-sharedreward_model-1_type-REPLACEME_sm-5.gfeat/copeCOPENUM.feat/stats/cope1.nii.gz,1,7.131944444444443,0.1041666666666666,0.2222222222222222,-8.97034032216137,0.0438174368300921,0.6076388888888888,-0.5902777777777778,-4.769674422933319,-34.01705300244804
10998,/gpfs/scratch/tug87422/smithlab-shared/sharedreward-aging/derivatives/fsl/sub-10998/L2_task-sharedreward_model-1_type-REPLACEME_sm-5.gfeat/copeCOPENUM.feat/stats/cope1.nii.gz,1,-23.86805555555556,0.1041666666666666,0.2222222222222222,2.253792094492077,-0.0715835179783005,-0.3923611111111111,0.4097222222222222,1.620844712258188,-38.68641163910689
11007,/gpfs/scratch/tug87422/smithlab-shared/sharedreward-aging/derivatives/fsl/sub-11007/L1_task-sharedreward_model-1_type-REPLACEME_run-1_sm-5.feat/stats/copeCOPENUM.nii.gz,1,1.1319444444444429,0.1041666666666666,0.2222222222222222,-12.06024570254916,0.0357593441678686,-0.3923611111111111,0.4097222222222222,1.7387107823201338,1.9681240105429263
11012,/gpfs/scratch/tug87422/smithlab-shared/sharedreward-aging/derivatives/fsl/sub-11012/L1_task-sharedreward_model-1_type-REPLACEME_run-2_sm-5.feat/stats/copeCOPENUM.nii.gz,1,13.131944444444445,0.1041666666666666,0.2222222222222222,-2.631804642889925,-0.0399591274901603,-0.3923611111111111,0.4097222222222222,-1.4271583357463844,-18.74136397844731
11016,/gpfs/scratch/tug87422/smithlab-shared/sharedreward-aging/derivatives/fsl/sub-11016/L2_task-sharedreward_model-1_type-REPLACEME_sm-5.gfeat/copeCOPENUM.feat/stats/cope1.nii.gz,1,-22.86805555555556,0.1041666666666666,0.2222222222222222,1.784160583676261,-0.0800394446350733,-0.3923611111111111,0.4097222222222222,0.5853028440034267,-13.38473795349503
11021,/gpfs/scratch/tug87422/smithlab-shared/sharedreward-aging/derivatives/fsl/sub-11021/L2_task-sharedreward_model-1_type-REPLACEME_sm-5.gfeat/copeCOPENUM.feat/stats/cope1.nii.gz,1,-19.86805555555556,0.1041666666666666,0.2222222222222222,-1.916205883124654,-0.0444303400926995,-0.3923611111111111,0.4097222222222222,-0.262987335571986,5.225046993551751
11030,/gpfs/scratch/tug87422/smithlab-shared/sharedreward-aging/derivatives/fsl/sub-11030/L2_task-sharedreward_model-1_type-REPLACEME_sm-5.gfeat/copeCOPENUM.feat/stats/cope1.nii.gz,1,-21.86805555555556,0.1041666666666666,0.2222222222222222,-6.600463229562898,-0.0669227519989737,-0.3923611111111111,0.4097222222222222,-0.4019291464862711,8.789408904758805
11031,/gpfs/scratch/tug87422/smithlab-shared/sharedreward-aging/derivatives/fsl/sub-11031/L2_task-sharedreward_model-1_type-REPLACEME_sm-5.gfeat/copeCOPENUM.feat/stats/cope1.nii.gz,1,-21.86805555555556,0.1041666666666666,0.2222222222222222,2.54238377356129,-0.0466705446351602,-0.3923611111111111,0.4097222222222222,-0.9205179386414856,20.129937422097484
11036,/gpfs/scratch/tug87422/smithlab-shared/sharedreward-aging/derivatives/fsl/sub-11036/L2_task-sharedreward_model-1_type-REPLACEME_sm-5.gfeat/copeCOPENUM.feat/stats/cope1.nii.gz,1,-22.86805555555556,0.1041666666666666,0.2222222222222222,-0.2928073037877183,-0.1004545441365496,-0.3923611111111111,0.4097222222222222,-1.7964328086843826,41.08092527081717
11039,/gpfs/scratch/tug87422/smithlab-shared/sharedreward-aging/derivatives/fsl/sub-11039/L2_task-sharedreward_model-1_type-REPLACEME_sm-5.gfeat/copeCOPENUM.feat/stats/cope1.nii.gz,1,-4.868055555555557,0.1041666666666666,0.2222222222222222,2.245866925473514,0.0627072306307949,-0.3923611111111111,0.4097222222222222,0.8011857223782379,-3.9002166068551736
11042,/gpfs/scratch/tug87422/smithlab-shared/sharedreward-aging/derivatives/fsl/sub-11042/L2_task-sharedreward_model-1_type-REPLACEME_sm-5.gfeat/copeCOPENUM.feat/stats/cope1.nii.gz,1,-15.868055555555555,0.1041666666666666,0.2222222222222222,-6.9117443421676725,0.1085050847563555,-0.3923611111111111,0.4097222222222222,2.0136157304335858,-31.952166278060723
11053,/gpfs/scratch/tug87422/smithlab-shared/sharedreward-aging/derivatives/fsl/sub-11053/L2_task-sharedreward_model-1_type-REPLACEME_sm-5.gfeat/copeCOPENUM.feat/stats/cope1.nii.gz,1,-14.868055555555555,0.1041666666666666,0.2222222222222222,-11.775816499528752,-0.0509079818063157,-0.3923611111111111,0.4097222222222222,1.3285176248846908,-19.7524738533203
11058,/gpfs/scratch/tug87422/smithlab-shared/sharedreward-aging/derivatives/fsl/sub-11058/L2_task-sharedreward_model-1_type-REPLACEME_sm-5.gfeat/copeCOPENUM.feat/stats/cope1.nii.gz,1,-6.868055555555557,0.1041666666666666,0.2222222222222222,-11.645057571393714,0.1440354625798568,-0.3923611111111111,0.4097222222222222,-1.2134171857826557,8.333816644021159
11060,/gpfs/scratch/tug87422/smithlab-shared/sharedreward-aging/derivatives/fsl/sub-11060/L2_task-sharedreward_model-1_type-REPLACEME_sm-5.gfeat/copeCOPENUM.feat/stats/cope1.nii.gz,1,-15.868055555555555,0.1041666666666666,0.2222222222222222,3.192682744487378,-0.1119329736254015,-0.3923611111111111,0.4097222222222222,1.966954213949044,-31.211738742177545
11063,/gpfs/scratch/tug87422/smithlab-shared/sharedreward-aging/derivatives/fsl/sub-11063/L2_task-sharedreward_model-1_type-REPLACEME_sm-5.gfeat/copeCOPENUM.feat/stats/cope1.nii.gz,1,-23.86805555555556,0.1041666666666666,0.2222222222222222,3.3747872326818324,-0.0901563824521385,-0.3923611111111111,0.4097222222222222,0.1366997696816763,-3.262757697193899
11065,/gpfs/scratch/tug87422/smithlab-shared/sharedreward-aging/derivatives/fsl/sub-11065/L2_task-sharedreward_model-1_type-REPLACEME_sm-5.gfeat/copeCOPENUM.feat/stats/cope1.nii.gz,1,-23.86805555555556,0.1041666666666666,0.2222222222222222,0.4140587641337916,-0.0119086203550506,-0.3923611111111111,0.4097222222222222,-1.1181426141716213,26.68789003408238
11066,/gpfs/scratch/tug87422/smithlab-shared/sharedreward-aging/derivatives/fsl/sub-11066/L2_task-sharedreward_model-1_type-REPLACEME_sm-5.gfeat/copeCOPENUM.feat/stats/cope1.nii.gz,1,-22.86805555555556,0.1041666666666666,0.2222222222222222,-5.584339937933997,-0.0003501697700476,0.6076388888888888,-0.5902777777777778,-1.1091589717444763,25.36430898579556
11068,/gpfs/scratch/tug87422/smithlab-shared/sharedreward-aging/derivatives/fsl/sub-11068/L2_task-sharedreward_model-1_type-REPLACEME_sm-5.gfeat/copeCOPENUM.feat/stats/cope1.nii.gz,1,-1.8680555555555567,0.1041666666666666,0.2222222222222222,-2.585662382928,-0.0407633371914817,-0.3923611111111111,0.4097222222222222,-1.4271583357463844,2.6660110577484564
11072,/gpfs/scratch/tug87422/smithlab-shared/sharedreward-aging/derivatives/fsl/sub-11072/L2_task-sharedreward_model-1_type-REPLACEME_sm-5.gfeat/copeCOPENUM.feat/stats/cope1.nii.gz,1,-19.86805555555556,0.1041666666666666,0.2222222222222222,-10.995652505935446,-0.0359619917170981,0.6076388888888888,-0.5902777777777778,1.2561232372533635,-24.95672626237413
11074,/gpfs/scratch/tug87422/smithlab-shared/sharedreward-aging/derivatives/fsl/sub-11074/L2_task-sharedreward_model-1_type-REPLACEME_sm-5.gfeat/copeCOPENUM.feat/stats/cope1.nii.gz,1,-3.868055555555557,0.1041666666666666,0.2222222222222222,-1.6332181910223298,-0.0274196876964289,0.6076388888888888,-0.5902777777777778,1.2561232372533635,-4.858754466320304
11075,/gpfs/scratch/tug87422/smithlab-shared/sharedreward-aging/derivatives/fsl/sub-11075/L2_task-sharedreward_model-1_type-REPLACEME_sm-5.gfeat/copeCOPENUM.feat/stats/cope1.nii.gz,1,32.13194444444444,0.1041666666666666,0.2222222222222222,-2.7654904906342708,-0.0733331450306815,0.6076388888888888,-0.5902777777777778,-0.8753977479003412,-28.128231802325544
11076,/gpfs/scratch/tug87422/smithlab-shared/sharedreward-aging/derivatives/fsl/sub-11076/L1_task-sharedreward_model-1_type-REPLACEME_run-1_sm-5.feat/stats/copeCOPENUM.nii.gz,1,28.131944444444443,0.1041666666666666,0.2222222222222222,-4.310976111719661,0.0678506566423102,-0.3923611111111111,0.4097222222222222,0.8082761049854836,22.73837848122357
11078,/gpfs/scratch/tug87422/smithlab-shared/sharedreward-aging/derivatives/fsl/sub-11078/L2_task-sharedreward_model-1_type-REPLACEME_sm-5.gfeat/copeCOPENUM.feat/stats/cope1.nii.gz,1,27.131944444444443,0.1041666666666666,0.2222222222222222,-2.0799240236340992,0.0682631522492389,-0.3923611111111111,0.4097222222222222,1.6360064857094012,44.38803708101827
11083,/gpfs/scratch/tug87422/smithlab-shared/sharedreward-aging/derivatives/fsl/sub-11083/L2_task-sharedreward_model-1_type-REPLACEME_sm-5.gfeat/copeCOPENUM.feat/stats/cope1.nii.gz,1,23.131944444444443,0.1041666666666666,0.2222222222222222,-1.3454458823074091,0.0214120675363784,-0.3923611111111111,0.4097222222222222,-0.5786301983225273,-13.384841601474571
11084,/gpfs/scratch/tug87422/smithlab-shared/sharedreward-aging/derivatives/fsl/sub-11084/L2_task-sharedreward_model-1_type-REPLACEME_sm-5.gfeat/copeCOPENUM.feat/stats/cope1.nii.gz,1,23.131944444444443,0.1041666666666666,0.2222222222222222,5.162911980780031,-0.0625968156507989,-0.3923611111111111,0.4097222222222222,2.03694327939137,47.118458775365646
11090,/gpfs/scratch/tug87422/smithlab-shared/sharedreward-aging/derivatives/fsl/sub-11090/L1_task-sharedreward_model-1_type-REPLACEME_run-1_sm-5.feat/stats/copeCOPENUM.nii.gz,1,24.131944444444443,0.1041666666666666,0.2222222222222222,-21.583522764074893,0.2393807568137441,0.6076388888888888,-0.5902777777777778,-2.3397945635604933,-56.46379241925496
11110,/gpfs/scratch/tug87422/smithlab-shared/sharedreward-aging/derivatives/fsl/sub-11110/L2_task-sharedreward_model-1_type-REPLACEME_sm-5.gfeat/copeCOPENUM.feat/stats/cope1.nii.gz,1,21.131944444444443,0.1041666666666666,0.2222222222222222,-3.079353423596636,-0.001349499482406,-0.3923611111111111,0.4097222222222222,1.966954213949044,41.56556717393709
11113,/gpfs/scratch/tug87422/smithlab-shared/sharedreward-aging/derivatives/fsl/sub-11113/L2_task-sharedreward_model-1_type-REPLACEME_sm-5.gfeat/copeCOPENUM.feat/stats/cope1.nii.gz,1,-23.86805555555556,0.1041666666666666,0.2222222222222222,-0.5405652441080164,-0.0882520800275336,0.6076388888888888,-0.5902777777777778,-0.3533683604569759,8.434215658962684
11116,/gpfs/scratch/tug87422/smithlab-shared/sharedreward-aging/derivatives/fsl/sub-11116/L2_task-sharedreward_model-1_type-REPLACEME_sm-5.gfeat/copeCOPENUM.feat/stats/cope1.nii.gz,1,14.131944444444445,0.1041666666666666,0.2222222222222222,-7.297349234617592,-0.0057471530635415,0.6076388888888888,-0.5902777777777778,-0.6829499282111335,-9.65141044381706
11120,/gpfs/scratch/tug87422/smithlab-shared/sharedreward-aging/derivatives/fsl/sub-11120/L2_task-sharedreward_model-1_type-REPLACEME_sm-5.gfeat/copeCOPENUM.feat/stats/cope1.nii.gz,1,21.131944444444443,0.1041666666666666,0.2222222222222222,-8.603054426126924,0.0123271325821117,0.6076388888888888,-0.5902777777777778,-2.487818507526206,-52.57244248890447
11126,/gpfs/scratch/tug87422/smithlab-shared/sharedreward-aging/derivatives/fsl/sub-11126/L1_task-sharedreward_model-1_type-REPLACEME_run-1_sm-5.feat/stats/copeCOPENUM.nii.gz,1,13.131944444444445,0.1041666666666666,0.2222222222222222,-12.812305327545197,0.0512628148603102,0.6076388888888888,-0.5902777777777778,-0.3826924000121976,-5.025495336271289
11128,/gpfs/scratch/tug87422/smithlab-shared/sharedreward-aging/derivatives/fsl/sub-11128/L2_task-sharedreward_model-1_type-REPLACEME_sm-5.gfeat/copeCOPENUM.feat/stats/cope1.nii.gz,1,14.131944444444445,0.1041666666666666,0.2222222222222222,-5.300827453011458,0.1025849306331696,0.6076388888888888,-0.5902777777777778,-1.1879226688977145,-16.78765716115867
11145,/gpfs/scratch/tug87422/smithlab-shared/sharedreward-aging/derivatives/fsl/sub-11145/L2_task-sharedreward_model-1_type-REPLACEME_sm-5.gfeat/copeCOPENUM.feat/stats/cope1.nii.gz,1,19.131944444444443,0.1041666666666666,0.2222222222222222,-7.440657994400986,0.0462898861073469,0.6076388888888888,-0.5902777777777778,-1.4271583357463844,-27.30431399292561
11164,/gpfs/scratch/tug87422/smithlab-shared/sharedreward-aging/derivatives/fsl/sub-11164/L1_task-sharedreward_model-1_type-REPLACEME_run-1_sm-5.feat/stats/copeCOPENUM.nii.gz,1,39.13194444444444,0.1041666666666666,0.2222222222222222,-3.5719279867301665,0.0348709760224364,0.6076388888888888,-0.5902777777777778,-1.4271583357463844,-55.8474807078533
11167,/gpfs/scratch/tug87422/smithlab-shared/sharedreward-aging/derivatives/fsl/sub-11167/L2_task-sharedreward_model-1_type-REPLACEME_sm-5.gfeat/copeCOPENUM.feat/stats/cope1.nii.gz,1,12.131944444444445,0.1041666666666666,0.2222222222222222,-9.713549137970707,0.0160870702417092,-0.3923611111111111,0.4097222222222222,-0.3129863066840734,-3.7971324845630297
11168,/gpfs/scratch/tug87422/smithlab-shared/sharedreward-aging/derivatives/fsl/sub-11168/L2_task-sharedreward_model-1_type-REPLACEME_sm-5.gfeat/copeCOPENUM.feat/stats/cope1.nii.gz,1,-17.868055555555557,0.1041666666666666,0.2222222222222222,-11.372188502031657,0.1026517241266039,-0.3923611111111111,0.4097222222222222,-0.1447114359640107,2.585711977329164
11171,/gpfs/scratch/tug87422/smithlab-shared/sharedreward-aging/derivatives/fsl/sub-11171/L2_task-sharedreward_model-1_type-REPLACEME_sm-5.gfeat/copeCOPENUM.feat/stats/cope1.nii.gz,1,-19.86805555555556,0.1041666666666666,0.2222222222222222,-3.903827382059113,-0.0790498151813739,0.6076388888888888,-0.5902777777777778,1.7927795518533125,-35.619043735085604
11177,/gpfs/scratch/tug87422/smithlab-shared/sharedreward-aging/derivatives/fsl/sub-11177/L2_task-sharedreward_model-1_type-REPLACEME_sm-5.gfeat/copeCOPENUM.feat/stats/cope1.nii.gz,1,10.131944444444445,0.1041666666666666,0.2222222222222222,-4.005438610951693,-0.07247539306639,0.6076388888888888,-0.5902777777777778,1.7548221795930794,17.77976083351599
11192,/gpfs/scratch/tug87422/smithlab-shared/sharedreward-aging/derivatives/fsl/sub-11192/L2_task-sharedreward_model-1_type-REPLACEME_sm-5.gfeat/copeCOPENUM.feat/stats/cope1.nii.gz,1,24.131944444444443,0.1041666666666666,0.2222222222222222,-8.383773560734276,0.0889663721663147,0.6076388888888888,-0.5902777777777778,-1.4271583357463846,-34.44010567165754
11193,/gpfs/scratch/tug87422/smithlab-shared/sharedreward-aging/derivatives/fsl/sub-11193/L2_task-sharedreward_model-1_type-REPLACEME_sm-5.gfeat/copeCOPENUM.feat/stats/cope1.nii.gz,1,10.131944444444445,0.1041666666666666,0.2222222222222222,-18.49150999872321,0.0939772520761418,-0.3923611111111111,0.4097222222222222,-1.4271583357463844,-14.459888971208157
11227,/gpfs/scratch/tug87422/smithlab-shared/sharedreward-aging/derivatives/fsl/sub-11227/L2_task-sharedreward_model-1_type-REPLACEME_sm-5.gfeat/copeCOPENUM.feat/stats/cope1.nii.gz,1,-14.868055555555555,0.1041666666666666,0.2222222222222222,-2.3555966165552817,-0.1062464530160276,-0.3923611111111111,0.4097222222222222,2.3294358664532626,-34.63418187553081
11238,/gpfs/scratch/tug87422/smithlab-shared/sharedreward-aging/derivatives/fsl/sub-11238/L2_task-sharedreward_model-1_type-REPLACEME_sm-5.gfeat/copeCOPENUM.feat/stats/cope1.nii.gz,1,0.1319444444444428,0.1041666666666666,0.2222222222222222,-5.3897756655172415,-0.0185467201361591,0.6076388888888888,-0.5902777777777778,-0.914543741116328,-0.1206689658417362
11241,/gpfs/scratch/tug87422/smithlab-shared/sharedreward-aging/derivatives/fsl/sub-11241/L2_task-sharedreward_model-1_type-REPLACEME_sm-5.gfeat/copeCOPENUM.feat/stats/cope1.nii.gz,1,-18.86805555555556,0.1041666666666666,0.2222222222222222,1.078532632807459,-0.069394781236692,-0.3923611111111111,0.4097222222222222,-0.4663894129158615,8.799861353419416
11246,/gpfs/scratch/tug87422/smithlab-shared/sharedreward-aging/derivatives/fsl/sub-11246/L2_task-sharedreward_model-1_type-REPLACEME_sm-5.gfeat/copeCOPENUM.feat/stats/cope1.nii.gz,1,-5.868055555555557,0.1041666666666666,0.2222222222222222,-7.222031015244589,-0.0468734011516388,0.6076388888888888,-0.5902777777777778,-2.073216618216183,12.165750294393575
11286,/gpfs/scratch/tug87422/smithlab-shared/sharedreward-aging/derivatives/fsl/sub-11286/L1_task-sharedreward_model-1_type-REPLACEME_run-1_sm-5.feat/stats/copeCOPENUM.nii.gz,1,-21.86805555555556,0.1041666666666666,0.2222222222222222,1.4052117801799469,-0.0921792707109563,-0.3923611111111111,0.4097222222222222,1.2561232372533635,-27.46897273688085
11301,/gpfs/scratch/tug87422/smithlab-shared/sharedreward-aging/derivatives/fsl/sub-11301/L2_task-sharedreward_model-1_type-REPLACEME_sm-5.gfeat/copeCOPENUM.feat/stats/cope1.nii.gz,1,-22.86805555555556,0.1041666666666666,0.2222222222222222,-0.0403847776581969,-0.0588027585176313,-0.3923611111111111,0.4097222222222222,1.2561232372533635,-28.725095974134216
11311,/gpfs/scratch/tug87422/smithlab-shared/sharedreward-aging/derivatives/fsl/sub-11311/L2_task-sharedreward_model-1_type-REPLACEME_sm-5.gfeat/copeCOPENUM.feat/stats/cope1.nii.gz,1,-23.86805555555556,0.1041666666666666,0.2222222222222222,0.7199775316000014,-0.0689772616772149,-0.3923611111111111,0.4097222222222222,0.9569999069706944,-22.84172694623803
11312,/gpfs/scratch/tug87422/smithlab-shared/sharedreward-aging/derivatives/fsl/sub-11312/L2_task-sharedreward_model-1_type-REPLACEME_sm-5.gfeat/copeCOPENUM.feat/stats/cope1.nii.gz,1,-22.86805555555556,0.1041666666666666,0.2222222222222222,-2.109129821630937,-0.0745780536821269,-0.3923611111111111,-0.5902777777777778,0.3975278753009084,-9.090689537263136
11316,/gpfs/scratch/tug87422/smithlab-shared/sharedreward-aging/derivatives/fsl/sub-11316/L2_task-sharedreward_model-1_type-REPLACEME_sm-5.gfeat/copeCOPENUM.feat/stats/cope1.nii.gz,1,-3.868055555555557,0.1041666666666666,0.2222222222222222,-8.664989823544907,0.1093002523301241,0.6076388888888888,-0.5902777777777778,-1.4271583357463844,5.520327729241226
11318,/gpfs/scratch/tug87422/smithlab-shared/sharedreward-aging/derivatives/fsl/sub-11318/L2_task-sharedreward_model-1_type-REPLACEME_sm-5.gfeat/copeCOPENUM.feat/stats/cope1.nii.gz,1,-23.86805555555556,0.1041666666666666,0.2222222222222222,3.986226515978764,-0.0816771952697951,-0.3923611111111111,0.4097222222222222,-1.0340852664981337,24.681604589958923
11321,/gpfs/scratch/tug87422/smithlab-shared/sharedreward-aging/derivatives/fsl/sub-11321/L2_task-sharedreward_model-1_type-REPLACEME_sm-5.gfeat/copeCOPENUM.feat/stats/cope1.nii.gz,1,-22.86805555555556,0.1041666666666666,0.2222222222222222,5.191928357835117,-0.1216383954996444,-0.3923611111111111,0.4097222222222222,-0.8905020211464347,20.36404969191118
11325,/gpfs/scratch/tug87422/smithlab-shared/sharedreward-aging/derivatives/fsl/sub-11325/L2_task-sharedreward_model-1_type-REPLACEME_sm-5.gfeat/copeCOPENUM.feat/stats/cope1.nii.gz,1,-17.868055555555557,0.1041666666666666,0.2222222222222222,-4.059187381801472,-0.0703701179769925,0.6076388888888888,-0.5902777777777778,1.882905370457839,-33.64385776519458
11326,/gpfs/scratch/tug87422/smithlab-shared/sharedreward-aging/derivatives/fsl/sub-11326/L2_task-sharedreward_model-1_type-REPLACEME_sm-5.gfeat/copeCOPENUM.feat/stats/cope1.nii.gz,1,-19.86805555555556,0.1041666666666666,0.2222222222222222,-10.40610862149,-0.0107226453269257,0.6076388888888888,-0.5902777777777778,-0.4580709120416866,9.100978328828232
11329,/gpfs/scratch/tug87422/smithlab-shared/sharedreward-aging/derivatives/fsl/sub-11329/L2_task-sharedreward_model-1_type-REPLACEME_sm-5.gfeat/copeCOPENUM.feat/stats/cope1.nii.gz,1,-21.86805555555556,0.1041666666666666,0.2222222222222222,-1.7860546081031643,-0.0764971801674456,0.6076388888888888,-0.5902777777777778,-1.653291844179707,36.15427789806874
11330,/gpfs/scratch/tug87422/smithlab-shared/sharedreward-aging/derivatives/fsl/sub-11330/L2_task-sharedreward_model-1_type-REPLACEME_sm-5.gfeat/copeCOPENUM.feat/stats/cope1.nii.gz,1,-18.86805555555556,0.1041666666666666,0.2222222222222222,6.021598572220377,-0.102031051981925,0.6076388888888888,-0.5902777777777778,-1.4271583357463844,26.92770276543699
11337,/gpfs/scratch/tug87422/smithlab-shared/sharedreward-aging/derivatives/fsl/sub-11337/L2_task-sharedreward_model-1_type-REPLACEME_sm-5.gfeat/copeCOPENUM.feat/stats/cope1.nii.gz,1,-14.868055555555555,0.1041666666666666,0.2222222222222222,-13.814906385185472,-0.0365591440375402,0.6076388888888888,-0.5902777777777778,-0.9683268680052608,14.397137669439331
11338,/gpfs/scratch/tug87422/smithlab-shared/sharedreward-aging/derivatives/fsl/sub-11338/L2_task-sharedreward_model-1_type-REPLACEME_sm-5.gfeat/copeCOPENUM.feat/stats/cope1.nii.gz,1,-23.86805555555556,0.1041666666666666,0.2222222222222222,-1.141271156881281,-0.0806430334156419,0.6076388888888888,-0.5902777777777778,0.3920636079152979,-9.357795975033882
11340,/gpfs/scratch/tug87422/smithlab-shared/sharedreward-aging/derivatives/fsl/sub-11340/L2_task-sharedreward_model-1_type-REPLACEME_sm-5.gfeat/copeCOPENUM.feat/stats/cope1.nii.gz,1,-13.868055555555555,0.1041666666666666,0.2222222222222222,-1.5925213725243663,-0.00386469403782,0.6076388888888888,-0.5902777777777778,-0.6995514606373852,9.701418520089296
11343,/gpfs/scratch/tug87422/smithlab-shared/sharedreward-aging/derivatives/fsl/sub-11343/L2_task-sharedreward_model-1_type-REPLACEME_sm-5.gfeat/copeCOPENUM.feat/stats/cope1.nii.gz,1,-12.868055555555555,0.1041666666666666,0.2222222222222222,-4.201428076758326,-0.0664043924123851,-0.3923611111111111,0.4097222222222222,0.0709701725703824,-0.913248123423046
11345,/gpfs/scratch/tug87422/smithlab-shared/sharedreward-aging/derivatives/fsl/sub-11345/L2_task-sharedreward_model-1_type-REPLACEME_sm-5.gfeat/copeCOPENUM.feat/stats/cope1.nii.gz,1,-11.868055555555555,0.1041666666666666,0.2222222222222222,12.65674997524517,-0.1277310591250613,-0.3923611111111111,0.4097222222222222,0.9150018393300958,-10.859292662605098
11348,/gpfs/scratch/tug87422/smithlab-shared/sharedreward-aging/derivatives/fsl/sub-11348/L2_task-sharedreward_model-1_type-REPLACEME_sm-5.gfeat/copeCOPENUM.feat/stats/cope1.nii.gz,1,-9.868055555555555,0.1041666666666666,0.2222222222222222,-6.732505019037795,-0.0399809922911983,0.6076388888888888,-0.5902777777777778,-1.4271583357463844,14.083277743719531
11358,/gpfs/scratch/tug87422/smithlab-shared/sharedreward-aging/derivatives/fsl/sub-11358/L2_task-sharedreward_model-1_type-REPLACEME_sm-5.gfeat/copeCOPENUM.feat/stats/cope1.nii.gz,1,3.131944444444443,0.1041666666666666,0.2222222222222222,5.513160139689411,-0.0437978246702966,-0.3923611111111111,0.4097222222222222,-0.954292092002924,-2.9887898159258226
11364,/gpfs/scratch/tug87422/smithlab-shared/sharedreward-aging/derivatives/fsl/sub-11364/L2_task-sharedreward_model-1_type-REPLACEME_sm-5.gfeat/copeCOPENUM.feat/stats/cope1.nii.gz,1,9.131944444444445,0.1041666666666666,0.2222222222222222,-9.477455451426373,-0.0281488163682704,-0.3923611111111111,0.4097222222222222,-1.4271583357463844,-13.032730635461771
11367,/gpfs/scratch/tug87422/smithlab-shared/sharedreward-aging/derivatives/fsl/sub-11367/L2_task-sharedreward_model-1_type-REPLACEME_sm-5.gfeat/copeCOPENUM.feat/stats/cope1.nii.gz,1,13.131944444444445,0.1041666666666666,0.2222222222222222,-2.70839613182428,-0.1130440498151004,-0.3923611111111111,0.4097222222222222,-0.9404940723540972,-12.350515908483317
11376,/gpfs/scratch/tug87422/smithlab-shared/sharedreward-aging/derivatives/fsl/sub-11376/L2_task-sharedreward_model-1_type-REPLACEME_sm-5.gfeat/copeCOPENUM.feat/stats/cope1.nii.gz,1,25.131944444444443,0.1041666666666666,0.2222222222222222,2.4429164096542664,-0.0359826665729859,0.6076388888888888,-0.5902777777777778,0.4244818637987184,10.668054618663623
11377,/gpfs/scratch/tug87422/smithlab-shared/sharedreward-aging/derivatives/fsl/sub-11377/L2_task-sharedreward_model-1_type-REPLACEME_sm-5.gfeat/copeCOPENUM.feat/stats/cope1.nii.gz,1,24.131944444444443,0.1041666666666666,0.2222222222222222,-1.78330974273225,0.001532837098515,-0.3923611111111111,0.4097222222222222,-1.8679893507687717,-45.07821523556584
11387,/gpfs/scratch/tug87422/smithlab-shared/sharedreward-aging/derivatives/fsl/sub-11387/L2_task-sharedreward_model-1_type-REPLACEME_sm-5.gfeat/copeCOPENUM.feat/stats/cope1.nii.gz,1,8.131944444444443,0.1041666666666666,0.2222222222222222,1.7164926258443884,0.0361678089449931,-0.3923611111111111,0.4097222222222222,1.842537229732012,14.983410389001287
11410,/gpfs/scratch/tug87422/smithlab-shared/sharedreward-aging/derivatives/fsl/sub-11410/L2_task-sharedreward_model-1_type-REPLACEME_sm-5.gfeat/copeCOPENUM.feat/stats/cope1.nii.gz,1,0.1319444444444428,0.1041666666666666,0.2222222222222222,-17.687599799374162,0.1729850926232162,0.6076388888888888,-0.5902777777777778,-1.4271583357463844,-0.1883056137443123
11416,/gpfs/scratch/tug87422/smithlab-shared/sharedreward-aging/derivatives/fsl/sub-11416/L1_task-sharedreward_model-1_type-REPLACEME_run-1_sm-5.feat/stats/copeCOPENUM.nii.gz,1,-2.868055555555557,0.1041666666666666,0.2222222222222222,-21.914776375208326,0.2180593813767896,-0.3923611111111111,0.4097222222222222,0.9136646081762274,-2.62044085539432
11426,/gpfs/scratch/tug87422/smithlab-shared/sharedreward-aging/derivatives/fsl/sub-11426/L1_task-sharedreward_model-1_type-REPLACEME_run-1_sm-5.feat/stats/copeCOPENUM.nii.gz,1,-7.868055555555557,0.1041666666666666,0.2222222222222222,-6.419152673024961,0.1047978309759805,-0.3923611111111111,0.4097222222222222,0.9781928414654352,-7.696475620696793
11430,/gpfs/scratch/tug87422/smithlab-shared/sharedreward-aging/derivatives/fsl/sub-11430/L1_task-sharedreward_model-1_type-REPLACEME_run-1_sm-5.feat/stats/copeCOPENUM.nii.gz,1,-9.868055555555555,0.1041666666666666,0.2222222222222222,-13.40027755863806,-0.0394578136099547,-0.3923611111111111,0.4097222222222222,2.804915359405206,-27.67906059524165
11432,/gpfs/scratch/tug87422/smithlab-shared/sharedreward-aging/derivatives/fsl/sub-11432/L2_task-sharedreward_model-1_type-REPLACEME_sm-5.gfeat/copeCOPENUM.feat/stats/cope1.nii.gz,1,-9.868055555555555,0.1041666666666666,0.2222222222222222,-6.747060192032528,-0.082652070529332,-0.3923611111111111,0.4097222222222222,0.634195667783541,-6.258278082780638
11433,/gpfs/scratch/tug87422/smithlab-shared/sharedreward-aging/derivatives/fsl/sub-11433/L2_task-sharedreward_model-1_type-REPLACEME_sm-5.gfeat/copeCOPENUM.feat/stats/cope1.nii.gz,1,-10.868055555555555,0.1041666666666666,0.2222222222222222,-2.046809578820408,-0.0691201630163529,0.6076388888888888,-0.5902777777777778,0.9950727059414012,-10.814505449988149
11435,/gpfs/scratch/tug87422/smithlab-shared/sharedreward-aging/derivatives/fsl/sub-11435/L2_task-sharedreward_model-1_type-REPLACEME_sm-5.gfeat/copeCOPENUM.feat/stats/cope1.nii.gz,1,-11.868055555555555,0.1041666666666666,0.2222222222222222,-0.7160623399361938,-0.0829877223721103,-0.3923611111111111,0.4097222222222222,-1.4271583357463844,16.9375944152123
11439,/gpfs/scratch/tug87422/smithlab-shared/sharedreward-aging/derivatives/fsl/sub-11439/L1_task-sharedreward_model-1_type-REPLACEME_run-1_sm-5.feat/stats/copeCOPENUM.nii.gz,1,18.131944444444443,0.1041666666666666,0.2222222222222222,-12.846946025889643,0.0774602768940165,0.6076388888888888,-0.5902777777777778,1.543284293183638,27.98274506598944
11440,/gpfs/scratch/tug87422/smithlab-shared/sharedreward-aging/derivatives/fsl/sub-11440/L2_task-sharedreward_model-1_type-REPLACEME_sm-5.gfeat/copeCOPENUM.feat/stats/cope1.nii.gz,1,18.131944444444443,0.1041666666666666,0.2222222222222222,-6.355413457826522,-0.0336714694355294,0.6076388888888888,-0.5902777777777778,-1.4271583357463842,-25.877155657179227
11443,/gpfs/scratch/tug87422/smithlab-shared/sharedreward-aging/derivatives/fsl/sub-11443/L1_task-sharedreward_model-1_type-REPLACEME_run-1_sm-5.feat/stats/copeCOPENUM.nii.gz,1,12.131944444444445,0.1041666666666666,0.2222222222222222,-9.88052081489544,0.2657925883147517,-0.3923611111111111,0.4097222222222222,1.2561232372533628,15.239217329733505
11451,/gpfs/scratch/tug87422/smithlab-shared/sharedreward-aging/derivatives/fsl/sub-11451/L2_task-sharedreward_model-1_type-REPLACEME_sm-5.gfeat/copeCOPENUM.feat/stats/cope1.nii.gz,1,3.131944444444443,0.1041666666666666,0.2222222222222222,4.282131297648142,0.0754645664048646,0.6076388888888888,-0.5902777777777778,0.0014130928250439,0.0044257282228808
11461,/gpfs/scratch/tug87422/smithlab-shared/sharedreward-aging/derivatives/fsl/sub-11461/L2_task-sharedreward_model-1_type-REPLACEME_sm-5.gfeat/copeCOPENUM.feat/stats/cope1.nii.gz,1,29.131944444444443,0.1041666666666666,0.2222222222222222,-14.55624043398378,0.1871168042996202,0.6076388888888888,-0.5902777777777778,0.0280554144716131,0.8173087757528982
11462,/gpfs/scratch/tug87422/smithlab-shared/sharedreward-aging/derivatives/fsl/sub-11462/L1_task-sharedreward_model-1_type-REPLACEME_run-1_sm-5.feat/stats/copeCOPENUM.nii.gz,1,24.131944444444443,0.1041666666666666,0.2222222222222222,-5.323171811567896,-0.0021452980647283,0.6076388888888888,-0.5902777777777778,0.5728416642536156,13.823783217231348
11498,/gpfs/scratch/tug87422/smithlab-shared/sharedreward-aging/derivatives/fsl/sub-11498/L1_task-sharedreward_model-1_type-REPLACEME_run-1_sm-5.feat/stats/copeCOPENUM.nii.gz,1,1.1319444444444429,0.1041666666666666,0.2222222222222222,-15.751924766850005,-0.0230591922312601,-0.3923611111111111,0.4097222222222222,-1.828050198615021,-2.069251266487833
11517,/gpfs/scratch/tug87422/smithlab-shared/sharedreward-aging/derivatives/fsl/sub-11517/L2_task-sharedreward_model-1_type-REPLACEME_sm-5.gfeat/copeCOPENUM.feat/stats/cope1.nii.gz,1,-21.86805555555556,0.1041666666666666,0.2222222222222222,-1.87659130435744,-0.0078293323515089,-0.3923611111111111,0.4097222222222222,2.3261011172809614,-50.86730846053992
11518,/gpfs/scratch/tug87422/smithlab-shared/sharedreward-aging/derivatives/fsl/sub-11518/L2_task-sharedreward_model-1_type-REPLACEME_sm-5.gfeat/copeCOPENUM.feat/stats/cope1.nii.gz,1,-23.86805555555556,0.1041666666666666,0.2222222222222222,-11.8986055548124,0.0375967339211494,-0.3923611111111111,0.4097222222222222,1.852490663914343,-44.21535008245554
11523,/gpfs/scratch/tug87422/smithlab-shared/sharedreward-aging/derivatives/fsl/sub-11523/L2_task-sharedreward_model-1_type-REPLACEME_sm-5.gfeat/copeCOPENUM.feat/stats/cope1.nii.gz,1,-8.868055555555557,0.1041666666666666,0.2222222222222222,-6.97949360780725,0.055541684158126,-0.3923611111111111,0.4097222222222222,0.7194669226534143,-6.380272640475071
11526,/gpfs/scratch/tug87422/smithlab-shared/sharedreward-aging/derivatives/fsl/sub-11526/L2_task-sharedreward_model-1_type-REPLACEME_sm-5.gfeat/copeCOPENUM.feat/stats/cope1.nii.gz,1,-20.86805555555556,0.1041666666666666,0.2222222222222222,18.66100654607332,-0.1108161773020091,-0.3923611111111111,0.4097222222222222,1.1168365762688794,-23.30620772005544
11527,/gpfs/scratch/tug87422/smithlab-shared/sharedreward-aging/derivatives/fsl/sub-11527/L2_task-sharedreward_model-1_type-REPLACEME_sm-5.gfeat/copeCOPENUM.feat/stats/cope1.nii.gz,1,-22.86805555555556,0.1041666666666666,0.2222222222222222,-13.220293203874768,0.0516377019614656,0.6076388888888888,-0.5902777777777778,-1.4271583357463844,32.636336108422526
11529,/gpfs/scratch/tug87422/smithlab-shared/sharedreward-aging/derivatives/fsl/sub-11529/L2_task-sharedreward_model-1_type-REPLACEME_sm-5.gfeat/copeCOPENUM.feat/stats/cope1.nii.gz,1,-22.86805555555556,0.1041666666666666,0.2222222222222222,16.59375293781674,-0.0848840798228411,-0.3923611111111111,0.4097222222222222,1.0650831464607076,-24.356380564549376
11530,/gpfs/scratch/tug87422/smithlab-shared/sharedreward-aging/derivatives/fsl/sub-11530/L2_task-sharedreward_model-1_type-REPLACEME_sm-5.gfeat/copeCOPENUM.feat/stats/cope1.nii.gz,1,-19.86805555555556,0.1041666666666666,0.2222222222222222,-5.0509744435952015,-0.0165084374544215,-0.3923611111111111,-0.5902777777777778,-0.0160770331709887,0.3194193882097138
11532,/gpfs/scratch/tug87422/smithlab-shared/sharedreward-aging/derivatives/fsl/sub-11532/L2_task-sharedreward_model-1_type-REPLACEME_sm-5.gfeat/copeCOPENUM.feat/stats/cope1.nii.gz,1,-8.868055555555557,0.1041666666666666,0.2222222222222222,9.585266277677569,-0.0813151617169592,-0.3923611111111111,0.4097222222222222,-1.7992625395140096,15.955960159440211
11533,/gpfs/scratch/tug87422/smithlab-shared/sharedreward-aging/derivatives/fsl/sub-11533/L2_task-sharedreward_model-1_type-REPLACEME_sm-5.gfeat/copeCOPENUM.feat/stats/cope1.nii.gz,1,-11.868055555555555,0.1041666666666666,0.2222222222222222,11.891226966825036,-0.0801894389079374,-0.3923611111111111,0.4097222222222222,-0.370617248155636,4.398506090958208
11534,/gpfs/scratch/tug87422/smithlab-shared/sharedreward-aging/derivatives/fsl/sub-11534/L2_task-sharedreward_model-1_type-REPLACEME_sm-5.gfeat/copeCOPENUM.feat/stats/cope1.nii.gz,1,-22.86805555555556,0.1041666666666666,0.2222222222222222,-10.630188844556264,-0.0091124750402535,0.6076388888888888,-0.5902777777777778,-1.0340852664981337,23.64751932346079
11535,/gpfs/scratch/tug87422/smithlab-shared/sharedreward-aging/derivatives/fsl/sub-11535/L2_task-sharedreward_model-1_type-REPLACEME_sm-5.gfeat/copeCOPENUM.feat/stats/cope1.nii.gz,1,-10.868055555555555,0.1041666666666666,0.2222222222222222,3.932153944002188,-0.0382780957494088,-0.3923611111111111,0.4097222222222222,2.022775115253291,-21.983632328968064
11536,/gpfs/scratch/tug87422/smithlab-shared/sharedreward-aging/derivatives/fsl/sub-11536/L2_task-sharedreward_model-1_type-REPLACEME_sm-5.gfeat/copeCOPENUM.feat/stats/cope1.nii.gz,1,-7.868055555555557,0.1041666666666666,0.2222222222222222,-2.7501769167541497,0.0048737472983041,0.6076388888888888,-0.5902777777777778,0.3885242622600231,-3.0569304801430994
11540,/gpfs/scratch/tug87422/smithlab-shared/sharedreward-aging/derivatives/fsl/sub-11540/L2_task-sharedreward_model-1_type-REPLACEME_sm-5.gfeat/copeCOPENUM.feat/stats/cope1.nii.gz,1,-9.868055555555555,0.1041666666666666,0.2222222222222222,9.787130163301905,-0.0854444709642394,-0.3923611111111111,0.4097222222222222,-1.990967518628312,19.646978083130776
11542,/gpfs/scratch/tug87422/smithlab-shared/sharedreward-aging/derivatives/fsl/sub-11542/L2_task-sharedreward_model-1_type-REPLACEME_sm-5.gfeat/copeCOPENUM.feat/stats/cope1.nii.gz,1,16.131944444444443,0.1041666666666666,0.2222222222222222,-1.134008519158975,0.0530075772908205,0.6076388888888888,-0.5902777777777778,1.5145836913263766,24.4331799649387
11545,/gpfs/scratch/tug87422/smithlab-shared/sharedreward-aging/derivatives/fsl/sub-11545/L2_task-sharedreward_model-1_type-REPLACEME_sm-5.gfeat/copeCOPENUM.feat/stats/cope1.nii.gz,1,28.131944444444443,0.1041666666666666,0.2222222222222222,7.560191561078376,-0.0002653730120542,-0.3923611111111111,0.4097222222222222,-1.8271583357463843,-51.40151679242085
11551,/gpfs/scratch/tug87422/smithlab-shared/sharedreward-aging/derivatives/fsl/sub-11551/L2_task-sharedreward_model-1_type-REPLACEME_sm-5.gfeat/copeCOPENUM.feat/stats/cope1.nii.gz,1,20.131944444444443,0.1041666666666666,0.2222222222222222,-3.6309412771773495,0.0013659775294212,-0.3923611111111111,0.4097222222222222,-3.0703260082618824,-61.81163262466109
11559,/gpfs/scratch/tug87422/smithlab-shared/sharedreward-aging/derivatives/fsl/sub-11559/L2_task-sharedreward_model-1_type-REPLACEME_sm-5.gfeat/copeCOPENUM.feat/stats/cope1.nii.gz,1,22.131944444444443,0.1041666666666666,0.2222222222222222,-8.722237230086044,0.2037094638455117,-0.3923611111111111,0.4097222222222222,-0.1037720159775303,-2.296676492502704
11563,/gpfs/scratch/tug87422/smithlab-shared/sharedreward-aging/derivatives/fsl/sub-11563/L2_task-sharedreward_model-1_type-REPLACEME_sm-5.gfeat/copeCOPENUM.feat/stats/cope1.nii.gz,1,10.131944444444445,0.1041666666666666,0.2222222222222222,-3.652845771674343,-0.0663398121677261,0.6076388888888888,-0.5902777777777778,-0.9029359017497612,-9.148496393422928
11570,/gpfs/scratch/tug87422/smithlab-shared/sharedreward-aging/derivatives/fsl/sub-11570/L2_task-sharedreward_model-1_type-REPLACEME_sm-5.gfeat/copeCOPENUM.feat/stats/cope1.nii.gz,1,-3.868055555555557,0.1041666666666666,0.2222222222222222,-1.7664648071334668,0.0392193455196707,0.6076388888888888,-0.5902777777777778,1.198411511215717,-4.635522303799685
11572,/gpfs/scratch/tug87422/smithlab-shared/sharedreward-aging/derivatives/fsl/sub-11572/L2_task-sharedreward_model-1_type-REPLACEME_sm-5.gfeat/copeCOPENUM.feat/stats/cope1.nii.gz,1,-2.868055555555557,0.1041666666666666,0.2222222222222222,4.619079938234485,-0.0289342434595813,0.6076388888888888,-0.5902777777777778,-0.4161776144032696,1.1936205190871558
11579,/gpfs/scratch/tug87422/smithlab-shared/sharedreward-aging/derivatives/fsl/sub-11579/L2_task-sharedreward_model-1_type-REPLACEME_sm-5.gfeat/copeCOPENUM.feat/stats/cope1.nii.gz,1,2.131944444444443,0.1041666666666666,0.2222222222222222,2.152160330285973,-0.0283964724690106,0.6076388888888888,-0.5902777777777778,-1.4271583357463844,-3.042622285237081
11586,/gpfs/scratch/tug87422/smithlab-shared/sharedreward-aging/derivatives/fsl/sub-11586/L1_task-sharedreward_model-1_type-REPLACEME_run-1_sm-5.feat/stats/copeCOPENUM.nii.gz,1,8.131944444444443,0.1041666666666666,0.2222222222222222,1.8601384436075603,-0.0885687350410714,0.6076388888888888,-0.5902777777777778,-1.427158335746384,-11.605572299715384
11588,/gpfs/scratch/tug87422/smithlab-shared/sharedreward-aging/derivatives/fsl/sub-11588/L2_task-sharedreward_model-1_type-REPLACEME_sm-5.gfeat/copeCOPENUM.feat/stats/cope1.nii.gz,1,9.131944444444445,0.1041666666666666,0.2222222222222222,18.30016888167635,-0.0655845333028841,0.6076388888888888,-0.5902777777777778,1.0650831464607076,9.726280122193264
11591,/gpfs/scratch/tug87422/smithlab-shared/sharedreward-aging/derivatives/fsl/sub-11591/L2_task-sharedreward_model-1_type-REPLACEME_sm-5.gfeat/copeCOPENUM.feat/stats/cope1.nii.gz,1,14.131944444444445,0.1041666666666666,0.2222222222222222,-1.9056240141329328,0.0653851123371187,0.6076388888888888,-0.5902777777777778,-3.0703260082618824,-43.389676575089794
11597,/gpfs/scratch/tug87422/smithlab-shared/sharedreward-aging/derivatives/fsl/sub-11597/L1_task-sharedreward_model-1_type-REPLACEME_run-2_sm-5.feat/stats/copeCOPENUM.nii.gz,1,7.131944444444443,0.1041666666666666,0.2222222222222222,-4.333392361335733,0.1858696544626674,-0.3923611111111111,0.4097222222222222,1.0223314070367937,7.291210798797129
11598,/gpfs/scratch/tug87422/smithlab-shared/sharedreward-aging/derivatives/fsl/sub-11598/L1_task-sharedreward_model-1_type-REPLACEME_run-1_sm-5.feat/stats/copeCOPENUM.nii.gz,1,7.131944444444443,0.1041666666666666,0.2222222222222222,-0.9517606666016364,0.2044669551716284,-0.3923611111111111,0.4097222222222222,-1.4271583357463844,-10.178413963969003
11599,/gpfs/scratch/tug87422/smithlab-shared/sharedreward-aging/derivatives/fsl/sub-11599/L2_task-sharedreward_model-1_type-REPLACEME_sm-5.gfeat/copeCOPENUM.feat/stats/cope1.nii.gz,1,7.131944444444443,0.1041666666666666,0.2222222222222222,12.740798657952531,-0.0420299312311966,-0.3923611111111111,0.4097222222222222,0.0328344544304783,0.2341735048618145
11600,/gpfs/scratch/tug87422/smithlab-shared/sharedreward-aging/derivatives/fsl/sub-11600/L2_task-sharedreward_model-1_type-REPLACEME_sm-5.gfeat/copeCOPENUM.feat/stats/cope1.nii.gz,1,8.131944444444443,0.1041666666666666,0.2222222222222222,6.045443547849267,-0.0138266568458724,-0.3923611111111111,0.4097222222222222,0.310938042760579,2.528530889393319
11622,/gpfs/scratch/tug87422/smithlab-shared/sharedreward-aging/derivatives/fsl/sub-11622/L2_task-sharedreward_model-1_type-REPLACEME_sm-5.gfeat/copeCOPENUM.feat/stats/cope1.nii.gz,1,23.131944444444443,0.1041666666666666,0.2222222222222222,15.179896539677124,-0.0417297194454579,-0.3923611111111111,0.4097222222222222,-0.6253746100091112,-14.46613073569687
11623,/gpfs/scratch/tug87422/smithlab-shared/sharedreward-aging/derivatives/fsl/sub-11623/L1_task-sharedreward_model-1_type-REPLACEME_run-1_sm-5.feat/stats/copeCOPENUM.nii.gz,1,34.13194444444444,0.1041666666666666,0.2222222222222222,-4.579683906322622,0.013693434726083,-0.3923611111111111,0.4097222222222222,0.8588439502570444,29.314013996620645
11625,/gpfs/scratch/tug87422/smithlab-shared/sharedreward-aging/derivatives/fsl/sub-11625/L2_task-sharedreward_model-1_type-REPLACEME_sm-5.gfeat/copeCOPENUM.feat/stats/cope1.nii.gz,1,27.131944444444443,0.1041666666666666,0.2222222222222222,-5.332790934026285,0.0200480498518951,0.6076388888888888,-0.5902777777777778,1.6629988800012434,45.12039322336707
11626,/gpfs/scratch/tug87422/smithlab-shared/sharedreward-aging/derivatives/fsl/sub-11626/L2_task-sharedreward_model-1_type-REPLACEME_sm-5.gfeat/copeCOPENUM.feat/stats/cope1.nii.gz,1,26.131944444444443,0.1041666666666666,0.2222222222222222,10.7288579061457,-0.0766598535159254,0.6076388888888888,-0.5902777777777778,0.8873919136849944,23.18927618886551
11628,/gpfs/scratch/tug87422/smithlab-shared/sharedreward-aging/derivatives/fsl/sub-11628/L2_task-sharedreward_model-1_type-REPLACEME_sm-5.gfeat/copeCOPENUM.feat/stats/cope1.nii.gz,1,10.131944444444445,0.1041666666666666,0.2222222222222222,15.777804677974622,-0.0426939020797506,-0.3923611111111111,0.4097222222222222,-1.4271583357463844,-14.459888971208157
11631,/gpfs/scratch/tug87422/smithlab-shared/sharedreward-aging/derivatives/fsl/sub-11631/L2_task-sharedreward_model-1_type-REPLACEME_sm-5.gfeat/copeCOPENUM.feat/stats/cope1.nii.gz,1,11.131944444444445,0.1041666666666666,0.2222222222222222,15.501476803172103,-0.085451845020159,-0.3923611111111111,0.4097222222222222,1.966954213949044,21.896025034446644
11651,/gpfs/scratch/tug87422/smithlab-shared/sharedreward-aging/derivatives/fsl/sub-11651/L2_task-sharedreward_model-1_type-REPLACEME_sm-5.gfeat/copeCOPENUM.feat/stats/cope1.nii.gz,1,17.131944444444443,0.1041666666666666,0.2222222222222222,-1.384560860559155,-0.0068698074008048,0.6076388888888888,-0.5902777777777778,-0.6644738582537197,-11.38372922438838
11660,/gpfs/scratch/tug87422/smithlab-shared/sharedreward-aging/derivatives/fsl/sub-11660/L2_task-sharedreward_model-1_type-REPLACEME_sm-5.gfeat/copeCOPENUM.feat/stats/cope1.nii.gz,1,-3.868055555555557,0.1041666666666666,0.2222222222222222,8.916847872856728,-0.0947000270572872,-0.3923611111111111,0.4097222222222222,3.095249641542205,-11.972597571798676
11670,/gpfs/scratch/tug87422/smithlab-shared/sharedreward-aging/derivatives/fsl/sub-11670/L2_task-sharedreward_model-1_type-REPLACEME_sm-5.gfeat/copeCOPENUM.feat/stats/cope1.nii.gz,1,0.1319444444444428,0.1041666666666666,0.2222222222222222,2.9271844102364994,0.086447383060077,-0.3923611111111111,0.4097222222222222,0.4469268069168886,0.0589695092459776
11674,/gpfs/scratch/tug87422/smithlab-shared/sharedreward-aging/derivatives/fsl/sub-11674/L1_task-sharedreward_model-1_type-REPLACEME_run-1_sm-5.feat/stats/copeCOPENUM.nii.gz,1,11.131944444444445,0.1041666666666666,0.2222222222222222,12.595322974800789,0.0126669379059722,0.6076388888888888,-0.5902777777777778,-0.6829499282111338,-7.602560659183662
11679,/gpfs/scratch/tug87422/smithlab-shared/sharedreward-aging/derivatives/fsl/sub-11679/L2_task-sharedreward_model-1_type-REPLACEME_sm-5.gfeat/copeCOPENUM.feat/stats/cope1.nii.gz,1,12.131944444444445,0.1041666666666666,0.2222222222222222,16.693604890566043,-0.0716485518900295,-0.3923611111111111,0.4097222222222222,-0.1543661296105987,-1.8727613085396937
11692,/gpfs/scratch/tug87422/smithlab-shared/sharedreward-aging/derivatives/fsl/sub-11692/L2_task-sharedreward_model-1_type-REPLACEME_sm-5.gfeat/copeCOPENUM.feat/stats/cope1.nii.gz,1,18.131944444444443,0.1041666666666666,0.2222222222222222,-7.530706678557486,0.0192788103341579,-0.3923611111111111,0.4097222222222222,1.5669993997022815,28.41274605987956
11701,/gpfs/scratch/tug87422/smithlab-shared/sharedreward-aging/derivatives/fsl/sub-11701/L2_task-sharedreward_model-1_type-REPLACEME_sm-5.gfeat/copeCOPENUM.feat/stats/cope1.nii.gz,1,21.131944444444443,0.1041666666666666,0.2222222222222222,1.998851596861336,-0.0567710810219306,-0.3923611111111111,0.4097222222222222,1.2561232372533635,26.54432646501379
11703,/gpfs/scratch/tug87422/smithlab-shared/sharedreward-aging/derivatives/fsl/sub-11703/L2_task-sharedreward_model-1_type-REPLACEME_sm-5.gfeat/copeCOPENUM.feat/stats/cope1.nii.gz,1,9.131944444444445,0.1041666666666666,0.2222222222222222,10.653551338549429,0.0129144079528085,-0.3923611111111111,0.4097222222222222,-1.4271583357463844,-13.032730635461771
11705,/gpfs/scratch/tug87422/smithlab-shared/sharedreward-aging/derivatives/fsl/sub-11705/L2_task-sharedreward_model-1_type-REPLACEME_sm-5.gfeat/copeCOPENUM.feat/stats/cope1.nii.gz,1,9.131944444444445,0.1041666666666666,0.2222222222222222,-0.2456967014407709,0.0715486982383779,0.6076388888888888,-0.5902777777777778,-0.1037720159775303,-0.9476402847948086
11709,/gpfs/scratch/tug87422/smithlab-shared/sharedreward-aging/derivatives/fsl/sub-11709/L2_task-sharedreward_model-1_type-REPLACEME_sm-5.gfeat/copeCOPENUM.feat/stats/cope1.nii.gz,1,8.131944444444443,0.1041666666666666,0.2222222222222222,9.191082930152028,0.0324513124626382,-0.3923611111111111,0.4097222222222222,1.5579532348835836,12.669189153115806
11710,/gpfs/scratch/tug87422/smithlab-shared/sharedreward-aging/derivatives/fsl/sub-11710/L2_task-sharedreward_model-1_type-REPLACEME_sm-5.gfeat/copeCOPENUM.feat/stats/cope1.nii.gz,1,26.131944444444443,0.1041666666666666,0.2222222222222222,14.930234488874396,0.0398793840104012,0.6076388888888888,-0.5902777777777778,-0.3756992453344079,-9.81775180689845
11714,/gpfs/scratch/tug87422/smithlab-shared/sharedreward-aging/derivatives/fsl/sub-11714/L2_task-sharedreward_model-1_type-REPLACEME_sm-5.gfeat/copeCOPENUM.feat/stats/cope1.nii.gz,1,26.131944444444443,0.1041666666666666,0.2222222222222222,-0.6604239895644568,-0.0063531993662055,0.6076388888888888,-0.5902777777777778,-0.3664981639665627,-9.577309659765108
11719,/gpfs/scratch/tug87422/smithlab-shared/sharedreward-aging/derivatives/fsl/sub-11719/L1_task-sharedreward_model-1_type-REPLACEME_run-1_sm-5.feat/stats/copeCOPENUM.nii.gz,1,8.131944444444443,0.1041666666666666,0.2222222222222222,4.609430349740855,-0.0112988431124212,-0.3923611111111111,0.4097222222222222,0.4333626830917425,3.524081263197433
11722,/gpfs/scratch/tug87422/smithlab-shared/sharedreward-aging/derivatives/fsl/sub-11722/L2_task-sharedreward_model-1_type-REPLACEME_sm-5.gfeat/copeCOPENUM.feat/stats/cope1.nii.gz,1,10.131944444444445,0.1041666666666666,0.2222222222222222,-0.7452816119005874,0.0956137798477184,-0.3923611111111111,0.4097222222222222,-1.4271583357463844,-14.459888971208157
11723,/gpfs/scratch/tug87422/smithlab-shared/sharedreward-aging/derivatives/fsl/sub-11723/L2_task-sharedreward_model-1_type-REPLACEME_sm-5.gfeat/copeCOPENUM.feat/stats/cope1.nii.gz,1,11.131944444444445,0.1041666666666666,0.2222222222222222,-2.3077248598386504,0.0072497138993594,0.6076388888888888,-0.5902777777777778,-0.8988877919510103,-10.00636896178798
11736,/gpfs/scratch/tug87422/smithlab-shared/sharedreward-aging/derivatives/fsl/sub-11736/L2_task-sharedreward_model-1_type-REPLACEME_sm-5.gfeat/copeCOPENUM.feat/stats/cope1.nii.gz,1,25.131944444444443,0.1041666666666666,0.2222222222222222,0.2419025025625742,0.0165495329292206,0.6076388888888888,-0.5902777777777778,1.4506342455292485,36.45725926784965
11744,/gpfs/scratch/tug87422/smithlab-shared/sharedreward-aging/derivatives/fsl/sub-11744/L2_task-sharedreward_model-1_type-REPLACEME_sm-5.gfeat/copeCOPENUM.feat/stats/cope1.nii.gz,1,44.13194444444444,0.1041666666666666,0.2222222222222222,-5.731009865336397,-0.043509862894551,0.6076388888888888,-0.5902777777777778,0.4469268069168883,19.723749013589064
11746,/gpfs/scratch/tug87422/smithlab-shared/sharedreward-aging/derivatives/fsl/sub-11746/L2_task-sharedreward_model-1_type-REPLACEME_sm-5.gfeat/copeCOPENUM.feat/stats/cope1.nii.gz,1,23.131944444444443,0.1041666666666666,0.2222222222222222,4.8974231200587965,-0.0511891757462484,0.6076388888888888,-0.5902777777777778,-0.9404940723540968,-21.75545663202428
11748,/gpfs/scratch/tug87422/smithlab-shared/sharedreward-aging/derivatives/fsl/sub-11748/L2_task-sharedreward_model-1_type-REPLACEME_sm-5.gfeat/copeCOPENUM.feat/stats/cope1.nii.gz,1,8.131944444444443,0.1041666666666666,0.2222222222222222,-3.3029585871084564,-0.0378649847095598,-0.3923611111111111,0.4097222222222222,2.03694327939137,16.564309584495096
11756,/gpfs/scratch/tug87422/smithlab-shared/sharedreward-aging/derivatives/fsl/sub-11756/L2_task-sharedreward_model-1_type-REPLACEME_sm-5.gfeat/copeCOPENUM.feat/stats/cope1.nii.gz,1,6.131944444444443,0.1041666666666666,0.2222222222222222,8.116874693270496,-0.0829551294397437,-0.3923611111111111,0.4097222222222222,-2.887151125923247,-17.703850306876575
11764,/gpfs/scratch/tug87422/smithlab-shared/sharedreward-aging/derivatives/fsl/sub-11764/L2_task-sharedreward_model-1_type-REPLACEME_sm-5.gfeat/copeCOPENUM.feat/stats/cope1.nii.gz,1,23.131944444444443,0.1041666666666666,0.2222222222222222,9.958655496145788,-0.0646216368948909,-0.3923611111111111,0.4097222222222222,1.1560119797222908,26.740804892048267
11772,/gpfs/scratch/tug87422/smithlab-shared/sharedreward-aging/derivatives/fsl/sub-11772/L1_task-sharedreward_model-1_type-REPLACEME_run-1_sm-5.feat/stats/copeCOPENUM.nii.gz,1,4.131944444444443,0.1041666666666666,0.2222222222222222,11.979230503860585,-0.0703406667958091,-0.3923611111111111,0.4097222222222222,2.03694327939137,8.416536466929616
11773,/gpfs/scratch/tug87422/smithlab-shared/sharedreward-aging/derivatives/fsl/sub-11773/L2_task-sharedreward_model-1_type-REPLACEME_sm-5.gfeat/copeCOPENUM.feat/stats/cope1.nii.gz,1,11.131944444444445,0.1041666666666666,0.2222222222222222,11.771029111306838,-0.0664693312762069,-0.3923611111111111,0.4097222222222222,-0.0876089625001104,-0.9752581033866456
11774,/gpfs/scratch/tug87422/smithlab-shared/sharedreward-aging/derivatives/fsl/sub-11774/L2_task-sharedreward_model-1_type-REPLACEME_sm-5.gfeat/copeCOPENUM.feat/stats/cope1.nii.gz,1,-0.8680555555555571,0.1041666666666666,0.2222222222222222,2.4943451097530343,-0.0198230785021413,-0.3923611111111111,0.4097222222222222,1.342983214883532,-1.1657840406975126
11784,/gpfs/scratch/tug87422/smithlab-shared/sharedreward-aging/derivatives/fsl/sub-11784/L2_task-sharedreward_model-1_type-REPLACEME_sm-5.gfeat/copeCOPENUM.feat/stats/cope1.nii.gz,1,-2.868055555555557,0.1041666666666666,0.2222222222222222,2.0318584205412336,-0.0084247390684347,0.6076388888888888,-0.5902777777777778,-1.4271583357463844,4.093169393494841
11787,/gpfs/scratch/tug87422/smithlab-shared/sharedreward-aging/derivatives/fsl/sub-11787/L2_task-sharedreward_model-1_type-REPLACEME_sm-5.gfeat/copeCOPENUM.feat/stats/cope1.nii.gz,1,-4.868055555555557,0.1041666666666666,0.2222222222222222,-4.685274371335559,0.02053565559399,-0.3923611111111111,0.4097222222222222,-0.0876089625001101,0.4264852966151198
11788,/gpfs/scratch/tug87422/smithlab-shared/sharedreward-aging/derivatives/fsl/sub-11788/L2_task-sharedreward_model-1_type-REPLACEME_sm-5.gfeat/copeCOPENUM.feat/stats/cope1.nii.gz,1,-9.868055555555555,0.1041666666666666,0.2222222222222222,17.91158224696452,-0.0823881801374047,0.6076388888888888,-0.5902777777777778,-1.8682871090026687,18.43636098536662
11789,/gpfs/scratch/tug87422/smithlab-shared/sharedreward-aging/derivatives/fsl/sub-11789/L2_task-sharedreward_model-1_type-REPLACEME_sm-5.gfeat/copeCOPENUM.feat/stats/cope1.nii.gz,1,-1.8680555555555567,0.1041666666666666,0.2222222222222222,1.0565394138281263,0.1716056344569393,-0.3923611111111111,0.4097222222222222,-0.3129863066840734,0.5846758090139988
11790,/gpfs/scratch/tug87422/smithlab-shared/sharedreward-aging/derivatives/fsl/sub-11790/L2_task-sharedreward_model-1_type-REPLACEME_sm-5.gfeat/copeCOPENUM.feat/stats/cope1.nii.gz,1,-7.868055555555557,0.1041666666666666,0.2222222222222222,1.8515043778640248,0.0050937688518128,-0.3923611111111111,0.4097222222222222,0.1628384842631554,-1.281222240764966
11793,/gpfs/scratch/tug87422/smithlab-shared/sharedreward-aging/derivatives/fsl/sub-11793/L2_task-sharedreward_model-1_type-REPLACEME_sm-5.gfeat/copeCOPENUM.feat/stats/cope1.nii.gz,1,-6.868055555555557,0.1041666666666666,0.2222222222222222,-4.688255585653984,0.0126169900239346,-0.3923611111111111,0.4097222222222222,0.5040037217147677,-3.4615255609437874
11795,/gpfs/scratch/tug87422/smithlab-shared/sharedreward-aging/derivatives/fsl/sub-11795/L2_task-sharedreward_model-1_type-REPLACEME_sm-5.gfeat/copeCOPENUM.feat/stats/cope1.nii.gz,1,-9.868055555555555,0.1041666666666666,0.2222222222222222,14.110004588979486,-0.0417949284928442,0.6076388888888888,-0.5902777777777778,-1.4271583357463844,14.083277743719531
11815,/gpfs/scratch/tug87422/smithlab-shared/sharedreward-aging/derivatives/fsl/sub-11815/L2_task-sharedreward_model-1_type-REPLACEME_sm-5.gfeat/copeCOPENUM.feat/stats/cope1.nii.gz,1,19.131944444444443,0.1041666666666666,0.2222222222222222,3.786445483292177,-0.0208525941329346,0.6076388888888888,-0.5902777777777778,1.5579532348835836,29.806674736835227
11822,/gpfs/scratch/tug87422/smithlab-shared/sharedreward-aging/derivatives/fsl/sub-11822/L2_task-sharedreward_model-1_type-REPLACEME_sm-5.gfeat/copeCOPENUM.feat/stats/cope1.nii.gz,1,11.131944444444445,0.1041666666666666,0.2222222222222222,9.700952515431403,-0.0539712245322691,-0.3923611111111111,0.4097222222222222,1.7891792687670005,19.917044221065986
11823,/gpfs/scratch/tug87422/smithlab-shared/sharedreward-aging/derivatives/fsl/sub-11823/L2_task-sharedreward_model-1_type-REPLACEME_sm-5.gfeat/copeCOPENUM.feat/stats/cope1.nii.gz,1,11.131944444444445,0.1041666666666666,0.2222222222222222,17.35041009479361,-0.0684453583715973,-0.3923611111111111,0.4097222222222222,1.5652177637458204,17.42391718947604
11824,/gpfs/scratch/tug87422/smithlab-shared/sharedreward-aging/derivatives/fsl/sub-11824/L2_task-sharedreward_model-1_type-REPLACEME_sm-5.gfeat/copeCOPENUM.feat/stats/cope1.nii.gz,1,17.131944444444443,0.1041666666666666,0.2222222222222222,-9.340839764958524,0.1185656867215767,-0.3923611111111111,0.4097222222222222,0.977754668371862,16.750838658842937
11828,/gpfs/scratch/tug87422/smithlab-shared/sharedreward-aging/derivatives/fsl/sub-11828/L2_task-sharedreward_model-1_type-REPLACEME_sm-5.gfeat/copeCOPENUM.feat/stats/cope1.nii.gz,1,33.13194444444444,0.1041666666666666,0.2222222222222222,-0.4456321431028627,-0.0011423274186211,0.6076388888888888,-0.5902777777777778,1.6153969812762754,53.52124303936882
11829,/gpfs/scratch/tug87422/smithlab-shared/sharedreward-aging/derivatives/fsl/sub-11829/L1_task-sharedreward_model-1_type-REPLACEME_run-2_sm-5.feat/stats/copeCOPENUM.nii.gz,1,11.131944444444445,0.1041666666666666,0.2222222222222222,25.825048334972657,-0.1066828229782363,-0.3923611111111111,0.4097222222222222,-1.2134171857826557,-13.507692700066643
11840,/gpfs/scratch/tug87422/smithlab-shared/sharedreward-aging/derivatives/fsl/sub-11840/L2_task-sharedreward_model-1_type-REPLACEME_sm-5.gfeat/copeCOPENUM.feat/stats/cope1.nii.gz,1,27.131944444444443,0.1041666666666666,0.2222222222222222,7.4615248969818495,-0.0471163753720109,0.6076388888888888,-0.5902777777777778,-0.1575362272009073,-4.274264164402394
11847,/gpfs/scratch/tug87422/smithlab-shared/sharedreward-aging/derivatives/fsl/sub-11847/L2_task-sharedreward_model-1_type-REPLACEME_sm-5.gfeat/copeCOPENUM.feat/stats/cope1.nii.gz,1,12.131944444444445,0.1041666666666666,0.2222222222222222,-3.046414951252096,0.0666976894038371,-0.3923611111111111,0.4097222222222222,1.966954213949044,23.862979248395693
11853,/gpfs/scratch/tug87422/smithlab-shared/sharedreward-aging/derivatives/fsl/sub-11853/L2_task-sharedreward_model-1_type-REPLACEME_sm-5.gfeat/copeCOPENUM.feat/stats/cope1.nii.gz,1,19.131944444444443,0.1041666666666666,0.2222222222222222,15.765170322923645,-0.0794330751026958,-0.3923611111111111,0.4097222222222222,0.0328344544304783,0.6281869580275552
11854,/gpfs/scratch/tug87422/smithlab-shared/sharedreward-aging/derivatives/fsl/sub-11854/L2_task-sharedreward_model-1_type-REPLACEME_sm-5.gfeat/copeCOPENUM.feat/stats/cope1.nii.gz,1,26.131944444444443,0.1041666666666666,0.2222222222222222,-7.819789813115072,0.1651199750906715,0.6076388888888888,-0.5902777777777778,-1.4271583357463844,-37.29442234315031
11861,/gpfs/scratch/tug87422/smithlab-shared/sharedreward-aging/derivatives/fsl/sub-11861/L2_task-sharedreward_model-1_type-REPLACEME_sm-5.gfeat/copeCOPENUM.feat/stats/cope1.nii.gz,1,-18.86805555555556,0.1041666666666666,0.2222222222222222,9.415706695832036,-0.0148209847557586,0.6076388888888888,-0.5902777777777778,-1.4271583357463844,26.92770276543699
11866,/gpfs/scratch/tug87422/smithlab-shared/sharedreward-aging/derivatives/fsl/sub-11866/L2_task-sharedreward_model-1_type-REPLACEME_sm-5.gfeat/copeCOPENUM.feat/stats/cope1.nii.gz,1,-16.868055555555557,0.1041666666666666,0.2222222222222222,13.331835947424828,-0.0043361902202869,0.6076388888888888,-0.5902777777777778,0.2440997078470819,-4.117487433059458
11867,/gpfs/scratch/tug87422/smithlab-shared/sharedreward-aging/derivatives/fsl/sub-11867/L2_task-sharedreward_model-1_type-REPLACEME_sm-5.gfeat/copeCOPENUM.feat/stats/cope1.nii.gz,1,-19.86805555555556,0.1041666666666666,0.2222222222222222,17.3555116089589,-0.0969976257399553,0.6076388888888888,-0.5902777777777778,1.4843265407464528,-29.49068217413612
11870,/gpfs/scratch/tug87422/smithlab-shared/sharedreward-aging/derivatives/fsl/sub-11870/L2_task-sharedreward_model-1_type-REPLACEME_sm-5.gfeat/copeCOPENUM.feat/stats/cope1.nii.gz,1,-16.868055555555557,0.1041666666666666,0.2222222222222222,10.860497218167133,-0.0452212375092438,0.6076388888888888,-0.5902777777777778,-1.4271583357463846,24.073386093944222
11872,/gpfs/scratch/tug87422/smithlab-shared/sharedreward-aging/derivatives/fsl/sub-11872/L2_task-sharedreward_model-1_type-REPLACEME_sm-5.gfeat/copeCOPENUM.feat/stats/cope1.nii.gz,1,-16.868055555555557,0.1041666666666666,0.2222222222222222,17.098146148451328,-0.0324948943293715,0.6076388888888888,-0.5902777777777778,3.1481669652194326,-53.103455267486126
11876,/gpfs/scratch/tug87422/smithlab-shared/sharedreward-aging/derivatives/fsl/sub-11876/L2_task-sharedreward_model-1_type-REPLACEME_sm-5.gfeat/copeCOPENUM.feat/stats/cope1.nii.gz,1,-13.868055555555555,0.1041666666666666,0.2222222222222222,21.14628536145361,-0.063296016608855,0.6076388888888888,-0.5902777777777778,1.543284293183638,-21.402352315886983
11877,/gpfs/scratch/tug87422/smithlab-shared/sharedreward-aging/derivatives/fsl/sub-11877/L2_task-sharedreward_model-1_type-REPLACEME_sm-5.gfeat/copeCOPENUM.feat/stats/cope1.nii.gz,1,-18.86805555555556,0.1041666666666666,0.2222222222222222,-7.149275631102078,-0.0080172577476157,0.6076388888888888,-0.5902777777777778,-0.3706172481556358,6.992826828047656
11881,/gpfs/scratch/tug87422/smithlab-shared/sharedreward-aging/derivatives/fsl/sub-11881/L1_task-sharedreward_model-1_type-REPLACEME_run-1_sm-5.feat/stats/copeCOPENUM.nii.gz,1,18.131944444444443,0.1041666666666666,0.2222222222222222,3.4450630913085334,0.0395633267407591,-0.3923611111111111,0.4097222222222222,3.0295297805028603,54.93126567286783
11885,/gpfs/scratch/tug87422/smithlab-shared/sharedreward-aging/derivatives/fsl/sub-11885/L2_task-sharedreward_model-1_type-REPLACEME_sm-5.gfeat/copeCOPENUM.feat/stats/cope1.nii.gz,1,12.131944444444445,0.1041666666666666,0.2222222222222222,9.052442152944115,-0.0354761453906419,-0.3923611111111111,0.4097222222222222,1.7517193212097206,21.25176148717626
11891,/gpfs/scratch/tug87422/smithlab-shared/sharedreward-aging/derivatives/fsl/sub-11891/L2_task-sharedreward_model-1_type-REPLACEME_sm-5.gfeat/copeCOPENUM.feat/stats/cope1.nii.gz,1,27.131944444444443,0.1041666666666666,0.2222222222222222,7.506533512805312,0.0260292319695522,-0.3923611111111111,0.4097222222222222,-0.5449007892338151,-14.784217941225805
