sub,path,ones,age_demeaned,study_demeaned,flip_demeaned,tsnr_demeaned,fd_mean_demeaned,gender_M_demeaned,gender_F_demeaned,FSC_win_minus_FSC_loss_z_demeaned,age_x_FSC_win_minus_FSC_loss_z_demeaned,vmpfc,ofc,mpfc,var_vmpfc,var_recip_vmpfc
104,/gpfs/scratch/tug87422/smithlab-shared/sharedreward-aging/derivatives/fsl/sub-104/L2_task-sharedreward_model-1_type-REPLACEME_sm-5.gfeat/copeCOPENUM.feat/stats/cope1.nii.gz,1,-24.86805556,-0.895833333,-0.777777778,42.73415199,-0.101049902,0.607638889,-0.590277778,1.302903283,-32.40067123,3.509709053,-25.45586109,21.86,5487.272654,0.00018224
107,/gpfs/scratch/tug87422/smithlab-shared/sharedreward-aging/derivatives/fsl/sub-107/L2_task-sharedreward_model-1_type-REPLACEME_sm-5.gfeat/copeCOPENUM.feat/stats/cope1.nii.gz,1,-21.86805556,-0.895833333,-0.777777778,49.04111907,-0.09417266,0.607638889,-0.590277778,-0.072349281,1.582138106,-5.280264547,-0.395463659,-26.23,3655.19656,0.000273583
108,/gpfs/scratch/tug87422/smithlab-shared/sharedreward-aging/derivatives/fsl/sub-108/L2_task-sharedreward_model-1_type-REPLACEME_sm-5.gfeat/copeCOPENUM.feat/stats/cope1.nii.gz,1,-23.86805556,-0.895833333,-0.777777778,17.279939,-0.031102023,-0.392361111,0.409722222,0.542292963,-12.94347856,-3.835614909,-52.51156764,-12.85,3702.667414,0.000270076
111,/gpfs/scratch/tug87422/smithlab-shared/sharedreward-aging/derivatives/fsl/sub-111/L1_task-sharedreward_model-1_type-REPLACEME_run-02_sm-5.feat/stats/copeCOPENUM.nii.gz,1,35.13194444,-0.895833333,-0.777777778,2.066307542,0.173027983,0.607638889,-0.590277778,-1.854318154,-65.14580236,339.5604465,52.43613467,-69.63,28973.99564,3.45137E-05
112,/gpfs/scratch/tug87422/smithlab-shared/sharedreward-aging/derivatives/fsl/sub-112/L2_task-sharedreward_model-1_type-REPLACEME_sm-5.gfeat/copeCOPENUM.feat/stats/cope1.nii.gz,1,-21.86805556,-0.895833333,-0.777777778,42.58870848,-0.056051272,-0.392361111,0.409722222,1.448182244,-31.66892976,27.95558705,4.669682352,88.78,3128.407766,0.000319651
113,/gpfs/scratch/tug87422/smithlab-shared/sharedreward-aging/derivatives/fsl/sub-113/L2_task-sharedreward_model-1_type-REPLACEME_sm-5.gfeat/copeCOPENUM.feat/stats/cope1.nii.gz,1,-10.86805556,-0.895833333,-0.777777778,30.57778455,-0.033918959,-0.392361111,0.409722222,1.319522634,-14.3406453,2.223686584,-5.780150213,-41.52,4076.650044,0.000245299
115,/gpfs/scratch/tug87422/smithlab-shared/sharedreward-aging/derivatives/fsl/sub-115/L2_task-sharedreward_model-1_type-REPLACEME_sm-5.gfeat/copeCOPENUM.feat/stats/cope1.nii.gz,1,-23.86805556,-0.895833333,-0.777777778,50.4925899,-0.036621891,-0.392361111,0.409722222,1.040418355,-24.83276309,13.07122351,-35.20671358,-31.21,1183.165252,0.00084519
116,/gpfs/scratch/tug87422/smithlab-shared/sharedreward-aging/derivatives/fsl/sub-116/L2_task-sharedreward_model-1_type-REPLACEME_sm-5.gfeat/copeCOPENUM.feat/stats/cope1.nii.gz,1,-19.86805556,-0.895833333,-0.777777778,3.366876349,0.107977176,-0.392361111,0.409722222,-0.478711175,9.511060228,-77.72067513,-39.77188356,-19.04,20122.67,4.96952E-05
117,/gpfs/scratch/tug87422/smithlab-shared/sharedreward-aging/derivatives/fsl/sub-117/L2_task-sharedreward_model-1_type-REPLACEME_sm-5.gfeat/copeCOPENUM.feat/stats/cope1.nii.gz,1,-24.86805556,-0.895833333,-0.777777778,40.79426436,-0.040872005,-0.392361111,0.409722222,1.242429716,-30.89681121,3.393318404,-13.4503025,-46.04,1651.807939,0.000605397
121,/gpfs/scratch/tug87422/smithlab-shared/sharedreward-aging/derivatives/fsl/sub-121/L2_task-sharedreward_model-1_type-REPLACEME_sm-5.gfeat/copeCOPENUM.feat/stats/cope1.nii.gz,1,-24.86805556,-0.895833333,-0.777777778,55.60774692,-0.076421436,-0.392361111,0.409722222,0.889604476,-22.12273353,12.10150502,-16.31231139,20.17,3953.600864,0.000252934
122,/gpfs/scratch/tug87422/smithlab-shared/sharedreward-aging/derivatives/fsl/sub-122/L2_task-sharedreward_model-1_type-REPLACEME_sm-5.gfeat/copeCOPENUM.feat/stats/cope1.nii.gz,1,-24.86805556,-0.895833333,-0.777777778,59.29853252,-0.043630058,-0.392361111,0.409722222,0.503408576,-12.51879243,19.83558343,-29.96607732,-4.25,3818.246735,0.0002619
124,/gpfs/scratch/tug87422/smithlab-shared/sharedreward-aging/derivatives/fsl/sub-124/L2_task-sharedreward_model-1_type-REPLACEME_sm-5.gfeat/copeCOPENUM.feat/stats/cope1.nii.gz,1,-24.86805556,-0.895833333,-0.777777778,33.16490865,-0.011433464,0.607638889,-0.590277778,0.276077891,-6.865520327,-32.380723,-83.97467405,0.85,4281.223868,0.000233578
125,/gpfs/scratch/tug87422/smithlab-shared/sharedreward-aging/derivatives/fsl/sub-125/L2_task-sharedreward_model-1_type-REPLACEME_sm-5.gfeat/copeCOPENUM.feat/stats/cope1.nii.gz,1,-23.86805556,-0.895833333,-0.777777778,57.12379928,-0.076729431,-0.392361111,0.409722222,-1.118782433,26.70316126,-13.15060223,-6.706638515,34.06,3043.575482,0.000328561
128,/gpfs/scratch/tug87422/smithlab-shared/sharedreward-aging/derivatives/fsl/sub-128/L2_task-sharedreward_model-1_type-REPLACEME_sm-5.gfeat/copeCOPENUM.feat/stats/cope1.nii.gz,1,18.13194444,-0.895833333,-0.777777778,26.60003299,0.138238406,0.607638889,-0.590277778,-0.29495904,-5.348180918,8.904214647,-51.56994373,50.65,5586.388896,0.000179007
136,/gpfs/scratch/tug87422/smithlab-shared/sharedreward-aging/derivatives/fsl/sub-136/L2_task-sharedreward_model-1_type-REPLACEME_sm-5.gfeat/copeCOPENUM.feat/stats/cope1.nii.gz,1,20.13194444,-0.895833333,-0.777777778,31.40705871,-0.009792686,-0.392361111,0.409722222,1.308528496,26.34322298,-1.225656489,1.96637107,-54.36,7678.881847,0.000130227
137,/gpfs/scratch/tug87422/smithlab-shared/sharedreward-aging/derivatives/fsl/sub-137/L2_task-sharedreward_model-1_type-REPLACEME_sm-5.gfeat/copeCOPENUM.feat/stats/cope1.nii.gz,1,27.13194444,-0.895833333,-0.777777778,34.81616759,0.080194037,0.607638889,-0.590277778,0.550390097,14.93315355,32.52274812,-54.37185834,44.13,6628.504994,0.000150864
141,/gpfs/scratch/tug87422/smithlab-shared/sharedreward-aging/derivatives/fsl/sub-141/L2_task-sharedreward_model-1_type-REPLACEME_sm-5.gfeat/copeCOPENUM.feat/stats/cope1.nii.gz,1,31.13194444,-0.895833333,-0.777777778,45.39878642,-0.006129489,-0.392361111,0.409722222,1.462400273,45.52736407,84.43988569,8.445213636,-23.34,1667.141641,0.000599829
142,/gpfs/scratch/tug87422/smithlab-shared/sharedreward-aging/derivatives/fsl/sub-142/L2_task-sharedreward_model-1_type-REPLACEME_sm-5.gfeat/copeCOPENUM.feat/stats/cope1.nii.gz,1,25.13194444,-0.895833333,-0.777777778,26.2834635,0.092931016,-0.392361111,0.409722222,-0.085608631,-2.151511349,38.45979518,31.22149003,30.89,2243.946025,0.000445644
144,/gpfs/scratch/tug87422/smithlab-shared/sharedreward-aging/derivatives/fsl/sub-144/L2_task-sharedreward_model-1_type-REPLACEME_sm-5.gfeat/copeCOPENUM.feat/stats/cope1.nii.gz,1,27.13194444,-0.895833333,-0.777777778,0.919259449,0.19471639,0.607638889,-0.590277778,0.765701132,20.77496058,-25.30596084,-36.84993747,6.45,7515.988997,0.00013305
147,/gpfs/scratch/tug87422/smithlab-shared/sharedreward-aging/derivatives/fsl/sub-147/L2_task-sharedreward_model-1_type-REPLACEME_sm-5.gfeat/copeCOPENUM.feat/stats/cope1.nii.gz,1,20.13194444,-0.895833333,-0.777777778,23.26427529,0.038961561,-0.392361111,0.409722222,1.084655701,21.83622832,44.50972233,50.03784937,-21.54,5523.997073,0.000181028
149,/gpfs/scratch/tug87422/smithlab-shared/sharedreward-aging/derivatives/fsl/sub-149/L1_task-sharedreward_model-1_type-REPLACEME_run-02_sm-5.feat/stats/copeCOPENUM.nii.gz,1,21.13194444,-0.895833333,-0.777777778,10.88234752,0.127681893,0.607638889,-0.590277778,-1.854318154,-39.18534821,73.41997619,-53.03714433,-76.96,11889.5991,8.41071E-05
150,/gpfs/scratch/tug87422/smithlab-shared/sharedreward-aging/derivatives/fsl/sub-150/L2_task-sharedreward_model-1_type-REPLACEME_sm-5.gfeat/copeCOPENUM.feat/stats/cope1.nii.gz,1,-21.86805556,-0.895833333,-0.777777778,12.00417163,0.022916553,-0.392361111,0.409722222,-1.073498112,23.47531634,-84.90003477,4.844154428,-44.62,2598.145312,0.00038489
151,/gpfs/scratch/tug87422/smithlab-shared/sharedreward-aging/derivatives/fsl/sub-151/L2_task-sharedreward_model-1_type-REPLACEME_sm-5.gfeat/copeCOPENUM.feat/stats/cope1.nii.gz,1,20.13194444,-0.895833333,-0.777777778,21.44217748,0.163324942,-0.392361111,0.409722222,-0.609677702,-12.27399763,69.69123248,6.97228208,-21.73,5893.434954,0.00016968
153,/gpfs/scratch/tug87422/smithlab-shared/sharedreward-aging/derivatives/fsl/sub-153/L2_task-sharedreward_model-1_type-REPLACEME_sm-5.gfeat/copeCOPENUM.feat/stats/cope1.nii.gz,1,-15.86805556,-0.895833333,-0.777777778,13.03889957,0.095805721,0.607638889,-0.590277778,0.533325802,-8.462843451,-87.19201967,1.289563476,21.18,3291.379243,0.000303824
154,/gpfs/scratch/tug87422/smithlab-shared/sharedreward-aging/derivatives/fsl/sub-154/L2_task-sharedreward_model-1_type-REPLACEME_sm-5.gfeat/copeCOPENUM.feat/stats/cope1.nii.gz,1,22.13194444,-0.895833333,-0.777777778,18.53988633,0.066577473,-0.392361111,0.409722222,-0.333705428,-7.385549997,58.35323346,-5.358659943,4,1409.247793,0.000709598
155,/gpfs/scratch/tug87422/smithlab-shared/sharedreward-aging/derivatives/fsl/sub-155/L2_task-sharedreward_model-1_type-REPLACEME_sm-5.gfeat/copeCOPENUM.feat/stats/cope1.nii.gz,1,-14.86805556,-0.895833333,-0.777777778,34.7590335,-0.078960683,0.607638889,-0.590277778,-1.854318154,27.57010533,67.20771629,-46.28722483,-21.01,3271.146804,0.000305703
156,/gpfs/scratch/tug87422/smithlab-shared/sharedreward-aging/derivatives/fsl/sub-156/L2_task-sharedreward_model-1_type-REPLACEME_sm-5.gfeat/copeCOPENUM.feat/stats/cope1.nii.gz,1,-14.86805556,-0.895833333,-0.777777778,2.828286618,0.051667029,-0.392361111,0.409722222,1.462400273,-21.74304851,17.84784514,20.50796248,-10.57,7959.373776,0.000125638
157,/gpfs/scratch/tug87422/smithlab-shared/sharedreward-aging/derivatives/fsl/sub-157/L2_task-sharedreward_model-1_type-REPLACEME_sm-5.gfeat/copeCOPENUM.feat/stats/cope1.nii.gz,1,-19.86805556,-0.895833333,-0.777777778,8.884555718,-0.020257896,0.607638889,-0.590277778,1.333698983,-26.49800549,-53.39778967,4.74707347,5.33,2368.967484,0.000422125
158,/gpfs/scratch/tug87422/smithlab-shared/sharedreward-aging/derivatives/fsl/sub-158/L2_task-sharedreward_model-1_type-REPLACEME_sm-5.gfeat/copeCOPENUM.feat/stats/cope1.nii.gz,1,-18.86805556,-0.895833333,-0.777777778,15.98044639,-0.011626669,0.607638889,-0.590277778,0.14761313,-2.785172738,-42.89122263,47.42583472,-30.82,2863.517805,0.000349221
159,/gpfs/scratch/tug87422/smithlab-shared/sharedreward-aging/derivatives/fsl/sub-159/L2_task-sharedreward_model-1_type-REPLACEME_sm-5.gfeat/copeCOPENUM.feat/stats/cope1.nii.gz,1,-20.86805556,-0.895833333,-0.777777778,44.61363333,-0.081358623,-0.392361111,0.409722222,1.330805327,-27.7713195,50.31382091,-14.06299696,24.58,2295.921313,0.000435555
10317,/gpfs/scratch/tug87422/smithlab-shared/sharedreward-aging/derivatives/fsl/sub-10317/L2_task-sharedreward_model-1_type-REPLACEME_sm-5.gfeat/copeCOPENUM.feat/stats/cope1.nii.gz,1,18.13194444,0.104166667,-0.777777778,-16.89813889,0.008964801,-0.392361111,0.409722222,0.109980289,1.994156487,-20.41208652,31.27852942,144.65,243778.6185,4.10208E-06
10369,/gpfs/scratch/tug87422/smithlab-shared/sharedreward-aging/derivatives/fsl/sub-10369/L2_task-sharedreward_model-1_type-REPLACEME_sm-5.gfeat/copeCOPENUM.feat/stats/cope1.nii.gz,1,-12.86805556,0.104166667,-0.777777778,-15.92249806,-0.058188211,0.607638889,-0.590277778,1.228847047,-15.81287207,-201.5168122,-460.2409521,-323.2,318305.4702,3.14164E-06
10402,/gpfs/scratch/tug87422/smithlab-shared/sharedreward-aging/derivatives/fsl/sub-10402/L2_task-sharedreward_model-1_type-REPLACEME_sm-5.gfeat/copeCOPENUM.feat/stats/cope1.nii.gz,1,-8.868055556,0.104166667,-0.777777778,-15.5367465,0.007955688,0.607638889,-0.590277778,1.402097235,-12.43387618,-116.5807222,58.94326898,313.64,299567.7173,3.33814E-06
10462,/gpfs/scratch/tug87422/smithlab-shared/sharedreward-aging/derivatives/fsl/sub-10462/L1_task-sharedreward_model-1_type-REPLACEME_run-1_sm-5.feat/stats/copeCOPENUM.nii.gz,1,17.13194444,0.104166667,-0.777777778,-16.05914234,-0.036672176,0.607638889,-0.590277778,-0.171958476,-2.945983057,-381.3975357,50.09584219,34.41,1127466.972,8.86944E-07
10486,/gpfs/scratch/tug87422/smithlab-shared/sharedreward-aging/derivatives/fsl/sub-10486/L2_task-sharedreward_model-1_type-REPLACEME_sm-5.gfeat/copeCOPENUM.feat/stats/cope1.nii.gz,1,-2.868055556,0.104166667,-0.777777778,-15.38186503,-0.025423595,-0.392361111,0.409722222,1.247661226,-3.57836171,167.8370929,252.163691,-181.96,403880.6999,2.47598E-06
10529,/gpfs/scratch/tug87422/smithlab-shared/sharedreward-aging/derivatives/fsl/sub-10529/L2_task-sharedreward_model-1_type-REPLACEME_sm-5.gfeat/copeCOPENUM.feat/stats/cope1.nii.gz,1,22.13194444,0.104166667,-0.777777778,-14.88840783,0.015844131,0.607638889,-0.590277778,1.413618976,31.28613665,-173.7539803,-100.8147133,-505.5,298096.8957,3.35461E-06
10541,/gpfs/scratch/tug87422/smithlab-shared/sharedreward-aging/derivatives/fsl/sub-10541/L2_task-sharedreward_model-1_type-REPLACEME_sm-5.gfeat/copeCOPENUM.feat/stats/cope1.nii.gz,1,24.13194444,0.104166667,-0.777777778,-19.82310437,0.156619593,0.607638889,-0.590277778,1.240921221,29.94584198,-29.40942416,175.144263,373.99,288123.6799,3.47073E-06
10559,/gpfs/scratch/tug87422/smithlab-shared/sharedreward-aging/derivatives/fsl/sub-10559/L2_task-sharedreward_model-1_type-REPLACEME_sm-5.gfeat/copeCOPENUM.feat/stats/cope1.nii.gz,1,-16.86805556,0.104166667,-0.777777778,-19.22302684,0.058309964,0.607638889,-0.590277778,-0.29495904,4.975385465,656.1335451,190.5698653,-498.93,765145.5145,1.30694E-06
10572,/gpfs/scratch/tug87422/smithlab-shared/sharedreward-aging/derivatives/fsl/sub-10572/L2_task-sharedreward_model-1_type-REPLACEME_sm-5.gfeat/copeCOPENUM.feat/stats/cope1.nii.gz,1,25.13194444,0.104166667,-0.777777778,-20.12642739,0.124433554,-0.392361111,0.409722222,1.15548511,29.03958758,-159.5865624,-309.1738272,-358.99,377593.6334,2.64835E-06
10584,/gpfs/scratch/tug87422/smithlab-shared/sharedreward-aging/derivatives/fsl/sub-10584/L1_task-sharedreward_model-1_type-REPLACEME_run-1_sm-5.feat/stats/copeCOPENUM.nii.gz,1,4.131944444,0.104166667,-0.777777778,-16.06669082,-0.061645705,-0.392361111,0.409722222,1.462400273,6.042556685,-105.2551982,29.31747364,196.42,396282.6733,2.52345E-06
10585,/gpfs/scratch/tug87422/smithlab-shared/sharedreward-aging/derivatives/fsl/sub-10585/L2_task-sharedreward_model-1_type-REPLACEME_sm-5.gfeat/copeCOPENUM.feat/stats/cope1.nii.gz,1,18.13194444,0.104166667,-0.777777778,-18.4496682,0.068224176,-0.392361111,0.409722222,1.330805327,24.13008826,-569.8244656,102.6203735,-75.77,402161.3343,2.48656E-06
10589,/gpfs/scratch/tug87422/smithlab-shared/sharedreward-aging/derivatives/fsl/sub-10589/L2_task-sharedreward_model-1_type-REPLACEME_sm-5.gfeat/copeCOPENUM.feat/stats/cope1.nii.gz,1,-10.86805556,0.104166667,-0.777777778,-16.38697366,-0.062538627,0.607638889,-0.590277778,1.042286933,-11.32763229,80.41209774,-156.0442699,160.71,246373.016,4.05889E-06
10590,/gpfs/scratch/tug87422/smithlab-shared/sharedreward-aging/derivatives/fsl/sub-10590/L2_task-sharedreward_model-1_type-REPLACEME_sm-5.gfeat/copeCOPENUM.feat/stats/cope1.nii.gz,1,11.13194444,0.104166667,-0.777777778,-13.28595028,-0.038536873,-0.392361111,0.409722222,-1.138426789,-12.67290377,292.1621998,123.0223034,24.73,537217.6875,1.86144E-06
10596,/gpfs/scratch/tug87422/smithlab-shared/sharedreward-aging/derivatives/fsl/sub-10596/L2_task-sharedreward_model-1_type-REPLACEME_sm-5.gfeat/copeCOPENUM.feat/stats/cope1.nii.gz,1,-17.86805556,0.104166667,-0.777777778,-14.93474613,0.073588837,-0.392361111,0.409722222,0.019208928,-0.343226201,-276.3201995,358.5840189,-257,404205.8503,2.47399E-06
10603,/gpfs/scratch/tug87422/smithlab-shared/sharedreward-aging/derivatives/fsl/sub-10603/L1_task-sharedreward_model-1_type-REPLACEME_run-1_sm-5.feat/stats/copeCOPENUM.nii.gz,1,24.13194444,0.104166667,-0.777777778,-15.68079932,0.029640649,-0.392361111,0.409722222,0.311132487,7.508231896,-1078.006755,-338.9495567,104.18,805994.4985,1.2407E-06
10608,/gpfs/scratch/tug87422/smithlab-shared/sharedreward-aging/derivatives/fsl/sub-10608/L1_task-sharedreward_model-1_type-REPLACEME_run-1_sm-5.feat/stats/copeCOPENUM.nii.gz,1,-15.86805556,0.104166667,-0.777777778,-11.69830899,-0.044574996,-0.392361111,0.409722222,0.361379759,-5.734394091,-368.8952245,582.0404352,-535.82,834815.4782,1.19787E-06
10617,/gpfs/scratch/tug87422/smithlab-shared/sharedreward-aging/derivatives/fsl/sub-10617/L1_task-sharedreward_model-1_type-REPLACEME_run-1_sm-5.feat/stats/copeCOPENUM.nii.gz,1,28.13194444,0.104166667,-0.777777778,-16.68207364,0.042366922,-0.392361111,0.409722222,0.361379759,10.1663153,211.6869799,85.01341412,-23.04,64399.89067,1.5528E-05
10636,/gpfs/scratch/tug87422/smithlab-shared/sharedreward-aging/derivatives/fsl/sub-10636/L2_task-sharedreward_model-1_type-REPLACEME_sm-5.gfeat/copeCOPENUM.feat/stats/cope1.nii.gz,1,-17.86805556,0.104166667,-0.777777778,-16.23648824,-0.030828177,-0.392361111,0.409722222,-0.085608631,1.529659768,52.03091486,-84.85458612,-120.59,363595.5087,2.75031E-06
10638,/gpfs/scratch/tug87422/smithlab-shared/sharedreward-aging/derivatives/fsl/sub-10638/L2_task-sharedreward_model-1_type-REPLACEME_sm-5.gfeat/copeCOPENUM.feat/stats/cope1.nii.gz,1,27.13194444,0.104166667,-0.777777778,-13.98143193,0.00102864,-0.392361111,0.409722222,1.302371434,35.3358694,-371.0376979,-31.4031501,36.37,308807.4945,3.23826E-06
10640,/gpfs/scratch/tug87422/smithlab-shared/sharedreward-aging/derivatives/fsl/sub-10640/L2_task-sharedreward_model-1_type-REPLACEME_sm-5.gfeat/copeCOPENUM.feat/stats/cope1.nii.gz,1,-13.86805556,0.104166667,0.222222222,-2.582780754,-0.088288904,-0.392361111,0.409722222,0.828963419,-11.49611075,523.2322878,139.3299663,6.12,127270.5883,7.85727E-06
10641,/gpfs/scratch/tug87422/smithlab-shared/sharedreward-aging/derivatives/fsl/sub-10641/L1_task-sharedreward_model-1_type-REPLACEME_run-1_sm-5.feat/stats/copeCOPENUM.nii.gz,1,-0.868055556,0.104166667,-0.777777778,-15.98253318,0.038120837,-0.392361111,0.409722222,0.939625848,-0.815647438,-719.7647377,302.1005402,26.83,637449.2776,1.56875E-06
10642,/gpfs/scratch/tug87422/smithlab-shared/sharedreward-aging/derivatives/fsl/sub-10642/L2_task-sharedreward_model-1_type-REPLACEME_sm-5.gfeat/copeCOPENUM.feat/stats/cope1.nii.gz,1,-12.86805556,0.104166667,0.222222222,-0.339579112,0.068946886,-0.392361111,0.409722222,-0.89890194,11.56712011,-312.2258541,-199.5775634,-178.26,160283.1137,6.23896E-06
10644,/gpfs/scratch/tug87422/smithlab-shared/sharedreward-aging/derivatives/fsl/sub-10644/L2_task-sharedreward_model-1_type-REPLACEME_sm-5.gfeat/copeCOPENUM.feat/stats/cope1.nii.gz,1,24.13194444,0.104166667,-0.777777778,-20.02474573,0.007666802,-0.392361111,0.409722222,-1.073498112,-25.90559679,-323.8461867,-654.7961421,-122.35,317625.3387,3.14836E-06
10647,/gpfs/scratch/tug87422/smithlab-shared/sharedreward-aging/derivatives/fsl/sub-10647/L2_task-sharedreward_model-1_type-REPLACEME_sm-5.gfeat/copeCOPENUM.feat/stats/cope1.nii.gz,1,-20.86805556,0.104166667,0.222222222,2.467280087,-0.076099093,-0.392361111,0.409722222,-3.815284608,79.61757116,-61.99870986,-195.0783847,63.16,135776.0755,7.36507E-06
10649,/gpfs/scratch/tug87422/smithlab-shared/sharedreward-aging/derivatives/fsl/sub-10649/L2_task-sharedreward_model-1_type-REPLACEME_sm-5.gfeat/copeCOPENUM.feat/stats/cope1.nii.gz,1,18.13194444,0.104166667,-0.777777778,-18.74854734,0.05568577,-0.392361111,0.409722222,1.462400273,26.51616051,15.19519287,-71.51690501,512.95,373362.7627,2.67836E-06
10652,/gpfs/scratch/tug87422/smithlab-shared/sharedreward-aging/derivatives/fsl/sub-10652/L2_task-sharedreward_model-1_type-REPLACEME_sm-5.gfeat/copeCOPENUM.feat/stats/cope1.nii.gz,1,25.13194444,0.104166667,-0.777777778,-13.55699517,-0.005263368,-0.392361111,0.409722222,-1.267904161,-31.86489694,70.05450946,286.5828993,140.13,482321.0371,2.07331E-06
10656,/gpfs/scratch/tug87422/smithlab-shared/sharedreward-aging/derivatives/fsl/sub-10656/L2_task-sharedreward_model-1_type-REPLACEME_sm-5.gfeat/copeCOPENUM.feat/stats/cope1.nii.gz,1,-23.86805556,0.104166667,-0.777777778,-16.59397673,-0.05981944,0.607638889,-0.590277778,0.361379759,-8.625432163,114.9880936,-289.8459186,99.43,395199.2718,2.53037E-06
10657,/gpfs/scratch/tug87422/smithlab-shared/sharedreward-aging/derivatives/fsl/sub-10657/L2_task-sharedreward_model-1_type-REPLACEME_sm-5.gfeat/copeCOPENUM.feat/stats/cope1.nii.gz,1,14.13194444,0.104166667,-0.777777778,-18.4770238,0.108608239,0.607638889,-0.590277778,0.292307105,4.130867765,163.3482259,-4.643025694,139.6,474618.6701,2.10695E-06
10661,/gpfs/scratch/tug87422/smithlab-shared/sharedreward-aging/derivatives/fsl/sub-10661/L2_task-sharedreward_model-1_type-REPLACEME_sm-5.gfeat/copeCOPENUM.feat/stats/cope1.nii.gz,1,5.131944444,0.104166667,-0.777777778,-14.59745969,-0.085695999,0.607638889,-0.590277778,1.462400273,7.504956958,166.4037767,-101.7843021,129.18,339979.4477,2.94135E-06
10663,/gpfs/scratch/tug87422/smithlab-shared/sharedreward-aging/derivatives/fsl/sub-10663/L2_task-sharedreward_model-1_type-REPLACEME_sm-5.gfeat/copeCOPENUM.feat/stats/cope1.nii.gz,1,-22.86805556,0.104166667,-0.777777778,-13.74275765,-0.006631307,-0.392361111,0.409722222,1.262819208,-28.8782198,-289.3871753,-261.4341273,-283.34,366166.7416,2.731E-06
10668,/gpfs/scratch/tug87422/smithlab-shared/sharedreward-aging/derivatives/fsl/sub-10668/L1_task-sharedreward_model-1_type-REPLACEME_run-1_sm-5.feat/stats/copeCOPENUM.nii.gz,1,-7.868055556,0.104166667,0.222222222,-4.332377999,-0.100412175,-0.392361111,0.409722222,1.462400273,-11.5062466,278.0522095,-417.0865862,-32.72,308804.8597,3.23829E-06
10673,/gpfs/scratch/tug87422/smithlab-shared/sharedreward-aging/derivatives/fsl/sub-10673/L2_task-sharedreward_model-1_type-REPLACEME_sm-5.gfeat/copeCOPENUM.feat/stats/cope1.nii.gz,1,3.131944444,0.104166667,-0.777777778,-15.27666339,0.134705421,-0.392361111,0.409722222,-0.416782808,-1.305340601,6.132892897,-25.98613311,137.17,340317.1864,2.93844E-06
10674,/gpfs/scratch/tug87422/smithlab-shared/sharedreward-aging/derivatives/fsl/sub-10674/L2_task-sharedreward_model-1_type-REPLACEME_sm-5.gfeat/copeCOPENUM.feat/stats/cope1.nii.gz,1,-11.86805556,0.104166667,-0.777777778,-15.10397195,-0.061660136,0.607638889,-0.590277778,1.416067534,-16.80596816,434.0589072,81.06623655,45.92,186168.3356,5.37148E-06
10677,/gpfs/scratch/tug87422/smithlab-shared/sharedreward-aging/derivatives/fsl/sub-10677/L2_task-sharedreward_model-1_type-REPLACEME_sm-5.gfeat/copeCOPENUM.feat/stats/cope1.nii.gz,1,-11.86805556,0.104166667,-0.777777778,-19.71859218,0.030105626,-0.392361111,0.409722222,-1.073498112,12.74033523,-335.9116305,-129.1639826,170.8,310459.3979,3.22103E-06
10685,/gpfs/scratch/tug87422/smithlab-shared/sharedreward-aging/derivatives/fsl/sub-10685/L2_task-sharedreward_model-1_type-REPLACEME_sm-5.gfeat/copeCOPENUM.feat/stats/cope1.nii.gz,1,-10.86805556,0.104166667,0.222222222,-9.498301121,-0.054648117,0.607638889,-0.590277778,-1.854318154,20.15283271,330.0209905,-247.4412671,-140.64,143821.5638,6.95306E-06
10690,/gpfs/scratch/tug87422/smithlab-shared/sharedreward-aging/derivatives/fsl/sub-10690/L2_task-sharedreward_model-1_type-REPLACEME_sm-5.gfeat/copeCOPENUM.feat/stats/cope1.nii.gz,1,11.13194444,0.104166667,0.222222222,-5.033241335,0.060075413,-0.392361111,0.409722222,1.462400273,16.2793586,-104.230963,-238.0120553,63.28,135288.4059,7.39162E-06
10691,/gpfs/scratch/tug87422/smithlab-shared/sharedreward-aging/derivatives/fsl/sub-10691/L2_task-sharedreward_model-1_type-REPLACEME_sm-5.gfeat/copeCOPENUM.feat/stats/cope1.nii.gz,1,13.13194444,0.104166667,-0.777777778,-14.14522017,-0.030807425,-0.392361111,0.409722222,1.262819208,16.58327168,502.7949293,-334.9765336,-72.05,269105.5124,3.71601E-06
10701,/gpfs/scratch/tug87422/smithlab-shared/sharedreward-aging/derivatives/fsl/sub-10701/L2_task-sharedreward_model-1_type-REPLACEME_sm-5.gfeat/copeCOPENUM.feat/stats/cope1.nii.gz,1,-17.86805556,0.104166667,-0.777777778,-15.11909729,-0.106627426,0.607638889,-0.590277778,1.101160814,-19.67560261,-541.1278687,13.25197441,556.19,287581.1083,3.47728E-06
10713,/gpfs/scratch/tug87422/smithlab-shared/sharedreward-aging/derivatives/fsl/sub-10713/L2_task-sharedreward_model-1_type-REPLACEME_sm-5.gfeat/copeCOPENUM.feat/stats/cope1.nii.gz,1,26.13194444,0.104166667,0.222222222,-10.00982003,0.170421448,-0.392361111,0.409722222,-0.171958476,-4.493609341,-126.0685461,-158.1940503,60.98,148615.1199,6.72879E-06
10716,/gpfs/scratch/tug87422/smithlab-shared/sharedreward-aging/derivatives/fsl/sub-10716/L2_task-sharedreward_model-1_type-REPLACEME_sm-5.gfeat/copeCOPENUM.feat/stats/cope1.nii.gz,1,24.13194444,0.104166667,0.222222222,-1.086231503,-0.010411579,0.607638889,-0.590277778,-1.073498112,-25.90559679,348.0084313,189.6467259,6.75,142760.0309,7.00476E-06
10718,/gpfs/scratch/tug87422/smithlab-shared/sharedreward-aging/derivatives/fsl/sub-10718/L2_task-sharedreward_model-1_type-REPLACEME_sm-5.gfeat/copeCOPENUM.feat/stats/cope1.nii.gz,1,-16.86805556,0.104166667,0.222222222,-9.176034917,0.074418502,-0.392361111,-0.590277778,-3.901600999,65.8124224,-295.8889118,-56.32454135,-258.6,188199.5645,5.31351E-06
10720,/gpfs/scratch/tug87422/smithlab-shared/sharedreward-aging/derivatives/fsl/sub-10720/L2_task-sharedreward_model-1_type-REPLACEME_sm-5.gfeat/copeCOPENUM.feat/stats/cope1.nii.gz,1,-11.86805556,0.104166667,0.222222222,6.066932517,-0.074964861,-0.392361111,0.409722222,-0.727595917,8.635148761,164.9504943,118.963751,-430.97,126259.8292,7.92018E-06
10723,/gpfs/scratch/tug87422/smithlab-shared/sharedreward-aging/derivatives/fsl/sub-10723/L2_task-sharedreward_model-1_type-REPLACEME_sm-5.gfeat/copeCOPENUM.feat/stats/cope1.nii.gz,1,-23.86805556,0.104166667,-0.777777778,-17.96252953,-0.053960405,0.607638889,-0.590277778,1.37079184,-32.7181358,-627.8715911,-351.8656219,-123.26,303714.0338,3.29257E-06
10741,/gpfs/scratch/tug87422/smithlab-shared/sharedreward-aging/derivatives/fsl/sub-10741/L2_task-sharedreward_model-1_type-REPLACEME_sm-5.gfeat/copeCOPENUM.feat/stats/cope1.nii.gz,1,-8.868055556,0.104166667,-0.777777778,-17.7732933,0.024230981,-0.392361111,0.409722222,1.231543959,-10.92140025,-339.5716044,4.802850579,-170.97,502265.9818,1.99098E-06
10748,/gpfs/scratch/tug87422/smithlab-shared/sharedreward-aging/derivatives/fsl/sub-10748/L2_task-sharedreward_model-1_type-REPLACEME_sm-5.gfeat/copeCOPENUM.feat/stats/cope1.nii.gz,1,-11.86805556,0.104166667,0.222222222,0.941298224,-0.081729555,-0.392361111,0.409722222,1.462400273,-17.35584769,-378.475005,-241.5802852,79.84,113031.8263,8.84707E-06
10767,/gpfs/scratch/tug87422/smithlab-shared/sharedreward-aging/derivatives/fsl/sub-10767/L2_task-sharedreward_model-1_type-REPLACEME_sm-5.gfeat/copeCOPENUM.feat/stats/cope1.nii.gz,1,-19.86805556,0.104166667,0.222222222,-0.812825917,-0.085094567,-0.392361111,0.409722222,-0.333705428,6.630077986,-51.16129041,-94.98689059,19.74,89870.67369,1.11271E-05
10770,/gpfs/scratch/tug87422/smithlab-shared/sharedreward-aging/derivatives/fsl/sub-10770/L2_task-sharedreward_model-1_type-REPLACEME_sm-5.gfeat/copeCOPENUM.feat/stats/cope1.nii.gz,1,19.13194444,0.104166667,0.222222222,-11.19081117,0.054327768,0.607638889,-0.590277778,-1.073498112,-20.53810623,-518.3615714,277.2407808,-67.45,97621.5268,1.02436E-05
10777,/gpfs/scratch/tug87422/smithlab-shared/sharedreward-aging/derivatives/fsl/sub-10777/L2_task-sharedreward_model-1_type-REPLACEME_sm-5.gfeat/copeCOPENUM.feat/stats/cope1.nii.gz,1,-6.868055556,0.104166667,0.222222222,-2.605168536,-0.042075043,0.607638889,-0.590277778,1.191291028,-8.181852961,480.9912957,325.7108256,304.81,422340.3114,2.36776E-06
10781,/gpfs/scratch/tug87422/smithlab-shared/sharedreward-aging/derivatives/fsl/sub-10781/L2_task-sharedreward_model-1_type-REPLACEME_sm-5.gfeat/copeCOPENUM.feat/stats/cope1.nii.gz,1,-7.868055556,0.104166667,0.222222222,-4.365239008,-0.085509357,0.607638889,-0.590277778,-0.480859304,3.783427718,236.7839963,188.9460117,-262.94,238562.7645,4.19177E-06
10783,/gpfs/scratch/tug87422/smithlab-shared/sharedreward-aging/derivatives/fsl/sub-10783/L2_task-sharedreward_model-1_type-REPLACEME_sm-5.gfeat/copeCOPENUM.feat/stats/cope1.nii.gz,1,6.131944444,0.104166667,0.222222222,-3.729641118,0.136626195,-0.392361111,0.409722222,1.382396694,8.476779725,171.2991006,-213.6513548,460.91,217557.6424,4.59648E-06
10785,/gpfs/scratch/tug87422/smithlab-shared/sharedreward-aging/derivatives/fsl/sub-10785/L2_task-sharedreward_model-1_type-REPLACEME_sm-5.gfeat/copeCOPENUM.feat/stats/cope1.nii.gz,1,16.13194444,0.104166667,0.222222222,-3.717011082,0.020017629,-0.392361111,0.409722222,1.285370026,20.73551786,439.2121663,184.7642685,-195.39,238464.8307,4.19349E-06
10794,/gpfs/scratch/tug87422/smithlab-shared/sharedreward-aging/derivatives/fsl/sub-10794/L2_task-sharedreward_model-1_type-REPLACEME_sm-5.gfeat/copeCOPENUM.feat/stats/cope1.nii.gz,1,-5.868055556,0.104166667,0.222222222,-3.27356582,-0.120280971,0.607638889,-0.590277778,-1.118782433,6.565077471,-227.7707976,-128.0934889,-268.94,100606.3221,9.93973E-06
10800,/gpfs/scratch/tug87422/smithlab-shared/sharedreward-aging/derivatives/fsl/sub-10800/L2_task-sharedreward_model-1_type-REPLACEME_sm-5.gfeat/copeCOPENUM.feat/stats/cope1.nii.gz,1,-18.86805556,0.104166667,0.222222222,-11.78559272,-0.002498777,-0.392361111,0.409722222,1.155288605,-21.79804958,162.3115514,-303.9633109,267.38,292481.786,3.41902E-06
10801,/gpfs/scratch/tug87422/smithlab-shared/sharedreward-aging/derivatives/fsl/sub-10801/L2_task-sharedreward_model-1_type-REPLACEME_sm-5.gfeat/copeCOPENUM.feat/stats/cope1.nii.gz,1,-10.86805556,0.104166667,0.222222222,-4.479213696,-0.00116322,-0.392361111,0.409722222,1.160317232,-12.61039214,555.7459738,-150.3340783,448.07,159872.6079,6.25498E-06
10802,/gpfs/scratch/tug87422/smithlab-shared/sharedreward-aging/derivatives/fsl/sub-10802/L2_task-sharedreward_model-1_type-REPLACEME_sm-5.gfeat/copeCOPENUM.feat/stats/cope1.nii.gz,1,-2.868055556,0.104166667,0.222222222,-7.568427147,-0.042321859,-0.392361111,0.409722222,1.163931882,-3.338221301,-54.9189622,-169.1274307,-116.03,172698.4876,5.79044E-06
10804,/gpfs/scratch/tug87422/smithlab-shared/sharedreward-aging/derivatives/fsl/sub-10804/L2_task-sharedreward_model-1_type-REPLACEME_sm-5.gfeat/copeCOPENUM.feat/stats/cope1.nii.gz,1,-19.86805556,0.104166667,0.222222222,2.864879092,-0.051107534,-0.392361111,0.409722222,-0.586572079,11.65404666,331.1661832,486.3206679,-83.11,208833.103,4.78851E-06
10806,/gpfs/scratch/tug87422/smithlab-shared/sharedreward-aging/derivatives/fsl/sub-10806/L2_task-sharedreward_model-1_type-REPLACEME_sm-5.gfeat/copeCOPENUM.feat/stats/cope1.nii.gz,1,-17.86805556,0.104166667,0.222222222,-17.8532342,0.142769697,0.607638889,-0.590277778,-4.024985132,71.91865795,-813.3830437,-283.9095432,-58.78,248541.4277,4.02347E-06
10809,/gpfs/scratch/tug87422/smithlab-shared/sharedreward-aging/derivatives/fsl/sub-10809/L1_task-sharedreward_model-1_type-REPLACEME_run-2_sm-5.feat/stats/copeCOPENUM.nii.gz,1,23.13194444,0.104166667,0.222222222,2.677028078,-0.096236309,0.607638889,-0.590277778,0.889604476,20.57828131,362.4237272,612.3226275,85.32,282509.04,3.53971E-06
10812,/gpfs/scratch/tug87422/smithlab-shared/sharedreward-aging/derivatives/fsl/sub-10812/L2_task-sharedreward_model-1_type-REPLACEME_sm-5.gfeat/copeCOPENUM.feat/stats/cope1.nii.gz,1,17.13194444,0.104166667,0.222222222,-7.929929898,-0.017675537,0.607638889,-0.590277778,1.462400273,25.05376024,98.79370609,39.99529295,140.28,105963.534,9.43721E-06
10831,/gpfs/scratch/tug87422/smithlab-shared/sharedreward-aging/derivatives/fsl/sub-10831/L2_task-sharedreward_model-1_type-REPLACEME_sm-5.gfeat/copeCOPENUM.feat/stats/cope1.nii.gz,1,-19.86805556,0.104166667,0.222222222,-9.638902867,0.12880152,-0.392361111,0.409722222,-0.512677367,10.18590241,11.60547937,-187.363622,-38.91,169893.1535,5.88605E-06
10843,/gpfs/scratch/tug87422/smithlab-shared/sharedreward-aging/derivatives/fsl/sub-10843/L2_task-sharedreward_model-1_type-REPLACEME_sm-5.gfeat/copeCOPENUM.feat/stats/cope1.nii.gz,1,-17.86805556,0.104166667,0.222222222,5.310079352,-0.060080632,0.607638889,-0.590277778,0.8356011,-14.93056689,-397.5064043,-298.0007896,140.4,135407.0607,7.38514E-06
10850,/gpfs/scratch/tug87422/smithlab-shared/sharedreward-aging/derivatives/fsl/sub-10850/L2_task-sharedreward_model-1_type-REPLACEME_sm-5.gfeat/copeCOPENUM.feat/stats/cope1.nii.gz,1,-12.86805556,0.104166667,0.222222222,2.592607275,-0.095551404,-0.392361111,-0.590277778,0.682777314,-8.786016411,32.90143706,213.3684948,-34.35,185447.3719,5.39237E-06
10854,/gpfs/scratch/tug87422/smithlab-shared/sharedreward-aging/derivatives/fsl/sub-10854/L2_task-sharedreward_model-1_type-REPLACEME_sm-5.gfeat/copeCOPENUM.feat/stats/cope1.nii.gz,1,1.131944444,0.104166667,0.222222222,-4.108278844,-0.04394002,-0.392361111,0.409722222,1.462400273,1.655355865,566.7567176,44.13455973,173.99,220306.7075,4.53913E-06
10857,/gpfs/scratch/tug87422/smithlab-shared/sharedreward-aging/derivatives/fsl/sub-10857/L2_task-sharedreward_model-1_type-REPLACEME_sm-5.gfeat/copeCOPENUM.feat/stats/cope1.nii.gz,1,-22.86805556,0.104166667,0.222222222,-7.108387201,0.009134762,0.607638889,-0.590277778,0.992212524,-22.68997113,-91.98576111,-186.4790719,-206.57,77262.3919,1.29429E-05
10858,/gpfs/scratch/tug87422/smithlab-shared/sharedreward-aging/derivatives/fsl/sub-10858/L2_task-sharedreward_model-1_type-REPLACEME_sm-5.gfeat/copeCOPENUM.feat/stats/cope1.nii.gz,1,35.13194444,0.104166667,0.222222222,-14.74393652,0.061411787,0.607638889,-0.590277778,-0.802341622,-28.18782128,-184.8010737,-20.0112762,3.17,140126.6648,7.1364E-06
10862,/gpfs/scratch/tug87422/smithlab-shared/sharedreward-aging/derivatives/fsl/sub-10862/L2_task-sharedreward_model-1_type-REPLACEME_sm-5.gfeat/copeCOPENUM.feat/stats/cope1.nii.gz,1,15.13194444,0.104166667,0.222222222,-8.480901345,-0.009699545,0.607638889,-0.590277778,1.227432979,18.57344764,87.08460475,82.81171325,130.14,118350.9731,8.44944E-06
10863,/gpfs/scratch/tug87422/smithlab-shared/sharedreward-aging/derivatives/fsl/sub-10863/L2_task-sharedreward_model-1_type-REPLACEME_sm-5.gfeat/copeCOPENUM.feat/stats/cope1.nii.gz,1,-2.868055556,0.104166667,0.222222222,-5.297922915,-0.039493641,0.607638889,-0.590277778,1.462400273,-4.194245228,-64.45103133,262.4326523,218.48,113080.1543,8.84328E-06
10875,/gpfs/scratch/tug87422/smithlab-shared/sharedreward-aging/derivatives/fsl/sub-10875/L2_task-sharedreward_model-1_type-REPLACEME_sm-5.gfeat/copeCOPENUM.feat/stats/cope1.nii.gz,1,-12.86805556,0.104166667,0.222222222,-9.594554049,-0.027805123,0.607638889,-0.590277778,-1.267904161,16.31546118,70.08510827,122.8468945,488.63,131208.1092,7.62148E-06
10887,/gpfs/scratch/tug87422/smithlab-shared/sharedreward-aging/derivatives/fsl/sub-10887/L2_task-sharedreward_model-1_type-REPLACEME_sm-5.gfeat/copeCOPENUM.feat/stats/cope1.nii.gz,1,-9.868055556,0.104166667,0.222222222,-19.33230909,0.116746187,-0.392361111,0.409722222,1.462400273,-14.43104714,292.4057675,-14.91726093,-212.63,206607.988,4.84008E-06
10896,/gpfs/scratch/tug87422/smithlab-shared/sharedreward-aging/derivatives/fsl/sub-10896/L2_task-sharedreward_model-1_type-REPLACEME_sm-5.gfeat/copeCOPENUM.feat/stats/cope1.nii.gz,1,-16.86805556,0.104166667,0.222222222,-3.530368021,0.006242934,-0.392361111,0.409722222,1.392630459,-23.49096796,-70.50914225,18.16587596,-35.99,272534.6457,3.66926E-06
10897,/gpfs/scratch/tug87422/smithlab-shared/sharedreward-aging/derivatives/fsl/sub-10897/L1_task-sharedreward_model-1_type-REPLACEME_run-1_sm-5.feat/stats/copeCOPENUM.nii.gz,1,-13.86805556,0.104166667,0.222222222,-9.558483235,-0.027875915,-0.392361111,0.409722222,-0.631932397,8.763673592,378.0289703,-294.6887233,-81.94,262169.8423,3.81432E-06
10898,/gpfs/scratch/tug87422/smithlab-shared/sharedreward-aging/derivatives/fsl/sub-10898/L2_task-sharedreward_model-1_type-REPLACEME_sm-5.gfeat/copeCOPENUM.feat/stats/cope1.nii.gz,1,16.13194444,0.104166667,0.222222222,-11.59841202,0.099957937,-0.392361111,0.409722222,0.097636097,1.575060092,924.846857,-73.39395841,-216.34,285865.5749,3.49815E-06
10908,/gpfs/scratch/tug87422/smithlab-shared/sharedreward-aging/derivatives/fsl/sub-10908/L2_task-sharedreward_model-1_type-REPLACEME_sm-5.gfeat/copeCOPENUM.feat/stats/cope1.nii.gz,1,-2.868055556,0.104166667,0.222222222,-17.94099334,0.124583241,-0.392361111,0.409722222,-3.360902916,9.639256279,110.9469435,-190.2261787,412.32,304648.2758,3.28247E-06
10918,/gpfs/scratch/tug87422/smithlab-shared/sharedreward-aging/derivatives/fsl/sub-10918/L2_task-sharedreward_model-1_type-REPLACEME_sm-5.gfeat/copeCOPENUM.feat/stats/cope1.nii.gz,1,-20.86805556,0.104166667,0.222222222,-3.758234051,-0.065438905,-0.392361111,-0.590277778,-1.118782433,23.34681396,-81.92291272,-94.76256589,-119.33,98973.58785,1.01037E-05
10919,/gpfs/scratch/tug87422/smithlab-shared/sharedreward-aging/derivatives/fsl/sub-10919/L2_task-sharedreward_model-1_type-REPLACEME_sm-5.gfeat/copeCOPENUM.feat/stats/cope1.nii.gz,1,4.131944444,0.104166667,0.222222222,-15.71139909,0.082597063,-0.392361111,0.409722222,1.042286933,4.306671703,-93.51064088,90.83991954,-179.35,147338.4886,6.78709E-06
10924,/gpfs/scratch/tug87422/smithlab-shared/sharedreward-aging/derivatives/fsl/sub-10924/L2_task-sharedreward_model-1_type-REPLACEME_sm-5.gfeat/copeCOPENUM.feat/stats/cope1.nii.gz,1,-12.86805556,0.104166667,0.222222222,4.146014434,-0.033803878,-0.392361111,0.409722222,-2.519581345,32.42211272,-165.9279432,49.81724847,125.6,105800.0761,9.45179E-06
10928,/gpfs/scratch/tug87422/smithlab-shared/sharedreward-aging/derivatives/fsl/sub-10928/L2_task-sharedreward_model-1_type-REPLACEME_sm-5.gfeat/copeCOPENUM.feat/stats/cope1.nii.gz,1,10.13194444,0.104166667,0.222222222,-4.808316404,0.057471574,-0.392361111,0.409722222,0.216835168,2.196961871,304.7076617,77.70990658,306.19,124370.2945,8.04051E-06
10929,/gpfs/scratch/tug87422/smithlab-shared/sharedreward-aging/derivatives/fsl/sub-10929/L2_task-sharedreward_model-1_type-REPLACEME_sm-5.gfeat/copeCOPENUM.feat/stats/cope1.nii.gz,1,-2.868055556,0.104166667,0.222222222,-2.783430624,-0.008107269,-0.392361111,0.409722222,1.072898108,-3.077131379,-16.45116884,-102.2991229,7.52,146936.0158,6.80568E-06
10930,/gpfs/scratch/tug87422/smithlab-shared/sharedreward-aging/derivatives/fsl/sub-10930/L2_task-sharedreward_model-1_type-REPLACEME_sm-5.gfeat/copeCOPENUM.feat/stats/cope1.nii.gz,1,4.131944444,0.104166667,0.222222222,-3.366477292,-0.077651074,-0.392361111,0.409722222,1.22701381,5.069952897,361.4958455,-51.97542157,133.44,177388.8612,5.63733E-06
10950,/gpfs/scratch/tug87422/smithlab-shared/sharedreward-aging/derivatives/fsl/sub-10950/L2_task-sharedreward_model-1_type-REPLACEME_sm-5.gfeat/copeCOPENUM.feat/stats/cope1.nii.gz,1,-20.86805556,0.104166667,0.222222222,-15.28226099,0.183784322,-0.392361111,0.409722222,-1.118782433,23.34681396,138.4891286,44.36212222,73.71,126909.2247,7.87965E-06
10951,/gpfs/scratch/tug87422/smithlab-shared/sharedreward-aging/derivatives/fsl/sub-10951/L2_task-sharedreward_model-1_type-REPLACEME_sm-5.gfeat/copeCOPENUM.feat/stats/cope1.nii.gz,1,-23.86805556,0.104166667,0.222222222,-11.63466358,0.094559707,0.607638889,-0.590277778,0.336173523,-8.023808324,-163.9064981,-509.8253148,-286.74,315246.3477,3.17212E-06
10952,/gpfs/scratch/tug87422/smithlab-shared/sharedreward-aging/derivatives/fsl/sub-10952/L2_task-sharedreward_model-1_type-REPLACEME_sm-5.gfeat/copeCOPENUM.feat/stats/cope1.nii.gz,1,-12.86805556,0.104166667,0.222222222,-10.8391108,-0.022778199,0.607638889,-0.590277778,-0.29495904,3.795549307,-313.1934053,17.66338741,-7.06,115735.3474,8.6404E-06
10953,/gpfs/scratch/tug87422/smithlab-shared/sharedreward-aging/derivatives/fsl/sub-10953/L1_task-sharedreward_model-1_type-REPLACEME_run-1_sm-5.feat/stats/copeCOPENUM.nii.gz,1,17.13194444,0.104166667,0.222222222,-9.782367101,0.195799561,-0.392361111,0.409722222,1.462400273,25.05376024,809.9380435,-224.7581211,-331.04,834330.4433,1.19857E-06
10956,/gpfs/scratch/tug87422/smithlab-shared/sharedreward-aging/derivatives/fsl/sub-10956/L2_task-sharedreward_model-1_type-REPLACEME_sm-5.gfeat/copeCOPENUM.feat/stats/cope1.nii.gz,1,-16.86805556,0.104166667,0.222222222,4.767143173,-0.095107353,-0.392361111,0.409722222,1.033260419,-17.42909415,140.4665467,-320.2832454,121.74,253575.3452,3.9436E-06
10958,/gpfs/scratch/tug87422/smithlab-shared/sharedreward-aging/derivatives/fsl/sub-10958/L2_task-sharedreward_model-1_type-REPLACEME_sm-5.gfeat/copeCOPENUM.feat/stats/cope1.nii.gz,1,-10.86805556,0.104166667,0.222222222,-10.21324637,0.054628609,-0.392361111,0.409722222,-2.805548919,30.49086152,78.6500619,104.1710911,133.69,336938.0669,2.9679E-06
10961,/gpfs/scratch/tug87422/smithlab-shared/sharedreward-aging/derivatives/fsl/sub-10961/L2_task-sharedreward_model-1_type-REPLACEME_sm-5.gfeat/copeCOPENUM.feat/stats/cope1.nii.gz,1,-21.86805556,0.104166667,0.222222222,0.707266964,-0.041472327,-0.392361111,0.409722222,1.187604988,-25.97061184,151.3045171,-271.2744706,-2.24,121426.673,8.23542E-06
10964,/gpfs/scratch/tug87422/smithlab-shared/sharedreward-aging/derivatives/fsl/sub-10964/L2_task-sharedreward_model-1_type-REPLACEME_sm-5.gfeat/copeCOPENUM.feat/stats/cope1.nii.gz,1,15.13194444,0.104166667,0.222222222,-9.273168487,0.081414807,-0.392361111,0.409722222,0.909448067,13.76171763,-496.25355,-441.9928681,-106.55,203876.3715,4.90493E-06
10966,/gpfs/scratch/tug87422/smithlab-shared/sharedreward-aging/derivatives/fsl/sub-10966/L2_task-sharedreward_model-1_type-REPLACEME_sm-5.gfeat/copeCOPENUM.feat/stats/cope1.nii.gz,1,-10.86805556,0.104166667,0.222222222,-7.062044521,-0.045736316,-0.392361111,0.409722222,-0.416782808,4.529618714,-149.2274958,81.11518059,-302.11,201839.3768,4.95443E-06
10969,/gpfs/scratch/tug87422/smithlab-shared/sharedreward-aging/derivatives/fsl/sub-10969/L2_task-sharedreward_model-1_type-REPLACEME_sm-5.gfeat/copeCOPENUM.feat/stats/cope1.nii.gz,1,-18.86805556,0.104166667,0.222222222,3.858889553,-0.122728383,-0.392361111,0.409722222,-1.073498112,20.25482201,-168.0933907,-320.3992536,-39.79,225282.5601,4.43887E-06
10974,/gpfs/scratch/tug87422/smithlab-shared/sharedreward-aging/derivatives/fsl/sub-10974/L1_task-sharedreward_model-1_type-REPLACEME_run-2_sm-5.feat/stats/copeCOPENUM.nii.gz,1,35.13194444,0.104166667,0.222222222,-5.947811863,0.143376968,-0.392361111,0.409722222,0.615785282,21.63373432,31.99900201,-215.8112967,-451.32,434701.5105,2.30043E-06
10979,/gpfs/scratch/tug87422/smithlab-shared/sharedreward-aging/derivatives/fsl/sub-10979/L2_task-sharedreward_model-1_type-REPLACEME_sm-5.gfeat/copeCOPENUM.feat/stats/cope1.nii.gz,1,-12.86805556,0.104166667,0.222222222,4.066347348,-0.066421937,-0.392361111,0.409722222,0.115490166,-1.486133876,-100.8394403,-211.2344236,-166.9,271724.5738,3.6802E-06
10983,/gpfs/scratch/tug87422/smithlab-shared/sharedreward-aging/derivatives/fsl/sub-10983/L2_task-sharedreward_model-1_type-REPLACEME_sm-5.gfeat/copeCOPENUM.feat/stats/cope1.nii.gz,1,-20.86805556,0.104166667,0.222222222,-9.518859036,0.138944026,-0.392361111,0.409722222,-0.237320525,4.952417891,-108.4120756,134.9676126,6.01,202644.1842,4.93476E-06
10984,/gpfs/scratch/tug87422/smithlab-shared/sharedreward-aging/derivatives/fsl/sub-10984/L2_task-sharedreward_model-1_type-REPLACEME_sm-5.gfeat/copeCOPENUM.feat/stats/cope1.nii.gz,1,7.131944444,0.104166667,0.222222222,-8.970340322,0.043817437,0.607638889,-0.590277778,-1.195083639,-8.523270123,-236.7701952,-25.89582361,359.96,136547.921,7.32344E-06
10998,/gpfs/scratch/tug87422/smithlab-shared/sharedreward-aging/derivatives/fsl/sub-10998/L2_task-sharedreward_model-1_type-REPLACEME_sm-5.gfeat/copeCOPENUM.feat/stats/cope1.nii.gz,1,-23.86805556,0.104166667,0.222222222,2.253792094,-0.071583518,-0.392361111,0.409722222,-1.489596679,35.55377628,344.2139689,127.9647908,-26.57,111789.6568,8.94537E-06
11007,/gpfs/scratch/tug87422/smithlab-shared/sharedreward-aging/derivatives/fsl/sub-11007/L1_task-sharedreward_model-1_type-REPLACEME_run-1_sm-5.feat/stats/copeCOPENUM.nii.gz,1,1.131944444,0.104166667,0.222222222,-12.0602457,0.035759344,-0.392361111,0.409722222,-0.919463592,-1.040781705,237.7084734,-81.21680299,108.23,306734.4847,3.26015E-06
11012,/gpfs/scratch/tug87422/smithlab-shared/sharedreward-aging/derivatives/fsl/sub-11012/L1_task-sharedreward_model-1_type-REPLACEME_run-2_sm-5.feat/stats/copeCOPENUM.nii.gz,1,13.13194444,0.104166667,0.222222222,-2.631804643,-0.039959127,-0.392361111,0.409722222,1.319522634,17.32789793,215.9803098,-122.2076336,423.95,316044.0011,3.16412E-06
11016,/gpfs/scratch/tug87422/smithlab-shared/sharedreward-aging/derivatives/fsl/sub-11016/L2_task-sharedreward_model-1_type-REPLACEME_sm-5.gfeat/copeCOPENUM.feat/stats/cope1.nii.gz,1,-22.86805556,0.104166667,0.222222222,1.784160584,-0.080039445,-0.392361111,0.409722222,0.828963419,-18.95678153,-157.2853353,-266.5346696,-81.37,145017.6098,6.89571E-06
11021,/gpfs/scratch/tug87422/smithlab-shared/sharedreward-aging/derivatives/fsl/sub-11021/L2_task-sharedreward_model-1_type-REPLACEME_sm-5.gfeat/copeCOPENUM.feat/stats/cope1.nii.gz,1,-19.86805556,0.104166667,0.222222222,-1.916205883,-0.04443034,-0.392361111,0.409722222,0.992212524,-19.71333355,415.5558197,-338.0361345,175.8,145481.3207,6.87373E-06
11030,/gpfs/scratch/tug87422/smithlab-shared/sharedreward-aging/derivatives/fsl/sub-11030/L2_task-sharedreward_model-1_type-REPLACEME_sm-5.gfeat/copeCOPENUM.feat/stats/cope1.nii.gz,1,-21.86805556,0.104166667,0.222222222,-6.60046323,-0.066922752,-0.392361111,0.409722222,1.101160814,-24.08024586,348.1291688,-175.7120874,-123.26,161266.202,6.20093E-06
11031,/gpfs/scratch/tug87422/smithlab-shared/sharedreward-aging/derivatives/fsl/sub-11031/L2_task-sharedreward_model-1_type-REPLACEME_sm-5.gfeat/copeCOPENUM.feat/stats/cope1.nii.gz,1,-21.86805556,0.104166667,0.222222222,2.542383774,-0.046670545,-0.392361111,0.409722222,1.28876484,-28.18278112,-220.2602427,17.4502893,-1.84,123253.6521,8.11335E-06
11036,/gpfs/scratch/tug87422/smithlab-shared/sharedreward-aging/derivatives/fsl/sub-11036/L2_task-sharedreward_model-1_type-REPLACEME_sm-5.gfeat/copeCOPENUM.feat/stats/cope1.nii.gz,1,-22.86805556,0.104166667,0.222222222,-0.292807304,-0.100454544,-0.392361111,0.409722222,-0.106306051,2.431012689,166.0194977,67.66542562,282.37,161557.4021,6.18975E-06
11039,/gpfs/scratch/tug87422/smithlab-shared/sharedreward-aging/derivatives/fsl/sub-11039/L2_task-sharedreward_model-1_type-REPLACEME_sm-5.gfeat/copeCOPENUM.feat/stats/cope1.nii.gz,1,-4.868055556,0.104166667,0.222222222,2.245866925,0.062707231,-0.392361111,0.409722222,-0.303746016,1.478652482,-352.2713709,30.66510604,213.36,103501.9626,9.66165E-06
11042,/gpfs/scratch/tug87422/smithlab-shared/sharedreward-aging/derivatives/fsl/sub-11042/L2_task-sharedreward_model-1_type-REPLACEME_sm-5.gfeat/copeCOPENUM.feat/stats/cope1.nii.gz,1,-15.86805556,0.104166667,0.222222222,-6.911744342,0.108505085,-0.392361111,0.409722222,-1.09682566,17.40449051,-571.9378495,-109.6205028,-65.48,282349.911,3.5417E-06
11053,/gpfs/scratch/tug87422/smithlab-shared/sharedreward-aging/derivatives/fsl/sub-11053/L2_task-sharedreward_model-1_type-REPLACEME_sm-5.gfeat/copeCOPENUM.feat/stats/cope1.nii.gz,1,-14.86805556,0.104166667,0.222222222,-11.7758165,-0.050907982,-0.392361111,0.409722222,0.361379759,-5.373014332,335.4859111,226.7212414,202.32,129863.9578,7.70037E-06
11058,/gpfs/scratch/tug87422/smithlab-shared/sharedreward-aging/derivatives/fsl/sub-11058/L2_task-sharedreward_model-1_type-REPLACEME_sm-5.gfeat/copeCOPENUM.feat/stats/cope1.nii.gz,1,-6.868055556,0.104166667,0.222222222,-11.64505757,0.144035463,-0.392361111,0.409722222,1.447152472,-9.939123577,-375.470095,-119.2334203,96.62,179994.4177,5.55573E-06
11060,/gpfs/scratch/tug87422/smithlab-shared/sharedreward-aging/derivatives/fsl/sub-11060/L2_task-sharedreward_model-1_type-REPLACEME_sm-5.gfeat/copeCOPENUM.feat/stats/cope1.nii.gz,1,-15.86805556,0.104166667,0.222222222,3.192682744,-0.111932974,-0.392361111,0.409722222,-1.143487177,18.14491805,-492.0614346,38.12199774,-61.07,141814.2571,7.05148E-06
11063,/gpfs/scratch/tug87422/smithlab-shared/sharedreward-aging/derivatives/fsl/sub-11063/L2_task-sharedreward_model-1_type-REPLACEME_sm-5.gfeat/copeCOPENUM.feat/stats/cope1.nii.gz,1,-23.86805556,0.104166667,0.222222222,3.374787233,-0.090156382,-0.392361111,0.409722222,1.092289453,-26.07082534,168.7239801,-267.1804779,-272.81,169805.7013,5.88908E-06
11065,/gpfs/scratch/tug87422/smithlab-shared/sharedreward-aging/derivatives/fsl/sub-11065/L2_task-sharedreward_model-1_type-REPLACEME_sm-5.gfeat/copeCOPENUM.feat/stats/cope1.nii.gz,1,-23.86805556,0.104166667,0.222222222,0.414058764,-0.01190862,-0.392361111,0.409722222,0.097636097,-2.330383787,86.358705,-290.4039364,-123.43,139387.8714,7.17423E-06
11066,/gpfs/scratch/tug87422/smithlab-shared/sharedreward-aging/derivatives/fsl/sub-11066/L2_task-sharedreward_model-1_type-REPLACEME_sm-5.gfeat/copeCOPENUM.feat/stats/cope1.nii.gz,1,-22.86805556,0.104166667,0.222222222,-5.584339938,-0.00035017,0.607638889,-0.590277778,1.186388825,-27.13040557,227.5639658,165.3131622,-168.8,232725.3452,4.29691E-06
11068,/gpfs/scratch/tug87422/smithlab-shared/sharedreward-aging/derivatives/fsl/sub-11068/L2_task-sharedreward_model-1_type-REPLACEME_sm-5.gfeat/copeCOPENUM.feat/stats/cope1.nii.gz,1,-1.868055556,0.104166667,0.222222222,-2.585662383,-0.040763337,-0.392361111,0.409722222,-2.537599727,4.740377267,-204.4033113,-222.9762179,-71.29,155833.5707,6.4171E-06
11072,/gpfs/scratch/tug87422/smithlab-shared/sharedreward-aging/derivatives/fsl/sub-11072/L2_task-sharedreward_model-1_type-REPLACEME_sm-5.gfeat/copeCOPENUM.feat/stats/cope1.nii.gz,1,-19.86805556,0.104166667,0.222222222,-10.99565251,-0.035961992,0.607638889,-0.590277778,-1.854318154,36.84169609,-407.8257979,-186.7070441,89.11,173588.8172,5.76074E-06
11074,/gpfs/scratch/tug87422/smithlab-shared/sharedreward-aging/derivatives/fsl/sub-11074/L2_task-sharedreward_model-1_type-REPLACEME_sm-5.gfeat/copeCOPENUM.feat/stats/cope1.nii.gz,1,-3.868055556,0.104166667,0.222222222,-1.633218191,-0.027419688,0.607638889,-0.590277778,-1.854318154,7.172605636,79.18635457,263.6387105,125.46,148688.5823,6.72547E-06
11075,/gpfs/scratch/tug87422/smithlab-shared/sharedreward-aging/derivatives/fsl/sub-11075/L2_task-sharedreward_model-1_type-REPLACEME_sm-5.gfeat/copeCOPENUM.feat/stats/cope1.nii.gz,1,32.13194444,0.104166667,0.222222222,-2.765490491,-0.073333145,0.607638889,-0.590277778,0.704125858,22.62493295,551.6488703,-129.8169267,-43.98,173348.1613,5.76874E-06
11076,/gpfs/scratch/tug87422/smithlab-shared/sharedreward-aging/derivatives/fsl/sub-11076/L1_task-sharedreward_model-1_type-REPLACEME_run-1_sm-5.feat/stats/copeCOPENUM.nii.gz,1,28.13194444,0.104166667,0.222222222,-4.310976112,0.067850657,-0.392361111,0.409722222,0.252616932,7.106605499,279.5961432,-217.1885796,209.28,374316.0781,2.67154E-06
11078,/gpfs/scratch/tug87422/smithlab-shared/sharedreward-aging/derivatives/fsl/sub-11078/L2_task-sharedreward_model-1_type-REPLACEME_sm-5.gfeat/copeCOPENUM.feat/stats/cope1.nii.gz,1,27.13194444,0.104166667,0.222222222,-2.079924024,0.068263152,-0.392361111,0.409722222,-0.161649982,-4.385878323,130.6608816,284.6395744,46.41,144102.8035,6.93949E-06
11083,/gpfs/scratch/tug87422/smithlab-shared/sharedreward-aging/derivatives/fsl/sub-11083/L2_task-sharedreward_model-1_type-REPLACEME_sm-5.gfeat/copeCOPENUM.feat/stats/cope1.nii.gz,1,23.13194444,0.104166667,0.222222222,-1.345445882,0.021412068,-0.392361111,0.409722222,-2.840543452,-65.70729332,125.7139912,240.3254299,113.73,146137.7654,6.84286E-06
11084,/gpfs/scratch/tug87422/smithlab-shared/sharedreward-aging/derivatives/fsl/sub-11084/L2_task-sharedreward_model-1_type-REPLACEME_sm-5.gfeat/copeCOPENUM.feat/stats/cope1.nii.gz,1,23.13194444,0.104166667,0.222222222,5.162911981,-0.062596816,-0.392361111,0.409722222,-1.073498112,-24.83209868,368.7853354,189.4455699,293.68,94034.48338,1.06344E-05
11090,/gpfs/scratch/tug87422/smithlab-shared/sharedreward-aging/derivatives/fsl/sub-11090/L1_task-sharedreward_model-1_type-REPLACEME_run-1_sm-5.feat/stats/copeCOPENUM.nii.gz,1,24.13194444,0.104166667,0.222222222,-21.58352276,0.239380757,0.607638889,-0.590277778,1.242429716,29.98224489,-258.0981795,-881.0136661,-303.35,649880.3394,1.53874E-06
11110,/gpfs/scratch/tug87422/smithlab-shared/sharedreward-aging/derivatives/fsl/sub-11110/L2_task-sharedreward_model-1_type-REPLACEME_sm-5.gfeat/copeCOPENUM.feat/stats/cope1.nii.gz,1,21.13194444,0.104166667,0.222222222,-3.079353424,-0.001349499,-0.392361111,0.409722222,-1.143487177,-24.1641075,-257.879468,8.924350796,87.88,109154.8379,9.1613E-06
11113,/gpfs/scratch/tug87422/smithlab-shared/sharedreward-aging/derivatives/fsl/sub-11113/L2_task-sharedreward_model-1_type-REPLACEME_sm-5.gfeat/copeCOPENUM.feat/stats/cope1.nii.gz,1,-23.86805556,0.104166667,0.222222222,-0.540565244,-0.08825208,0.607638889,-0.590277778,0.83135015,-19.84271156,139.8672762,-162.2584631,-238.43,126838.9077,7.88402E-06
11116,/gpfs/scratch/tug87422/smithlab-shared/sharedreward-aging/derivatives/fsl/sub-11116/L2_task-sharedreward_model-1_type-REPLACEME_sm-5.gfeat/copeCOPENUM.feat/stats/cope1.nii.gz,1,14.13194444,0.104166667,0.222222222,-7.297349235,-0.005747153,0.607638889,-0.590277778,0.671859126,9.494675845,-431.4792941,-178.8540571,296.65,156722.3597,6.38071E-06
11120,/gpfs/scratch/tug87422/smithlab-shared/sharedreward-aging/derivatives/fsl/sub-11120/L2_task-sharedreward_model-1_type-REPLACEME_sm-5.gfeat/copeCOPENUM.feat/stats/cope1.nii.gz,1,21.13194444,0.104166667,0.222222222,-8.603054426,0.012327133,0.607638889,-0.590277778,-0.29495904,-6.233058037,-359.7522283,612.7059644,-65.76,96738.10656,1.03372E-05
11126,/gpfs/scratch/tug87422/smithlab-shared/sharedreward-aging/derivatives/fsl/sub-11126/L1_task-sharedreward_model-1_type-REPLACEME_run-1_sm-5.feat/stats/copeCOPENUM.nii.gz,1,13.13194444,0.104166667,0.222222222,-12.81230533,0.051262815,0.607638889,-0.590277778,-1.404201919,-18.43990159,-127.2307065,228.1848947,-121.08,762326.0967,1.31177E-06
11128,/gpfs/scratch/tug87422/smithlab-shared/sharedreward-aging/derivatives/fsl/sub-11128/L2_task-sharedreward_model-1_type-REPLACEME_sm-5.gfeat/copeCOPENUM.feat/stats/cope1.nii.gz,1,14.13194444,0.104166667,0.222222222,-5.300827453,0.102584931,0.607638889,-0.590277778,1.443291945,20.39652158,158.2938167,30.48389939,311.9,104644.3732,9.55618E-06
11145,/gpfs/scratch/tug87422/smithlab-shared/sharedreward-aging/derivatives/fsl/sub-11145/L2_task-sharedreward_model-1_type-REPLACEME_sm-5.gfeat/copeCOPENUM.feat/stats/cope1.nii.gz,1,19.13194444,0.104166667,0.222222222,-7.440657994,0.046289886,0.607638889,-0.590277778,-4.537599727,-86.81310588,379.9819656,-39.20420452,-293.84,311690.0792,3.20832E-06
11164,/gpfs/scratch/tug87422/smithlab-shared/sharedreward-aging/derivatives/fsl/sub-11164/L1_task-sharedreward_model-1_type-REPLACEME_run-1_sm-5.feat/stats/copeCOPENUM.nii.gz,1,39.13194444,0.104166667,0.222222222,-3.571927987,0.034870976,0.607638889,-0.590277778,-3.082385976,-120.6197568,275.0746202,-135.139685,-195.88,545967.7202,1.83161E-06
11167,/gpfs/scratch/tug87422/smithlab-shared/sharedreward-aging/derivatives/fsl/sub-11167/L2_task-sharedreward_model-1_type-REPLACEME_sm-5.gfeat/copeCOPENUM.feat/stats/cope1.nii.gz,1,12.13194444,0.104166667,0.222222222,-9.713549138,0.01608707,-0.392361111,0.409722222,1.033260419,12.535458,345.5202365,116.8804863,151.84,141434.6001,7.07041E-06
11168,/gpfs/scratch/tug87422/smithlab-shared/sharedreward-aging/derivatives/fsl/sub-11168/L2_task-sharedreward_model-1_type-REPLACEME_sm-5.gfeat/copeCOPENUM.feat/stats/cope1.nii.gz,1,-17.86805556,0.104166667,0.222222222,-11.3721885,0.102651724,-0.392361111,0.409722222,1.019670172,-18.21952329,338.9379529,-147.5695213,95.59,202436.4742,4.93982E-06
11171,/gpfs/scratch/tug87422/smithlab-shared/sharedreward-aging/derivatives/fsl/sub-11171/L2_task-sharedreward_model-1_type-REPLACEME_sm-5.gfeat/copeCOPENUM.feat/stats/cope1.nii.gz,1,-19.86805556,0.104166667,0.222222222,-3.903827382,-0.079049815,0.607638889,-0.590277778,-1.854318154,36.84169609,-272.5797225,-242.8141823,196.17,208241.7369,4.80211E-06
11177,/gpfs/scratch/tug87422/smithlab-shared/sharedreward-aging/derivatives/fsl/sub-11177/L2_task-sharedreward_model-1_type-REPLACEME_sm-5.gfeat/copeCOPENUM.feat/stats/cope1.nii.gz,1,10.13194444,0.104166667,0.222222222,-4.005438611,-0.072475393,0.607638889,-0.590277778,-0.29495904,-2.988508602,-120.5746053,-48.62585026,9.04,85203.19277,1.17366E-05
11192,/gpfs/scratch/tug87422/smithlab-shared/sharedreward-aging/derivatives/fsl/sub-11192/L2_task-sharedreward_model-1_type-REPLACEME_sm-5.gfeat/copeCOPENUM.feat/stats/cope1.nii.gz,1,24.13194444,0.104166667,0.222222222,-8.383773561,0.088966372,0.607638889,-0.590277778,0.218144208,5.264243908,185.2321439,472.945442,-484.99,215542.5153,4.63946E-06
11193,/gpfs/scratch/tug87422/smithlab-shared/sharedreward-aging/derivatives/fsl/sub-11193/L2_task-sharedreward_model-1_type-REPLACEME_sm-5.gfeat/copeCOPENUM.feat/stats/cope1.nii.gz,1,10.13194444,0.104166667,0.222222222,-18.49151,0.093977252,-0.392361111,0.409722222,1.462400273,14.81695833,-809.5053685,6.575384082,-117.4,350278.2707,2.85487E-06
11227,/gpfs/scratch/tug87422/smithlab-shared/sharedreward-aging/derivatives/fsl/sub-11227/L2_task-sharedreward_model-1_type-REPLACEME_sm-5.gfeat/copeCOPENUM.feat/stats/cope1.nii.gz,1,-14.86805556,0.104166667,0.222222222,-2.355596617,-0.106246453,-0.392361111,0.409722222,-1.854318154,27.57010533,152.3406847,83.78655665,-258.3,107901.9658,9.26767E-06
11238,/gpfs/scratch/tug87422/smithlab-shared/sharedreward-aging/derivatives/fsl/sub-11238/L2_task-sharedreward_model-1_type-REPLACEME_sm-5.gfeat/copeCOPENUM.feat/stats/cope1.nii.gz,1,0.131944444,0.104166667,0.222222222,-5.389775666,-0.01854672,0.607638889,-0.590277778,-2.999755943,-0.395801131,-11.97862301,355.4457759,110.46,120315.9468,8.31145E-06
11241,/gpfs/scratch/tug87422/smithlab-shared/sharedreward-aging/derivatives/fsl/sub-11241/L2_task-sharedreward_model-1_type-REPLACEME_sm-5.gfeat/copeCOPENUM.feat/stats/cope1.nii.gz,1,-18.86805556,0.104166667,0.222222222,1.078532633,-0.069394781,-0.392361111,0.409722222,1.22701381,-23.15136474,164.0688902,-303.5370488,-70.07,80718.69704,1.23887E-05
11246,/gpfs/scratch/tug87422/smithlab-shared/sharedreward-aging/derivatives/fsl/sub-11246/L2_task-sharedreward_model-1_type-REPLACEME_sm-5.gfeat/copeCOPENUM.feat/stats/cope1.nii.gz,1,-5.868055556,0.104166667,0.222222222,-7.222031015,-0.046873401,0.607638889,-0.590277778,-0.338220891,1.984698976,-176.2278555,-85.01976248,-28.74,235285.302,4.25016E-06
11286,/gpfs/scratch/tug87422/smithlab-shared/sharedreward-aging/derivatives/fsl/sub-11286/L1_task-sharedreward_model-1_type-REPLACEME_run-1_sm-5.feat/stats/copeCOPENUM.nii.gz,1,-21.86805556,0.104166667,0.222222222,1.40521178,-0.092179271,-0.392361111,0.409722222,-0.065463772,1.431565395,232.5523936,24.41976406,105.55,559976.6672,1.78579E-06
11301,/gpfs/scratch/tug87422/smithlab-shared/sharedreward-aging/derivatives/fsl/sub-11301/L2_task-sharedreward_model-1_type-REPLACEME_sm-5.gfeat/copeCOPENUM.feat/stats/cope1.nii.gz,1,-22.86805556,0.104166667,0.222222222,-0.040384778,-0.058802759,-0.392361111,0.409722222,-1.854318154,42.40465056,111.1273829,98.47955715,-137.39,166438.5389,6.00822E-06
11311,/gpfs/scratch/tug87422/smithlab-shared/sharedreward-aging/derivatives/fsl/sub-11311/L2_task-sharedreward_model-1_type-REPLACEME_sm-5.gfeat/copeCOPENUM.feat/stats/cope1.nii.gz,1,-23.86805556,0.104166667,0.222222222,0.719977532,-0.068977262,-0.392361111,0.409722222,-2.948160898,70.3668681,307.6339482,441.3042173,602.83,161977.0147,6.17372E-06
11312,/gpfs/scratch/tug87422/smithlab-shared/sharedreward-aging/derivatives/fsl/sub-11312/L2_task-sharedreward_model-1_type-REPLACEME_sm-5.gfeat/copeCOPENUM.feat/stats/cope1.nii.gz,1,-22.86805556,0.104166667,0.222222222,-2.109129822,-0.074578054,-0.392361111,-0.590277778,0.480287354,-10.98323789,-34.85410473,-195.8935628,145.15,177153.5907,5.64482E-06
11316,/gpfs/scratch/tug87422/smithlab-shared/sharedreward-aging/derivatives/fsl/sub-11316/L2_task-sharedreward_model-1_type-REPLACEME_sm-5.gfeat/copeCOPENUM.feat/stats/cope1.nii.gz,1,-3.868055556,0.104166667,0.222222222,-8.664989824,0.109300252,0.607638889,-0.590277778,-4.537599727,17.55168783,-69.23678525,314.9987081,296.79,189696.6201,5.27158E-06
11318,/gpfs/scratch/tug87422/smithlab-shared/sharedreward-aging/derivatives/fsl/sub-11318/L2_task-sharedreward_model-1_type-REPLACEME_sm-5.gfeat/copeCOPENUM.feat/stats/cope1.nii.gz,1,-23.86805556,0.104166667,0.222222222,3.986226516,-0.081677195,-0.392361111,0.409722222,-0.213795965,5.102893968,-177.1309769,-6.012681396,-316.48,90885.02389,1.10029E-05
11321,/gpfs/scratch/tug87422/smithlab-shared/sharedreward-aging/derivatives/fsl/sub-11321/L2_task-sharedreward_model-1_type-REPLACEME_sm-5.gfeat/copeCOPENUM.feat/stats/cope1.nii.gz,1,-22.86805556,0.104166667,0.222222222,5.191928358,-0.121638395,-0.392361111,0.409722222,1.365619734,-31.22906794,247.696446,157.4443841,-118.87,177069.1532,5.64751E-06
11325,/gpfs/scratch/tug87422/smithlab-shared/sharedreward-aging/derivatives/fsl/sub-11325/L2_task-sharedreward_model-1_type-REPLACEME_sm-5.gfeat/copeCOPENUM.feat/stats/cope1.nii.gz,1,-17.86805556,0.104166667,0.222222222,-4.059187382,-0.070370118,0.607638889,-0.590277778,-0.281803533,5.035281182,-147.016682,-155.5500372,10.39,132443.46,7.55039E-06
11326,/gpfs/scratch/tug87422/smithlab-shared/sharedreward-aging/derivatives/fsl/sub-11326/L2_task-sharedreward_model-1_type-REPLACEME_sm-5.gfeat/copeCOPENUM.feat/stats/cope1.nii.gz,1,-19.86805556,0.104166667,0.222222222,-10.40610862,-0.010722645,0.607638889,-0.590277778,0.953895674,-18.95205225,-472.4790401,139.5910523,-275.99,199657.9095,5.00857E-06
11329,/gpfs/scratch/tug87422/smithlab-shared/sharedreward-aging/derivatives/fsl/sub-11329/L2_task-sharedreward_model-1_type-REPLACEME_sm-5.gfeat/copeCOPENUM.feat/stats/cope1.nii.gz,1,-21.86805556,0.104166667,0.222222222,-1.786054608,-0.07649718,0.607638889,-0.590277778,1.341871493,-29.34412035,471.5639455,53.76104286,-16.65,129739.6473,7.70774E-06
11330,/gpfs/scratch/tug87422/smithlab-shared/sharedreward-aging/derivatives/fsl/sub-11330/L2_task-sharedreward_model-1_type-REPLACEME_sm-5.gfeat/copeCOPENUM.feat/stats/cope1.nii.gz,1,-18.86805556,0.104166667,0.222222222,6.021598572,-0.102031052,0.607638889,-0.590277778,1.462400273,-27.5926496,70.8451672,228.2275227,162.27,93133.98628,1.07372E-05
11337,/gpfs/scratch/tug87422/smithlab-shared/sharedreward-aging/derivatives/fsl/sub-11337/L2_task-sharedreward_model-1_type-REPLACEME_sm-5.gfeat/copeCOPENUM.feat/stats/cope1.nii.gz,1,-14.86805556,0.104166667,0.222222222,-13.81490639,-0.036559144,0.607638889,-0.590277778,1.427209354,-21.21982796,154.2212971,-167.4022842,33.57,190552.811,5.24789E-06
11338,/gpfs/scratch/tug87422/smithlab-shared/sharedreward-aging/derivatives/fsl/sub-11338/L2_task-sharedreward_model-1_type-REPLACEME_sm-5.gfeat/copeCOPENUM.feat/stats/cope1.nii.gz,1,-23.86805556,0.104166667,0.222222222,-1.141271157,-0.080643033,0.607638889,-0.590277778,0.920066104,-21.96018889,24.4098307,390.6618038,214.91,198366.7427,5.04117E-06
11340,/gpfs/scratch/tug87422/smithlab-shared/sharedreward-aging/derivatives/fsl/sub-11340/L2_task-sharedreward_model-1_type-REPLACEME_sm-5.gfeat/copeCOPENUM.feat/stats/cope1.nii.gz,1,-13.86805556,0.104166667,0.222222222,-1.592521373,-0.003864694,0.607638889,-0.590277778,1.283255274,-17.79625544,-193.0128687,-9.258816401,136.44,190600.315,5.24658E-06
11343,/gpfs/scratch/tug87422/smithlab-shared/sharedreward-aging/derivatives/fsl/sub-11343/L2_task-sharedreward_model-1_type-REPLACEME_sm-5.gfeat/copeCOPENUM.feat/stats/cope1.nii.gz,1,-12.86805556,0.104166667,0.222222222,-4.201428077,-0.066404392,-0.392361111,0.409722222,1.155288605,-14.86631795,-452.7558295,35.6080941,119.31,126997.4428,7.87417E-06
11345,/gpfs/scratch/tug87422/smithlab-shared/sharedreward-aging/derivatives/fsl/sub-11345/L2_task-sharedreward_model-1_type-REPLACEME_sm-5.gfeat/copeCOPENUM.feat/stats/cope1.nii.gz,1,-11.86805556,0.104166667,0.222222222,12.65674998,-0.127731059,-0.392361111,0.409722222,0.732260667,-8.69051028,-78.24097459,-308.4983915,-215.45,119319.0983,8.38089E-06
11348,/gpfs/scratch/tug87422/smithlab-shared/sharedreward-aging/derivatives/fsl/sub-11348/L2_task-sharedreward_model-1_type-REPLACEME_sm-5.gfeat/copeCOPENUM.feat/stats/cope1.nii.gz,1,-9.868055556,0.104166667,0.222222222,-6.732505019,-0.039980992,0.607638889,-0.590277778,-4.537599727,44.77728619,177.9914316,-24.78478631,276.08,259495.0055,3.85364E-06
11358,/gpfs/scratch/tug87422/smithlab-shared/sharedreward-aging/derivatives/fsl/sub-11358/L2_task-sharedreward_model-1_type-REPLACEME_sm-5.gfeat/copeCOPENUM.feat/stats/cope1.nii.gz,1,3.131944444,0.104166667,0.222222222,5.51316014,-0.043797825,-0.392361111,0.409722222,-1.22753602,-3.84457462,-211.1217405,352.4048928,316.21,114892.449,8.70379E-06
11364,/gpfs/scratch/tug87422/smithlab-shared/sharedreward-aging/derivatives/fsl/sub-11364/L2_task-sharedreward_model-1_type-REPLACEME_sm-5.gfeat/copeCOPENUM.feat/stats/cope1.nii.gz,1,9.131944444,0.104166667,0.222222222,-9.477455451,-0.028148816,-0.392361111,0.409722222,1.462400273,13.35455805,-215.9752904,238.2357451,206.1,93375.31277,1.07095E-05
11367,/gpfs/scratch/tug87422/smithlab-shared/sharedreward-aging/derivatives/fsl/sub-11367/L2_task-sharedreward_model-1_type-REPLACEME_sm-5.gfeat/copeCOPENUM.feat/stats/cope1.nii.gz,1,13.13194444,0.104166667,0.222222222,-2.708396132,-0.11304405,-0.392361111,0.409722222,1.302371434,17.10266932,-166.2011878,123.094092,370.56,87358.49709,1.14471E-05
11376,/gpfs/scratch/tug87422/smithlab-shared/sharedreward-aging/derivatives/fsl/sub-11376/L2_task-sharedreward_model-1_type-REPLACEME_sm-5.gfeat/copeCOPENUM.feat/stats/cope1.nii.gz,1,25.13194444,0.104166667,0.222222222,2.44291641,-0.035982667,0.607638889,-0.590277778,-0.834319328,-20.96806699,-102.3822937,-154.5901295,-10.11,68281.73928,1.46452E-05
11377,/gpfs/scratch/tug87422/smithlab-shared/sharedreward-aging/derivatives/fsl/sub-11377/L2_task-sharedreward_model-1_type-REPLACEME_sm-5.gfeat/copeCOPENUM.feat/stats/cope1.nii.gz,1,24.13194444,0.104166667,0.222222222,-1.783309743,0.001532837,-0.392361111,0.409722222,1.413618976,34.1133746,109.4741578,-411.2079368,105.87,225156.9391,4.44135E-06
11387,/gpfs/scratch/tug87422/smithlab-shared/sharedreward-aging/derivatives/fsl/sub-11387/L2_task-sharedreward_model-1_type-REPLACEME_sm-5.gfeat/copeCOPENUM.feat/stats/cope1.nii.gz,1,8.131944444,0.104166667,0.222222222,1.716492626,0.036167809,-0.392361111,0.409722222,-1.267904161,-10.3105262,290.7906519,-69.47358392,-38.99,161596.7994,6.18824E-06
11410,/gpfs/scratch/tug87422/smithlab-shared/sharedreward-aging/derivatives/fsl/sub-11410/L2_task-sharedreward_model-1_type-REPLACEME_sm-5.gfeat/copeCOPENUM.feat/stats/cope1.nii.gz,1,0.131944444,0.104166667,0.222222222,-17.6875998,0.172985093,0.607638889,-0.590277778,1.462400273,0.192955592,-571.2583233,-166.8196896,20.07,376402.3637,2.65673E-06
11416,/gpfs/scratch/tug87422/smithlab-shared/sharedreward-aging/derivatives/fsl/sub-11416/L1_task-sharedreward_model-1_type-REPLACEME_run-1_sm-5.feat/stats/copeCOPENUM.nii.gz,1,-2.868055556,0.104166667,0.222222222,-21.91477638,0.218059381,-0.392361111,0.409722222,-0.090036133,0.258228632,-351.6024659,-288.7441782,-655.72,528528.1061,1.89205E-06
11426,/gpfs/scratch/tug87422/smithlab-shared/sharedreward-aging/derivatives/fsl/sub-11426/L1_task-sharedreward_model-1_type-REPLACEME_run-1_sm-5.feat/stats/copeCOPENUM.nii.gz,1,-7.868055556,0.104166667,0.222222222,-6.419152673,0.104797831,-0.392361111,0.409722222,0.273102628,-2.148786648,-673.5748534,79.76767363,-591.9,540625.1621,1.84971E-06
11430,/gpfs/scratch/tug87422/smithlab-shared/sharedreward-aging/derivatives/fsl/sub-11430/L1_task-sharedreward_model-1_type-REPLACEME_run-1_sm-5.feat/stats/copeCOPENUM.nii.gz,1,-9.868055556,0.104166667,0.222222222,-13.40027756,-0.039457814,-0.392361111,0.409722222,-3.267977618,32.24858469,564.1034575,-485.0979755,420.01,1282834.769,7.79524E-07
11432,/gpfs/scratch/tug87422/smithlab-shared/sharedreward-aging/derivatives/fsl/sub-11432/L2_task-sharedreward_model-1_type-REPLACEME_sm-5.gfeat/copeCOPENUM.feat/stats/cope1.nii.gz,1,-9.868055556,0.104166667,0.222222222,-6.747060192,-0.082652071,-0.392361111,0.409722222,0.615785282,-6.076603375,101.2175265,31.36674403,84.44,180589.4228,5.53742E-06
11433,/gpfs/scratch/tug87422/smithlab-shared/sharedreward-aging/derivatives/fsl/sub-11433/L2_task-sharedreward_model-1_type-REPLACEME_sm-5.gfeat/copeCOPENUM.feat/stats/cope1.nii.gz,1,-10.86805556,0.104166667,0.222222222,-2.046809579,-0.069120163,0.607638889,-0.590277778,0.575999139,-6.259990644,-404.0803597,-52.66780758,-168.54,176790.7954,5.6564E-06
11435,/gpfs/scratch/tug87422/smithlab-shared/sharedreward-aging/derivatives/fsl/sub-11435/L2_task-sharedreward_model-1_type-REPLACEME_sm-5.gfeat/copeCOPENUM.feat/stats/cope1.nii.gz,1,-11.86805556,0.104166667,0.222222222,-0.71606234,-0.082987722,-0.392361111,0.409722222,-0.919463592,10.91224499,-142.3253124,32.29967228,9.28,105571.0898,9.47229E-06
11439,/gpfs/scratch/tug87422/smithlab-shared/sharedreward-aging/derivatives/fsl/sub-11439/L1_task-sharedreward_model-1_type-REPLACEME_run-1_sm-5.feat/stats/copeCOPENUM.nii.gz,1,18.13194444,0.104166667,0.222222222,-12.84694603,0.077460277,0.607638889,-0.590277778,0.21510848,3.900335003,227.6089159,52.32389277,235.46,305896.9226,3.26908E-06
11440,/gpfs/scratch/tug87422/smithlab-shared/sharedreward-aging/derivatives/fsl/sub-11440/L2_task-sharedreward_model-1_type-REPLACEME_sm-5.gfeat/copeCOPENUM.feat/stats/cope1.nii.gz,1,18.13194444,0.104166667,0.222222222,-6.355413458,-0.033671469,0.607638889,-0.590277778,0.600493305,10.88811124,-156.7406429,152.7195275,7.66,85311.4196,1.17218E-05
11443,/gpfs/scratch/tug87422/smithlab-shared/sharedreward-aging/derivatives/fsl/sub-11443/L1_task-sharedreward_model-1_type-REPLACEME_run-1_sm-5.feat/stats/copeCOPENUM.nii.gz,1,12.13194444,0.104166667,0.222222222,-9.880520815,0.265792588,-0.392361111,0.409722222,-1.854318154,-22.49648482,1110.310312,123.3861732,121,697620.915,1.43344E-06
11451,/gpfs/scratch/tug87422/smithlab-shared/sharedreward-aging/derivatives/fsl/sub-11451/L2_task-sharedreward_model-1_type-REPLACEME_sm-5.gfeat/copeCOPENUM.feat/stats/cope1.nii.gz,1,3.131944444,0.104166667,0.222222222,4.282131298,0.075464566,0.607638889,-0.590277778,0.890971702,2.790473872,-21.10969838,24.90885854,-16.78,84113.18323,1.18887E-05
11461,/gpfs/scratch/tug87422/smithlab-shared/sharedreward-aging/derivatives/fsl/sub-11461/L2_task-sharedreward_model-1_type-REPLACEME_sm-5.gfeat/copeCOPENUM.feat/stats/cope1.nii.gz,1,29.13194444,0.104166667,0.222222222,-14.55624043,0.187116804,0.607638889,-0.590277778,-0.171958476,-5.009484769,-613.3122439,281.5399636,91.84,233810.6097,4.27697E-06
11462,/gpfs/scratch/tug87422/smithlab-shared/sharedreward-aging/derivatives/fsl/sub-11462/L1_task-sharedreward_model-1_type-REPLACEME_run-1_sm-5.feat/stats/copeCOPENUM.nii.gz,1,24.13194444,0.104166667,0.222222222,-5.323171812,-0.002145298,0.607638889,-0.590277778,-2.537599727,-61.23721563,497.3135811,163.8049498,203.19,320532.7842,3.11981E-06
11498,/gpfs/scratch/tug87422/smithlab-shared/sharedreward-aging/derivatives/fsl/sub-11498/L1_task-sharedreward_model-1_type-REPLACEME_run-1_sm-5.feat/stats/copeCOPENUM.nii.gz,1,1.131944444,0.104166667,0.222222222,-15.75192477,-0.023059192,-0.392361111,0.409722222,-2.132248549,-2.4135869,150.9838405,-201.5460167,-90.31,366128.5832,2.73128E-06
11517,/gpfs/scratch/tug87422/smithlab-shared/sharedreward-aging/derivatives/fsl/sub-11517/L2_task-sharedreward_model-1_type-REPLACEME_sm-5.gfeat/copeCOPENUM.feat/stats/cope1.nii.gz,1,-21.86805556,0.104166667,0.222222222,-1.876591304,-0.007829332,-0.392361111,0.409722222,-0.784340274,17.15199668,578.7717577,-276.0352261,93.79,185876.7424,5.37991E-06
11518,/gpfs/scratch/tug87422/smithlab-shared/sharedreward-aging/derivatives/fsl/sub-11518/L2_task-sharedreward_model-1_type-REPLACEME_sm-5.gfeat/copeCOPENUM.feat/stats/cope1.nii.gz,1,-23.86805556,0.104166667,0.222222222,-11.89860555,0.037596734,-0.392361111,0.409722222,-0.789429441,18.84214576,732.1000621,169.0615124,-151.82,334285.0236,2.99146E-06
11523,/gpfs/scratch/tug87422/smithlab-shared/sharedreward-aging/derivatives/fsl/sub-11523/L2_task-sharedreward_model-1_type-REPLACEME_sm-5.gfeat/copeCOPENUM.feat/stats/cope1.nii.gz,1,-8.868055556,0.104166667,0.222222222,-6.979493608,0.055541684,-0.392361111,0.409722222,0.292307105,-2.592195644,21.64267624,-202.2782191,-34.42,152528.5505,6.55615E-06
11526,/gpfs/scratch/tug87422/smithlab-shared/sharedreward-aging/derivatives/fsl/sub-11526/L2_task-sharedreward_model-1_type-REPLACEME_sm-5.gfeat/copeCOPENUM.feat/stats/cope1.nii.gz,1,-20.86805556,0.104166667,0.222222222,18.66100655,-0.110816177,-0.392361111,0.409722222,-0.085608631,1.78648566,159.7817316,-28.98024218,-101.78,188050.2766,5.31773E-06
11527,/gpfs/scratch/tug87422/smithlab-shared/sharedreward-aging/derivatives/fsl/sub-11527/L2_task-sharedreward_model-1_type-REPLACEME_sm-5.gfeat/copeCOPENUM.feat/stats/cope1.nii.gz,1,-22.86805556,0.104166667,0.222222222,-13.2202932,0.051637702,0.607638889,-0.590277778,1.462400273,-33.4422507,3.344719155,249.2239784,-25.46,494975.693,2.0203E-06
11529,/gpfs/scratch/tug87422/smithlab-shared/sharedreward-aging/derivatives/fsl/sub-11529/L2_task-sharedreward_model-1_type-REPLACEME_sm-5.gfeat/copeCOPENUM.feat/stats/cope1.nii.gz,1,-22.86805556,0.104166667,0.222222222,16.59375294,-0.08488408,-0.392361111,0.409722222,0.446883238,-10.21935071,-211.2604658,-76.65881536,300.67,93676.85238,1.0675E-05
11530,/gpfs/scratch/tug87422/smithlab-shared/sharedreward-aging/derivatives/fsl/sub-11530/L2_task-sharedreward_model-1_type-REPLACEME_sm-5.gfeat/copeCOPENUM.feat/stats/cope1.nii.gz,1,-19.86805556,0.104166667,0.222222222,-5.050974444,-0.016508437,-0.392361111,-0.590277778,1.106725484,-21.98848339,-762.6919404,-39.8031199,71.46,235795.2743,4.24097E-06
11532,/gpfs/scratch/tug87422/smithlab-shared/sharedreward-aging/derivatives/fsl/sub-11532/L2_task-sharedreward_model-1_type-REPLACEME_sm-5.gfeat/copeCOPENUM.feat/stats/cope1.nii.gz,1,-8.868055556,0.104166667,0.222222222,9.585266278,-0.081315162,-0.392361111,0.409722222,1.416067534,-12.55776556,259.1425668,172.9849519,204.23,106280.154,9.40909E-06
11533,/gpfs/scratch/tug87422/smithlab-shared/sharedreward-aging/derivatives/fsl/sub-11533/L2_task-sharedreward_model-1_type-REPLACEME_sm-5.gfeat/copeCOPENUM.feat/stats/cope1.nii.gz,1,-11.86805556,0.104166667,0.222222222,11.89122697,-0.080189439,-0.392361111,0.409722222,1.273376255,-15.11250014,-11.97818437,-109.9017493,35.68,134703.4651,7.42371E-06
11534,/gpfs/scratch/tug87422/smithlab-shared/sharedreward-aging/derivatives/fsl/sub-11534/L2_task-sharedreward_model-1_type-REPLACEME_sm-5.gfeat/copeCOPENUM.feat/stats/cope1.nii.gz,1,-22.86805556,0.104166667,0.222222222,-10.63018884,-0.009112475,0.607638889,-0.590277778,-0.999942103,22.86673157,-357.7686085,-250.8493392,-208.86,145881.2475,6.85489E-06
11535,/gpfs/scratch/tug87422/smithlab-shared/sharedreward-aging/derivatives/fsl/sub-11535/L2_task-sharedreward_model-1_type-REPLACEME_sm-5.gfeat/copeCOPENUM.feat/stats/cope1.nii.gz,1,-10.86805556,0.104166667,0.222222222,3.932153944,-0.038278096,-0.392361111,0.409722222,-1.087666276,11.82081751,678.5283583,318.2383624,-202.23,289755.8219,3.45118E-06
11536,/gpfs/scratch/tug87422/smithlab-shared/sharedreward-aging/derivatives/fsl/sub-11536/L2_task-sharedreward_model-1_type-REPLACEME_sm-5.gfeat/copeCOPENUM.feat/stats/cope1.nii.gz,1,-7.868055556,0.104166667,0.222222222,-2.750176917,0.004873747,0.607638889,-0.590277778,0.909448067,-7.155587919,-379.2056277,-299.3309188,157.08,156713.8005,6.38106E-06
11540,/gpfs/scratch/tug87422/smithlab-shared/sharedreward-aging/derivatives/fsl/sub-11540/L2_task-sharedreward_model-1_type-REPLACEME_sm-5.gfeat/copeCOPENUM.feat/stats/cope1.nii.gz,1,-9.868055556,0.104166667,0.222222222,9.787130163,-0.085444471,-0.392361111,0.409722222,1.382396694,-13.64156737,310.2510819,-221.9401245,-82.16,242028.7164,4.13174E-06
11542,/gpfs/scratch/tug87422/smithlab-shared/sharedreward-aging/derivatives/fsl/sub-11542/L2_task-sharedreward_model-1_type-REPLACEME_sm-5.gfeat/copeCOPENUM.feat/stats/cope1.nii.gz,1,16.13194444,0.104166667,0.222222222,-1.134008519,0.053007577,0.607638889,-0.590277778,0.169187517,2.72932362,-40.17382165,129.3176296,-59.28,258294.7171,3.87155E-06
11545,/gpfs/scratch/tug87422/smithlab-shared/sharedreward-aging/derivatives/fsl/sub-11545/L2_task-sharedreward_model-1_type-REPLACEME_sm-5.gfeat/copeCOPENUM.feat/stats/cope1.nii.gz,1,28.13194444,0.104166667,0.222222222,7.560191561,-0.000265373,-0.392361111,0.409722222,-4.137599727,-116.3987256,455.1862337,410.8507248,-34.29,161858.7257,6.17823E-06
11551,/gpfs/scratch/tug87422/smithlab-shared/sharedreward-aging/derivatives/fsl/sub-11551/L2_task-sharedreward_model-1_type-REPLACEME_sm-5.gfeat/copeCOPENUM.feat/stats/cope1.nii.gz,1,20.13194444,0.104166667,0.222222222,-3.630941277,0.001365978,-0.392361111,0.409722222,0.939625848,18.91649538,275.5654432,420.1935371,78.8,252207.4182,3.96499E-06
11559,/gpfs/scratch/tug87422/smithlab-shared/sharedreward-aging/derivatives/fsl/sub-11559/L2_task-sharedreward_model-1_type-REPLACEME_sm-5.gfeat/copeCOPENUM.feat/stats/cope1.nii.gz,1,22.13194444,0.104166667,0.222222222,-8.72223723,0.203709464,-0.392361111,0.409722222,1.197074326,26.49358247,220.4531802,205.6088249,-12.76,401170.9313,2.4927E-06
11563,/gpfs/scratch/tug87422/smithlab-shared/sharedreward-aging/derivatives/fsl/sub-11563/L2_task-sharedreward_model-1_type-REPLACEME_sm-5.gfeat/copeCOPENUM.feat/stats/cope1.nii.gz,1,10.13194444,0.104166667,0.222222222,-3.652845772,-0.066339812,0.607638889,-0.590277778,1.228847047,12.45061001,-91.76108844,-58.76196341,-46.08,127473.4868,7.84477E-06
11570,/gpfs/scratch/tug87422/smithlab-shared/sharedreward-aging/derivatives/fsl/sub-11570/L2_task-sharedreward_model-1_type-REPLACEME_sm-5.gfeat/copeCOPENUM.feat/stats/cope1.nii.gz,1,-3.868055556,0.104166667,0.222222222,-1.766464807,0.039219346,0.607638889,-0.590277778,-0.161649982,0.62527111,-249.2639822,-64.03791138,222.69,282413.8855,3.5409E-06
11572,/gpfs/scratch/tug87422/smithlab-shared/sharedreward-aging/derivatives/fsl/sub-11572/L2_task-sharedreward_model-1_type-REPLACEME_sm-5.gfeat/copeCOPENUM.feat/stats/cope1.nii.gz,1,-2.868055556,0.104166667,0.222222222,4.619079938,-0.028934243,0.607638889,-0.590277778,0.51730388,-1.483656267,-123.2530036,-72.39883534,183.11,274930.2445,3.63729E-06
11579,/gpfs/scratch/tug87422/smithlab-shared/sharedreward-aging/derivatives/fsl/sub-11579/L2_task-sharedreward_model-1_type-REPLACEME_sm-5.gfeat/copeCOPENUM.feat/stats/cope1.nii.gz,1,2.131944444,0.104166667,0.222222222,2.15216033,-0.028396472,0.607638889,-0.590277778,0.072499193,0.154564252,289.3136714,300.8076712,320.24,419203.2049,2.38548E-06
11586,/gpfs/scratch/tug87422/smithlab-shared/sharedreward-aging/derivatives/fsl/sub-11586/L1_task-sharedreward_model-1_type-REPLACEME_run-1_sm-5.feat/stats/copeCOPENUM.nii.gz,1,8.131944444,0.104166667,0.222222222,1.860138444,-0.088568735,0.607638889,-0.590277778,1.302371434,10.59081215,-277.5788867,29.2983106,-408.67,789906.5821,1.26597E-06
11588,/gpfs/scratch/tug87422/smithlab-shared/sharedreward-aging/derivatives/fsl/sub-11588/L2_task-sharedreward_model-1_type-REPLACEME_sm-5.gfeat/copeCOPENUM.feat/stats/cope1.nii.gz,1,9.131944444,0.104166667,0.222222222,18.30016888,-0.065584533,0.607638889,-0.590277778,0.446883238,4.080912901,-279.8824875,-122.7354316,-3.54,173309.4242,5.77003E-06
11591,/gpfs/scratch/tug87422/smithlab-shared/sharedreward-aging/derivatives/fsl/sub-11591/L2_task-sharedreward_model-1_type-REPLACEME_sm-5.gfeat/copeCOPENUM.feat/stats/cope1.nii.gz,1,14.13194444,0.104166667,0.222222222,-1.905624014,0.065385112,0.607638889,-0.590277778,0.939625848,13.27874029,-1017.890843,-85.58392068,215.13,322969.5901,3.09627E-06
11597,/gpfs/scratch/tug87422/smithlab-shared/sharedreward-aging/derivatives/fsl/sub-11597/L1_task-sharedreward_model-1_type-REPLACEME_run-2_sm-5.feat/stats/copeCOPENUM.nii.gz,1,7.131944444,0.104166667,0.222222222,-4.333392361,0.185869654,-0.392361111,0.409722222,0.361379759,2.577340364,-229.263844,-129.7568149,-93.93,712238.3067,1.40402E-06
11598,/gpfs/scratch/tug87422/smithlab-shared/sharedreward-aging/derivatives/fsl/sub-11598/L1_task-sharedreward_model-1_type-REPLACEME_run-1_sm-5.feat/stats/copeCOPENUM.nii.gz,1,7.131944444,0.104166667,0.222222222,-0.951760667,0.204466955,-0.392361111,0.409722222,1.462400273,10.42975751,665.9341848,236.9099962,161.94,751741.7878,1.33024E-06
11599,/gpfs/scratch/tug87422/smithlab-shared/sharedreward-aging/derivatives/fsl/sub-11599/L2_task-sharedreward_model-1_type-REPLACEME_sm-5.gfeat/copeCOPENUM.feat/stats/cope1.nii.gz,1,7.131944444,0.104166667,0.222222222,12.74079866,-0.042029931,-0.392361111,0.409722222,-1.617614146,-11.53673422,-50.32254603,9.060665619,-331.36,206214.8924,4.84931E-06
11600,/gpfs/scratch/tug87422/smithlab-shared/sharedreward-aging/derivatives/fsl/sub-11600/L2_task-sharedreward_model-1_type-REPLACEME_sm-5.gfeat/copeCOPENUM.feat/stats/cope1.nii.gz,1,8.131944444,0.104166667,0.222222222,6.045443548,-0.013826657,-0.392361111,0.409722222,0.966372139,7.858484544,135.1071914,-124.5878146,-213.59,137834.9588,7.25505E-06
11622,/gpfs/scratch/tug87422/smithlab-shared/sharedreward-aging/derivatives/fsl/sub-11622/L2_task-sharedreward_model-1_type-REPLACEME_sm-5.gfeat/copeCOPENUM.feat/stats/cope1.nii.gz,1,23.13194444,0.104166667,0.222222222,15.17989654,-0.041729719,-0.392361111,0.409722222,-1.330464824,-30.77623839,102.6157869,96.22774563,60.83,184982.4631,5.40592E-06
11623,/gpfs/scratch/tug87422/smithlab-shared/sharedreward-aging/derivatives/fsl/sub-11623/L1_task-sharedreward_model-1_type-REPLACEME_run-1_sm-5.feat/stats/copeCOPENUM.nii.gz,1,34.13194444,0.104166667,0.222222222,-4.579683906,0.013693435,-0.392361111,0.409722222,0.034404845,1.174304271,474.7653351,854.5018317,69.01,476489.4709,2.09868E-06
11625,/gpfs/scratch/tug87422/smithlab-shared/sharedreward-aging/derivatives/fsl/sub-11625/L2_task-sharedreward_model-1_type-REPLACEME_sm-5.gfeat/copeCOPENUM.feat/stats/cope1.nii.gz,1,27.13194444,0.104166667,0.222222222,-5.332790934,0.02004805,0.607638889,-0.590277778,0.097636097,2.649057159,-89.49265538,273.6031634,159.61,525097.6635,1.90441E-06
11626,/gpfs/scratch/tug87422/smithlab-shared/sharedreward-aging/derivatives/fsl/sub-11626/L2_task-sharedreward_model-1_type-REPLACEME_sm-5.gfeat/copeCOPENUM.feat/stats/cope1.nii.gz,1,26.13194444,0.104166667,0.222222222,10.72885791,-0.076659854,0.607638889,-0.590277778,0.091500772,2.391093096,90.54134369,165.0153468,222.06,231391.4142,4.32168E-06
11628,/gpfs/scratch/tug87422/smithlab-shared/sharedreward-aging/derivatives/fsl/sub-11628/L2_task-sharedreward_model-1_type-REPLACEME_sm-5.gfeat/copeCOPENUM.feat/stats/cope1.nii.gz,1,10.13194444,0.104166667,0.222222222,15.77780468,-0.042693902,-0.392361111,0.409722222,1.462400273,14.81695833,-139.4140516,-99.28910805,-30.5,382998.6523,2.61098E-06
11631,/gpfs/scratch/tug87422/smithlab-shared/sharedreward-aging/derivatives/fsl/sub-11631/L2_task-sharedreward_model-1_type-REPLACEME_sm-5.gfeat/copeCOPENUM.feat/stats/cope1.nii.gz,1,11.13194444,0.104166667,0.222222222,15.5014768,-0.085451845,-0.392361111,0.409722222,-3.689071589,-41.06653998,71.46864629,-24.6541475,280.22,87094.755,1.14817E-05
11651,/gpfs/scratch/tug87422/smithlab-shared/sharedreward-aging/derivatives/fsl/sub-11651/L2_task-sharedreward_model-1_type-REPLACEME_sm-5.gfeat/copeCOPENUM.feat/stats/cope1.nii.gz,1,17.13194444,0.104166667,0.222222222,-1.384560861,-0.006869807,0.607638889,-0.590277778,1.309647934,22.43681565,156.5880853,471.8117223,-270.54,254203.4066,3.93386E-06
11660,/gpfs/scratch/tug87422/smithlab-shared/sharedreward-aging/derivatives/fsl/sub-11660/L2_task-sharedreward_model-1_type-REPLACEME_sm-5.gfeat/copeCOPENUM.feat/stats/cope1.nii.gz,1,-3.868055556,0.104166667,0.222222222,8.916847873,-0.094700027,-0.392361111,0.409722222,-3.568512303,13.80320384,192.263747,121.9976452,94.46,125236.0391,7.98492E-06
11670,/gpfs/scratch/tug87422/smithlab-shared/sharedreward-aging/derivatives/fsl/sub-11670/L2_task-sharedreward_model-1_type-REPLACEME_sm-5.gfeat/copeCOPENUM.feat/stats/cope1.nii.gz,1,0.131944444,0.104166667,0.222222222,2.92718441,0.086447383,-0.392361111,0.409722222,-0.789429441,-0.104160829,400.8069299,-174.5864204,-24.11,318991.6145,3.13488E-06
11674,/gpfs/scratch/tug87422/smithlab-shared/sharedreward-aging/derivatives/fsl/sub-11674/L1_task-sharedreward_model-1_type-REPLACEME_run-1_sm-5.feat/stats/copeCOPENUM.nii.gz,1,11.13194444,0.104166667,0.222222222,12.59532297,0.012666938,0.607638889,-0.590277778,0.671859126,7.479098466,-604.3459009,-9.397270378,-135.59,370713.0865,2.6975E-06
11679,/gpfs/scratch/tug87422/smithlab-shared/sharedreward-aging/derivatives/fsl/sub-11679/L2_task-sharedreward_model-1_type-REPLACEME_sm-5.gfeat/copeCOPENUM.feat/stats/cope1.nii.gz,1,12.13194444,0.104166667,0.222222222,16.69360489,-0.071648552,-0.392361111,0.409722222,-0.29495904,-3.578426681,-72.13038203,52.60982314,-26.95,196954.8556,5.07731E-06
11692,/gpfs/scratch/tug87422/smithlab-shared/sharedreward-aging/derivatives/fsl/sub-11692/L2_task-sharedreward_model-1_type-REPLACEME_sm-5.gfeat/copeCOPENUM.feat/stats/cope1.nii.gz,1,18.13194444,0.104166667,0.222222222,-7.530706679,0.01927881,-0.392361111,0.409722222,-0.42063284,-7.626891294,288.4271398,88.71683734,-136.19,237146.1672,4.21681E-06
11701,/gpfs/scratch/tug87422/smithlab-shared/sharedreward-aging/derivatives/fsl/sub-11701/L2_task-sharedreward_model-1_type-REPLACEME_sm-5.gfeat/copeCOPENUM.feat/stats/cope1.nii.gz,1,21.13194444,0.104166667,0.222222222,1.998851597,-0.056771081,-0.392361111,0.409722222,-1.854318154,-39.18534821,-183.3509128,57.91831625,-169.09,380959.177,2.62495E-06
11703,/gpfs/scratch/tug87422/smithlab-shared/sharedreward-aging/derivatives/fsl/sub-11703/L2_task-sharedreward_model-1_type-REPLACEME_sm-5.gfeat/copeCOPENUM.feat/stats/cope1.nii.gz,1,9.131944444,0.104166667,0.222222222,10.65355134,0.012914408,-0.392361111,0.409722222,1.462400273,13.35455805,-127.7889859,153.3938396,14.71,285561.3677,3.50187E-06
11705,/gpfs/scratch/tug87422/smithlab-shared/sharedreward-aging/derivatives/fsl/sub-11705/L2_task-sharedreward_model-1_type-REPLACEME_sm-5.gfeat/copeCOPENUM.feat/stats/cope1.nii.gz,1,9.131944444,0.104166667,0.222222222,-0.245696701,0.071548698,0.607638889,-0.590277778,1.197074326,10.93161624,41.35089204,394.0991969,-53.52,276691.2444,3.61414E-06
11709,/gpfs/scratch/tug87422/smithlab-shared/sharedreward-aging/derivatives/fsl/sub-11709/L2_task-sharedreward_model-1_type-REPLACEME_sm-5.gfeat/copeCOPENUM.feat/stats/cope1.nii.gz,1,8.131944444,0.104166667,0.222222222,9.19108293,0.032451312,-0.392361111,0.409722222,-0.358443528,-2.914842854,69.69899617,-154.1491739,203.99,265983.7413,3.75963E-06
11710,/gpfs/scratch/tug87422/smithlab-shared/sharedreward-aging/derivatives/fsl/sub-11710/L2_task-sharedreward_model-1_type-REPLACEME_sm-5.gfeat/copeCOPENUM.feat/stats/cope1.nii.gz,1,26.13194444,0.104166667,0.222222222,14.93023449,0.039879384,0.607638889,-0.590277778,0.982560498,25.67621635,970.9719969,-42.75160186,-29.58,313411.1759,3.1907E-06
11714,/gpfs/scratch/tug87422/smithlab-shared/sharedreward-aging/derivatives/fsl/sub-11714/L2_task-sharedreward_model-1_type-REPLACEME_sm-5.gfeat/copeCOPENUM.feat/stats/cope1.nii.gz,1,26.13194444,0.104166667,0.222222222,-0.66042399,-0.006353199,0.607638889,-0.590277778,-0.29495904,-7.707853234,349.8927789,228.6724237,98.34,310449.0015,3.22114E-06
11719,/gpfs/scratch/tug87422/smithlab-shared/sharedreward-aging/derivatives/fsl/sub-11719/L1_task-sharedreward_model-1_type-REPLACEME_run-1_sm-5.feat/stats/copeCOPENUM.nii.gz,1,8.131944444,0.104166667,0.222222222,4.60943035,-0.011298843,-0.392361111,0.409722222,-0.072349281,-0.588340337,-146.8283372,70.35445372,251.97,579594.3074,1.72534E-06
11722,/gpfs/scratch/tug87422/smithlab-shared/sharedreward-aging/derivatives/fsl/sub-11722/L2_task-sharedreward_model-1_type-REPLACEME_sm-5.gfeat/copeCOPENUM.feat/stats/cope1.nii.gz,1,10.13194444,0.104166667,0.222222222,-0.745281612,0.09561378,-0.392361111,0.409722222,1.462400273,14.81695833,-349.8531634,-97.48326659,-19.3,319696.2671,3.12797E-06
11723,/gpfs/scratch/tug87422/smithlab-shared/sharedreward-aging/derivatives/fsl/sub-11723/L2_task-sharedreward_model-1_type-REPLACEME_sm-5.gfeat/copeCOPENUM.feat/stats/cope1.nii.gz,1,11.13194444,0.104166667,0.222222222,-2.30772486,0.007249714,0.607638889,-0.590277778,-2.952788095,-32.87027303,-314.7910055,-601.2042467,-154.58,136517.0611,7.32509E-06
11736,/gpfs/scratch/tug87422/smithlab-shared/sharedreward-aging/derivatives/fsl/sub-11736/L2_task-sharedreward_model-1_type-REPLACEME_sm-5.gfeat/copeCOPENUM.feat/stats/cope1.nii.gz,1,25.13194444,0.104166667,0.222222222,0.241902503,0.016549533,0.607638889,-0.590277778,-0.015354242,-0.385881951,265.4123592,-535.5197601,-600.33,230192.2876,4.34419E-06
11744,/gpfs/scratch/tug87422/smithlab-shared/sharedreward-aging/derivatives/fsl/sub-11744/L2_task-sharedreward_model-1_type-REPLACEME_sm-5.gfeat/copeCOPENUM.feat/stats/cope1.nii.gz,1,44.13194444,0.104166667,0.222222222,-5.731009865,-0.043509863,0.607638889,-0.590277778,-1.726472013,-76.19256695,-6.810269201,20.9632369,-236.07,387546.3038,2.58034E-06
11746,/gpfs/scratch/tug87422/smithlab-shared/sharedreward-aging/derivatives/fsl/sub-11746/L2_task-sharedreward_model-1_type-REPLACEME_sm-5.gfeat/copeCOPENUM.feat/stats/cope1.nii.gz,1,23.13194444,0.104166667,0.222222222,4.89742312,-0.051189176,0.607638889,-0.590277778,-2.590942673,-59.93354197,349.3305444,281.3091249,-133.29,240270.0785,4.16198E-06
11748,/gpfs/scratch/tug87422/smithlab-shared/sharedreward-aging/derivatives/fsl/sub-11748/L2_task-sharedreward_model-1_type-REPLACEME_sm-5.gfeat/copeCOPENUM.feat/stats/cope1.nii.gz,1,8.131944444,0.104166667,0.222222222,-3.302958587,-0.037864985,-0.392361111,0.409722222,-1.073498112,-8.729627004,505.2414691,152.3099392,-21.61,265501.814,3.76645E-06
11756,/gpfs/scratch/tug87422/smithlab-shared/sharedreward-aging/derivatives/fsl/sub-11756/L2_task-sharedreward_model-1_type-REPLACEME_sm-5.gfeat/copeCOPENUM.feat/stats/cope1.nii.gz,1,6.131944444,0.104166667,0.222222222,8.116874693,-0.082955129,-0.392361111,0.409722222,-1.617614146,-9.919120078,-158.1089566,-26.41580697,15.5,151138.2292,6.61646E-06
11764,/gpfs/scratch/tug87422/smithlab-shared/sharedreward-aging/derivatives/fsl/sub-11764/L2_task-sharedreward_model-1_type-REPLACEME_sm-5.gfeat/copeCOPENUM.feat/stats/cope1.nii.gz,1,23.13194444,0.104166667,0.222222222,9.958655496,-0.064621637,-0.392361111,0.409722222,0.34172198,7.904693865,-50.00413251,44.93393168,-42.28,320680.0494,3.11837E-06
11772,/gpfs/scratch/tug87422/smithlab-shared/sharedreward-aging/derivatives/fsl/sub-11772/L1_task-sharedreward_model-1_type-REPLACEME_run-1_sm-5.feat/stats/copeCOPENUM.nii.gz,1,4.131944444,0.104166667,0.222222222,11.9792305,-0.070340667,-0.392361111,0.409722222,-1.073498112,-4.435634558,-160.9587001,-1.688691634,-130.74,486840.311,2.05406E-06
11773,/gpfs/scratch/tug87422/smithlab-shared/sharedreward-aging/derivatives/fsl/sub-11773/L2_task-sharedreward_model-1_type-REPLACEME_sm-5.gfeat/copeCOPENUM.feat/stats/cope1.nii.gz,1,11.13194444,0.104166667,0.222222222,11.77102911,-0.066469331,-0.392361111,0.409722222,1.15548511,12.86279605,673.9193947,167.8645956,22.84,321841.4847,3.10712E-06
11774,/gpfs/scratch/tug87422/smithlab-shared/sharedreward-aging/derivatives/fsl/sub-11774/L2_task-sharedreward_model-1_type-REPLACEME_sm-5.gfeat/copeCOPENUM.feat/stats/cope1.nii.gz,1,-0.868055556,0.104166667,0.222222222,2.49434511,-0.019823079,-0.392361111,0.409722222,0.387096363,-0.336021149,749.9069761,-37.94526258,54.65,298165.7958,3.35384E-06
11784,/gpfs/scratch/tug87422/smithlab-shared/sharedreward-aging/derivatives/fsl/sub-11784/L2_task-sharedreward_model-1_type-REPLACEME_sm-5.gfeat/copeCOPENUM.feat/stats/cope1.nii.gz,1,-2.868055556,0.104166667,0.222222222,2.031858421,-0.008424739,0.607638889,-0.590277778,1.462400273,-4.194245228,380.9137611,-297.224163,248.5,337578.6123,2.96227E-06
11787,/gpfs/scratch/tug87422/smithlab-shared/sharedreward-aging/derivatives/fsl/sub-11787/L2_task-sharedreward_model-1_type-REPLACEME_sm-5.gfeat/copeCOPENUM.feat/stats/cope1.nii.gz,1,-4.868055556,0.104166667,0.222222222,-4.685274371,0.020535656,-0.392361111,0.409722222,1.15548511,-5.624965707,449.2296639,75.78608763,336.98,241661.6036,4.13802E-06
11788,/gpfs/scratch/tug87422/smithlab-shared/sharedreward-aging/derivatives/fsl/sub-11788/L2_task-sharedreward_model-1_type-REPLACEME_sm-5.gfeat/copeCOPENUM.feat/stats/cope1.nii.gz,1,-9.868055556,0.104166667,0.222222222,17.91158225,-0.08238818,0.607638889,-0.590277778,1.197074326,-11.81279595,-200.3848374,-111.1843449,147.94,195722.175,5.10928E-06
11789,/gpfs/scratch/tug87422/smithlab-shared/sharedreward-aging/derivatives/fsl/sub-11789/L2_task-sharedreward_model-1_type-REPLACEME_sm-5.gfeat/copeCOPENUM.feat/stats/cope1.nii.gz,1,-1.868055556,0.104166667,0.222222222,1.056539414,0.171605634,-0.392361111,0.409722222,1.033260419,-1.930187865,-257.7412887,-69.71392867,-146.49,341115.3583,2.93156E-06
11790,/gpfs/scratch/tug87422/smithlab-shared/sharedreward-aging/derivatives/fsl/sub-11790/L2_task-sharedreward_model-1_type-REPLACEME_sm-5.gfeat/copeCOPENUM.feat/stats/cope1.nii.gz,1,-7.868055556,0.104166667,0.222222222,1.851504378,0.005093769,-0.392361111,0.409722222,0.550390097,-4.330499864,-415.9477486,113.6294393,435.09,357137.9873,2.80004E-06
11793,/gpfs/scratch/tug87422/smithlab-shared/sharedreward-aging/derivatives/fsl/sub-11793/L2_task-sharedreward_model-1_type-REPLACEME_sm-5.gfeat/copeCOPENUM.feat/stats/cope1.nii.gz,1,-6.868055556,0.104166667,0.222222222,-4.688255586,0.01261699,-0.392361111,0.409722222,0.704125858,-4.83597551,-360.7902603,-231.523245,11.57,480915.4382,2.07937E-06
11795,/gpfs/scratch/tug87422/smithlab-shared/sharedreward-aging/derivatives/fsl/sub-11795/L2_task-sharedreward_model-1_type-REPLACEME_sm-5.gfeat/copeCOPENUM.feat/stats/cope1.nii.gz,1,-9.868055556,0.104166667,0.222222222,14.11000459,-0.041794928,0.607638889,-0.590277778,1.084655701,-10.70344272,-93.05001059,-252.9183156,-57.47,150679.8718,6.63659E-06
11815,/gpfs/scratch/tug87422/smithlab-shared/sharedreward-aging/derivatives/fsl/sub-11815/L2_task-sharedreward_model-1_type-REPLACEME_sm-5.gfeat/copeCOPENUM.feat/stats/cope1.nii.gz,1,19.13194444,0.104166667,0.222222222,3.786445483,-0.020852594,0.607638889,-0.590277778,-0.358443528,-6.85772166,-183.0044655,86.73061787,-468.44,183121.3423,5.46086E-06
11822,/gpfs/scratch/tug87422/smithlab-shared/sharedreward-aging/derivatives/fsl/sub-11822/L2_task-sharedreward_model-1_type-REPLACEME_sm-5.gfeat/copeCOPENUM.feat/stats/cope1.nii.gz,1,11.13194444,0.104166667,0.222222222,9.700952515,-0.053971225,-0.392361111,0.409722222,-0.03472708,-0.386579929,738.1424113,-19.31418966,343.83,91376.1934,1.09438E-05
11823,/gpfs/scratch/tug87422/smithlab-shared/sharedreward-aging/derivatives/fsl/sub-11823/L2_task-sharedreward_model-1_type-REPLACEME_sm-5.gfeat/copeCOPENUM.feat/stats/cope1.nii.gz,1,11.13194444,0.104166667,0.222222222,17.35041009,-0.068445358,-0.392361111,0.409722222,0.164705573,1.833493283,266.1824609,54.51696931,209.09,172184.3813,5.80773E-06
11824,/gpfs/scratch/tug87422/smithlab-shared/sharedreward-aging/derivatives/fsl/sub-11824/L2_task-sharedreward_model-1_type-REPLACEME_sm-5.gfeat/copeCOPENUM.feat/stats/cope1.nii.gz,1,17.13194444,0.104166667,0.222222222,-9.340839765,0.118565687,-0.392361111,0.409722222,0.615785282,10.54959924,58.92057623,16.67482925,137.19,414036.1463,2.41525E-06
11828,/gpfs/scratch/tug87422/smithlab-shared/sharedreward-aging/derivatives/fsl/sub-11828/L2_task-sharedreward_model-1_type-REPLACEME_sm-5.gfeat/copeCOPENUM.feat/stats/cope1.nii.gz,1,33.13194444,0.104166667,0.222222222,-0.445632143,-0.001142327,0.607638889,-0.590277778,-1.49504441,-49.53372832,57.55738139,491.2349984,318.05,257988.2315,3.87615E-06
11829,/gpfs/scratch/tug87422/smithlab-shared/sharedreward-aging/derivatives/fsl/sub-11829/L1_task-sharedreward_model-1_type-REPLACEME_run-2_sm-5.feat/stats/copeCOPENUM.nii.gz,1,11.13194444,0.104166667,0.222222222,25.82504833,-0.106682823,-0.392361111,0.409722222,1.447152472,16.10962092,-113.0186021,40.90619237,-176.62,131412.0094,7.60965E-06
11840,/gpfs/scratch/tug87422/smithlab-shared/sharedreward-aging/derivatives/fsl/sub-11840/L2_task-sharedreward_model-1_type-REPLACEME_sm-5.gfeat/copeCOPENUM.feat/stats/cope1.nii.gz,1,27.13194444,0.104166667,0.222222222,7.461524897,-0.047116375,0.607638889,-0.590277778,0.964096077,26.1578012,105.6703763,-1.013562318,-339.17,258847.5552,3.86328E-06
11847,/gpfs/scratch/tug87422/smithlab-shared/sharedreward-aging/derivatives/fsl/sub-11847/L2_task-sharedreward_model-1_type-REPLACEME_sm-5.gfeat/copeCOPENUM.feat/stats/cope1.nii.gz,1,12.13194444,0.104166667,0.222222222,-3.046414951,0.066697689,-0.392361111,0.409722222,-1.143487177,-13.8727229,381.8585625,187.614364,-15.42,442305.5291,2.26088E-06
11853,/gpfs/scratch/tug87422/smithlab-shared/sharedreward-aging/derivatives/fsl/sub-11853/L2_task-sharedreward_model-1_type-REPLACEME_sm-5.gfeat/copeCOPENUM.feat/stats/cope1.nii.gz,1,19.13194444,0.104166667,0.222222222,15.76517032,-0.079433075,-0.392361111,0.409722222,-0.64428562,-12.32643668,729.5752856,-207.9769447,-147.43,192401.0531,5.19748E-06
11854,/gpfs/scratch/tug87422/smithlab-shared/sharedreward-aging/derivatives/fsl/sub-11854/L2_task-sharedreward_model-1_type-REPLACEME_sm-5.gfeat/copeCOPENUM.feat/stats/cope1.nii.gz,1,26.13194444,0.104166667,0.222222222,-7.819789813,0.165119975,0.607638889,-0.590277778,0.361379759,9.443555784,161.1735357,378.4231214,-596.91,760570.1374,1.3148E-06
11861,/gpfs/scratch/tug87422/smithlab-shared/sharedreward-aging/derivatives/fsl/sub-11861/L2_task-sharedreward_model-1_type-REPLACEME_sm-5.gfeat/copeCOPENUM.feat/stats/cope1.nii.gz,1,-18.86805556,0.104166667,0.222222222,9.415706696,-0.014820985,0.607638889,-0.590277778,1.076446027,-20.31044345,-334.1663534,-3.617451476,-309.93,183643.4364,5.44533E-06
11866,/gpfs/scratch/tug87422/smithlab-shared/sharedreward-aging/derivatives/fsl/sub-11866/L2_task-sharedreward_model-1_type-REPLACEME_sm-5.gfeat/copeCOPENUM.feat/stats/cope1.nii.gz,1,-16.86805556,0.104166667,0.222222222,13.33183595,-0.00433619,0.607638889,-0.590277778,1.033260419,-17.42909415,24.46851158,100.0304139,-101.96,138342.7511,7.22842E-06
11867,/gpfs/scratch/tug87422/smithlab-shared/sharedreward-aging/derivatives/fsl/sub-11867/L2_task-sharedreward_model-1_type-REPLACEME_sm-5.gfeat/copeCOPENUM.feat/stats/cope1.nii.gz,1,-19.86805556,0.104166667,0.222222222,17.35551161,-0.096997626,0.607638889,-0.590277778,-0.008623252,0.171327252,154.4752393,119.565153,-121.47,156789.8407,6.37796E-06
11870,/gpfs/scratch/tug87422/smithlab-shared/sharedreward-aging/derivatives/fsl/sub-11870/L2_task-sharedreward_model-1_type-REPLACEME_sm-5.gfeat/copeCOPENUM.feat/stats/cope1.nii.gz,1,-16.86805556,0.104166667,0.222222222,10.86049722,-0.045221238,0.607638889,-0.590277778,-1.073498112,18.10782578,-62.75019462,-222.7824423,388.33,157877.1388,6.33404E-06
11872,/gpfs/scratch/tug87422/smithlab-shared/sharedreward-aging/derivatives/fsl/sub-11872/L2_task-sharedreward_model-1_type-REPLACEME_sm-5.gfeat/copeCOPENUM.feat/stats/cope1.nii.gz,1,-16.86805556,0.104166667,0.222222222,17.09814615,-0.032494894,0.607638889,-0.590277778,-2.65364225,44.76178489,-61.9166126,-235.2901121,225.31,108232.3929,9.23938E-06
11876,/gpfs/scratch/tug87422/smithlab-shared/sharedreward-aging/derivatives/fsl/sub-11876/L2_task-sharedreward_model-1_type-REPLACEME_sm-5.gfeat/copeCOPENUM.feat/stats/cope1.nii.gz,1,-13.86805556,0.104166667,0.222222222,21.14628536,-0.063296017,0.607638889,-0.590277778,0.21510848,-2.983136346,-411.1887463,-173.8561936,400.15,225598.5868,4.43265E-06
11877,/gpfs/scratch/tug87422/smithlab-shared/sharedreward-aging/derivatives/fsl/sub-11877/L2_task-sharedreward_model-1_type-REPLACEME_sm-5.gfeat/copeCOPENUM.feat/stats/cope1.nii.gz,1,-18.86805556,0.104166667,0.222222222,-7.149275631,-0.008017258,0.607638889,-0.590277778,-0.83970592,15.84361795,-168.9507358,-148.1015693,47.32,470673.4695,2.12462E-06
11881,/gpfs/scratch/tug87422/smithlab-shared/sharedreward-aging/derivatives/fsl/sub-11881/L1_task-sharedreward_model-1_type-REPLACEME_run-1_sm-5.feat/stats/copeCOPENUM.nii.gz,1,18.13194444,0.104166667,0.222222222,3.445063091,0.039563327,-0.392361111,0.409722222,-3.423427698,-62.07340082,177.8572229,-64.77777174,123.68,457691.2333,2.18488E-06
11885,/gpfs/scratch/tug87422/smithlab-shared/sharedreward-aging/derivatives/fsl/sub-11885/L2_task-sharedreward_model-1_type-REPLACEME_sm-5.gfeat/copeCOPENUM.feat/stats/cope1.nii.gz,1,12.13194444,0.104166667,0.222222222,9.052442153,-0.035476145,-0.392361111,0.409722222,-0.564002655,-6.842448882,336.0857257,-36.97745711,140.18,169521.7113,5.89895E-06
11891,/gpfs/scratch/tug87422/smithlab-shared/sharedreward-aging/derivatives/fsl/sub-11891/L2_task-sharedreward_model-1_type-REPLACEME_sm-5.gfeat/copeCOPENUM.feat/stats/cope1.nii.gz,1,27.13194444,0.104166667,0.222222222,7.506533513,0.026029232,-0.392361111,0.409722222,0.314816779,8.541591363,798.6235003,204.5914955,39.05,302651.9477,3.30413E-06