dataset	subject	session	type	runs	strategy	status	problem	path
ds003745	104		act	01,02	fixed_effects	unverified	unverified retained L1 runs [1, 2]; expected model directory absent	/ZPOOL/data/projects/sharedreward-aging/derivatives/fsl/ds003745/sub-104/L2_task-sharedreward_model-fulltrial_type-act_sm-6.gfeat
ds003745	104		ppi_seed-vs	01,02	fixed_effects	unverified	unverified retained L1 runs [1, 2]; expected model directory absent	/ZPOOL/data/projects/sharedreward-aging/derivatives/fsl/ds003745/sub-104/L2_task-sharedreward_model-fulltrial_type-ppi_seed-vs_sm-6.gfeat
ds003745	105		act	01,02	fixed_effects	unverified	unverified retained L1 runs [1, 2]; expected model directory absent	/ZPOOL/data/projects/sharedreward-aging/derivatives/fsl/ds003745/sub-105/L2_task-sharedreward_model-fulltrial_type-act_sm-6.gfeat
ds003745	105		ppi_seed-vs	01,02	fixed_effects	unverified	unverified retained L1 runs [1, 2]; expected model directory absent	/ZPOOL/data/projects/sharedreward-aging/derivatives/fsl/ds003745/sub-105/L2_task-sharedreward_model-fulltrial_type-ppi_seed-vs_sm-6.gfeat
ds003745	106		act	01,02	fixed_effects	unverified	unverified retained L1 runs [1, 2]; expected model directory absent	/ZPOOL/data/projects/sharedreward-aging/derivatives/fsl/ds003745/sub-106/L2_task-sharedreward_model-fulltrial_type-act_sm-6.gfeat
ds003745	106		ppi_seed-vs	01,02	fixed_effects	unverified	unverified retained L1 runs [1, 2]; expected model directory absent	/ZPOOL/data/projects/sharedreward-aging/derivatives/fsl/ds003745/sub-106/L2_task-sharedreward_model-fulltrial_type-ppi_seed-vs_sm-6.gfeat
ds003745	107		act	01,02	fixed_effects	unverified	unverified retained L1 runs [1, 2]; expected model directory absent	/ZPOOL/data/projects/sharedreward-aging/derivatives/fsl/ds003745/sub-107/L2_task-sharedreward_model-fulltrial_type-act_sm-6.gfeat
ds003745	107		ppi_seed-vs	01,02	fixed_effects	unverified	unverified retained L1 runs [1, 2]; expected model directory absent	/ZPOOL/data/projects/sharedreward-aging/derivatives/fsl/ds003745/sub-107/L2_task-sharedreward_model-fulltrial_type-ppi_seed-vs_sm-6.gfeat
ds003745	108		act	01,02	fixed_effects	unverified	unverified retained L1 runs [1, 2]; expected model directory absent	/ZPOOL/data/projects/sharedreward-aging/derivatives/fsl/ds003745/sub-108/L2_task-sharedreward_model-fulltrial_type-act_sm-6.gfeat
ds003745	108		ppi_seed-vs	01,02	fixed_effects	unverified	unverified retained L1 runs [1, 2]; expected model directory absent	/ZPOOL/data/projects/sharedreward-aging/derivatives/fsl/ds003745/sub-108/L2_task-sharedreward_model-fulltrial_type-ppi_seed-vs_sm-6.gfeat
ds003745	109		act	01	l1_passthrough	unverified	unverified retained L1 runs [1]; 	/ZPOOL/data/projects/sharedreward-aging/derivatives/fsl/ds003745/sub-109/L1_task-sharedreward_model-fulltrial_type-act_run-1_sm-6.feat
ds003745	109		ppi_seed-vs	01	l1_passthrough	unverified	unverified retained L1 runs [1]; 	/ZPOOL/data/projects/sharedreward-aging/derivatives/fsl/ds003745/sub-109/L1_task-sharedreward_model-fulltrial_type-ppi_seed-vs_run-1_sm-6.feat
ds003745	110		act	01,02	fixed_effects	unverified	unverified retained L1 runs [1, 2]; expected model directory absent	/ZPOOL/data/projects/sharedreward-aging/derivatives/fsl/ds003745/sub-110/L2_task-sharedreward_model-fulltrial_type-act_sm-6.gfeat
ds003745	110		ppi_seed-vs	01,02	fixed_effects	unverified	unverified retained L1 runs [1, 2]; expected model directory absent	/ZPOOL/data/projects/sharedreward-aging/derivatives/fsl/ds003745/sub-110/L2_task-sharedreward_model-fulltrial_type-ppi_seed-vs_sm-6.gfeat
ds003745	111		act	02	l1_passthrough	unverified	unverified retained L1 runs [2]; 	/ZPOOL/data/projects/sharedreward-aging/derivatives/fsl/ds003745/sub-111/L1_task-sharedreward_model-fulltrial_type-act_run-2_sm-6.feat
ds003745	111		ppi_seed-vs	02	l1_passthrough	unverified	unverified retained L1 runs [2]; 	/ZPOOL/data/projects/sharedreward-aging/derivatives/fsl/ds003745/sub-111/L1_task-sharedreward_model-fulltrial_type-ppi_seed-vs_run-2_sm-6.feat
ds003745	112		act	01,02	fixed_effects	unverified	unverified retained L1 runs [1, 2]; expected model directory absent	/ZPOOL/data/projects/sharedreward-aging/derivatives/fsl/ds003745/sub-112/L2_task-sharedreward_model-fulltrial_type-act_sm-6.gfeat
ds003745	112		ppi_seed-vs	01,02	fixed_effects	unverified	unverified retained L1 runs [1, 2]; expected model directory absent	/ZPOOL/data/projects/sharedreward-aging/derivatives/fsl/ds003745/sub-112/L2_task-sharedreward_model-fulltrial_type-ppi_seed-vs_sm-6.gfeat
ds003745	113		act	01,02	fixed_effects	unverified	unverified retained L1 runs [1, 2]; expected model directory absent	/ZPOOL/data/projects/sharedreward-aging/derivatives/fsl/ds003745/sub-113/L2_task-sharedreward_model-fulltrial_type-act_sm-6.gfeat
ds003745	113		ppi_seed-vs	01,02	fixed_effects	unverified	unverified retained L1 runs [1, 2]; expected model directory absent	/ZPOOL/data/projects/sharedreward-aging/derivatives/fsl/ds003745/sub-113/L2_task-sharedreward_model-fulltrial_type-ppi_seed-vs_sm-6.gfeat
ds003745	115		act	01,02	fixed_effects	unverified	unverified retained L1 runs [1, 2]; expected model directory absent	/ZPOOL/data/projects/sharedreward-aging/derivatives/fsl/ds003745/sub-115/L2_task-sharedreward_model-fulltrial_type-act_sm-6.gfeat
ds003745	115		ppi_seed-vs	01,02	fixed_effects	unverified	unverified retained L1 runs [1, 2]; expected model directory absent	/ZPOOL/data/projects/sharedreward-aging/derivatives/fsl/ds003745/sub-115/L2_task-sharedreward_model-fulltrial_type-ppi_seed-vs_sm-6.gfeat
ds003745	116		act	01,02	fixed_effects	unverified	unverified retained L1 runs [1, 2]; expected model directory absent	/ZPOOL/data/projects/sharedreward-aging/derivatives/fsl/ds003745/sub-116/L2_task-sharedreward_model-fulltrial_type-act_sm-6.gfeat
ds003745	116		ppi_seed-vs	01,02	fixed_effects	unverified	unverified retained L1 runs [1, 2]; expected model directory absent	/ZPOOL/data/projects/sharedreward-aging/derivatives/fsl/ds003745/sub-116/L2_task-sharedreward_model-fulltrial_type-ppi_seed-vs_sm-6.gfeat
ds003745	117		act	01,02	fixed_effects	unverified	unverified retained L1 runs [1, 2]; expected model directory absent	/ZPOOL/data/projects/sharedreward-aging/derivatives/fsl/ds003745/sub-117/L2_task-sharedreward_model-fulltrial_type-act_sm-6.gfeat
ds003745	117		ppi_seed-vs	01,02	fixed_effects	unverified	unverified retained L1 runs [1, 2]; expected model directory absent	/ZPOOL/data/projects/sharedreward-aging/derivatives/fsl/ds003745/sub-117/L2_task-sharedreward_model-fulltrial_type-ppi_seed-vs_sm-6.gfeat
ds003745	120		act	01,02	fixed_effects	unverified	unverified retained L1 runs [1, 2]; expected model directory absent	/ZPOOL/data/projects/sharedreward-aging/derivatives/fsl/ds003745/sub-120/L2_task-sharedreward_model-fulltrial_type-act_sm-6.gfeat
ds003745	120		ppi_seed-vs	01,02	fixed_effects	unverified	unverified retained L1 runs [1, 2]; expected model directory absent	/ZPOOL/data/projects/sharedreward-aging/derivatives/fsl/ds003745/sub-120/L2_task-sharedreward_model-fulltrial_type-ppi_seed-vs_sm-6.gfeat
ds003745	121		act	01,02	fixed_effects	unverified	unverified retained L1 runs [1, 2]; expected model directory absent	/ZPOOL/data/projects/sharedreward-aging/derivatives/fsl/ds003745/sub-121/L2_task-sharedreward_model-fulltrial_type-act_sm-6.gfeat
ds003745	121		ppi_seed-vs	01,02	fixed_effects	unverified	unverified retained L1 runs [1, 2]; expected model directory absent	/ZPOOL/data/projects/sharedreward-aging/derivatives/fsl/ds003745/sub-121/L2_task-sharedreward_model-fulltrial_type-ppi_seed-vs_sm-6.gfeat
ds003745	122		act	01,02	fixed_effects	unverified	unverified retained L1 runs [1, 2]; expected model directory absent	/ZPOOL/data/projects/sharedreward-aging/derivatives/fsl/ds003745/sub-122/L2_task-sharedreward_model-fulltrial_type-act_sm-6.gfeat
ds003745	122		ppi_seed-vs	01,02	fixed_effects	unverified	unverified retained L1 runs [1, 2]; expected model directory absent	/ZPOOL/data/projects/sharedreward-aging/derivatives/fsl/ds003745/sub-122/L2_task-sharedreward_model-fulltrial_type-ppi_seed-vs_sm-6.gfeat
ds003745	124		act	01,02	fixed_effects	unverified	unverified retained L1 runs [1, 2]; expected model directory absent	/ZPOOL/data/projects/sharedreward-aging/derivatives/fsl/ds003745/sub-124/L2_task-sharedreward_model-fulltrial_type-act_sm-6.gfeat
ds003745	124		ppi_seed-vs	01,02	fixed_effects	unverified	unverified retained L1 runs [1, 2]; expected model directory absent	/ZPOOL/data/projects/sharedreward-aging/derivatives/fsl/ds003745/sub-124/L2_task-sharedreward_model-fulltrial_type-ppi_seed-vs_sm-6.gfeat
ds003745	125		act	01,02	fixed_effects	unverified	unverified retained L1 runs [1, 2]; expected model directory absent	/ZPOOL/data/projects/sharedreward-aging/derivatives/fsl/ds003745/sub-125/L2_task-sharedreward_model-fulltrial_type-act_sm-6.gfeat
ds003745	125		ppi_seed-vs	01,02	fixed_effects	unverified	unverified retained L1 runs [1, 2]; expected model directory absent	/ZPOOL/data/projects/sharedreward-aging/derivatives/fsl/ds003745/sub-125/L2_task-sharedreward_model-fulltrial_type-ppi_seed-vs_sm-6.gfeat
ds003745	126		act	01,02	fixed_effects	unverified	unverified retained L1 runs [1, 2]; expected model directory absent	/ZPOOL/data/projects/sharedreward-aging/derivatives/fsl/ds003745/sub-126/L2_task-sharedreward_model-fulltrial_type-act_sm-6.gfeat
ds003745	126		ppi_seed-vs	01,02	fixed_effects	unverified	unverified retained L1 runs [1, 2]; expected model directory absent	/ZPOOL/data/projects/sharedreward-aging/derivatives/fsl/ds003745/sub-126/L2_task-sharedreward_model-fulltrial_type-ppi_seed-vs_sm-6.gfeat
ds003745	127		act	01,02	fixed_effects	unverified	unverified retained L1 runs [1, 2]; expected model directory absent	/ZPOOL/data/projects/sharedreward-aging/derivatives/fsl/ds003745/sub-127/L2_task-sharedreward_model-fulltrial_type-act_sm-6.gfeat
ds003745	127		ppi_seed-vs	01,02	fixed_effects	unverified	unverified retained L1 runs [1, 2]; expected model directory absent	/ZPOOL/data/projects/sharedreward-aging/derivatives/fsl/ds003745/sub-127/L2_task-sharedreward_model-fulltrial_type-ppi_seed-vs_sm-6.gfeat
ds003745	128		act	01,02	fixed_effects	unverified	unverified retained L1 runs [1, 2]; expected model directory absent	/ZPOOL/data/projects/sharedreward-aging/derivatives/fsl/ds003745/sub-128/L2_task-sharedreward_model-fulltrial_type-act_sm-6.gfeat
ds003745	128		ppi_seed-vs	01,02	fixed_effects	unverified	unverified retained L1 runs [1, 2]; expected model directory absent	/ZPOOL/data/projects/sharedreward-aging/derivatives/fsl/ds003745/sub-128/L2_task-sharedreward_model-fulltrial_type-ppi_seed-vs_sm-6.gfeat
ds003745	129		act	02	l1_passthrough	unverified	unverified retained L1 runs [2]; 	/ZPOOL/data/projects/sharedreward-aging/derivatives/fsl/ds003745/sub-129/L1_task-sharedreward_model-fulltrial_type-act_run-2_sm-6.feat
ds003745	129		ppi_seed-vs	02	l1_passthrough	unverified	unverified retained L1 runs [2]; 	/ZPOOL/data/projects/sharedreward-aging/derivatives/fsl/ds003745/sub-129/L1_task-sharedreward_model-fulltrial_type-ppi_seed-vs_run-2_sm-6.feat
ds003745	130		act	01,02	fixed_effects	unverified	unverified retained L1 runs [1, 2]; expected model directory absent	/ZPOOL/data/projects/sharedreward-aging/derivatives/fsl/ds003745/sub-130/L2_task-sharedreward_model-fulltrial_type-act_sm-6.gfeat
ds003745	130		ppi_seed-vs	01,02	fixed_effects	unverified	unverified retained L1 runs [1, 2]; expected model directory absent	/ZPOOL/data/projects/sharedreward-aging/derivatives/fsl/ds003745/sub-130/L2_task-sharedreward_model-fulltrial_type-ppi_seed-vs_sm-6.gfeat
ds003745	131		act	01,02	fixed_effects	unverified	unverified retained L1 runs [1, 2]; expected model directory absent	/ZPOOL/data/projects/sharedreward-aging/derivatives/fsl/ds003745/sub-131/L2_task-sharedreward_model-fulltrial_type-act_sm-6.gfeat
ds003745	131		ppi_seed-vs	01,02	fixed_effects	unverified	unverified retained L1 runs [1, 2]; expected model directory absent	/ZPOOL/data/projects/sharedreward-aging/derivatives/fsl/ds003745/sub-131/L2_task-sharedreward_model-fulltrial_type-ppi_seed-vs_sm-6.gfeat
ds003745	132		act	01,02	fixed_effects	unverified	unverified retained L1 runs [1, 2]; expected model directory absent	/ZPOOL/data/projects/sharedreward-aging/derivatives/fsl/ds003745/sub-132/L2_task-sharedreward_model-fulltrial_type-act_sm-6.gfeat
ds003745	132		ppi_seed-vs	01,02	fixed_effects	unverified	unverified retained L1 runs [1, 2]; expected model directory absent	/ZPOOL/data/projects/sharedreward-aging/derivatives/fsl/ds003745/sub-132/L2_task-sharedreward_model-fulltrial_type-ppi_seed-vs_sm-6.gfeat
ds003745	133		act	01,02	fixed_effects	unverified	unverified retained L1 runs [1, 2]; expected model directory absent	/ZPOOL/data/projects/sharedreward-aging/derivatives/fsl/ds003745/sub-133/L2_task-sharedreward_model-fulltrial_type-act_sm-6.gfeat
ds003745	133		ppi_seed-vs	01,02	fixed_effects	unverified	unverified retained L1 runs [1, 2]; expected model directory absent	/ZPOOL/data/projects/sharedreward-aging/derivatives/fsl/ds003745/sub-133/L2_task-sharedreward_model-fulltrial_type-ppi_seed-vs_sm-6.gfeat
ds003745	134		act	01,02	fixed_effects	unverified	unverified retained L1 runs [1, 2]; expected model directory absent	/ZPOOL/data/projects/sharedreward-aging/derivatives/fsl/ds003745/sub-134/L2_task-sharedreward_model-fulltrial_type-act_sm-6.gfeat
ds003745	134		ppi_seed-vs	01,02	fixed_effects	unverified	unverified retained L1 runs [1, 2]; expected model directory absent	/ZPOOL/data/projects/sharedreward-aging/derivatives/fsl/ds003745/sub-134/L2_task-sharedreward_model-fulltrial_type-ppi_seed-vs_sm-6.gfeat
ds003745	136		act	01,02	fixed_effects	unverified	unverified retained L1 runs [1, 2]; expected model directory absent	/ZPOOL/data/projects/sharedreward-aging/derivatives/fsl/ds003745/sub-136/L2_task-sharedreward_model-fulltrial_type-act_sm-6.gfeat
ds003745	136		ppi_seed-vs	01,02	fixed_effects	unverified	unverified retained L1 runs [1, 2]; expected model directory absent	/ZPOOL/data/projects/sharedreward-aging/derivatives/fsl/ds003745/sub-136/L2_task-sharedreward_model-fulltrial_type-ppi_seed-vs_sm-6.gfeat
ds003745	137		act	01,02	fixed_effects	unverified	unverified retained L1 runs [1, 2]; expected model directory absent	/ZPOOL/data/projects/sharedreward-aging/derivatives/fsl/ds003745/sub-137/L2_task-sharedreward_model-fulltrial_type-act_sm-6.gfeat
ds003745	137		ppi_seed-vs	01,02	fixed_effects	unverified	unverified retained L1 runs [1, 2]; expected model directory absent	/ZPOOL/data/projects/sharedreward-aging/derivatives/fsl/ds003745/sub-137/L2_task-sharedreward_model-fulltrial_type-ppi_seed-vs_sm-6.gfeat
ds003745	140		act	01,02	fixed_effects	unverified	unverified retained L1 runs [1, 2]; expected model directory absent	/ZPOOL/data/projects/sharedreward-aging/derivatives/fsl/ds003745/sub-140/L2_task-sharedreward_model-fulltrial_type-act_sm-6.gfeat
ds003745	140		ppi_seed-vs	01,02	fixed_effects	unverified	unverified retained L1 runs [1, 2]; expected model directory absent	/ZPOOL/data/projects/sharedreward-aging/derivatives/fsl/ds003745/sub-140/L2_task-sharedreward_model-fulltrial_type-ppi_seed-vs_sm-6.gfeat
ds003745	141		act	01,02	fixed_effects	unverified	unverified retained L1 runs [1, 2]; expected model directory absent	/ZPOOL/data/projects/sharedreward-aging/derivatives/fsl/ds003745/sub-141/L2_task-sharedreward_model-fulltrial_type-act_sm-6.gfeat
ds003745	141		ppi_seed-vs	01,02	fixed_effects	unverified	unverified retained L1 runs [1, 2]; expected model directory absent	/ZPOOL/data/projects/sharedreward-aging/derivatives/fsl/ds003745/sub-141/L2_task-sharedreward_model-fulltrial_type-ppi_seed-vs_sm-6.gfeat
ds003745	142		act	01,02	fixed_effects	unverified	unverified retained L1 runs [1, 2]; expected model directory absent	/ZPOOL/data/projects/sharedreward-aging/derivatives/fsl/ds003745/sub-142/L2_task-sharedreward_model-fulltrial_type-act_sm-6.gfeat
ds003745	142		ppi_seed-vs	01,02	fixed_effects	unverified	unverified retained L1 runs [1, 2]; expected model directory absent	/ZPOOL/data/projects/sharedreward-aging/derivatives/fsl/ds003745/sub-142/L2_task-sharedreward_model-fulltrial_type-ppi_seed-vs_sm-6.gfeat
ds003745	143		act	01,02	fixed_effects	unverified	unverified retained L1 runs [1, 2]; expected model directory absent	/ZPOOL/data/projects/sharedreward-aging/derivatives/fsl/ds003745/sub-143/L2_task-sharedreward_model-fulltrial_type-act_sm-6.gfeat
ds003745	143		ppi_seed-vs	01,02	fixed_effects	unverified	unverified retained L1 runs [1, 2]; expected model directory absent	/ZPOOL/data/projects/sharedreward-aging/derivatives/fsl/ds003745/sub-143/L2_task-sharedreward_model-fulltrial_type-ppi_seed-vs_sm-6.gfeat
ds003745	144		act	01,02	fixed_effects	verified		/ZPOOL/data/projects/sharedreward-aging/derivatives/fsl/ds003745/sub-144/L2_task-sharedreward_model-fulltrial_type-act_sm-6.gfeat
ds003745	144		ppi_seed-vs	01,02	fixed_effects	verified		/ZPOOL/data/projects/sharedreward-aging/derivatives/fsl/ds003745/sub-144/L2_task-sharedreward_model-fulltrial_type-ppi_seed-vs_sm-6.gfeat
ds003745	145		act	01,02	fixed_effects	unverified	unverified retained L1 runs [1, 2]; expected model directory absent	/ZPOOL/data/projects/sharedreward-aging/derivatives/fsl/ds003745/sub-145/L2_task-sharedreward_model-fulltrial_type-act_sm-6.gfeat
ds003745	145		ppi_seed-vs	01,02	fixed_effects	unverified	unverified retained L1 runs [1, 2]; expected model directory absent	/ZPOOL/data/projects/sharedreward-aging/derivatives/fsl/ds003745/sub-145/L2_task-sharedreward_model-fulltrial_type-ppi_seed-vs_sm-6.gfeat
ds003745	147		act	01,02	fixed_effects	unverified	unverified retained L1 runs [1, 2]; expected model directory absent	/ZPOOL/data/projects/sharedreward-aging/derivatives/fsl/ds003745/sub-147/L2_task-sharedreward_model-fulltrial_type-act_sm-6.gfeat
ds003745	147		ppi_seed-vs	01,02	fixed_effects	unverified	unverified retained L1 runs [1, 2]; expected model directory absent	/ZPOOL/data/projects/sharedreward-aging/derivatives/fsl/ds003745/sub-147/L2_task-sharedreward_model-fulltrial_type-ppi_seed-vs_sm-6.gfeat
ds003745	149		act	02	l1_passthrough	unverified	unverified retained L1 runs [2]; 	/ZPOOL/data/projects/sharedreward-aging/derivatives/fsl/ds003745/sub-149/L1_task-sharedreward_model-fulltrial_type-act_run-2_sm-6.feat
ds003745	149		ppi_seed-vs	02	l1_passthrough	unverified	unverified retained L1 runs [2]; 	/ZPOOL/data/projects/sharedreward-aging/derivatives/fsl/ds003745/sub-149/L1_task-sharedreward_model-fulltrial_type-ppi_seed-vs_run-2_sm-6.feat
ds003745	150		act	01,02	fixed_effects	unverified	unverified retained L1 runs [1, 2]; expected model directory absent	/ZPOOL/data/projects/sharedreward-aging/derivatives/fsl/ds003745/sub-150/L2_task-sharedreward_model-fulltrial_type-act_sm-6.gfeat
ds003745	150		ppi_seed-vs	01,02	fixed_effects	unverified	unverified retained L1 runs [1, 2]; expected model directory absent	/ZPOOL/data/projects/sharedreward-aging/derivatives/fsl/ds003745/sub-150/L2_task-sharedreward_model-fulltrial_type-ppi_seed-vs_sm-6.gfeat
ds003745	151		act	01,02	fixed_effects	unverified	unverified retained L1 runs [1, 2]; expected model directory absent	/ZPOOL/data/projects/sharedreward-aging/derivatives/fsl/ds003745/sub-151/L2_task-sharedreward_model-fulltrial_type-act_sm-6.gfeat
ds003745	151		ppi_seed-vs	01,02	fixed_effects	unverified	unverified retained L1 runs [1, 2]; expected model directory absent	/ZPOOL/data/projects/sharedreward-aging/derivatives/fsl/ds003745/sub-151/L2_task-sharedreward_model-fulltrial_type-ppi_seed-vs_sm-6.gfeat
ds003745	152		act	02	l1_passthrough	unverified	unverified retained L1 runs [2]; 	/ZPOOL/data/projects/sharedreward-aging/derivatives/fsl/ds003745/sub-152/L1_task-sharedreward_model-fulltrial_type-act_run-2_sm-6.feat
ds003745	152		ppi_seed-vs	02	l1_passthrough	unverified	unverified retained L1 runs [2]; 	/ZPOOL/data/projects/sharedreward-aging/derivatives/fsl/ds003745/sub-152/L1_task-sharedreward_model-fulltrial_type-ppi_seed-vs_run-2_sm-6.feat
ds003745	153		act	01,02	fixed_effects	unverified	unverified retained L1 runs [1, 2]; expected model directory absent	/ZPOOL/data/projects/sharedreward-aging/derivatives/fsl/ds003745/sub-153/L2_task-sharedreward_model-fulltrial_type-act_sm-6.gfeat
ds003745	153		ppi_seed-vs	01,02	fixed_effects	unverified	unverified retained L1 runs [1, 2]; expected model directory absent	/ZPOOL/data/projects/sharedreward-aging/derivatives/fsl/ds003745/sub-153/L2_task-sharedreward_model-fulltrial_type-ppi_seed-vs_sm-6.gfeat
ds003745	154		act	01,02	fixed_effects	unverified	unverified retained L1 runs [1, 2]; expected model directory absent	/ZPOOL/data/projects/sharedreward-aging/derivatives/fsl/ds003745/sub-154/L2_task-sharedreward_model-fulltrial_type-act_sm-6.gfeat
ds003745	154		ppi_seed-vs	01,02	fixed_effects	unverified	unverified retained L1 runs [1, 2]; expected model directory absent	/ZPOOL/data/projects/sharedreward-aging/derivatives/fsl/ds003745/sub-154/L2_task-sharedreward_model-fulltrial_type-ppi_seed-vs_sm-6.gfeat
ds003745	155		act	01,02	fixed_effects	unverified	unverified retained L1 runs [1, 2]; expected model directory absent	/ZPOOL/data/projects/sharedreward-aging/derivatives/fsl/ds003745/sub-155/L2_task-sharedreward_model-fulltrial_type-act_sm-6.gfeat
ds003745	155		ppi_seed-vs	01,02	fixed_effects	unverified	unverified retained L1 runs [1, 2]; expected model directory absent	/ZPOOL/data/projects/sharedreward-aging/derivatives/fsl/ds003745/sub-155/L2_task-sharedreward_model-fulltrial_type-ppi_seed-vs_sm-6.gfeat
ds003745	156		act	01,02	fixed_effects	unverified	unverified retained L1 runs [1, 2]; expected model directory absent	/ZPOOL/data/projects/sharedreward-aging/derivatives/fsl/ds003745/sub-156/L2_task-sharedreward_model-fulltrial_type-act_sm-6.gfeat
ds003745	156		ppi_seed-vs	01,02	fixed_effects	unverified	unverified retained L1 runs [1, 2]; expected model directory absent	/ZPOOL/data/projects/sharedreward-aging/derivatives/fsl/ds003745/sub-156/L2_task-sharedreward_model-fulltrial_type-ppi_seed-vs_sm-6.gfeat
ds003745	157		act	01,02	fixed_effects	unverified	unverified retained L1 runs [1, 2]; expected model directory absent	/ZPOOL/data/projects/sharedreward-aging/derivatives/fsl/ds003745/sub-157/L2_task-sharedreward_model-fulltrial_type-act_sm-6.gfeat
ds003745	157		ppi_seed-vs	01,02	fixed_effects	unverified	unverified retained L1 runs [1, 2]; expected model directory absent	/ZPOOL/data/projects/sharedreward-aging/derivatives/fsl/ds003745/sub-157/L2_task-sharedreward_model-fulltrial_type-ppi_seed-vs_sm-6.gfeat
ds003745	158		act	01,02	fixed_effects	unverified	unverified retained L1 runs [1, 2]; expected model directory absent	/ZPOOL/data/projects/sharedreward-aging/derivatives/fsl/ds003745/sub-158/L2_task-sharedreward_model-fulltrial_type-act_sm-6.gfeat
ds003745	158		ppi_seed-vs	01,02	fixed_effects	unverified	unverified retained L1 runs [1, 2]; expected model directory absent	/ZPOOL/data/projects/sharedreward-aging/derivatives/fsl/ds003745/sub-158/L2_task-sharedreward_model-fulltrial_type-ppi_seed-vs_sm-6.gfeat
ds003745	159		act	01,02	fixed_effects	unverified	unverified retained L1 runs [1, 2]; expected model directory absent	/ZPOOL/data/projects/sharedreward-aging/derivatives/fsl/ds003745/sub-159/L2_task-sharedreward_model-fulltrial_type-act_sm-6.gfeat
ds003745	159		ppi_seed-vs	01,02	fixed_effects	unverified	unverified retained L1 runs [1, 2]; expected model directory absent	/ZPOOL/data/projects/sharedreward-aging/derivatives/fsl/ds003745/sub-159/L2_task-sharedreward_model-fulltrial_type-ppi_seed-vs_sm-6.gfeat
rf1	10317	01	act	1,2	fixed_effects	unverified	unverified retained L1 runs [1, 2]; expected model directory absent	/ZPOOL/data/projects/sharedreward-aging/derivatives/fsl/rf1/sub-10317/ses-01/L2_task-sharedreward_model-fulltrial_type-act_sm-6.gfeat
rf1	10317	01	ppi_seed-vs	1,2	fixed_effects	unverified	unverified retained L1 runs [1, 2]; expected model directory absent	/ZPOOL/data/projects/sharedreward-aging/derivatives/fsl/rf1/sub-10317/ses-01/L2_task-sharedreward_model-fulltrial_type-ppi_seed-vs_sm-6.gfeat
rf1	10369	01	act	1,2	fixed_effects	unverified	unverified retained L1 runs [1, 2]; expected model directory absent	/ZPOOL/data/projects/sharedreward-aging/derivatives/fsl/rf1/sub-10369/ses-01/L2_task-sharedreward_model-fulltrial_type-act_sm-6.gfeat
rf1	10369	01	ppi_seed-vs	1,2	fixed_effects	unverified	unverified retained L1 runs [1, 2]; expected model directory absent	/ZPOOL/data/projects/sharedreward-aging/derivatives/fsl/rf1/sub-10369/ses-01/L2_task-sharedreward_model-fulltrial_type-ppi_seed-vs_sm-6.gfeat
rf1	10402	01	act	1,2	fixed_effects	unverified	unverified retained L1 runs [1, 2]; expected model directory absent	/ZPOOL/data/projects/sharedreward-aging/derivatives/fsl/rf1/sub-10402/ses-01/L2_task-sharedreward_model-fulltrial_type-act_sm-6.gfeat
rf1	10402	01	ppi_seed-vs	1,2	fixed_effects	unverified	unverified retained L1 runs [1, 2]; expected model directory absent	/ZPOOL/data/projects/sharedreward-aging/derivatives/fsl/rf1/sub-10402/ses-01/L2_task-sharedreward_model-fulltrial_type-ppi_seed-vs_sm-6.gfeat
rf1	10418	01	act	1,2	fixed_effects	unverified	unverified retained L1 runs [1, 2]; expected model directory absent	/ZPOOL/data/projects/sharedreward-aging/derivatives/fsl/rf1/sub-10418/ses-01/L2_task-sharedreward_model-fulltrial_type-act_sm-6.gfeat
rf1	10418	01	ppi_seed-vs	1,2	fixed_effects	unverified	unverified retained L1 runs [1, 2]; expected model directory absent	/ZPOOL/data/projects/sharedreward-aging/derivatives/fsl/rf1/sub-10418/ses-01/L2_task-sharedreward_model-fulltrial_type-ppi_seed-vs_sm-6.gfeat
rf1	10462	01	act	1	l1_passthrough	unverified	unverified retained L1 runs [1]; 	/ZPOOL/data/projects/sharedreward-aging/derivatives/fsl/rf1/sub-10462/ses-01/L1_task-sharedreward_model-fulltrial_type-act_run-1_sm-6.feat
rf1	10462	01	ppi_seed-vs	1	l1_passthrough	unverified	unverified retained L1 runs [1]; 	/ZPOOL/data/projects/sharedreward-aging/derivatives/fsl/rf1/sub-10462/ses-01/L1_task-sharedreward_model-fulltrial_type-ppi_seed-vs_run-1_sm-6.feat
rf1	10478	01	act	1,2	fixed_effects	unverified	unverified retained L1 runs [1, 2]; expected model directory absent	/ZPOOL/data/projects/sharedreward-aging/derivatives/fsl/rf1/sub-10478/ses-01/L2_task-sharedreward_model-fulltrial_type-act_sm-6.gfeat
rf1	10478	01	ppi_seed-vs	1,2	fixed_effects	unverified	unverified retained L1 runs [1, 2]; expected model directory absent	/ZPOOL/data/projects/sharedreward-aging/derivatives/fsl/rf1/sub-10478/ses-01/L2_task-sharedreward_model-fulltrial_type-ppi_seed-vs_sm-6.gfeat
rf1	10486	01	act	1,2	fixed_effects	unverified	unverified retained L1 runs [1, 2]; expected model directory absent	/ZPOOL/data/projects/sharedreward-aging/derivatives/fsl/rf1/sub-10486/ses-01/L2_task-sharedreward_model-fulltrial_type-act_sm-6.gfeat
rf1	10486	01	ppi_seed-vs	1,2	fixed_effects	unverified	unverified retained L1 runs [1, 2]; expected model directory absent	/ZPOOL/data/projects/sharedreward-aging/derivatives/fsl/rf1/sub-10486/ses-01/L2_task-sharedreward_model-fulltrial_type-ppi_seed-vs_sm-6.gfeat
rf1	10529	01	act	1,2	fixed_effects	unverified	unverified retained L1 runs [1, 2]; expected model directory absent	/ZPOOL/data/projects/sharedreward-aging/derivatives/fsl/rf1/sub-10529/ses-01/L2_task-sharedreward_model-fulltrial_type-act_sm-6.gfeat
rf1	10529	01	ppi_seed-vs	1,2	fixed_effects	unverified	unverified retained L1 runs [1, 2]; expected model directory absent	/ZPOOL/data/projects/sharedreward-aging/derivatives/fsl/rf1/sub-10529/ses-01/L2_task-sharedreward_model-fulltrial_type-ppi_seed-vs_sm-6.gfeat
rf1	10541	01	act	1,2	fixed_effects	unverified	unverified retained L1 runs [1, 2]; expected model directory absent	/ZPOOL/data/projects/sharedreward-aging/derivatives/fsl/rf1/sub-10541/ses-01/L2_task-sharedreward_model-fulltrial_type-act_sm-6.gfeat
rf1	10541	01	ppi_seed-vs	1,2	fixed_effects	unverified	unverified retained L1 runs [1, 2]; expected model directory absent	/ZPOOL/data/projects/sharedreward-aging/derivatives/fsl/rf1/sub-10541/ses-01/L2_task-sharedreward_model-fulltrial_type-ppi_seed-vs_sm-6.gfeat
rf1	10559	01	act	1,2	fixed_effects	unverified	unverified retained L1 runs [1, 2]; expected model directory absent	/ZPOOL/data/projects/sharedreward-aging/derivatives/fsl/rf1/sub-10559/ses-01/L2_task-sharedreward_model-fulltrial_type-act_sm-6.gfeat
rf1	10559	01	ppi_seed-vs	1,2	fixed_effects	unverified	unverified retained L1 runs [1, 2]; expected model directory absent	/ZPOOL/data/projects/sharedreward-aging/derivatives/fsl/rf1/sub-10559/ses-01/L2_task-sharedreward_model-fulltrial_type-ppi_seed-vs_sm-6.gfeat
rf1	10572	01	act	1,2	fixed_effects	unverified	unverified retained L1 runs [1, 2]; expected model directory absent	/ZPOOL/data/projects/sharedreward-aging/derivatives/fsl/rf1/sub-10572/ses-01/L2_task-sharedreward_model-fulltrial_type-act_sm-6.gfeat
rf1	10572	01	ppi_seed-vs	1,2	fixed_effects	unverified	unverified retained L1 runs [1, 2]; expected model directory absent	/ZPOOL/data/projects/sharedreward-aging/derivatives/fsl/rf1/sub-10572/ses-01/L2_task-sharedreward_model-fulltrial_type-ppi_seed-vs_sm-6.gfeat
rf1	10581	01	act	1,2	fixed_effects	unverified	unverified retained L1 runs [1, 2]; expected model directory absent	/ZPOOL/data/projects/sharedreward-aging/derivatives/fsl/rf1/sub-10581/ses-01/L2_task-sharedreward_model-fulltrial_type-act_sm-6.gfeat
rf1	10581	01	ppi_seed-vs	1,2	fixed_effects	unverified	unverified retained L1 runs [1, 2]; expected model directory absent	/ZPOOL/data/projects/sharedreward-aging/derivatives/fsl/rf1/sub-10581/ses-01/L2_task-sharedreward_model-fulltrial_type-ppi_seed-vs_sm-6.gfeat
rf1	10584	01	act	1	l1_passthrough	unverified	unverified retained L1 runs [1]; 	/ZPOOL/data/projects/sharedreward-aging/derivatives/fsl/rf1/sub-10584/ses-01/L1_task-sharedreward_model-fulltrial_type-act_run-1_sm-6.feat
rf1	10584	01	ppi_seed-vs	1	l1_passthrough	unverified	unverified retained L1 runs [1]; 	/ZPOOL/data/projects/sharedreward-aging/derivatives/fsl/rf1/sub-10584/ses-01/L1_task-sharedreward_model-fulltrial_type-ppi_seed-vs_run-1_sm-6.feat
rf1	10585	01	act	1,2	fixed_effects	unverified	unverified retained L1 runs [1, 2]; expected model directory absent	/ZPOOL/data/projects/sharedreward-aging/derivatives/fsl/rf1/sub-10585/ses-01/L2_task-sharedreward_model-fulltrial_type-act_sm-6.gfeat
rf1	10585	01	ppi_seed-vs	1,2	fixed_effects	unverified	unverified retained L1 runs [1, 2]; expected model directory absent	/ZPOOL/data/projects/sharedreward-aging/derivatives/fsl/rf1/sub-10585/ses-01/L2_task-sharedreward_model-fulltrial_type-ppi_seed-vs_sm-6.gfeat
rf1	10589	01	act	1,2	fixed_effects	unverified	unverified retained L1 runs [1, 2]; expected model directory absent	/ZPOOL/data/projects/sharedreward-aging/derivatives/fsl/rf1/sub-10589/ses-01/L2_task-sharedreward_model-fulltrial_type-act_sm-6.gfeat
rf1	10589	01	ppi_seed-vs	1,2	fixed_effects	unverified	unverified retained L1 runs [1, 2]; expected model directory absent	/ZPOOL/data/projects/sharedreward-aging/derivatives/fsl/rf1/sub-10589/ses-01/L2_task-sharedreward_model-fulltrial_type-ppi_seed-vs_sm-6.gfeat
rf1	10590	01	act	1,2	fixed_effects	unverified	unverified retained L1 runs [1, 2]; expected model directory absent	/ZPOOL/data/projects/sharedreward-aging/derivatives/fsl/rf1/sub-10590/ses-01/L2_task-sharedreward_model-fulltrial_type-act_sm-6.gfeat
rf1	10590	01	ppi_seed-vs	1,2	fixed_effects	unverified	unverified retained L1 runs [1, 2]; expected model directory absent	/ZPOOL/data/projects/sharedreward-aging/derivatives/fsl/rf1/sub-10590/ses-01/L2_task-sharedreward_model-fulltrial_type-ppi_seed-vs_sm-6.gfeat
rf1	10596	01	act	1,2	fixed_effects	unverified	unverified retained L1 runs [1, 2]; expected model directory absent	/ZPOOL/data/projects/sharedreward-aging/derivatives/fsl/rf1/sub-10596/ses-01/L2_task-sharedreward_model-fulltrial_type-act_sm-6.gfeat
rf1	10596	01	ppi_seed-vs	1,2	fixed_effects	unverified	unverified retained L1 runs [1, 2]; expected model directory absent	/ZPOOL/data/projects/sharedreward-aging/derivatives/fsl/rf1/sub-10596/ses-01/L2_task-sharedreward_model-fulltrial_type-ppi_seed-vs_sm-6.gfeat
rf1	10603	01	act	1	l1_passthrough	unverified	unverified retained L1 runs [1]; 	/ZPOOL/data/projects/sharedreward-aging/derivatives/fsl/rf1/sub-10603/ses-01/L1_task-sharedreward_model-fulltrial_type-act_run-1_sm-6.feat
rf1	10603	01	ppi_seed-vs	1	l1_passthrough	unverified	unverified retained L1 runs [1]; 	/ZPOOL/data/projects/sharedreward-aging/derivatives/fsl/rf1/sub-10603/ses-01/L1_task-sharedreward_model-fulltrial_type-ppi_seed-vs_run-1_sm-6.feat
rf1	10606	01	act	1,2	fixed_effects	unverified	unverified retained L1 runs [1, 2]; expected model directory absent	/ZPOOL/data/projects/sharedreward-aging/derivatives/fsl/rf1/sub-10606/ses-01/L2_task-sharedreward_model-fulltrial_type-act_sm-6.gfeat
rf1	10606	01	ppi_seed-vs	1,2	fixed_effects	unverified	unverified retained L1 runs [1, 2]; expected model directory absent	/ZPOOL/data/projects/sharedreward-aging/derivatives/fsl/rf1/sub-10606/ses-01/L2_task-sharedreward_model-fulltrial_type-ppi_seed-vs_sm-6.gfeat
rf1	10608	01	act	1	l1_passthrough	unverified	unverified retained L1 runs [1]; 	/ZPOOL/data/projects/sharedreward-aging/derivatives/fsl/rf1/sub-10608/ses-01/L1_task-sharedreward_model-fulltrial_type-act_run-1_sm-6.feat
rf1	10608	01	ppi_seed-vs	1	l1_passthrough	unverified	unverified retained L1 runs [1]; 	/ZPOOL/data/projects/sharedreward-aging/derivatives/fsl/rf1/sub-10608/ses-01/L1_task-sharedreward_model-fulltrial_type-ppi_seed-vs_run-1_sm-6.feat
rf1	10617	01	act	1	l1_passthrough	unverified	unverified retained L1 runs [1]; 	/ZPOOL/data/projects/sharedreward-aging/derivatives/fsl/rf1/sub-10617/ses-01/L1_task-sharedreward_model-fulltrial_type-act_run-1_sm-6.feat
rf1	10617	01	ppi_seed-vs	1	l1_passthrough	unverified	unverified retained L1 runs [1]; 	/ZPOOL/data/projects/sharedreward-aging/derivatives/fsl/rf1/sub-10617/ses-01/L1_task-sharedreward_model-fulltrial_type-ppi_seed-vs_run-1_sm-6.feat
rf1	10636	01	act	1,2	fixed_effects	unverified	unverified retained L1 runs [1, 2]; expected model directory absent	/ZPOOL/data/projects/sharedreward-aging/derivatives/fsl/rf1/sub-10636/ses-01/L2_task-sharedreward_model-fulltrial_type-act_sm-6.gfeat
rf1	10636	01	ppi_seed-vs	1,2	fixed_effects	unverified	unverified retained L1 runs [1, 2]; expected model directory absent	/ZPOOL/data/projects/sharedreward-aging/derivatives/fsl/rf1/sub-10636/ses-01/L2_task-sharedreward_model-fulltrial_type-ppi_seed-vs_sm-6.gfeat
rf1	10638	01	act	1,2	fixed_effects	unverified	unverified retained L1 runs [1, 2]; expected model directory absent	/ZPOOL/data/projects/sharedreward-aging/derivatives/fsl/rf1/sub-10638/ses-01/L2_task-sharedreward_model-fulltrial_type-act_sm-6.gfeat
rf1	10638	01	ppi_seed-vs	1,2	fixed_effects	unverified	unverified retained L1 runs [1, 2]; expected model directory absent	/ZPOOL/data/projects/sharedreward-aging/derivatives/fsl/rf1/sub-10638/ses-01/L2_task-sharedreward_model-fulltrial_type-ppi_seed-vs_sm-6.gfeat
rf1	10640	01	act	1,2	fixed_effects	unverified	unverified retained L1 runs [1, 2]; expected model directory absent	/ZPOOL/data/projects/sharedreward-aging/derivatives/fsl/rf1/sub-10640/ses-01/L2_task-sharedreward_model-fulltrial_type-act_sm-6.gfeat
rf1	10640	01	ppi_seed-vs	1,2	fixed_effects	unverified	unverified retained L1 runs [1, 2]; expected model directory absent	/ZPOOL/data/projects/sharedreward-aging/derivatives/fsl/rf1/sub-10640/ses-01/L2_task-sharedreward_model-fulltrial_type-ppi_seed-vs_sm-6.gfeat
rf1	10641	01	act	1	l1_passthrough	unverified	unverified retained L1 runs [1]; 	/ZPOOL/data/projects/sharedreward-aging/derivatives/fsl/rf1/sub-10641/ses-01/L1_task-sharedreward_model-fulltrial_type-act_run-1_sm-6.feat
rf1	10641	01	ppi_seed-vs	1	l1_passthrough	unverified	unverified retained L1 runs [1]; 	/ZPOOL/data/projects/sharedreward-aging/derivatives/fsl/rf1/sub-10641/ses-01/L1_task-sharedreward_model-fulltrial_type-ppi_seed-vs_run-1_sm-6.feat
rf1	10642	01	act	1,2	fixed_effects	unverified	unverified retained L1 runs [1, 2]; expected model directory absent	/ZPOOL/data/projects/sharedreward-aging/derivatives/fsl/rf1/sub-10642/ses-01/L2_task-sharedreward_model-fulltrial_type-act_sm-6.gfeat
rf1	10642	01	ppi_seed-vs	1,2	fixed_effects	unverified	unverified retained L1 runs [1, 2]; expected model directory absent	/ZPOOL/data/projects/sharedreward-aging/derivatives/fsl/rf1/sub-10642/ses-01/L2_task-sharedreward_model-fulltrial_type-ppi_seed-vs_sm-6.gfeat
rf1	10644	01	act	1,2	fixed_effects	unverified	unverified retained L1 runs [1, 2]; expected model directory absent	/ZPOOL/data/projects/sharedreward-aging/derivatives/fsl/rf1/sub-10644/ses-01/L2_task-sharedreward_model-fulltrial_type-act_sm-6.gfeat
rf1	10644	01	ppi_seed-vs	1,2	fixed_effects	unverified	unverified retained L1 runs [1, 2]; expected model directory absent	/ZPOOL/data/projects/sharedreward-aging/derivatives/fsl/rf1/sub-10644/ses-01/L2_task-sharedreward_model-fulltrial_type-ppi_seed-vs_sm-6.gfeat
rf1	10647	01	act	1,2	fixed_effects	unverified	unverified retained L1 runs [1, 2]; expected model directory absent	/ZPOOL/data/projects/sharedreward-aging/derivatives/fsl/rf1/sub-10647/ses-01/L2_task-sharedreward_model-fulltrial_type-act_sm-6.gfeat
rf1	10647	01	ppi_seed-vs	1,2	fixed_effects	unverified	unverified retained L1 runs [1, 2]; expected model directory absent	/ZPOOL/data/projects/sharedreward-aging/derivatives/fsl/rf1/sub-10647/ses-01/L2_task-sharedreward_model-fulltrial_type-ppi_seed-vs_sm-6.gfeat
rf1	10649	01	act	1,2	fixed_effects	unverified	unverified retained L1 runs [1, 2]; expected model directory absent	/ZPOOL/data/projects/sharedreward-aging/derivatives/fsl/rf1/sub-10649/ses-01/L2_task-sharedreward_model-fulltrial_type-act_sm-6.gfeat
rf1	10649	01	ppi_seed-vs	1,2	fixed_effects	unverified	unverified retained L1 runs [1, 2]; expected model directory absent	/ZPOOL/data/projects/sharedreward-aging/derivatives/fsl/rf1/sub-10649/ses-01/L2_task-sharedreward_model-fulltrial_type-ppi_seed-vs_sm-6.gfeat
rf1	10652	01	act	1,2	fixed_effects	unverified	unverified retained L1 runs [1, 2]; expected model directory absent	/ZPOOL/data/projects/sharedreward-aging/derivatives/fsl/rf1/sub-10652/ses-01/L2_task-sharedreward_model-fulltrial_type-act_sm-6.gfeat
rf1	10652	01	ppi_seed-vs	1,2	fixed_effects	unverified	unverified retained L1 runs [1, 2]; expected model directory absent	/ZPOOL/data/projects/sharedreward-aging/derivatives/fsl/rf1/sub-10652/ses-01/L2_task-sharedreward_model-fulltrial_type-ppi_seed-vs_sm-6.gfeat
rf1	10656	01	act	1,2	fixed_effects	unverified	unverified retained L1 runs [1, 2]; expected model directory absent	/ZPOOL/data/projects/sharedreward-aging/derivatives/fsl/rf1/sub-10656/ses-01/L2_task-sharedreward_model-fulltrial_type-act_sm-6.gfeat
rf1	10656	01	ppi_seed-vs	1,2	fixed_effects	unverified	unverified retained L1 runs [1, 2]; expected model directory absent	/ZPOOL/data/projects/sharedreward-aging/derivatives/fsl/rf1/sub-10656/ses-01/L2_task-sharedreward_model-fulltrial_type-ppi_seed-vs_sm-6.gfeat
rf1	10657	01	act	1,2	fixed_effects	unverified	unverified retained L1 runs [1, 2]; expected model directory absent	/ZPOOL/data/projects/sharedreward-aging/derivatives/fsl/rf1/sub-10657/ses-01/L2_task-sharedreward_model-fulltrial_type-act_sm-6.gfeat
rf1	10657	01	ppi_seed-vs	1,2	fixed_effects	unverified	unverified retained L1 runs [1, 2]; expected model directory absent	/ZPOOL/data/projects/sharedreward-aging/derivatives/fsl/rf1/sub-10657/ses-01/L2_task-sharedreward_model-fulltrial_type-ppi_seed-vs_sm-6.gfeat
rf1	10661	01	act	1,2	fixed_effects	unverified	unverified retained L1 runs [1, 2]; expected model directory absent	/ZPOOL/data/projects/sharedreward-aging/derivatives/fsl/rf1/sub-10661/ses-01/L2_task-sharedreward_model-fulltrial_type-act_sm-6.gfeat
rf1	10661	01	ppi_seed-vs	1,2	fixed_effects	unverified	unverified retained L1 runs [1, 2]; expected model directory absent	/ZPOOL/data/projects/sharedreward-aging/derivatives/fsl/rf1/sub-10661/ses-01/L2_task-sharedreward_model-fulltrial_type-ppi_seed-vs_sm-6.gfeat
rf1	10663	01	act	1,2	fixed_effects	unverified	unverified retained L1 runs [1, 2]; expected model directory absent	/ZPOOL/data/projects/sharedreward-aging/derivatives/fsl/rf1/sub-10663/ses-01/L2_task-sharedreward_model-fulltrial_type-act_sm-6.gfeat
rf1	10663	01	ppi_seed-vs	1,2	fixed_effects	unverified	unverified retained L1 runs [1, 2]; expected model directory absent	/ZPOOL/data/projects/sharedreward-aging/derivatives/fsl/rf1/sub-10663/ses-01/L2_task-sharedreward_model-fulltrial_type-ppi_seed-vs_sm-6.gfeat
rf1	10668	01	act	1	l1_passthrough	unverified	unverified retained L1 runs [1]; 	/ZPOOL/data/projects/sharedreward-aging/derivatives/fsl/rf1/sub-10668/ses-01/L1_task-sharedreward_model-fulltrial_type-act_run-1_sm-6.feat
rf1	10668	01	ppi_seed-vs	1	l1_passthrough	unverified	unverified retained L1 runs [1]; 	/ZPOOL/data/projects/sharedreward-aging/derivatives/fsl/rf1/sub-10668/ses-01/L1_task-sharedreward_model-fulltrial_type-ppi_seed-vs_run-1_sm-6.feat
rf1	10673	01	act	1,2	fixed_effects	unverified	unverified retained L1 runs [1, 2]; expected model directory absent	/ZPOOL/data/projects/sharedreward-aging/derivatives/fsl/rf1/sub-10673/ses-01/L2_task-sharedreward_model-fulltrial_type-act_sm-6.gfeat
rf1	10673	01	ppi_seed-vs	1,2	fixed_effects	unverified	unverified retained L1 runs [1, 2]; expected model directory absent	/ZPOOL/data/projects/sharedreward-aging/derivatives/fsl/rf1/sub-10673/ses-01/L2_task-sharedreward_model-fulltrial_type-ppi_seed-vs_sm-6.gfeat
rf1	10674	01	act	1,2	fixed_effects	unverified	unverified retained L1 runs [1, 2]; expected model directory absent	/ZPOOL/data/projects/sharedreward-aging/derivatives/fsl/rf1/sub-10674/ses-01/L2_task-sharedreward_model-fulltrial_type-act_sm-6.gfeat
rf1	10674	01	ppi_seed-vs	1,2	fixed_effects	unverified	unverified retained L1 runs [1, 2]; expected model directory absent	/ZPOOL/data/projects/sharedreward-aging/derivatives/fsl/rf1/sub-10674/ses-01/L2_task-sharedreward_model-fulltrial_type-ppi_seed-vs_sm-6.gfeat
rf1	10677	01	act	1,2	fixed_effects	unverified	unverified retained L1 runs [1, 2]; expected model directory absent	/ZPOOL/data/projects/sharedreward-aging/derivatives/fsl/rf1/sub-10677/ses-01/L2_task-sharedreward_model-fulltrial_type-act_sm-6.gfeat
rf1	10677	01	ppi_seed-vs	1,2	fixed_effects	unverified	unverified retained L1 runs [1, 2]; expected model directory absent	/ZPOOL/data/projects/sharedreward-aging/derivatives/fsl/rf1/sub-10677/ses-01/L2_task-sharedreward_model-fulltrial_type-ppi_seed-vs_sm-6.gfeat
rf1	10685	01	act	1,2	fixed_effects	unverified	unverified retained L1 runs [1, 2]; expected model directory absent	/ZPOOL/data/projects/sharedreward-aging/derivatives/fsl/rf1/sub-10685/ses-01/L2_task-sharedreward_model-fulltrial_type-act_sm-6.gfeat
rf1	10685	01	ppi_seed-vs	1,2	fixed_effects	unverified	unverified retained L1 runs [1, 2]; expected model directory absent	/ZPOOL/data/projects/sharedreward-aging/derivatives/fsl/rf1/sub-10685/ses-01/L2_task-sharedreward_model-fulltrial_type-ppi_seed-vs_sm-6.gfeat
rf1	10690	01	act	1,2	fixed_effects	unverified	unverified retained L1 runs [1, 2]; expected model directory absent	/ZPOOL/data/projects/sharedreward-aging/derivatives/fsl/rf1/sub-10690/ses-01/L2_task-sharedreward_model-fulltrial_type-act_sm-6.gfeat
rf1	10690	01	ppi_seed-vs	1,2	fixed_effects	unverified	unverified retained L1 runs [1, 2]; expected model directory absent	/ZPOOL/data/projects/sharedreward-aging/derivatives/fsl/rf1/sub-10690/ses-01/L2_task-sharedreward_model-fulltrial_type-ppi_seed-vs_sm-6.gfeat
rf1	10691	01	act	1,2	fixed_effects	unverified	unverified retained L1 runs [1, 2]; expected model directory absent	/ZPOOL/data/projects/sharedreward-aging/derivatives/fsl/rf1/sub-10691/ses-01/L2_task-sharedreward_model-fulltrial_type-act_sm-6.gfeat
rf1	10691	01	ppi_seed-vs	1,2	fixed_effects	unverified	unverified retained L1 runs [1, 2]; expected model directory absent	/ZPOOL/data/projects/sharedreward-aging/derivatives/fsl/rf1/sub-10691/ses-01/L2_task-sharedreward_model-fulltrial_type-ppi_seed-vs_sm-6.gfeat
rf1	10700	01	act	1,2	fixed_effects	unverified	unverified retained L1 runs [1, 2]; expected model directory absent	/ZPOOL/data/projects/sharedreward-aging/derivatives/fsl/rf1/sub-10700/ses-01/L2_task-sharedreward_model-fulltrial_type-act_sm-6.gfeat
rf1	10700	01	ppi_seed-vs	1,2	fixed_effects	unverified	unverified retained L1 runs [1, 2]; expected model directory absent	/ZPOOL/data/projects/sharedreward-aging/derivatives/fsl/rf1/sub-10700/ses-01/L2_task-sharedreward_model-fulltrial_type-ppi_seed-vs_sm-6.gfeat
rf1	10701	01	act	1,2	fixed_effects	unverified	unverified retained L1 runs [1, 2]; expected model directory absent	/ZPOOL/data/projects/sharedreward-aging/derivatives/fsl/rf1/sub-10701/ses-01/L2_task-sharedreward_model-fulltrial_type-act_sm-6.gfeat
rf1	10701	01	ppi_seed-vs	1,2	fixed_effects	unverified	unverified retained L1 runs [1, 2]; expected model directory absent	/ZPOOL/data/projects/sharedreward-aging/derivatives/fsl/rf1/sub-10701/ses-01/L2_task-sharedreward_model-fulltrial_type-ppi_seed-vs_sm-6.gfeat
rf1	10713	01	act	1,2	fixed_effects	unverified	unverified retained L1 runs [1, 2]; expected model directory absent	/ZPOOL/data/projects/sharedreward-aging/derivatives/fsl/rf1/sub-10713/ses-01/L2_task-sharedreward_model-fulltrial_type-act_sm-6.gfeat
rf1	10713	01	ppi_seed-vs	1,2	fixed_effects	unverified	unverified retained L1 runs [1, 2]; expected model directory absent	/ZPOOL/data/projects/sharedreward-aging/derivatives/fsl/rf1/sub-10713/ses-01/L2_task-sharedreward_model-fulltrial_type-ppi_seed-vs_sm-6.gfeat
rf1	10716	01	act	1,2	fixed_effects	unverified	unverified retained L1 runs [1, 2]; expected model directory absent	/ZPOOL/data/projects/sharedreward-aging/derivatives/fsl/rf1/sub-10716/ses-01/L2_task-sharedreward_model-fulltrial_type-act_sm-6.gfeat
rf1	10716	01	ppi_seed-vs	1,2	fixed_effects	unverified	unverified retained L1 runs [1, 2]; expected model directory absent	/ZPOOL/data/projects/sharedreward-aging/derivatives/fsl/rf1/sub-10716/ses-01/L2_task-sharedreward_model-fulltrial_type-ppi_seed-vs_sm-6.gfeat
rf1	10718	01	act	1,2	fixed_effects	unverified	unverified retained L1 runs [1, 2]; expected model directory absent	/ZPOOL/data/projects/sharedreward-aging/derivatives/fsl/rf1/sub-10718/ses-01/L2_task-sharedreward_model-fulltrial_type-act_sm-6.gfeat
rf1	10718	01	ppi_seed-vs	1,2	fixed_effects	unverified	unverified retained L1 runs [1, 2]; expected model directory absent	/ZPOOL/data/projects/sharedreward-aging/derivatives/fsl/rf1/sub-10718/ses-01/L2_task-sharedreward_model-fulltrial_type-ppi_seed-vs_sm-6.gfeat
rf1	10720	01	act	1,2	fixed_effects	unverified	unverified retained L1 runs [1, 2]; expected model directory absent	/ZPOOL/data/projects/sharedreward-aging/derivatives/fsl/rf1/sub-10720/ses-01/L2_task-sharedreward_model-fulltrial_type-act_sm-6.gfeat
rf1	10720	01	ppi_seed-vs	1,2	fixed_effects	unverified	unverified retained L1 runs [1, 2]; expected model directory absent	/ZPOOL/data/projects/sharedreward-aging/derivatives/fsl/rf1/sub-10720/ses-01/L2_task-sharedreward_model-fulltrial_type-ppi_seed-vs_sm-6.gfeat
rf1	10723	01	act	1,2	fixed_effects	unverified	unverified retained L1 runs [1, 2]; expected model directory absent	/ZPOOL/data/projects/sharedreward-aging/derivatives/fsl/rf1/sub-10723/ses-01/L2_task-sharedreward_model-fulltrial_type-act_sm-6.gfeat
rf1	10723	01	ppi_seed-vs	1,2	fixed_effects	unverified	unverified retained L1 runs [1, 2]; expected model directory absent	/ZPOOL/data/projects/sharedreward-aging/derivatives/fsl/rf1/sub-10723/ses-01/L2_task-sharedreward_model-fulltrial_type-ppi_seed-vs_sm-6.gfeat
rf1	10741	01	act	1,2	fixed_effects	unverified	unverified retained L1 runs [1, 2]; expected model directory absent	/ZPOOL/data/projects/sharedreward-aging/derivatives/fsl/rf1/sub-10741/ses-01/L2_task-sharedreward_model-fulltrial_type-act_sm-6.gfeat
rf1	10741	01	ppi_seed-vs	1,2	fixed_effects	unverified	unverified retained L1 runs [1, 2]; expected model directory absent	/ZPOOL/data/projects/sharedreward-aging/derivatives/fsl/rf1/sub-10741/ses-01/L2_task-sharedreward_model-fulltrial_type-ppi_seed-vs_sm-6.gfeat
rf1	10748	01	act	1,2	fixed_effects	unverified	unverified retained L1 runs [1, 2]; expected model directory absent	/ZPOOL/data/projects/sharedreward-aging/derivatives/fsl/rf1/sub-10748/ses-01/L2_task-sharedreward_model-fulltrial_type-act_sm-6.gfeat
rf1	10748	01	ppi_seed-vs	1,2	fixed_effects	unverified	unverified retained L1 runs [1, 2]; expected model directory absent	/ZPOOL/data/projects/sharedreward-aging/derivatives/fsl/rf1/sub-10748/ses-01/L2_task-sharedreward_model-fulltrial_type-ppi_seed-vs_sm-6.gfeat
rf1	10767	01	act	1,2	fixed_effects	unverified	unverified retained L1 runs [1, 2]; expected model directory absent	/ZPOOL/data/projects/sharedreward-aging/derivatives/fsl/rf1/sub-10767/ses-01/L2_task-sharedreward_model-fulltrial_type-act_sm-6.gfeat
rf1	10767	01	ppi_seed-vs	1,2	fixed_effects	unverified	unverified retained L1 runs [1, 2]; expected model directory absent	/ZPOOL/data/projects/sharedreward-aging/derivatives/fsl/rf1/sub-10767/ses-01/L2_task-sharedreward_model-fulltrial_type-ppi_seed-vs_sm-6.gfeat
rf1	10770	01	act	1,2	fixed_effects	unverified	unverified retained L1 runs [1, 2]; expected model directory absent	/ZPOOL/data/projects/sharedreward-aging/derivatives/fsl/rf1/sub-10770/ses-01/L2_task-sharedreward_model-fulltrial_type-act_sm-6.gfeat
rf1	10770	01	ppi_seed-vs	1,2	fixed_effects	unverified	unverified retained L1 runs [1, 2]; expected model directory absent	/ZPOOL/data/projects/sharedreward-aging/derivatives/fsl/rf1/sub-10770/ses-01/L2_task-sharedreward_model-fulltrial_type-ppi_seed-vs_sm-6.gfeat
rf1	10777	01	act	1,2	fixed_effects	unverified	unverified retained L1 runs [1, 2]; expected model directory absent	/ZPOOL/data/projects/sharedreward-aging/derivatives/fsl/rf1/sub-10777/ses-01/L2_task-sharedreward_model-fulltrial_type-act_sm-6.gfeat
rf1	10777	01	ppi_seed-vs	1,2	fixed_effects	unverified	unverified retained L1 runs [1, 2]; expected model directory absent	/ZPOOL/data/projects/sharedreward-aging/derivatives/fsl/rf1/sub-10777/ses-01/L2_task-sharedreward_model-fulltrial_type-ppi_seed-vs_sm-6.gfeat
rf1	10781	01	act	1,2	fixed_effects	unverified	unverified retained L1 runs [1, 2]; expected model directory absent	/ZPOOL/data/projects/sharedreward-aging/derivatives/fsl/rf1/sub-10781/ses-01/L2_task-sharedreward_model-fulltrial_type-act_sm-6.gfeat
rf1	10781	01	ppi_seed-vs	1,2	fixed_effects	unverified	unverified retained L1 runs [1, 2]; expected model directory absent	/ZPOOL/data/projects/sharedreward-aging/derivatives/fsl/rf1/sub-10781/ses-01/L2_task-sharedreward_model-fulltrial_type-ppi_seed-vs_sm-6.gfeat
rf1	10783	01	act	1,2	fixed_effects	unverified	unverified retained L1 runs [1, 2]; expected model directory absent	/ZPOOL/data/projects/sharedreward-aging/derivatives/fsl/rf1/sub-10783/ses-01/L2_task-sharedreward_model-fulltrial_type-act_sm-6.gfeat
rf1	10783	01	ppi_seed-vs	1,2	fixed_effects	unverified	unverified retained L1 runs [1, 2]; expected model directory absent	/ZPOOL/data/projects/sharedreward-aging/derivatives/fsl/rf1/sub-10783/ses-01/L2_task-sharedreward_model-fulltrial_type-ppi_seed-vs_sm-6.gfeat
rf1	10785	01	act	1,2	fixed_effects	unverified	unverified retained L1 runs [1, 2]; expected model directory absent	/ZPOOL/data/projects/sharedreward-aging/derivatives/fsl/rf1/sub-10785/ses-01/L2_task-sharedreward_model-fulltrial_type-act_sm-6.gfeat
rf1	10785	01	ppi_seed-vs	1,2	fixed_effects	unverified	unverified retained L1 runs [1, 2]; expected model directory absent	/ZPOOL/data/projects/sharedreward-aging/derivatives/fsl/rf1/sub-10785/ses-01/L2_task-sharedreward_model-fulltrial_type-ppi_seed-vs_sm-6.gfeat
rf1	10794	01	act	1,2	fixed_effects	unverified	unverified retained L1 runs [1, 2]; expected model directory absent	/ZPOOL/data/projects/sharedreward-aging/derivatives/fsl/rf1/sub-10794/ses-01/L2_task-sharedreward_model-fulltrial_type-act_sm-6.gfeat
rf1	10794	01	ppi_seed-vs	1,2	fixed_effects	unverified	unverified retained L1 runs [1, 2]; expected model directory absent	/ZPOOL/data/projects/sharedreward-aging/derivatives/fsl/rf1/sub-10794/ses-01/L2_task-sharedreward_model-fulltrial_type-ppi_seed-vs_sm-6.gfeat
rf1	10800	01	act	1,2	fixed_effects	unverified	unverified retained L1 runs [1, 2]; expected model directory absent	/ZPOOL/data/projects/sharedreward-aging/derivatives/fsl/rf1/sub-10800/ses-01/L2_task-sharedreward_model-fulltrial_type-act_sm-6.gfeat
rf1	10800	01	ppi_seed-vs	1,2	fixed_effects	unverified	unverified retained L1 runs [1, 2]; expected model directory absent	/ZPOOL/data/projects/sharedreward-aging/derivatives/fsl/rf1/sub-10800/ses-01/L2_task-sharedreward_model-fulltrial_type-ppi_seed-vs_sm-6.gfeat
rf1	10801	01	act	1,2	fixed_effects	unverified	unverified retained L1 runs [1, 2]; expected model directory absent	/ZPOOL/data/projects/sharedreward-aging/derivatives/fsl/rf1/sub-10801/ses-01/L2_task-sharedreward_model-fulltrial_type-act_sm-6.gfeat
rf1	10801	01	ppi_seed-vs	1,2	fixed_effects	unverified	unverified retained L1 runs [1, 2]; expected model directory absent	/ZPOOL/data/projects/sharedreward-aging/derivatives/fsl/rf1/sub-10801/ses-01/L2_task-sharedreward_model-fulltrial_type-ppi_seed-vs_sm-6.gfeat
rf1	10802	01	act	1,2	fixed_effects	unverified	unverified retained L1 runs [1, 2]; expected model directory absent	/ZPOOL/data/projects/sharedreward-aging/derivatives/fsl/rf1/sub-10802/ses-01/L2_task-sharedreward_model-fulltrial_type-act_sm-6.gfeat
rf1	10802	01	ppi_seed-vs	1,2	fixed_effects	unverified	unverified retained L1 runs [1, 2]; expected model directory absent	/ZPOOL/data/projects/sharedreward-aging/derivatives/fsl/rf1/sub-10802/ses-01/L2_task-sharedreward_model-fulltrial_type-ppi_seed-vs_sm-6.gfeat
rf1	10803	01	act	1	l1_passthrough	unverified	unverified retained L1 runs [1]; 	/ZPOOL/data/projects/sharedreward-aging/derivatives/fsl/rf1/sub-10803/ses-01/L1_task-sharedreward_model-fulltrial_type-act_run-1_sm-6.feat
rf1	10803	01	ppi_seed-vs	1	l1_passthrough	unverified	unverified retained L1 runs [1]; 	/ZPOOL/data/projects/sharedreward-aging/derivatives/fsl/rf1/sub-10803/ses-01/L1_task-sharedreward_model-fulltrial_type-ppi_seed-vs_run-1_sm-6.feat
rf1	10804	01	act	1,2	fixed_effects	unverified	unverified retained L1 runs [1, 2]; expected model directory absent	/ZPOOL/data/projects/sharedreward-aging/derivatives/fsl/rf1/sub-10804/ses-01/L2_task-sharedreward_model-fulltrial_type-act_sm-6.gfeat
rf1	10804	01	ppi_seed-vs	1,2	fixed_effects	unverified	unverified retained L1 runs [1, 2]; expected model directory absent	/ZPOOL/data/projects/sharedreward-aging/derivatives/fsl/rf1/sub-10804/ses-01/L2_task-sharedreward_model-fulltrial_type-ppi_seed-vs_sm-6.gfeat
rf1	10806	01	act	1,2	fixed_effects	unverified	unverified retained L1 runs [1, 2]; expected model directory absent	/ZPOOL/data/projects/sharedreward-aging/derivatives/fsl/rf1/sub-10806/ses-01/L2_task-sharedreward_model-fulltrial_type-act_sm-6.gfeat
rf1	10806	01	ppi_seed-vs	1,2	fixed_effects	unverified	unverified retained L1 runs [1, 2]; expected model directory absent	/ZPOOL/data/projects/sharedreward-aging/derivatives/fsl/rf1/sub-10806/ses-01/L2_task-sharedreward_model-fulltrial_type-ppi_seed-vs_sm-6.gfeat
rf1	10807	01	act	1,2	fixed_effects	unverified	unverified retained L1 runs [1, 2]; expected model directory absent	/ZPOOL/data/projects/sharedreward-aging/derivatives/fsl/rf1/sub-10807/ses-01/L2_task-sharedreward_model-fulltrial_type-act_sm-6.gfeat
rf1	10807	01	ppi_seed-vs	1,2	fixed_effects	unverified	unverified retained L1 runs [1, 2]; expected model directory absent	/ZPOOL/data/projects/sharedreward-aging/derivatives/fsl/rf1/sub-10807/ses-01/L2_task-sharedreward_model-fulltrial_type-ppi_seed-vs_sm-6.gfeat
rf1	10809	01	act	2	l1_passthrough	unverified	unverified retained L1 runs [2]; 	/ZPOOL/data/projects/sharedreward-aging/derivatives/fsl/rf1/sub-10809/ses-01/L1_task-sharedreward_model-fulltrial_type-act_run-2_sm-6.feat
rf1	10809	01	ppi_seed-vs	2	l1_passthrough	unverified	unverified retained L1 runs [2]; 	/ZPOOL/data/projects/sharedreward-aging/derivatives/fsl/rf1/sub-10809/ses-01/L1_task-sharedreward_model-fulltrial_type-ppi_seed-vs_run-2_sm-6.feat
rf1	10810	01	act	1,2	fixed_effects	unverified	unverified retained L1 runs [1, 2]; expected model directory absent	/ZPOOL/data/projects/sharedreward-aging/derivatives/fsl/rf1/sub-10810/ses-01/L2_task-sharedreward_model-fulltrial_type-act_sm-6.gfeat
rf1	10810	01	ppi_seed-vs	1,2	fixed_effects	unverified	unverified retained L1 runs [1, 2]; expected model directory absent	/ZPOOL/data/projects/sharedreward-aging/derivatives/fsl/rf1/sub-10810/ses-01/L2_task-sharedreward_model-fulltrial_type-ppi_seed-vs_sm-6.gfeat
rf1	10812	01	act	1,2	fixed_effects	unverified	unverified retained L1 runs [1, 2]; expected model directory absent	/ZPOOL/data/projects/sharedreward-aging/derivatives/fsl/rf1/sub-10812/ses-01/L2_task-sharedreward_model-fulltrial_type-act_sm-6.gfeat
rf1	10812	01	ppi_seed-vs	1,2	fixed_effects	unverified	unverified retained L1 runs [1, 2]; expected model directory absent	/ZPOOL/data/projects/sharedreward-aging/derivatives/fsl/rf1/sub-10812/ses-01/L2_task-sharedreward_model-fulltrial_type-ppi_seed-vs_sm-6.gfeat
rf1	10817	01	act	1,2	fixed_effects	unverified	unverified retained L1 runs [1, 2]; expected model directory absent	/ZPOOL/data/projects/sharedreward-aging/derivatives/fsl/rf1/sub-10817/ses-01/L2_task-sharedreward_model-fulltrial_type-act_sm-6.gfeat
rf1	10817	01	ppi_seed-vs	1,2	fixed_effects	unverified	unverified retained L1 runs [1, 2]; expected model directory absent	/ZPOOL/data/projects/sharedreward-aging/derivatives/fsl/rf1/sub-10817/ses-01/L2_task-sharedreward_model-fulltrial_type-ppi_seed-vs_sm-6.gfeat
rf1	10827	01	act	1,2	fixed_effects	unverified	unverified retained L1 runs [1, 2]; expected model directory absent	/ZPOOL/data/projects/sharedreward-aging/derivatives/fsl/rf1/sub-10827/ses-01/L2_task-sharedreward_model-fulltrial_type-act_sm-6.gfeat
rf1	10827	01	ppi_seed-vs	1,2	fixed_effects	unverified	unverified retained L1 runs [1, 2]; expected model directory absent	/ZPOOL/data/projects/sharedreward-aging/derivatives/fsl/rf1/sub-10827/ses-01/L2_task-sharedreward_model-fulltrial_type-ppi_seed-vs_sm-6.gfeat
rf1	10831	01	act	1,2	fixed_effects	unverified	unverified retained L1 runs [1, 2]; expected model directory absent	/ZPOOL/data/projects/sharedreward-aging/derivatives/fsl/rf1/sub-10831/ses-01/L2_task-sharedreward_model-fulltrial_type-act_sm-6.gfeat
rf1	10831	01	ppi_seed-vs	1,2	fixed_effects	unverified	unverified retained L1 runs [1, 2]; expected model directory absent	/ZPOOL/data/projects/sharedreward-aging/derivatives/fsl/rf1/sub-10831/ses-01/L2_task-sharedreward_model-fulltrial_type-ppi_seed-vs_sm-6.gfeat
rf1	10834	01	act	1,2	fixed_effects	unverified	unverified retained L1 runs [1, 2]; expected model directory absent	/ZPOOL/data/projects/sharedreward-aging/derivatives/fsl/rf1/sub-10834/ses-01/L2_task-sharedreward_model-fulltrial_type-act_sm-6.gfeat
rf1	10834	01	ppi_seed-vs	1,2	fixed_effects	unverified	unverified retained L1 runs [1, 2]; expected model directory absent	/ZPOOL/data/projects/sharedreward-aging/derivatives/fsl/rf1/sub-10834/ses-01/L2_task-sharedreward_model-fulltrial_type-ppi_seed-vs_sm-6.gfeat
rf1	10838	01	act	1,2	fixed_effects	unverified	unverified retained L1 runs [1, 2]; expected model directory absent	/ZPOOL/data/projects/sharedreward-aging/derivatives/fsl/rf1/sub-10838/ses-01/L2_task-sharedreward_model-fulltrial_type-act_sm-6.gfeat
rf1	10838	01	ppi_seed-vs	1,2	fixed_effects	unverified	unverified retained L1 runs [1, 2]; expected model directory absent	/ZPOOL/data/projects/sharedreward-aging/derivatives/fsl/rf1/sub-10838/ses-01/L2_task-sharedreward_model-fulltrial_type-ppi_seed-vs_sm-6.gfeat
rf1	10843	01	act	1,2	fixed_effects	unverified	unverified retained L1 runs [1, 2]; expected model directory absent	/ZPOOL/data/projects/sharedreward-aging/derivatives/fsl/rf1/sub-10843/ses-01/L2_task-sharedreward_model-fulltrial_type-act_sm-6.gfeat
rf1	10843	01	ppi_seed-vs	1,2	fixed_effects	unverified	unverified retained L1 runs [1, 2]; expected model directory absent	/ZPOOL/data/projects/sharedreward-aging/derivatives/fsl/rf1/sub-10843/ses-01/L2_task-sharedreward_model-fulltrial_type-ppi_seed-vs_sm-6.gfeat
rf1	10850	01	act	1,2	fixed_effects	unverified	unverified retained L1 runs [1, 2]; expected model directory absent	/ZPOOL/data/projects/sharedreward-aging/derivatives/fsl/rf1/sub-10850/ses-01/L2_task-sharedreward_model-fulltrial_type-act_sm-6.gfeat
rf1	10850	01	ppi_seed-vs	1,2	fixed_effects	unverified	unverified retained L1 runs [1, 2]; expected model directory absent	/ZPOOL/data/projects/sharedreward-aging/derivatives/fsl/rf1/sub-10850/ses-01/L2_task-sharedreward_model-fulltrial_type-ppi_seed-vs_sm-6.gfeat
rf1	10854	01	act	1,2	fixed_effects	unverified	unverified retained L1 runs [1, 2]; expected model directory absent	/ZPOOL/data/projects/sharedreward-aging/derivatives/fsl/rf1/sub-10854/ses-01/L2_task-sharedreward_model-fulltrial_type-act_sm-6.gfeat
rf1	10854	01	ppi_seed-vs	1,2	fixed_effects	unverified	unverified retained L1 runs [1, 2]; expected model directory absent	/ZPOOL/data/projects/sharedreward-aging/derivatives/fsl/rf1/sub-10854/ses-01/L2_task-sharedreward_model-fulltrial_type-ppi_seed-vs_sm-6.gfeat
rf1	10857	01	act	1,2	fixed_effects	unverified	unverified retained L1 runs [1, 2]; expected model directory absent	/ZPOOL/data/projects/sharedreward-aging/derivatives/fsl/rf1/sub-10857/ses-01/L2_task-sharedreward_model-fulltrial_type-act_sm-6.gfeat
rf1	10857	01	ppi_seed-vs	1,2	fixed_effects	unverified	unverified retained L1 runs [1, 2]; expected model directory absent	/ZPOOL/data/projects/sharedreward-aging/derivatives/fsl/rf1/sub-10857/ses-01/L2_task-sharedreward_model-fulltrial_type-ppi_seed-vs_sm-6.gfeat
rf1	10858	01	act	1,2	fixed_effects	unverified	unverified retained L1 runs [1, 2]; expected model directory absent	/ZPOOL/data/projects/sharedreward-aging/derivatives/fsl/rf1/sub-10858/ses-01/L2_task-sharedreward_model-fulltrial_type-act_sm-6.gfeat
rf1	10858	01	ppi_seed-vs	1,2	fixed_effects	unverified	unverified retained L1 runs [1, 2]; expected model directory absent	/ZPOOL/data/projects/sharedreward-aging/derivatives/fsl/rf1/sub-10858/ses-01/L2_task-sharedreward_model-fulltrial_type-ppi_seed-vs_sm-6.gfeat
rf1	10860	01	act	1,2	fixed_effects	unverified	unverified retained L1 runs [1, 2]; expected model directory absent	/ZPOOL/data/projects/sharedreward-aging/derivatives/fsl/rf1/sub-10860/ses-01/L2_task-sharedreward_model-fulltrial_type-act_sm-6.gfeat
rf1	10860	01	ppi_seed-vs	1,2	fixed_effects	unverified	unverified retained L1 runs [1, 2]; expected model directory absent	/ZPOOL/data/projects/sharedreward-aging/derivatives/fsl/rf1/sub-10860/ses-01/L2_task-sharedreward_model-fulltrial_type-ppi_seed-vs_sm-6.gfeat
rf1	10862	01	act	1,2	fixed_effects	unverified	unverified retained L1 runs [1, 2]; expected model directory absent	/ZPOOL/data/projects/sharedreward-aging/derivatives/fsl/rf1/sub-10862/ses-01/L2_task-sharedreward_model-fulltrial_type-act_sm-6.gfeat
rf1	10862	01	ppi_seed-vs	1,2	fixed_effects	unverified	unverified retained L1 runs [1, 2]; expected model directory absent	/ZPOOL/data/projects/sharedreward-aging/derivatives/fsl/rf1/sub-10862/ses-01/L2_task-sharedreward_model-fulltrial_type-ppi_seed-vs_sm-6.gfeat
rf1	10863	01	act	1,2	fixed_effects	unverified	unverified retained L1 runs [1, 2]; expected model directory absent	/ZPOOL/data/projects/sharedreward-aging/derivatives/fsl/rf1/sub-10863/ses-01/L2_task-sharedreward_model-fulltrial_type-act_sm-6.gfeat
rf1	10863	01	ppi_seed-vs	1,2	fixed_effects	unverified	unverified retained L1 runs [1, 2]; expected model directory absent	/ZPOOL/data/projects/sharedreward-aging/derivatives/fsl/rf1/sub-10863/ses-01/L2_task-sharedreward_model-fulltrial_type-ppi_seed-vs_sm-6.gfeat
rf1	10866	01	act	1,2	fixed_effects	unverified	unverified retained L1 runs [1, 2]; expected model directory absent	/ZPOOL/data/projects/sharedreward-aging/derivatives/fsl/rf1/sub-10866/ses-01/L2_task-sharedreward_model-fulltrial_type-act_sm-6.gfeat
rf1	10866	01	ppi_seed-vs	1,2	fixed_effects	unverified	unverified retained L1 runs [1, 2]; expected model directory absent	/ZPOOL/data/projects/sharedreward-aging/derivatives/fsl/rf1/sub-10866/ses-01/L2_task-sharedreward_model-fulltrial_type-ppi_seed-vs_sm-6.gfeat
rf1	10875	01	act	1,2	fixed_effects	unverified	unverified retained L1 runs [1, 2]; expected model directory absent	/ZPOOL/data/projects/sharedreward-aging/derivatives/fsl/rf1/sub-10875/ses-01/L2_task-sharedreward_model-fulltrial_type-act_sm-6.gfeat
rf1	10875	01	ppi_seed-vs	1,2	fixed_effects	unverified	unverified retained L1 runs [1, 2]; expected model directory absent	/ZPOOL/data/projects/sharedreward-aging/derivatives/fsl/rf1/sub-10875/ses-01/L2_task-sharedreward_model-fulltrial_type-ppi_seed-vs_sm-6.gfeat
rf1	10881	01	act	1	l1_passthrough	unverified	unverified retained L1 runs [1]; 	/ZPOOL/data/projects/sharedreward-aging/derivatives/fsl/rf1/sub-10881/ses-01/L1_task-sharedreward_model-fulltrial_type-act_run-1_sm-6.feat
rf1	10881	01	ppi_seed-vs	1	l1_passthrough	unverified	unverified retained L1 runs [1]; 	/ZPOOL/data/projects/sharedreward-aging/derivatives/fsl/rf1/sub-10881/ses-01/L1_task-sharedreward_model-fulltrial_type-ppi_seed-vs_run-1_sm-6.feat
rf1	10886	01	act	1	l1_passthrough	unverified	unverified retained L1 runs [1]; 	/ZPOOL/data/projects/sharedreward-aging/derivatives/fsl/rf1/sub-10886/ses-01/L1_task-sharedreward_model-fulltrial_type-act_run-1_sm-6.feat
rf1	10886	01	ppi_seed-vs	1	l1_passthrough	unverified	unverified retained L1 runs [1]; 	/ZPOOL/data/projects/sharedreward-aging/derivatives/fsl/rf1/sub-10886/ses-01/L1_task-sharedreward_model-fulltrial_type-ppi_seed-vs_run-1_sm-6.feat
rf1	10887	01	act	1,2	fixed_effects	unverified	unverified retained L1 runs [1, 2]; expected model directory absent	/ZPOOL/data/projects/sharedreward-aging/derivatives/fsl/rf1/sub-10887/ses-01/L2_task-sharedreward_model-fulltrial_type-act_sm-6.gfeat
rf1	10887	01	ppi_seed-vs	1,2	fixed_effects	unverified	unverified retained L1 runs [1, 2]; expected model directory absent	/ZPOOL/data/projects/sharedreward-aging/derivatives/fsl/rf1/sub-10887/ses-01/L2_task-sharedreward_model-fulltrial_type-ppi_seed-vs_sm-6.gfeat
rf1	10896	01	act	1,2	fixed_effects	unverified	unverified retained L1 runs [1, 2]; expected model directory absent	/ZPOOL/data/projects/sharedreward-aging/derivatives/fsl/rf1/sub-10896/ses-01/L2_task-sharedreward_model-fulltrial_type-act_sm-6.gfeat
rf1	10896	01	ppi_seed-vs	1,2	fixed_effects	unverified	unverified retained L1 runs [1, 2]; expected model directory absent	/ZPOOL/data/projects/sharedreward-aging/derivatives/fsl/rf1/sub-10896/ses-01/L2_task-sharedreward_model-fulltrial_type-ppi_seed-vs_sm-6.gfeat
rf1	10897	01	act	1	l1_passthrough	unverified	unverified retained L1 runs [1]; 	/ZPOOL/data/projects/sharedreward-aging/derivatives/fsl/rf1/sub-10897/ses-01/L1_task-sharedreward_model-fulltrial_type-act_run-1_sm-6.feat
rf1	10897	01	ppi_seed-vs	1	l1_passthrough	unverified	unverified retained L1 runs [1]; 	/ZPOOL/data/projects/sharedreward-aging/derivatives/fsl/rf1/sub-10897/ses-01/L1_task-sharedreward_model-fulltrial_type-ppi_seed-vs_run-1_sm-6.feat
rf1	10898	01	act	1,2	fixed_effects	unverified	unverified retained L1 runs [1, 2]; expected model directory absent	/ZPOOL/data/projects/sharedreward-aging/derivatives/fsl/rf1/sub-10898/ses-01/L2_task-sharedreward_model-fulltrial_type-act_sm-6.gfeat
rf1	10898	01	ppi_seed-vs	1,2	fixed_effects	unverified	unverified retained L1 runs [1, 2]; expected model directory absent	/ZPOOL/data/projects/sharedreward-aging/derivatives/fsl/rf1/sub-10898/ses-01/L2_task-sharedreward_model-fulltrial_type-ppi_seed-vs_sm-6.gfeat
rf1	10908	01	act	1,2	fixed_effects	unverified	unverified retained L1 runs [1, 2]; expected model directory absent	/ZPOOL/data/projects/sharedreward-aging/derivatives/fsl/rf1/sub-10908/ses-01/L2_task-sharedreward_model-fulltrial_type-act_sm-6.gfeat
rf1	10908	01	ppi_seed-vs	1,2	fixed_effects	unverified	unverified retained L1 runs [1, 2]; expected model directory absent	/ZPOOL/data/projects/sharedreward-aging/derivatives/fsl/rf1/sub-10908/ses-01/L2_task-sharedreward_model-fulltrial_type-ppi_seed-vs_sm-6.gfeat
rf1	10913	01	act	1,2	fixed_effects	unverified	unverified retained L1 runs [1, 2]; expected model directory absent	/ZPOOL/data/projects/sharedreward-aging/derivatives/fsl/rf1/sub-10913/ses-01/L2_task-sharedreward_model-fulltrial_type-act_sm-6.gfeat
rf1	10913	01	ppi_seed-vs	1,2	fixed_effects	unverified	unverified retained L1 runs [1, 2]; expected model directory absent	/ZPOOL/data/projects/sharedreward-aging/derivatives/fsl/rf1/sub-10913/ses-01/L2_task-sharedreward_model-fulltrial_type-ppi_seed-vs_sm-6.gfeat
rf1	10918	01	act	1,2	fixed_effects	unverified	unverified retained L1 runs [1, 2]; expected model directory absent	/ZPOOL/data/projects/sharedreward-aging/derivatives/fsl/rf1/sub-10918/ses-01/L2_task-sharedreward_model-fulltrial_type-act_sm-6.gfeat
rf1	10918	01	ppi_seed-vs	1,2	fixed_effects	unverified	unverified retained L1 runs [1, 2]; expected model directory absent	/ZPOOL/data/projects/sharedreward-aging/derivatives/fsl/rf1/sub-10918/ses-01/L2_task-sharedreward_model-fulltrial_type-ppi_seed-vs_sm-6.gfeat
rf1	10919	01	act	1,2	fixed_effects	unverified	unverified retained L1 runs [1, 2]; expected model directory absent	/ZPOOL/data/projects/sharedreward-aging/derivatives/fsl/rf1/sub-10919/ses-01/L2_task-sharedreward_model-fulltrial_type-act_sm-6.gfeat
rf1	10919	01	ppi_seed-vs	1,2	fixed_effects	unverified	unverified retained L1 runs [1, 2]; expected model directory absent	/ZPOOL/data/projects/sharedreward-aging/derivatives/fsl/rf1/sub-10919/ses-01/L2_task-sharedreward_model-fulltrial_type-ppi_seed-vs_sm-6.gfeat
rf1	10924	01	act	1,2	fixed_effects	unverified	unverified retained L1 runs [1, 2]; expected model directory absent	/ZPOOL/data/projects/sharedreward-aging/derivatives/fsl/rf1/sub-10924/ses-01/L2_task-sharedreward_model-fulltrial_type-act_sm-6.gfeat
rf1	10924	01	ppi_seed-vs	1,2	fixed_effects	unverified	unverified retained L1 runs [1, 2]; expected model directory absent	/ZPOOL/data/projects/sharedreward-aging/derivatives/fsl/rf1/sub-10924/ses-01/L2_task-sharedreward_model-fulltrial_type-ppi_seed-vs_sm-6.gfeat
rf1	10926	01	act	1,2	fixed_effects	unverified	unverified retained L1 runs [1, 2]; expected model directory absent	/ZPOOL/data/projects/sharedreward-aging/derivatives/fsl/rf1/sub-10926/ses-01/L2_task-sharedreward_model-fulltrial_type-act_sm-6.gfeat
rf1	10926	01	ppi_seed-vs	1,2	fixed_effects	unverified	unverified retained L1 runs [1, 2]; expected model directory absent	/ZPOOL/data/projects/sharedreward-aging/derivatives/fsl/rf1/sub-10926/ses-01/L2_task-sharedreward_model-fulltrial_type-ppi_seed-vs_sm-6.gfeat
rf1	10928	01	act	1,2	fixed_effects	unverified	unverified retained L1 runs [1, 2]; expected model directory absent	/ZPOOL/data/projects/sharedreward-aging/derivatives/fsl/rf1/sub-10928/ses-01/L2_task-sharedreward_model-fulltrial_type-act_sm-6.gfeat
rf1	10928	01	ppi_seed-vs	1,2	fixed_effects	unverified	unverified retained L1 runs [1, 2]; expected model directory absent	/ZPOOL/data/projects/sharedreward-aging/derivatives/fsl/rf1/sub-10928/ses-01/L2_task-sharedreward_model-fulltrial_type-ppi_seed-vs_sm-6.gfeat
rf1	10929	01	act	1,2	fixed_effects	unverified	unverified retained L1 runs [1, 2]; expected model directory absent	/ZPOOL/data/projects/sharedreward-aging/derivatives/fsl/rf1/sub-10929/ses-01/L2_task-sharedreward_model-fulltrial_type-act_sm-6.gfeat
rf1	10929	01	ppi_seed-vs	1,2	fixed_effects	unverified	unverified retained L1 runs [1, 2]; expected model directory absent	/ZPOOL/data/projects/sharedreward-aging/derivatives/fsl/rf1/sub-10929/ses-01/L2_task-sharedreward_model-fulltrial_type-ppi_seed-vs_sm-6.gfeat
rf1	10930	01	act	1,2	fixed_effects	unverified	unverified retained L1 runs [1, 2]; expected model directory absent	/ZPOOL/data/projects/sharedreward-aging/derivatives/fsl/rf1/sub-10930/ses-01/L2_task-sharedreward_model-fulltrial_type-act_sm-6.gfeat
rf1	10930	01	ppi_seed-vs	1,2	fixed_effects	unverified	unverified retained L1 runs [1, 2]; expected model directory absent	/ZPOOL/data/projects/sharedreward-aging/derivatives/fsl/rf1/sub-10930/ses-01/L2_task-sharedreward_model-fulltrial_type-ppi_seed-vs_sm-6.gfeat
rf1	10938	01	act	1,2	fixed_effects	unverified	unverified retained L1 runs [1, 2]; expected model directory absent	/ZPOOL/data/projects/sharedreward-aging/derivatives/fsl/rf1/sub-10938/ses-01/L2_task-sharedreward_model-fulltrial_type-act_sm-6.gfeat
rf1	10938	01	ppi_seed-vs	1,2	fixed_effects	unverified	unverified retained L1 runs [1, 2]; expected model directory absent	/ZPOOL/data/projects/sharedreward-aging/derivatives/fsl/rf1/sub-10938/ses-01/L2_task-sharedreward_model-fulltrial_type-ppi_seed-vs_sm-6.gfeat
rf1	10940	01	act	1,2	fixed_effects	unverified	unverified retained L1 runs [1, 2]; expected model directory absent	/ZPOOL/data/projects/sharedreward-aging/derivatives/fsl/rf1/sub-10940/ses-01/L2_task-sharedreward_model-fulltrial_type-act_sm-6.gfeat
rf1	10940	01	ppi_seed-vs	1,2	fixed_effects	unverified	unverified retained L1 runs [1, 2]; expected model directory absent	/ZPOOL/data/projects/sharedreward-aging/derivatives/fsl/rf1/sub-10940/ses-01/L2_task-sharedreward_model-fulltrial_type-ppi_seed-vs_sm-6.gfeat
rf1	10950	01	act	1,2	fixed_effects	unverified	unverified retained L1 runs [1, 2]; expected model directory absent	/ZPOOL/data/projects/sharedreward-aging/derivatives/fsl/rf1/sub-10950/ses-01/L2_task-sharedreward_model-fulltrial_type-act_sm-6.gfeat
rf1	10950	01	ppi_seed-vs	1,2	fixed_effects	unverified	unverified retained L1 runs [1, 2]; expected model directory absent	/ZPOOL/data/projects/sharedreward-aging/derivatives/fsl/rf1/sub-10950/ses-01/L2_task-sharedreward_model-fulltrial_type-ppi_seed-vs_sm-6.gfeat
rf1	10951	01	act	1,2	fixed_effects	unverified	unverified retained L1 runs [1, 2]; expected model directory absent	/ZPOOL/data/projects/sharedreward-aging/derivatives/fsl/rf1/sub-10951/ses-01/L2_task-sharedreward_model-fulltrial_type-act_sm-6.gfeat
rf1	10951	01	ppi_seed-vs	1,2	fixed_effects	unverified	unverified retained L1 runs [1, 2]; expected model directory absent	/ZPOOL/data/projects/sharedreward-aging/derivatives/fsl/rf1/sub-10951/ses-01/L2_task-sharedreward_model-fulltrial_type-ppi_seed-vs_sm-6.gfeat
rf1	10952	01	act	1,2	fixed_effects	unverified	unverified retained L1 runs [1, 2]; expected model directory absent	/ZPOOL/data/projects/sharedreward-aging/derivatives/fsl/rf1/sub-10952/ses-01/L2_task-sharedreward_model-fulltrial_type-act_sm-6.gfeat
rf1	10952	01	ppi_seed-vs	1,2	fixed_effects	unverified	unverified retained L1 runs [1, 2]; expected model directory absent	/ZPOOL/data/projects/sharedreward-aging/derivatives/fsl/rf1/sub-10952/ses-01/L2_task-sharedreward_model-fulltrial_type-ppi_seed-vs_sm-6.gfeat
rf1	10953	01	act	1,2	fixed_effects	unverified	unverified retained L1 runs [1, 2]; expected model directory absent	/ZPOOL/data/projects/sharedreward-aging/derivatives/fsl/rf1/sub-10953/ses-01/L2_task-sharedreward_model-fulltrial_type-act_sm-6.gfeat
rf1	10953	01	ppi_seed-vs	1,2	fixed_effects	unverified	unverified retained L1 runs [1, 2]; expected model directory absent	/ZPOOL/data/projects/sharedreward-aging/derivatives/fsl/rf1/sub-10953/ses-01/L2_task-sharedreward_model-fulltrial_type-ppi_seed-vs_sm-6.gfeat
rf1	10954	01	act	1	l1_passthrough	unverified	unverified retained L1 runs [1]; 	/ZPOOL/data/projects/sharedreward-aging/derivatives/fsl/rf1/sub-10954/ses-01/L1_task-sharedreward_model-fulltrial_type-act_run-1_sm-6.feat
rf1	10954	01	ppi_seed-vs	1	l1_passthrough	unverified	unverified retained L1 runs [1]; 	/ZPOOL/data/projects/sharedreward-aging/derivatives/fsl/rf1/sub-10954/ses-01/L1_task-sharedreward_model-fulltrial_type-ppi_seed-vs_run-1_sm-6.feat
rf1	10956	01	act	1,2	fixed_effects	unverified	unverified retained L1 runs [1, 2]; expected model directory absent	/ZPOOL/data/projects/sharedreward-aging/derivatives/fsl/rf1/sub-10956/ses-01/L2_task-sharedreward_model-fulltrial_type-act_sm-6.gfeat
rf1	10956	01	ppi_seed-vs	1,2	fixed_effects	unverified	unverified retained L1 runs [1, 2]; expected model directory absent	/ZPOOL/data/projects/sharedreward-aging/derivatives/fsl/rf1/sub-10956/ses-01/L2_task-sharedreward_model-fulltrial_type-ppi_seed-vs_sm-6.gfeat
rf1	10958	01	act	1,2	fixed_effects	unverified	unverified retained L1 runs [1, 2]; expected model directory absent	/ZPOOL/data/projects/sharedreward-aging/derivatives/fsl/rf1/sub-10958/ses-01/L2_task-sharedreward_model-fulltrial_type-act_sm-6.gfeat
rf1	10958	01	ppi_seed-vs	1,2	fixed_effects	unverified	unverified retained L1 runs [1, 2]; expected model directory absent	/ZPOOL/data/projects/sharedreward-aging/derivatives/fsl/rf1/sub-10958/ses-01/L2_task-sharedreward_model-fulltrial_type-ppi_seed-vs_sm-6.gfeat
rf1	10961	01	act	1,2	fixed_effects	unverified	unverified retained L1 runs [1, 2]; expected model directory absent	/ZPOOL/data/projects/sharedreward-aging/derivatives/fsl/rf1/sub-10961/ses-01/L2_task-sharedreward_model-fulltrial_type-act_sm-6.gfeat
rf1	10961	01	ppi_seed-vs	1,2	fixed_effects	unverified	unverified retained L1 runs [1, 2]; expected model directory absent	/ZPOOL/data/projects/sharedreward-aging/derivatives/fsl/rf1/sub-10961/ses-01/L2_task-sharedreward_model-fulltrial_type-ppi_seed-vs_sm-6.gfeat
rf1	10964	01	act	1,2	fixed_effects	unverified	unverified retained L1 runs [1, 2]; expected model directory absent	/ZPOOL/data/projects/sharedreward-aging/derivatives/fsl/rf1/sub-10964/ses-01/L2_task-sharedreward_model-fulltrial_type-act_sm-6.gfeat
rf1	10964	01	ppi_seed-vs	1,2	fixed_effects	unverified	unverified retained L1 runs [1, 2]; expected model directory absent	/ZPOOL/data/projects/sharedreward-aging/derivatives/fsl/rf1/sub-10964/ses-01/L2_task-sharedreward_model-fulltrial_type-ppi_seed-vs_sm-6.gfeat
rf1	10966	01	act	1,2	fixed_effects	unverified	unverified retained L1 runs [1, 2]; expected model directory absent	/ZPOOL/data/projects/sharedreward-aging/derivatives/fsl/rf1/sub-10966/ses-01/L2_task-sharedreward_model-fulltrial_type-act_sm-6.gfeat
rf1	10966	01	ppi_seed-vs	1,2	fixed_effects	unverified	unverified retained L1 runs [1, 2]; expected model directory absent	/ZPOOL/data/projects/sharedreward-aging/derivatives/fsl/rf1/sub-10966/ses-01/L2_task-sharedreward_model-fulltrial_type-ppi_seed-vs_sm-6.gfeat
rf1	10969	01	act	1,2	fixed_effects	unverified	unverified retained L1 runs [1, 2]; expected model directory absent	/ZPOOL/data/projects/sharedreward-aging/derivatives/fsl/rf1/sub-10969/ses-01/L2_task-sharedreward_model-fulltrial_type-act_sm-6.gfeat
rf1	10969	01	ppi_seed-vs	1,2	fixed_effects	unverified	unverified retained L1 runs [1, 2]; expected model directory absent	/ZPOOL/data/projects/sharedreward-aging/derivatives/fsl/rf1/sub-10969/ses-01/L2_task-sharedreward_model-fulltrial_type-ppi_seed-vs_sm-6.gfeat
rf1	10974	01	act	1,2	fixed_effects	unverified	unverified retained L1 runs [1, 2]; expected model directory absent	/ZPOOL/data/projects/sharedreward-aging/derivatives/fsl/rf1/sub-10974/ses-01/L2_task-sharedreward_model-fulltrial_type-act_sm-6.gfeat
rf1	10974	01	ppi_seed-vs	1,2	fixed_effects	unverified	unverified retained L1 runs [1, 2]; expected model directory absent	/ZPOOL/data/projects/sharedreward-aging/derivatives/fsl/rf1/sub-10974/ses-01/L2_task-sharedreward_model-fulltrial_type-ppi_seed-vs_sm-6.gfeat
rf1	10977	01	act	1,2	fixed_effects	unverified	unverified retained L1 runs [1, 2]; expected model directory absent	/ZPOOL/data/projects/sharedreward-aging/derivatives/fsl/rf1/sub-10977/ses-01/L2_task-sharedreward_model-fulltrial_type-act_sm-6.gfeat
rf1	10977	01	ppi_seed-vs	1,2	fixed_effects	unverified	unverified retained L1 runs [1, 2]; expected model directory absent	/ZPOOL/data/projects/sharedreward-aging/derivatives/fsl/rf1/sub-10977/ses-01/L2_task-sharedreward_model-fulltrial_type-ppi_seed-vs_sm-6.gfeat
rf1	10979	01	act	1,2	fixed_effects	unverified	unverified retained L1 runs [1, 2]; expected model directory absent	/ZPOOL/data/projects/sharedreward-aging/derivatives/fsl/rf1/sub-10979/ses-01/L2_task-sharedreward_model-fulltrial_type-act_sm-6.gfeat
rf1	10979	01	ppi_seed-vs	1,2	fixed_effects	unverified	unverified retained L1 runs [1, 2]; expected model directory absent	/ZPOOL/data/projects/sharedreward-aging/derivatives/fsl/rf1/sub-10979/ses-01/L2_task-sharedreward_model-fulltrial_type-ppi_seed-vs_sm-6.gfeat
rf1	10983	01	act	1,2	fixed_effects	unverified	unverified retained L1 runs [1, 2]; expected model directory absent	/ZPOOL/data/projects/sharedreward-aging/derivatives/fsl/rf1/sub-10983/ses-01/L2_task-sharedreward_model-fulltrial_type-act_sm-6.gfeat
rf1	10983	01	ppi_seed-vs	1,2	fixed_effects	unverified	unverified retained L1 runs [1, 2]; expected model directory absent	/ZPOOL/data/projects/sharedreward-aging/derivatives/fsl/rf1/sub-10983/ses-01/L2_task-sharedreward_model-fulltrial_type-ppi_seed-vs_sm-6.gfeat
rf1	10984	01	act	1,2	fixed_effects	unverified	unverified retained L1 runs [1, 2]; expected model directory absent	/ZPOOL/data/projects/sharedreward-aging/derivatives/fsl/rf1/sub-10984/ses-01/L2_task-sharedreward_model-fulltrial_type-act_sm-6.gfeat
rf1	10984	01	ppi_seed-vs	1,2	fixed_effects	unverified	unverified retained L1 runs [1, 2]; expected model directory absent	/ZPOOL/data/projects/sharedreward-aging/derivatives/fsl/rf1/sub-10984/ses-01/L2_task-sharedreward_model-fulltrial_type-ppi_seed-vs_sm-6.gfeat
rf1	10998	01	act	1,2	fixed_effects	unverified	unverified retained L1 runs [1, 2]; expected model directory absent	/ZPOOL/data/projects/sharedreward-aging/derivatives/fsl/rf1/sub-10998/ses-01/L2_task-sharedreward_model-fulltrial_type-act_sm-6.gfeat
rf1	10998	01	ppi_seed-vs	1,2	fixed_effects	unverified	unverified retained L1 runs [1, 2]; expected model directory absent	/ZPOOL/data/projects/sharedreward-aging/derivatives/fsl/rf1/sub-10998/ses-01/L2_task-sharedreward_model-fulltrial_type-ppi_seed-vs_sm-6.gfeat
rf1	11005	01	act	1,2	fixed_effects	unverified	unverified retained L1 runs [1, 2]; expected model directory absent	/ZPOOL/data/projects/sharedreward-aging/derivatives/fsl/rf1/sub-11005/ses-01/L2_task-sharedreward_model-fulltrial_type-act_sm-6.gfeat
rf1	11005	01	ppi_seed-vs	1,2	fixed_effects	unverified	unverified retained L1 runs [1, 2]; expected model directory absent	/ZPOOL/data/projects/sharedreward-aging/derivatives/fsl/rf1/sub-11005/ses-01/L2_task-sharedreward_model-fulltrial_type-ppi_seed-vs_sm-6.gfeat
rf1	11007	01	act	1,2	fixed_effects	unverified	unverified retained L1 runs [1, 2]; expected model directory absent	/ZPOOL/data/projects/sharedreward-aging/derivatives/fsl/rf1/sub-11007/ses-01/L2_task-sharedreward_model-fulltrial_type-act_sm-6.gfeat
rf1	11007	01	ppi_seed-vs	1,2	fixed_effects	unverified	unverified retained L1 runs [1, 2]; expected model directory absent	/ZPOOL/data/projects/sharedreward-aging/derivatives/fsl/rf1/sub-11007/ses-01/L2_task-sharedreward_model-fulltrial_type-ppi_seed-vs_sm-6.gfeat
rf1	11012	01	act	1,2	fixed_effects	unverified	unverified retained L1 runs [1, 2]; expected model directory absent	/ZPOOL/data/projects/sharedreward-aging/derivatives/fsl/rf1/sub-11012/ses-01/L2_task-sharedreward_model-fulltrial_type-act_sm-6.gfeat
rf1	11012	01	ppi_seed-vs	1,2	fixed_effects	unverified	unverified retained L1 runs [1, 2]; expected model directory absent	/ZPOOL/data/projects/sharedreward-aging/derivatives/fsl/rf1/sub-11012/ses-01/L2_task-sharedreward_model-fulltrial_type-ppi_seed-vs_sm-6.gfeat
rf1	11016	01	act	1,2	fixed_effects	unverified	unverified retained L1 runs [1, 2]; expected model directory absent	/ZPOOL/data/projects/sharedreward-aging/derivatives/fsl/rf1/sub-11016/ses-01/L2_task-sharedreward_model-fulltrial_type-act_sm-6.gfeat
rf1	11016	01	ppi_seed-vs	1,2	fixed_effects	unverified	unverified retained L1 runs [1, 2]; expected model directory absent	/ZPOOL/data/projects/sharedreward-aging/derivatives/fsl/rf1/sub-11016/ses-01/L2_task-sharedreward_model-fulltrial_type-ppi_seed-vs_sm-6.gfeat
rf1	11021	01	act	1,2	fixed_effects	unverified	unverified retained L1 runs [1, 2]; expected model directory absent	/ZPOOL/data/projects/sharedreward-aging/derivatives/fsl/rf1/sub-11021/ses-01/L2_task-sharedreward_model-fulltrial_type-act_sm-6.gfeat
rf1	11021	01	ppi_seed-vs	1,2	fixed_effects	unverified	unverified retained L1 runs [1, 2]; expected model directory absent	/ZPOOL/data/projects/sharedreward-aging/derivatives/fsl/rf1/sub-11021/ses-01/L2_task-sharedreward_model-fulltrial_type-ppi_seed-vs_sm-6.gfeat
rf1	11030	01	act	1,2	fixed_effects	unverified	unverified retained L1 runs [1, 2]; expected model directory absent	/ZPOOL/data/projects/sharedreward-aging/derivatives/fsl/rf1/sub-11030/ses-01/L2_task-sharedreward_model-fulltrial_type-act_sm-6.gfeat
rf1	11030	01	ppi_seed-vs	1,2	fixed_effects	unverified	unverified retained L1 runs [1, 2]; expected model directory absent	/ZPOOL/data/projects/sharedreward-aging/derivatives/fsl/rf1/sub-11030/ses-01/L2_task-sharedreward_model-fulltrial_type-ppi_seed-vs_sm-6.gfeat
rf1	11031	01	act	1,2	fixed_effects	unverified	unverified retained L1 runs [1, 2]; expected model directory absent	/ZPOOL/data/projects/sharedreward-aging/derivatives/fsl/rf1/sub-11031/ses-01/L2_task-sharedreward_model-fulltrial_type-act_sm-6.gfeat
rf1	11031	01	ppi_seed-vs	1,2	fixed_effects	unverified	unverified retained L1 runs [1, 2]; expected model directory absent	/ZPOOL/data/projects/sharedreward-aging/derivatives/fsl/rf1/sub-11031/ses-01/L2_task-sharedreward_model-fulltrial_type-ppi_seed-vs_sm-6.gfeat
rf1	11036	01	act	1,2	fixed_effects	unverified	unverified retained L1 runs [1, 2]; expected model directory absent	/ZPOOL/data/projects/sharedreward-aging/derivatives/fsl/rf1/sub-11036/ses-01/L2_task-sharedreward_model-fulltrial_type-act_sm-6.gfeat
rf1	11036	01	ppi_seed-vs	1,2	fixed_effects	unverified	unverified retained L1 runs [1, 2]; expected model directory absent	/ZPOOL/data/projects/sharedreward-aging/derivatives/fsl/rf1/sub-11036/ses-01/L2_task-sharedreward_model-fulltrial_type-ppi_seed-vs_sm-6.gfeat
rf1	11039	01	act	1,2	fixed_effects	unverified	unverified retained L1 runs [1, 2]; expected model directory absent	/ZPOOL/data/projects/sharedreward-aging/derivatives/fsl/rf1/sub-11039/ses-01/L2_task-sharedreward_model-fulltrial_type-act_sm-6.gfeat
rf1	11039	01	ppi_seed-vs	1,2	fixed_effects	unverified	unverified retained L1 runs [1, 2]; expected model directory absent	/ZPOOL/data/projects/sharedreward-aging/derivatives/fsl/rf1/sub-11039/ses-01/L2_task-sharedreward_model-fulltrial_type-ppi_seed-vs_sm-6.gfeat
rf1	11042	01	act	1,2	fixed_effects	unverified	unverified retained L1 runs [1, 2]; expected model directory absent	/ZPOOL/data/projects/sharedreward-aging/derivatives/fsl/rf1/sub-11042/ses-01/L2_task-sharedreward_model-fulltrial_type-act_sm-6.gfeat
rf1	11042	01	ppi_seed-vs	1,2	fixed_effects	unverified	unverified retained L1 runs [1, 2]; expected model directory absent	/ZPOOL/data/projects/sharedreward-aging/derivatives/fsl/rf1/sub-11042/ses-01/L2_task-sharedreward_model-fulltrial_type-ppi_seed-vs_sm-6.gfeat
rf1	11053	01	act	1,2	fixed_effects	unverified	unverified retained L1 runs [1, 2]; expected model directory absent	/ZPOOL/data/projects/sharedreward-aging/derivatives/fsl/rf1/sub-11053/ses-01/L2_task-sharedreward_model-fulltrial_type-act_sm-6.gfeat
rf1	11053	01	ppi_seed-vs	1,2	fixed_effects	unverified	unverified retained L1 runs [1, 2]; expected model directory absent	/ZPOOL/data/projects/sharedreward-aging/derivatives/fsl/rf1/sub-11053/ses-01/L2_task-sharedreward_model-fulltrial_type-ppi_seed-vs_sm-6.gfeat
rf1	11058	01	act	1,2	fixed_effects	unverified	unverified retained L1 runs [1, 2]; expected model directory absent	/ZPOOL/data/projects/sharedreward-aging/derivatives/fsl/rf1/sub-11058/ses-01/L2_task-sharedreward_model-fulltrial_type-act_sm-6.gfeat
rf1	11058	01	ppi_seed-vs	1,2	fixed_effects	unverified	unverified retained L1 runs [1, 2]; expected model directory absent	/ZPOOL/data/projects/sharedreward-aging/derivatives/fsl/rf1/sub-11058/ses-01/L2_task-sharedreward_model-fulltrial_type-ppi_seed-vs_sm-6.gfeat
rf1	11060	01	act	1,2	fixed_effects	unverified	unverified retained L1 runs [1, 2]; expected model directory absent	/ZPOOL/data/projects/sharedreward-aging/derivatives/fsl/rf1/sub-11060/ses-01/L2_task-sharedreward_model-fulltrial_type-act_sm-6.gfeat
rf1	11060	01	ppi_seed-vs	1,2	fixed_effects	unverified	unverified retained L1 runs [1, 2]; expected model directory absent	/ZPOOL/data/projects/sharedreward-aging/derivatives/fsl/rf1/sub-11060/ses-01/L2_task-sharedreward_model-fulltrial_type-ppi_seed-vs_sm-6.gfeat
rf1	11063	01	act	1,2	fixed_effects	unverified	unverified retained L1 runs [1, 2]; expected model directory absent	/ZPOOL/data/projects/sharedreward-aging/derivatives/fsl/rf1/sub-11063/ses-01/L2_task-sharedreward_model-fulltrial_type-act_sm-6.gfeat
rf1	11063	01	ppi_seed-vs	1,2	fixed_effects	unverified	unverified retained L1 runs [1, 2]; expected model directory absent	/ZPOOL/data/projects/sharedreward-aging/derivatives/fsl/rf1/sub-11063/ses-01/L2_task-sharedreward_model-fulltrial_type-ppi_seed-vs_sm-6.gfeat
rf1	11064	01	act	1,2	fixed_effects	unverified	unverified retained L1 runs [1, 2]; expected model directory absent	/ZPOOL/data/projects/sharedreward-aging/derivatives/fsl/rf1/sub-11064/ses-01/L2_task-sharedreward_model-fulltrial_type-act_sm-6.gfeat
rf1	11064	01	ppi_seed-vs	1,2	fixed_effects	unverified	unverified retained L1 runs [1, 2]; expected model directory absent	/ZPOOL/data/projects/sharedreward-aging/derivatives/fsl/rf1/sub-11064/ses-01/L2_task-sharedreward_model-fulltrial_type-ppi_seed-vs_sm-6.gfeat
rf1	11065	01	act	1,2	fixed_effects	unverified	unverified retained L1 runs [1, 2]; expected model directory absent	/ZPOOL/data/projects/sharedreward-aging/derivatives/fsl/rf1/sub-11065/ses-01/L2_task-sharedreward_model-fulltrial_type-act_sm-6.gfeat
rf1	11065	01	ppi_seed-vs	1,2	fixed_effects	unverified	unverified retained L1 runs [1, 2]; expected model directory absent	/ZPOOL/data/projects/sharedreward-aging/derivatives/fsl/rf1/sub-11065/ses-01/L2_task-sharedreward_model-fulltrial_type-ppi_seed-vs_sm-6.gfeat
rf1	11066	01	act	1,2	fixed_effects	unverified	unverified retained L1 runs [1, 2]; expected model directory absent	/ZPOOL/data/projects/sharedreward-aging/derivatives/fsl/rf1/sub-11066/ses-01/L2_task-sharedreward_model-fulltrial_type-act_sm-6.gfeat
rf1	11066	01	ppi_seed-vs	1,2	fixed_effects	unverified	unverified retained L1 runs [1, 2]; expected model directory absent	/ZPOOL/data/projects/sharedreward-aging/derivatives/fsl/rf1/sub-11066/ses-01/L2_task-sharedreward_model-fulltrial_type-ppi_seed-vs_sm-6.gfeat
rf1	11068	01	act	1,2	fixed_effects	unverified	unverified retained L1 runs [1, 2]; expected model directory absent	/ZPOOL/data/projects/sharedreward-aging/derivatives/fsl/rf1/sub-11068/ses-01/L2_task-sharedreward_model-fulltrial_type-act_sm-6.gfeat
rf1	11068	01	ppi_seed-vs	1,2	fixed_effects	unverified	unverified retained L1 runs [1, 2]; expected model directory absent	/ZPOOL/data/projects/sharedreward-aging/derivatives/fsl/rf1/sub-11068/ses-01/L2_task-sharedreward_model-fulltrial_type-ppi_seed-vs_sm-6.gfeat
rf1	11071	01	act	1,2	fixed_effects	unverified	unverified retained L1 runs [1, 2]; expected model directory absent	/ZPOOL/data/projects/sharedreward-aging/derivatives/fsl/rf1/sub-11071/ses-01/L2_task-sharedreward_model-fulltrial_type-act_sm-6.gfeat
rf1	11071	01	ppi_seed-vs	1,2	fixed_effects	unverified	unverified retained L1 runs [1, 2]; expected model directory absent	/ZPOOL/data/projects/sharedreward-aging/derivatives/fsl/rf1/sub-11071/ses-01/L2_task-sharedreward_model-fulltrial_type-ppi_seed-vs_sm-6.gfeat
rf1	11072	01	act	1,2	fixed_effects	unverified	unverified retained L1 runs [1, 2]; expected model directory absent	/ZPOOL/data/projects/sharedreward-aging/derivatives/fsl/rf1/sub-11072/ses-01/L2_task-sharedreward_model-fulltrial_type-act_sm-6.gfeat
rf1	11072	01	ppi_seed-vs	1,2	fixed_effects	unverified	unverified retained L1 runs [1, 2]; expected model directory absent	/ZPOOL/data/projects/sharedreward-aging/derivatives/fsl/rf1/sub-11072/ses-01/L2_task-sharedreward_model-fulltrial_type-ppi_seed-vs_sm-6.gfeat
rf1	11074	01	act	1,2	fixed_effects	unverified	unverified retained L1 runs [1, 2]; expected model directory absent	/ZPOOL/data/projects/sharedreward-aging/derivatives/fsl/rf1/sub-11074/ses-01/L2_task-sharedreward_model-fulltrial_type-act_sm-6.gfeat
rf1	11074	01	ppi_seed-vs	1,2	fixed_effects	unverified	unverified retained L1 runs [1, 2]; expected model directory absent	/ZPOOL/data/projects/sharedreward-aging/derivatives/fsl/rf1/sub-11074/ses-01/L2_task-sharedreward_model-fulltrial_type-ppi_seed-vs_sm-6.gfeat
rf1	11075	01	act	1,2	fixed_effects	unverified	unverified retained L1 runs [1, 2]; expected model directory absent	/ZPOOL/data/projects/sharedreward-aging/derivatives/fsl/rf1/sub-11075/ses-01/L2_task-sharedreward_model-fulltrial_type-act_sm-6.gfeat
rf1	11075	01	ppi_seed-vs	1,2	fixed_effects	unverified	unverified retained L1 runs [1, 2]; expected model directory absent	/ZPOOL/data/projects/sharedreward-aging/derivatives/fsl/rf1/sub-11075/ses-01/L2_task-sharedreward_model-fulltrial_type-ppi_seed-vs_sm-6.gfeat
rf1	11076	01	act	1	l1_passthrough	unverified	unverified retained L1 runs [1]; 	/ZPOOL/data/projects/sharedreward-aging/derivatives/fsl/rf1/sub-11076/ses-01/L1_task-sharedreward_model-fulltrial_type-act_run-1_sm-6.feat
rf1	11076	01	ppi_seed-vs	1	l1_passthrough	unverified	unverified retained L1 runs [1]; 	/ZPOOL/data/projects/sharedreward-aging/derivatives/fsl/rf1/sub-11076/ses-01/L1_task-sharedreward_model-fulltrial_type-ppi_seed-vs_run-1_sm-6.feat
rf1	11078	01	act	1,2	fixed_effects	unverified	unverified retained L1 runs [1, 2]; expected model directory absent	/ZPOOL/data/projects/sharedreward-aging/derivatives/fsl/rf1/sub-11078/ses-01/L2_task-sharedreward_model-fulltrial_type-act_sm-6.gfeat
rf1	11078	01	ppi_seed-vs	1,2	fixed_effects	unverified	unverified retained L1 runs [1, 2]; expected model directory absent	/ZPOOL/data/projects/sharedreward-aging/derivatives/fsl/rf1/sub-11078/ses-01/L2_task-sharedreward_model-fulltrial_type-ppi_seed-vs_sm-6.gfeat
rf1	11083	01	act	1,2	fixed_effects	unverified	unverified retained L1 runs [1, 2]; expected model directory absent	/ZPOOL/data/projects/sharedreward-aging/derivatives/fsl/rf1/sub-11083/ses-01/L2_task-sharedreward_model-fulltrial_type-act_sm-6.gfeat
rf1	11083	01	ppi_seed-vs	1,2	fixed_effects	unverified	unverified retained L1 runs [1, 2]; expected model directory absent	/ZPOOL/data/projects/sharedreward-aging/derivatives/fsl/rf1/sub-11083/ses-01/L2_task-sharedreward_model-fulltrial_type-ppi_seed-vs_sm-6.gfeat
rf1	11084	01	act	1,2	fixed_effects	unverified	unverified retained L1 runs [1, 2]; expected model directory absent	/ZPOOL/data/projects/sharedreward-aging/derivatives/fsl/rf1/sub-11084/ses-01/L2_task-sharedreward_model-fulltrial_type-act_sm-6.gfeat
rf1	11084	01	ppi_seed-vs	1,2	fixed_effects	unverified	unverified retained L1 runs [1, 2]; expected model directory absent	/ZPOOL/data/projects/sharedreward-aging/derivatives/fsl/rf1/sub-11084/ses-01/L2_task-sharedreward_model-fulltrial_type-ppi_seed-vs_sm-6.gfeat
rf1	11085	01	act	1,2	fixed_effects	unverified	unverified retained L1 runs [1, 2]; expected model directory absent	/ZPOOL/data/projects/sharedreward-aging/derivatives/fsl/rf1/sub-11085/ses-01/L2_task-sharedreward_model-fulltrial_type-act_sm-6.gfeat
rf1	11085	01	ppi_seed-vs	1,2	fixed_effects	unverified	unverified retained L1 runs [1, 2]; expected model directory absent	/ZPOOL/data/projects/sharedreward-aging/derivatives/fsl/rf1/sub-11085/ses-01/L2_task-sharedreward_model-fulltrial_type-ppi_seed-vs_sm-6.gfeat
rf1	11090	01	act	1,2	fixed_effects	unverified	unverified retained L1 runs [1, 2]; expected model directory absent	/ZPOOL/data/projects/sharedreward-aging/derivatives/fsl/rf1/sub-11090/ses-01/L2_task-sharedreward_model-fulltrial_type-act_sm-6.gfeat
rf1	11090	01	ppi_seed-vs	1,2	fixed_effects	unverified	unverified retained L1 runs [1, 2]; expected model directory absent	/ZPOOL/data/projects/sharedreward-aging/derivatives/fsl/rf1/sub-11090/ses-01/L2_task-sharedreward_model-fulltrial_type-ppi_seed-vs_sm-6.gfeat
rf1	11110	01	act	1,2	fixed_effects	unverified	unverified retained L1 runs [1, 2]; expected model directory absent	/ZPOOL/data/projects/sharedreward-aging/derivatives/fsl/rf1/sub-11110/ses-01/L2_task-sharedreward_model-fulltrial_type-act_sm-6.gfeat
rf1	11110	01	ppi_seed-vs	1,2	fixed_effects	unverified	unverified retained L1 runs [1, 2]; expected model directory absent	/ZPOOL/data/projects/sharedreward-aging/derivatives/fsl/rf1/sub-11110/ses-01/L2_task-sharedreward_model-fulltrial_type-ppi_seed-vs_sm-6.gfeat
rf1	11113	01	act	1,2	fixed_effects	unverified	unverified retained L1 runs [1, 2]; expected model directory absent	/ZPOOL/data/projects/sharedreward-aging/derivatives/fsl/rf1/sub-11113/ses-01/L2_task-sharedreward_model-fulltrial_type-act_sm-6.gfeat
rf1	11113	01	ppi_seed-vs	1,2	fixed_effects	unverified	unverified retained L1 runs [1, 2]; expected model directory absent	/ZPOOL/data/projects/sharedreward-aging/derivatives/fsl/rf1/sub-11113/ses-01/L2_task-sharedreward_model-fulltrial_type-ppi_seed-vs_sm-6.gfeat
rf1	11116	01	act	1,2	fixed_effects	unverified	unverified retained L1 runs [1, 2]; expected model directory absent	/ZPOOL/data/projects/sharedreward-aging/derivatives/fsl/rf1/sub-11116/ses-01/L2_task-sharedreward_model-fulltrial_type-act_sm-6.gfeat
rf1	11116	01	ppi_seed-vs	1,2	fixed_effects	unverified	unverified retained L1 runs [1, 2]; expected model directory absent	/ZPOOL/data/projects/sharedreward-aging/derivatives/fsl/rf1/sub-11116/ses-01/L2_task-sharedreward_model-fulltrial_type-ppi_seed-vs_sm-6.gfeat
rf1	11120	01	act	1,2	fixed_effects	unverified	unverified retained L1 runs [1, 2]; expected model directory absent	/ZPOOL/data/projects/sharedreward-aging/derivatives/fsl/rf1/sub-11120/ses-01/L2_task-sharedreward_model-fulltrial_type-act_sm-6.gfeat
rf1	11120	01	ppi_seed-vs	1,2	fixed_effects	unverified	unverified retained L1 runs [1, 2]; expected model directory absent	/ZPOOL/data/projects/sharedreward-aging/derivatives/fsl/rf1/sub-11120/ses-01/L2_task-sharedreward_model-fulltrial_type-ppi_seed-vs_sm-6.gfeat
rf1	11125	01	act	1	l1_passthrough	unverified	unverified retained L1 runs [1]; 	/ZPOOL/data/projects/sharedreward-aging/derivatives/fsl/rf1/sub-11125/ses-01/L1_task-sharedreward_model-fulltrial_type-act_run-1_sm-6.feat
rf1	11125	01	ppi_seed-vs	1	l1_passthrough	unverified	unverified retained L1 runs [1]; 	/ZPOOL/data/projects/sharedreward-aging/derivatives/fsl/rf1/sub-11125/ses-01/L1_task-sharedreward_model-fulltrial_type-ppi_seed-vs_run-1_sm-6.feat
rf1	11126	01	act	1	l1_passthrough	unverified	unverified retained L1 runs [1]; 	/ZPOOL/data/projects/sharedreward-aging/derivatives/fsl/rf1/sub-11126/ses-01/L1_task-sharedreward_model-fulltrial_type-act_run-1_sm-6.feat
rf1	11126	01	ppi_seed-vs	1	l1_passthrough	unverified	unverified retained L1 runs [1]; 	/ZPOOL/data/projects/sharedreward-aging/derivatives/fsl/rf1/sub-11126/ses-01/L1_task-sharedreward_model-fulltrial_type-ppi_seed-vs_run-1_sm-6.feat
rf1	11128	01	act	1,2	fixed_effects	unverified	unverified retained L1 runs [1, 2]; expected model directory absent	/ZPOOL/data/projects/sharedreward-aging/derivatives/fsl/rf1/sub-11128/ses-01/L2_task-sharedreward_model-fulltrial_type-act_sm-6.gfeat
rf1	11128	01	ppi_seed-vs	1,2	fixed_effects	unverified	unverified retained L1 runs [1, 2]; expected model directory absent	/ZPOOL/data/projects/sharedreward-aging/derivatives/fsl/rf1/sub-11128/ses-01/L2_task-sharedreward_model-fulltrial_type-ppi_seed-vs_sm-6.gfeat
rf1	11134	01	act	1,2	fixed_effects	unverified	unverified retained L1 runs [1, 2]; expected model directory absent	/ZPOOL/data/projects/sharedreward-aging/derivatives/fsl/rf1/sub-11134/ses-01/L2_task-sharedreward_model-fulltrial_type-act_sm-6.gfeat
rf1	11134	01	ppi_seed-vs	1,2	fixed_effects	unverified	unverified retained L1 runs [1, 2]; expected model directory absent	/ZPOOL/data/projects/sharedreward-aging/derivatives/fsl/rf1/sub-11134/ses-01/L2_task-sharedreward_model-fulltrial_type-ppi_seed-vs_sm-6.gfeat
rf1	11139	01	act	1,2	fixed_effects	unverified	unverified retained L1 runs [1, 2]; expected model directory absent	/ZPOOL/data/projects/sharedreward-aging/derivatives/fsl/rf1/sub-11139/ses-01/L2_task-sharedreward_model-fulltrial_type-act_sm-6.gfeat
rf1	11139	01	ppi_seed-vs	1,2	fixed_effects	unverified	unverified retained L1 runs [1, 2]; expected model directory absent	/ZPOOL/data/projects/sharedreward-aging/derivatives/fsl/rf1/sub-11139/ses-01/L2_task-sharedreward_model-fulltrial_type-ppi_seed-vs_sm-6.gfeat
rf1	11145	01	act	1,2	fixed_effects	unverified	unverified retained L1 runs [1, 2]; expected model directory absent	/ZPOOL/data/projects/sharedreward-aging/derivatives/fsl/rf1/sub-11145/ses-01/L2_task-sharedreward_model-fulltrial_type-act_sm-6.gfeat
rf1	11145	01	ppi_seed-vs	1,2	fixed_effects	unverified	unverified retained L1 runs [1, 2]; expected model directory absent	/ZPOOL/data/projects/sharedreward-aging/derivatives/fsl/rf1/sub-11145/ses-01/L2_task-sharedreward_model-fulltrial_type-ppi_seed-vs_sm-6.gfeat
rf1	11164	01	act	1	l1_passthrough	unverified	unverified retained L1 runs [1]; 	/ZPOOL/data/projects/sharedreward-aging/derivatives/fsl/rf1/sub-11164/ses-01/L1_task-sharedreward_model-fulltrial_type-act_run-1_sm-6.feat
rf1	11164	01	ppi_seed-vs	1	l1_passthrough	unverified	unverified retained L1 runs [1]; 	/ZPOOL/data/projects/sharedreward-aging/derivatives/fsl/rf1/sub-11164/ses-01/L1_task-sharedreward_model-fulltrial_type-ppi_seed-vs_run-1_sm-6.feat
rf1	11167	01	act	1,2	fixed_effects	unverified	unverified retained L1 runs [1, 2]; expected model directory absent	/ZPOOL/data/projects/sharedreward-aging/derivatives/fsl/rf1/sub-11167/ses-01/L2_task-sharedreward_model-fulltrial_type-act_sm-6.gfeat
rf1	11167	01	ppi_seed-vs	1,2	fixed_effects	unverified	unverified retained L1 runs [1, 2]; expected model directory absent	/ZPOOL/data/projects/sharedreward-aging/derivatives/fsl/rf1/sub-11167/ses-01/L2_task-sharedreward_model-fulltrial_type-ppi_seed-vs_sm-6.gfeat
rf1	11168	01	act	1,2	fixed_effects	unverified	unverified retained L1 runs [1, 2]; expected model directory absent	/ZPOOL/data/projects/sharedreward-aging/derivatives/fsl/rf1/sub-11168/ses-01/L2_task-sharedreward_model-fulltrial_type-act_sm-6.gfeat
rf1	11168	01	ppi_seed-vs	1,2	fixed_effects	unverified	unverified retained L1 runs [1, 2]; expected model directory absent	/ZPOOL/data/projects/sharedreward-aging/derivatives/fsl/rf1/sub-11168/ses-01/L2_task-sharedreward_model-fulltrial_type-ppi_seed-vs_sm-6.gfeat
rf1	11171	01	act	1,2	fixed_effects	unverified	unverified retained L1 runs [1, 2]; expected model directory absent	/ZPOOL/data/projects/sharedreward-aging/derivatives/fsl/rf1/sub-11171/ses-01/L2_task-sharedreward_model-fulltrial_type-act_sm-6.gfeat
rf1	11171	01	ppi_seed-vs	1,2	fixed_effects	unverified	unverified retained L1 runs [1, 2]; expected model directory absent	/ZPOOL/data/projects/sharedreward-aging/derivatives/fsl/rf1/sub-11171/ses-01/L2_task-sharedreward_model-fulltrial_type-ppi_seed-vs_sm-6.gfeat
rf1	11177	01	act	1,2	fixed_effects	unverified	unverified retained L1 runs [1, 2]; expected model directory absent	/ZPOOL/data/projects/sharedreward-aging/derivatives/fsl/rf1/sub-11177/ses-01/L2_task-sharedreward_model-fulltrial_type-act_sm-6.gfeat
rf1	11177	01	ppi_seed-vs	1,2	fixed_effects	unverified	unverified retained L1 runs [1, 2]; expected model directory absent	/ZPOOL/data/projects/sharedreward-aging/derivatives/fsl/rf1/sub-11177/ses-01/L2_task-sharedreward_model-fulltrial_type-ppi_seed-vs_sm-6.gfeat
rf1	11192	01	act	1,2	fixed_effects	unverified	unverified retained L1 runs [1, 2]; expected model directory absent	/ZPOOL/data/projects/sharedreward-aging/derivatives/fsl/rf1/sub-11192/ses-01/L2_task-sharedreward_model-fulltrial_type-act_sm-6.gfeat
rf1	11192	01	ppi_seed-vs	1,2	fixed_effects	unverified	unverified retained L1 runs [1, 2]; expected model directory absent	/ZPOOL/data/projects/sharedreward-aging/derivatives/fsl/rf1/sub-11192/ses-01/L2_task-sharedreward_model-fulltrial_type-ppi_seed-vs_sm-6.gfeat
rf1	11193	01	act	1,2	fixed_effects	unverified	unverified retained L1 runs [1, 2]; expected model directory absent	/ZPOOL/data/projects/sharedreward-aging/derivatives/fsl/rf1/sub-11193/ses-01/L2_task-sharedreward_model-fulltrial_type-act_sm-6.gfeat
rf1	11193	01	ppi_seed-vs	1,2	fixed_effects	unverified	unverified retained L1 runs [1, 2]; expected model directory absent	/ZPOOL/data/projects/sharedreward-aging/derivatives/fsl/rf1/sub-11193/ses-01/L2_task-sharedreward_model-fulltrial_type-ppi_seed-vs_sm-6.gfeat
rf1	11201	01	act	1	l1_passthrough	unverified	unverified retained L1 runs [1]; 	/ZPOOL/data/projects/sharedreward-aging/derivatives/fsl/rf1/sub-11201/ses-01/L1_task-sharedreward_model-fulltrial_type-act_run-1_sm-6.feat
rf1	11201	01	ppi_seed-vs	1	l1_passthrough	unverified	unverified retained L1 runs [1]; 	/ZPOOL/data/projects/sharedreward-aging/derivatives/fsl/rf1/sub-11201/ses-01/L1_task-sharedreward_model-fulltrial_type-ppi_seed-vs_run-1_sm-6.feat
rf1	11203	01	act	1,2	fixed_effects	unverified	unverified retained L1 runs [1, 2]; expected model directory absent	/ZPOOL/data/projects/sharedreward-aging/derivatives/fsl/rf1/sub-11203/ses-01/L2_task-sharedreward_model-fulltrial_type-act_sm-6.gfeat
rf1	11203	01	ppi_seed-vs	1,2	fixed_effects	unverified	unverified retained L1 runs [1, 2]; expected model directory absent	/ZPOOL/data/projects/sharedreward-aging/derivatives/fsl/rf1/sub-11203/ses-01/L2_task-sharedreward_model-fulltrial_type-ppi_seed-vs_sm-6.gfeat
rf1	11209	01	act	1,2	fixed_effects	unverified	unverified retained L1 runs [1, 2]; expected model directory absent	/ZPOOL/data/projects/sharedreward-aging/derivatives/fsl/rf1/sub-11209/ses-01/L2_task-sharedreward_model-fulltrial_type-act_sm-6.gfeat
rf1	11209	01	ppi_seed-vs	1,2	fixed_effects	unverified	unverified retained L1 runs [1, 2]; expected model directory absent	/ZPOOL/data/projects/sharedreward-aging/derivatives/fsl/rf1/sub-11209/ses-01/L2_task-sharedreward_model-fulltrial_type-ppi_seed-vs_sm-6.gfeat
rf1	11227	01	act	1,2	fixed_effects	unverified	unverified retained L1 runs [1, 2]; expected model directory absent	/ZPOOL/data/projects/sharedreward-aging/derivatives/fsl/rf1/sub-11227/ses-01/L2_task-sharedreward_model-fulltrial_type-act_sm-6.gfeat
rf1	11227	01	ppi_seed-vs	1,2	fixed_effects	unverified	unverified retained L1 runs [1, 2]; expected model directory absent	/ZPOOL/data/projects/sharedreward-aging/derivatives/fsl/rf1/sub-11227/ses-01/L2_task-sharedreward_model-fulltrial_type-ppi_seed-vs_sm-6.gfeat
rf1	11238	01	act	1,2	fixed_effects	unverified	unverified retained L1 runs [1, 2]; expected model directory absent	/ZPOOL/data/projects/sharedreward-aging/derivatives/fsl/rf1/sub-11238/ses-01/L2_task-sharedreward_model-fulltrial_type-act_sm-6.gfeat
rf1	11238	01	ppi_seed-vs	1,2	fixed_effects	unverified	unverified retained L1 runs [1, 2]; expected model directory absent	/ZPOOL/data/projects/sharedreward-aging/derivatives/fsl/rf1/sub-11238/ses-01/L2_task-sharedreward_model-fulltrial_type-ppi_seed-vs_sm-6.gfeat
rf1	11241	01	act	1,2	fixed_effects	unverified	unverified retained L1 runs [1, 2]; expected model directory absent	/ZPOOL/data/projects/sharedreward-aging/derivatives/fsl/rf1/sub-11241/ses-01/L2_task-sharedreward_model-fulltrial_type-act_sm-6.gfeat
rf1	11241	01	ppi_seed-vs	1,2	fixed_effects	unverified	unverified retained L1 runs [1, 2]; expected model directory absent	/ZPOOL/data/projects/sharedreward-aging/derivatives/fsl/rf1/sub-11241/ses-01/L2_task-sharedreward_model-fulltrial_type-ppi_seed-vs_sm-6.gfeat
rf1	11246	01	act	1,2	fixed_effects	unverified	unverified retained L1 runs [1, 2]; expected model directory absent	/ZPOOL/data/projects/sharedreward-aging/derivatives/fsl/rf1/sub-11246/ses-01/L2_task-sharedreward_model-fulltrial_type-act_sm-6.gfeat
rf1	11246	01	ppi_seed-vs	1,2	fixed_effects	unverified	unverified retained L1 runs [1, 2]; expected model directory absent	/ZPOOL/data/projects/sharedreward-aging/derivatives/fsl/rf1/sub-11246/ses-01/L2_task-sharedreward_model-fulltrial_type-ppi_seed-vs_sm-6.gfeat
rf1	11276	01	act	1,2	fixed_effects	unverified	unverified retained L1 runs [1, 2]; expected model directory absent	/ZPOOL/data/projects/sharedreward-aging/derivatives/fsl/rf1/sub-11276/ses-01/L2_task-sharedreward_model-fulltrial_type-act_sm-6.gfeat
rf1	11276	01	ppi_seed-vs	1,2	fixed_effects	unverified	unverified retained L1 runs [1, 2]; expected model directory absent	/ZPOOL/data/projects/sharedreward-aging/derivatives/fsl/rf1/sub-11276/ses-01/L2_task-sharedreward_model-fulltrial_type-ppi_seed-vs_sm-6.gfeat
rf1	11286	01	act	1	l1_passthrough	unverified	unverified retained L1 runs [1]; 	/ZPOOL/data/projects/sharedreward-aging/derivatives/fsl/rf1/sub-11286/ses-01/L1_task-sharedreward_model-fulltrial_type-act_run-1_sm-6.feat
rf1	11286	01	ppi_seed-vs	1	l1_passthrough	unverified	unverified retained L1 runs [1]; 	/ZPOOL/data/projects/sharedreward-aging/derivatives/fsl/rf1/sub-11286/ses-01/L1_task-sharedreward_model-fulltrial_type-ppi_seed-vs_run-1_sm-6.feat
rf1	11301	01	act	1,2	fixed_effects	unverified	unverified retained L1 runs [1, 2]; expected model directory absent	/ZPOOL/data/projects/sharedreward-aging/derivatives/fsl/rf1/sub-11301/ses-01/L2_task-sharedreward_model-fulltrial_type-act_sm-6.gfeat
rf1	11301	01	ppi_seed-vs	1,2	fixed_effects	unverified	unverified retained L1 runs [1, 2]; expected model directory absent	/ZPOOL/data/projects/sharedreward-aging/derivatives/fsl/rf1/sub-11301/ses-01/L2_task-sharedreward_model-fulltrial_type-ppi_seed-vs_sm-6.gfeat
rf1	11311	01	act	1,2	fixed_effects	unverified	unverified retained L1 runs [1, 2]; expected model directory absent	/ZPOOL/data/projects/sharedreward-aging/derivatives/fsl/rf1/sub-11311/ses-01/L2_task-sharedreward_model-fulltrial_type-act_sm-6.gfeat
rf1	11311	01	ppi_seed-vs	1,2	fixed_effects	unverified	unverified retained L1 runs [1, 2]; expected model directory absent	/ZPOOL/data/projects/sharedreward-aging/derivatives/fsl/rf1/sub-11311/ses-01/L2_task-sharedreward_model-fulltrial_type-ppi_seed-vs_sm-6.gfeat
rf1	11312	01	act	1,2	fixed_effects	unverified	unverified retained L1 runs [1, 2]; expected model directory absent	/ZPOOL/data/projects/sharedreward-aging/derivatives/fsl/rf1/sub-11312/ses-01/L2_task-sharedreward_model-fulltrial_type-act_sm-6.gfeat
rf1	11312	01	ppi_seed-vs	1,2	fixed_effects	unverified	unverified retained L1 runs [1, 2]; expected model directory absent	/ZPOOL/data/projects/sharedreward-aging/derivatives/fsl/rf1/sub-11312/ses-01/L2_task-sharedreward_model-fulltrial_type-ppi_seed-vs_sm-6.gfeat
rf1	11316	01	act	1,2	fixed_effects	unverified	unverified retained L1 runs [1, 2]; expected model directory absent	/ZPOOL/data/projects/sharedreward-aging/derivatives/fsl/rf1/sub-11316/ses-01/L2_task-sharedreward_model-fulltrial_type-act_sm-6.gfeat
rf1	11316	01	ppi_seed-vs	1,2	fixed_effects	unverified	unverified retained L1 runs [1, 2]; expected model directory absent	/ZPOOL/data/projects/sharedreward-aging/derivatives/fsl/rf1/sub-11316/ses-01/L2_task-sharedreward_model-fulltrial_type-ppi_seed-vs_sm-6.gfeat
rf1	11318	01	act	1,2	fixed_effects	unverified	unverified retained L1 runs [1, 2]; expected model directory absent	/ZPOOL/data/projects/sharedreward-aging/derivatives/fsl/rf1/sub-11318/ses-01/L2_task-sharedreward_model-fulltrial_type-act_sm-6.gfeat
rf1	11318	01	ppi_seed-vs	1,2	fixed_effects	unverified	unverified retained L1 runs [1, 2]; expected model directory absent	/ZPOOL/data/projects/sharedreward-aging/derivatives/fsl/rf1/sub-11318/ses-01/L2_task-sharedreward_model-fulltrial_type-ppi_seed-vs_sm-6.gfeat
rf1	11321	01	act	1,2	fixed_effects	unverified	unverified retained L1 runs [1, 2]; expected model directory absent	/ZPOOL/data/projects/sharedreward-aging/derivatives/fsl/rf1/sub-11321/ses-01/L2_task-sharedreward_model-fulltrial_type-act_sm-6.gfeat
rf1	11321	01	ppi_seed-vs	1,2	fixed_effects	unverified	unverified retained L1 runs [1, 2]; expected model directory absent	/ZPOOL/data/projects/sharedreward-aging/derivatives/fsl/rf1/sub-11321/ses-01/L2_task-sharedreward_model-fulltrial_type-ppi_seed-vs_sm-6.gfeat
rf1	11325	01	act	1,2	fixed_effects	unverified	unverified retained L1 runs [1, 2]; expected model directory absent	/ZPOOL/data/projects/sharedreward-aging/derivatives/fsl/rf1/sub-11325/ses-01/L2_task-sharedreward_model-fulltrial_type-act_sm-6.gfeat
rf1	11325	01	ppi_seed-vs	1,2	fixed_effects	unverified	unverified retained L1 runs [1, 2]; expected model directory absent	/ZPOOL/data/projects/sharedreward-aging/derivatives/fsl/rf1/sub-11325/ses-01/L2_task-sharedreward_model-fulltrial_type-ppi_seed-vs_sm-6.gfeat
rf1	11326	01	act	1,2	fixed_effects	unverified	unverified retained L1 runs [1, 2]; expected model directory absent	/ZPOOL/data/projects/sharedreward-aging/derivatives/fsl/rf1/sub-11326/ses-01/L2_task-sharedreward_model-fulltrial_type-act_sm-6.gfeat
rf1	11326	01	ppi_seed-vs	1,2	fixed_effects	unverified	unverified retained L1 runs [1, 2]; expected model directory absent	/ZPOOL/data/projects/sharedreward-aging/derivatives/fsl/rf1/sub-11326/ses-01/L2_task-sharedreward_model-fulltrial_type-ppi_seed-vs_sm-6.gfeat
rf1	11329	01	act	1,2	fixed_effects	unverified	unverified retained L1 runs [1, 2]; expected model directory absent	/ZPOOL/data/projects/sharedreward-aging/derivatives/fsl/rf1/sub-11329/ses-01/L2_task-sharedreward_model-fulltrial_type-act_sm-6.gfeat
rf1	11329	01	ppi_seed-vs	1,2	fixed_effects	unverified	unverified retained L1 runs [1, 2]; expected model directory absent	/ZPOOL/data/projects/sharedreward-aging/derivatives/fsl/rf1/sub-11329/ses-01/L2_task-sharedreward_model-fulltrial_type-ppi_seed-vs_sm-6.gfeat
rf1	11330	01	act	1,2	fixed_effects	unverified	unverified retained L1 runs [1, 2]; expected model directory absent	/ZPOOL/data/projects/sharedreward-aging/derivatives/fsl/rf1/sub-11330/ses-01/L2_task-sharedreward_model-fulltrial_type-act_sm-6.gfeat
rf1	11330	01	ppi_seed-vs	1,2	fixed_effects	unverified	unverified retained L1 runs [1, 2]; expected model directory absent	/ZPOOL/data/projects/sharedreward-aging/derivatives/fsl/rf1/sub-11330/ses-01/L2_task-sharedreward_model-fulltrial_type-ppi_seed-vs_sm-6.gfeat
rf1	11337	01	act	1,2	fixed_effects	unverified	unverified retained L1 runs [1, 2]; expected model directory absent	/ZPOOL/data/projects/sharedreward-aging/derivatives/fsl/rf1/sub-11337/ses-01/L2_task-sharedreward_model-fulltrial_type-act_sm-6.gfeat
rf1	11337	01	ppi_seed-vs	1,2	fixed_effects	unverified	unverified retained L1 runs [1, 2]; expected model directory absent	/ZPOOL/data/projects/sharedreward-aging/derivatives/fsl/rf1/sub-11337/ses-01/L2_task-sharedreward_model-fulltrial_type-ppi_seed-vs_sm-6.gfeat
rf1	11338	01	act	1,2	fixed_effects	unverified	unverified retained L1 runs [1, 2]; expected model directory absent	/ZPOOL/data/projects/sharedreward-aging/derivatives/fsl/rf1/sub-11338/ses-01/L2_task-sharedreward_model-fulltrial_type-act_sm-6.gfeat
rf1	11338	01	ppi_seed-vs	1,2	fixed_effects	unverified	unverified retained L1 runs [1, 2]; expected model directory absent	/ZPOOL/data/projects/sharedreward-aging/derivatives/fsl/rf1/sub-11338/ses-01/L2_task-sharedreward_model-fulltrial_type-ppi_seed-vs_sm-6.gfeat
rf1	11340	01	act	1,2	fixed_effects	unverified	unverified retained L1 runs [1, 2]; expected model directory absent	/ZPOOL/data/projects/sharedreward-aging/derivatives/fsl/rf1/sub-11340/ses-01/L2_task-sharedreward_model-fulltrial_type-act_sm-6.gfeat
rf1	11340	01	ppi_seed-vs	1,2	fixed_effects	unverified	unverified retained L1 runs [1, 2]; expected model directory absent	/ZPOOL/data/projects/sharedreward-aging/derivatives/fsl/rf1/sub-11340/ses-01/L2_task-sharedreward_model-fulltrial_type-ppi_seed-vs_sm-6.gfeat
rf1	11343	01	act	1,2	fixed_effects	unverified	unverified retained L1 runs [1, 2]; expected model directory absent	/ZPOOL/data/projects/sharedreward-aging/derivatives/fsl/rf1/sub-11343/ses-01/L2_task-sharedreward_model-fulltrial_type-act_sm-6.gfeat
rf1	11343	01	ppi_seed-vs	1,2	fixed_effects	unverified	unverified retained L1 runs [1, 2]; expected model directory absent	/ZPOOL/data/projects/sharedreward-aging/derivatives/fsl/rf1/sub-11343/ses-01/L2_task-sharedreward_model-fulltrial_type-ppi_seed-vs_sm-6.gfeat
rf1	11345	01	act	1,2	fixed_effects	unverified	unverified retained L1 runs [1, 2]; expected model directory absent	/ZPOOL/data/projects/sharedreward-aging/derivatives/fsl/rf1/sub-11345/ses-01/L2_task-sharedreward_model-fulltrial_type-act_sm-6.gfeat
rf1	11345	01	ppi_seed-vs	1,2	fixed_effects	unverified	unverified retained L1 runs [1, 2]; expected model directory absent	/ZPOOL/data/projects/sharedreward-aging/derivatives/fsl/rf1/sub-11345/ses-01/L2_task-sharedreward_model-fulltrial_type-ppi_seed-vs_sm-6.gfeat
rf1	11348	01	act	1,2	fixed_effects	unverified	unverified retained L1 runs [1, 2]; expected model directory absent	/ZPOOL/data/projects/sharedreward-aging/derivatives/fsl/rf1/sub-11348/ses-01/L2_task-sharedreward_model-fulltrial_type-act_sm-6.gfeat
rf1	11348	01	ppi_seed-vs	1,2	fixed_effects	unverified	unverified retained L1 runs [1, 2]; expected model directory absent	/ZPOOL/data/projects/sharedreward-aging/derivatives/fsl/rf1/sub-11348/ses-01/L2_task-sharedreward_model-fulltrial_type-ppi_seed-vs_sm-6.gfeat
rf1	11358	01	act	1,2	fixed_effects	unverified	unverified retained L1 runs [1, 2]; expected model directory absent	/ZPOOL/data/projects/sharedreward-aging/derivatives/fsl/rf1/sub-11358/ses-01/L2_task-sharedreward_model-fulltrial_type-act_sm-6.gfeat
rf1	11358	01	ppi_seed-vs	1,2	fixed_effects	unverified	unverified retained L1 runs [1, 2]; expected model directory absent	/ZPOOL/data/projects/sharedreward-aging/derivatives/fsl/rf1/sub-11358/ses-01/L2_task-sharedreward_model-fulltrial_type-ppi_seed-vs_sm-6.gfeat
rf1	11364	01	act	1,2	fixed_effects	unverified	unverified retained L1 runs [1, 2]; expected model directory absent	/ZPOOL/data/projects/sharedreward-aging/derivatives/fsl/rf1/sub-11364/ses-01/L2_task-sharedreward_model-fulltrial_type-act_sm-6.gfeat
rf1	11364	01	ppi_seed-vs	1,2	fixed_effects	unverified	unverified retained L1 runs [1, 2]; expected model directory absent	/ZPOOL/data/projects/sharedreward-aging/derivatives/fsl/rf1/sub-11364/ses-01/L2_task-sharedreward_model-fulltrial_type-ppi_seed-vs_sm-6.gfeat
rf1	11367	01	act	1,2	fixed_effects	unverified	unverified retained L1 runs [1, 2]; expected model directory absent	/ZPOOL/data/projects/sharedreward-aging/derivatives/fsl/rf1/sub-11367/ses-01/L2_task-sharedreward_model-fulltrial_type-act_sm-6.gfeat
rf1	11367	01	ppi_seed-vs	1,2	fixed_effects	unverified	unverified retained L1 runs [1, 2]; expected model directory absent	/ZPOOL/data/projects/sharedreward-aging/derivatives/fsl/rf1/sub-11367/ses-01/L2_task-sharedreward_model-fulltrial_type-ppi_seed-vs_sm-6.gfeat
rf1	11374	01	act	1,2	fixed_effects	unverified	unverified retained L1 runs [1, 2]; expected model directory absent	/ZPOOL/data/projects/sharedreward-aging/derivatives/fsl/rf1/sub-11374/ses-01/L2_task-sharedreward_model-fulltrial_type-act_sm-6.gfeat
rf1	11374	01	ppi_seed-vs	1,2	fixed_effects	unverified	unverified retained L1 runs [1, 2]; expected model directory absent	/ZPOOL/data/projects/sharedreward-aging/derivatives/fsl/rf1/sub-11374/ses-01/L2_task-sharedreward_model-fulltrial_type-ppi_seed-vs_sm-6.gfeat
rf1	11376	01	act	1,2	fixed_effects	unverified	unverified retained L1 runs [1, 2]; expected model directory absent	/ZPOOL/data/projects/sharedreward-aging/derivatives/fsl/rf1/sub-11376/ses-01/L2_task-sharedreward_model-fulltrial_type-act_sm-6.gfeat
rf1	11376	01	ppi_seed-vs	1,2	fixed_effects	unverified	unverified retained L1 runs [1, 2]; expected model directory absent	/ZPOOL/data/projects/sharedreward-aging/derivatives/fsl/rf1/sub-11376/ses-01/L2_task-sharedreward_model-fulltrial_type-ppi_seed-vs_sm-6.gfeat
rf1	11377	01	act	1,2	fixed_effects	unverified	unverified retained L1 runs [1, 2]; expected model directory absent	/ZPOOL/data/projects/sharedreward-aging/derivatives/fsl/rf1/sub-11377/ses-01/L2_task-sharedreward_model-fulltrial_type-act_sm-6.gfeat
rf1	11377	01	ppi_seed-vs	1,2	fixed_effects	unverified	unverified retained L1 runs [1, 2]; expected model directory absent	/ZPOOL/data/projects/sharedreward-aging/derivatives/fsl/rf1/sub-11377/ses-01/L2_task-sharedreward_model-fulltrial_type-ppi_seed-vs_sm-6.gfeat
rf1	11387	01	act	1,2	fixed_effects	unverified	unverified retained L1 runs [1, 2]; expected model directory absent	/ZPOOL/data/projects/sharedreward-aging/derivatives/fsl/rf1/sub-11387/ses-01/L2_task-sharedreward_model-fulltrial_type-act_sm-6.gfeat
rf1	11387	01	ppi_seed-vs	1,2	fixed_effects	unverified	unverified retained L1 runs [1, 2]; expected model directory absent	/ZPOOL/data/projects/sharedreward-aging/derivatives/fsl/rf1/sub-11387/ses-01/L2_task-sharedreward_model-fulltrial_type-ppi_seed-vs_sm-6.gfeat
rf1	11410	01	act	1,2	fixed_effects	unverified	unverified retained L1 runs [1, 2]; expected model directory absent	/ZPOOL/data/projects/sharedreward-aging/derivatives/fsl/rf1/sub-11410/ses-01/L2_task-sharedreward_model-fulltrial_type-act_sm-6.gfeat
rf1	11410	01	ppi_seed-vs	1,2	fixed_effects	unverified	unverified retained L1 runs [1, 2]; expected model directory absent	/ZPOOL/data/projects/sharedreward-aging/derivatives/fsl/rf1/sub-11410/ses-01/L2_task-sharedreward_model-fulltrial_type-ppi_seed-vs_sm-6.gfeat
rf1	11416	01	act	1	l1_passthrough	unverified	unverified retained L1 runs [1]; 	/ZPOOL/data/projects/sharedreward-aging/derivatives/fsl/rf1/sub-11416/ses-01/L1_task-sharedreward_model-fulltrial_type-act_run-1_sm-6.feat
rf1	11416	01	ppi_seed-vs	1	l1_passthrough	unverified	unverified retained L1 runs [1]; 	/ZPOOL/data/projects/sharedreward-aging/derivatives/fsl/rf1/sub-11416/ses-01/L1_task-sharedreward_model-fulltrial_type-ppi_seed-vs_run-1_sm-6.feat
rf1	11426	01	act	1	l1_passthrough	unverified	unverified retained L1 runs [1]; 	/ZPOOL/data/projects/sharedreward-aging/derivatives/fsl/rf1/sub-11426/ses-01/L1_task-sharedreward_model-fulltrial_type-act_run-1_sm-6.feat
rf1	11426	01	ppi_seed-vs	1	l1_passthrough	unverified	unverified retained L1 runs [1]; 	/ZPOOL/data/projects/sharedreward-aging/derivatives/fsl/rf1/sub-11426/ses-01/L1_task-sharedreward_model-fulltrial_type-ppi_seed-vs_run-1_sm-6.feat
rf1	11430	01	act	1	l1_passthrough	unverified	unverified retained L1 runs [1]; 	/ZPOOL/data/projects/sharedreward-aging/derivatives/fsl/rf1/sub-11430/ses-01/L1_task-sharedreward_model-fulltrial_type-act_run-1_sm-6.feat
rf1	11430	01	ppi_seed-vs	1	l1_passthrough	unverified	unverified retained L1 runs [1]; 	/ZPOOL/data/projects/sharedreward-aging/derivatives/fsl/rf1/sub-11430/ses-01/L1_task-sharedreward_model-fulltrial_type-ppi_seed-vs_run-1_sm-6.feat
rf1	11432	01	act	1,2	fixed_effects	unverified	unverified retained L1 runs [1, 2]; expected model directory absent	/ZPOOL/data/projects/sharedreward-aging/derivatives/fsl/rf1/sub-11432/ses-01/L2_task-sharedreward_model-fulltrial_type-act_sm-6.gfeat
rf1	11432	01	ppi_seed-vs	1,2	fixed_effects	unverified	unverified retained L1 runs [1, 2]; expected model directory absent	/ZPOOL/data/projects/sharedreward-aging/derivatives/fsl/rf1/sub-11432/ses-01/L2_task-sharedreward_model-fulltrial_type-ppi_seed-vs_sm-6.gfeat
rf1	11433	01	act	1,2	fixed_effects	unverified	unverified retained L1 runs [1, 2]; expected model directory absent	/ZPOOL/data/projects/sharedreward-aging/derivatives/fsl/rf1/sub-11433/ses-01/L2_task-sharedreward_model-fulltrial_type-act_sm-6.gfeat
rf1	11433	01	ppi_seed-vs	1,2	fixed_effects	unverified	unverified retained L1 runs [1, 2]; expected model directory absent	/ZPOOL/data/projects/sharedreward-aging/derivatives/fsl/rf1/sub-11433/ses-01/L2_task-sharedreward_model-fulltrial_type-ppi_seed-vs_sm-6.gfeat
rf1	11435	01	act	1,2	fixed_effects	unverified	unverified retained L1 runs [1, 2]; expected model directory absent	/ZPOOL/data/projects/sharedreward-aging/derivatives/fsl/rf1/sub-11435/ses-01/L2_task-sharedreward_model-fulltrial_type-act_sm-6.gfeat
rf1	11435	01	ppi_seed-vs	1,2	fixed_effects	unverified	unverified retained L1 runs [1, 2]; expected model directory absent	/ZPOOL/data/projects/sharedreward-aging/derivatives/fsl/rf1/sub-11435/ses-01/L2_task-sharedreward_model-fulltrial_type-ppi_seed-vs_sm-6.gfeat
rf1	11439	01	act	1	l1_passthrough	unverified	unverified retained L1 runs [1]; 	/ZPOOL/data/projects/sharedreward-aging/derivatives/fsl/rf1/sub-11439/ses-01/L1_task-sharedreward_model-fulltrial_type-act_run-1_sm-6.feat
rf1	11439	01	ppi_seed-vs	1	l1_passthrough	unverified	unverified retained L1 runs [1]; 	/ZPOOL/data/projects/sharedreward-aging/derivatives/fsl/rf1/sub-11439/ses-01/L1_task-sharedreward_model-fulltrial_type-ppi_seed-vs_run-1_sm-6.feat
rf1	11440	01	act	1,2	fixed_effects	unverified	unverified retained L1 runs [1, 2]; expected model directory absent	/ZPOOL/data/projects/sharedreward-aging/derivatives/fsl/rf1/sub-11440/ses-01/L2_task-sharedreward_model-fulltrial_type-act_sm-6.gfeat
rf1	11440	01	ppi_seed-vs	1,2	fixed_effects	unverified	unverified retained L1 runs [1, 2]; expected model directory absent	/ZPOOL/data/projects/sharedreward-aging/derivatives/fsl/rf1/sub-11440/ses-01/L2_task-sharedreward_model-fulltrial_type-ppi_seed-vs_sm-6.gfeat
rf1	11443	01	act	1	l1_passthrough	unverified	unverified retained L1 runs [1]; 	/ZPOOL/data/projects/sharedreward-aging/derivatives/fsl/rf1/sub-11443/ses-01/L1_task-sharedreward_model-fulltrial_type-act_run-1_sm-6.feat
rf1	11443	01	ppi_seed-vs	1	l1_passthrough	unverified	unverified retained L1 runs [1]; 	/ZPOOL/data/projects/sharedreward-aging/derivatives/fsl/rf1/sub-11443/ses-01/L1_task-sharedreward_model-fulltrial_type-ppi_seed-vs_run-1_sm-6.feat
rf1	11450	01	act	1	l1_passthrough	unverified	unverified retained L1 runs [1]; 	/ZPOOL/data/projects/sharedreward-aging/derivatives/fsl/rf1/sub-11450/ses-01/L1_task-sharedreward_model-fulltrial_type-act_run-1_sm-6.feat
rf1	11450	01	ppi_seed-vs	1	l1_passthrough	unverified	unverified retained L1 runs [1]; 	/ZPOOL/data/projects/sharedreward-aging/derivatives/fsl/rf1/sub-11450/ses-01/L1_task-sharedreward_model-fulltrial_type-ppi_seed-vs_run-1_sm-6.feat
rf1	11451	01	act	1,2	fixed_effects	unverified	unverified retained L1 runs [1, 2]; expected model directory absent	/ZPOOL/data/projects/sharedreward-aging/derivatives/fsl/rf1/sub-11451/ses-01/L2_task-sharedreward_model-fulltrial_type-act_sm-6.gfeat
rf1	11451	01	ppi_seed-vs	1,2	fixed_effects	unverified	unverified retained L1 runs [1, 2]; expected model directory absent	/ZPOOL/data/projects/sharedreward-aging/derivatives/fsl/rf1/sub-11451/ses-01/L2_task-sharedreward_model-fulltrial_type-ppi_seed-vs_sm-6.gfeat
rf1	11461	01	act	1,2	fixed_effects	unverified	unverified retained L1 runs [1, 2]; expected model directory absent	/ZPOOL/data/projects/sharedreward-aging/derivatives/fsl/rf1/sub-11461/ses-01/L2_task-sharedreward_model-fulltrial_type-act_sm-6.gfeat
rf1	11461	01	ppi_seed-vs	1,2	fixed_effects	unverified	unverified retained L1 runs [1, 2]; expected model directory absent	/ZPOOL/data/projects/sharedreward-aging/derivatives/fsl/rf1/sub-11461/ses-01/L2_task-sharedreward_model-fulltrial_type-ppi_seed-vs_sm-6.gfeat
rf1	11462	01	act	1	l1_passthrough	unverified	unverified retained L1 runs [1]; 	/ZPOOL/data/projects/sharedreward-aging/derivatives/fsl/rf1/sub-11462/ses-01/L1_task-sharedreward_model-fulltrial_type-act_run-1_sm-6.feat
rf1	11462	01	ppi_seed-vs	1	l1_passthrough	unverified	unverified retained L1 runs [1]; 	/ZPOOL/data/projects/sharedreward-aging/derivatives/fsl/rf1/sub-11462/ses-01/L1_task-sharedreward_model-fulltrial_type-ppi_seed-vs_run-1_sm-6.feat
rf1	11472	01	act	1,2	fixed_effects	unverified	unverified retained L1 runs [1, 2]; expected model directory absent	/ZPOOL/data/projects/sharedreward-aging/derivatives/fsl/rf1/sub-11472/ses-01/L2_task-sharedreward_model-fulltrial_type-act_sm-6.gfeat
rf1	11472	01	ppi_seed-vs	1,2	fixed_effects	unverified	unverified retained L1 runs [1, 2]; expected model directory absent	/ZPOOL/data/projects/sharedreward-aging/derivatives/fsl/rf1/sub-11472/ses-01/L2_task-sharedreward_model-fulltrial_type-ppi_seed-vs_sm-6.gfeat
rf1	11492	01	act	1,2	fixed_effects	unverified	unverified retained L1 runs [1, 2]; expected model directory absent	/ZPOOL/data/projects/sharedreward-aging/derivatives/fsl/rf1/sub-11492/ses-01/L2_task-sharedreward_model-fulltrial_type-act_sm-6.gfeat
rf1	11492	01	ppi_seed-vs	1,2	fixed_effects	unverified	unverified retained L1 runs [1, 2]; expected model directory absent	/ZPOOL/data/projects/sharedreward-aging/derivatives/fsl/rf1/sub-11492/ses-01/L2_task-sharedreward_model-fulltrial_type-ppi_seed-vs_sm-6.gfeat
rf1	11493	01	act	1,2	fixed_effects	unverified	unverified retained L1 runs [1, 2]; expected model directory absent	/ZPOOL/data/projects/sharedreward-aging/derivatives/fsl/rf1/sub-11493/ses-01/L2_task-sharedreward_model-fulltrial_type-act_sm-6.gfeat
rf1	11493	01	ppi_seed-vs	1,2	fixed_effects	unverified	unverified retained L1 runs [1, 2]; expected model directory absent	/ZPOOL/data/projects/sharedreward-aging/derivatives/fsl/rf1/sub-11493/ses-01/L2_task-sharedreward_model-fulltrial_type-ppi_seed-vs_sm-6.gfeat
rf1	11498	01	act	1	l1_passthrough	unverified	unverified retained L1 runs [1]; 	/ZPOOL/data/projects/sharedreward-aging/derivatives/fsl/rf1/sub-11498/ses-01/L1_task-sharedreward_model-fulltrial_type-act_run-1_sm-6.feat
rf1	11498	01	ppi_seed-vs	1	l1_passthrough	unverified	unverified retained L1 runs [1]; 	/ZPOOL/data/projects/sharedreward-aging/derivatives/fsl/rf1/sub-11498/ses-01/L1_task-sharedreward_model-fulltrial_type-ppi_seed-vs_run-1_sm-6.feat
rf1	11517	01	act	1,2	fixed_effects	unverified	unverified retained L1 runs [1, 2]; expected model directory absent	/ZPOOL/data/projects/sharedreward-aging/derivatives/fsl/rf1/sub-11517/ses-01/L2_task-sharedreward_model-fulltrial_type-act_sm-6.gfeat
rf1	11517	01	ppi_seed-vs	1,2	fixed_effects	unverified	unverified retained L1 runs [1, 2]; expected model directory absent	/ZPOOL/data/projects/sharedreward-aging/derivatives/fsl/rf1/sub-11517/ses-01/L2_task-sharedreward_model-fulltrial_type-ppi_seed-vs_sm-6.gfeat
rf1	11518	01	act	1,2	fixed_effects	unverified	unverified retained L1 runs [1, 2]; expected model directory absent	/ZPOOL/data/projects/sharedreward-aging/derivatives/fsl/rf1/sub-11518/ses-01/L2_task-sharedreward_model-fulltrial_type-act_sm-6.gfeat
rf1	11518	01	ppi_seed-vs	1,2	fixed_effects	unverified	unverified retained L1 runs [1, 2]; expected model directory absent	/ZPOOL/data/projects/sharedreward-aging/derivatives/fsl/rf1/sub-11518/ses-01/L2_task-sharedreward_model-fulltrial_type-ppi_seed-vs_sm-6.gfeat
rf1	11523	01	act	1,2	fixed_effects	unverified	unverified retained L1 runs [1, 2]; expected model directory absent	/ZPOOL/data/projects/sharedreward-aging/derivatives/fsl/rf1/sub-11523/ses-01/L2_task-sharedreward_model-fulltrial_type-act_sm-6.gfeat
rf1	11523	01	ppi_seed-vs	1,2	fixed_effects	unverified	unverified retained L1 runs [1, 2]; expected model directory absent	/ZPOOL/data/projects/sharedreward-aging/derivatives/fsl/rf1/sub-11523/ses-01/L2_task-sharedreward_model-fulltrial_type-ppi_seed-vs_sm-6.gfeat
rf1	11526	01	act	1,2	fixed_effects	unverified	unverified retained L1 runs [1, 2]; expected model directory absent	/ZPOOL/data/projects/sharedreward-aging/derivatives/fsl/rf1/sub-11526/ses-01/L2_task-sharedreward_model-fulltrial_type-act_sm-6.gfeat
rf1	11526	01	ppi_seed-vs	1,2	fixed_effects	unverified	unverified retained L1 runs [1, 2]; expected model directory absent	/ZPOOL/data/projects/sharedreward-aging/derivatives/fsl/rf1/sub-11526/ses-01/L2_task-sharedreward_model-fulltrial_type-ppi_seed-vs_sm-6.gfeat
rf1	11527	01	act	1,2	fixed_effects	unverified	unverified retained L1 runs [1, 2]; expected model directory absent	/ZPOOL/data/projects/sharedreward-aging/derivatives/fsl/rf1/sub-11527/ses-01/L2_task-sharedreward_model-fulltrial_type-act_sm-6.gfeat
rf1	11527	01	ppi_seed-vs	1,2	fixed_effects	unverified	unverified retained L1 runs [1, 2]; expected model directory absent	/ZPOOL/data/projects/sharedreward-aging/derivatives/fsl/rf1/sub-11527/ses-01/L2_task-sharedreward_model-fulltrial_type-ppi_seed-vs_sm-6.gfeat
rf1	11529	01	act	1,2	fixed_effects	unverified	unverified retained L1 runs [1, 2]; expected model directory absent	/ZPOOL/data/projects/sharedreward-aging/derivatives/fsl/rf1/sub-11529/ses-01/L2_task-sharedreward_model-fulltrial_type-act_sm-6.gfeat
rf1	11529	01	ppi_seed-vs	1,2	fixed_effects	unverified	unverified retained L1 runs [1, 2]; expected model directory absent	/ZPOOL/data/projects/sharedreward-aging/derivatives/fsl/rf1/sub-11529/ses-01/L2_task-sharedreward_model-fulltrial_type-ppi_seed-vs_sm-6.gfeat
rf1	11530	01	act	1,2	fixed_effects	unverified	unverified retained L1 runs [1, 2]; expected model directory absent	/ZPOOL/data/projects/sharedreward-aging/derivatives/fsl/rf1/sub-11530/ses-01/L2_task-sharedreward_model-fulltrial_type-act_sm-6.gfeat
rf1	11530	01	ppi_seed-vs	1,2	fixed_effects	unverified	unverified retained L1 runs [1, 2]; expected model directory absent	/ZPOOL/data/projects/sharedreward-aging/derivatives/fsl/rf1/sub-11530/ses-01/L2_task-sharedreward_model-fulltrial_type-ppi_seed-vs_sm-6.gfeat
rf1	11532	01	act	1,2	fixed_effects	unverified	unverified retained L1 runs [1, 2]; expected model directory absent	/ZPOOL/data/projects/sharedreward-aging/derivatives/fsl/rf1/sub-11532/ses-01/L2_task-sharedreward_model-fulltrial_type-act_sm-6.gfeat
rf1	11532	01	ppi_seed-vs	1,2	fixed_effects	unverified	unverified retained L1 runs [1, 2]; expected model directory absent	/ZPOOL/data/projects/sharedreward-aging/derivatives/fsl/rf1/sub-11532/ses-01/L2_task-sharedreward_model-fulltrial_type-ppi_seed-vs_sm-6.gfeat
rf1	11533	01	act	1,2	fixed_effects	unverified	unverified retained L1 runs [1, 2]; expected model directory absent	/ZPOOL/data/projects/sharedreward-aging/derivatives/fsl/rf1/sub-11533/ses-01/L2_task-sharedreward_model-fulltrial_type-act_sm-6.gfeat
rf1	11533	01	ppi_seed-vs	1,2	fixed_effects	unverified	unverified retained L1 runs [1, 2]; expected model directory absent	/ZPOOL/data/projects/sharedreward-aging/derivatives/fsl/rf1/sub-11533/ses-01/L2_task-sharedreward_model-fulltrial_type-ppi_seed-vs_sm-6.gfeat
rf1	11534	01	act	1,2	fixed_effects	unverified	unverified retained L1 runs [1, 2]; expected model directory absent	/ZPOOL/data/projects/sharedreward-aging/derivatives/fsl/rf1/sub-11534/ses-01/L2_task-sharedreward_model-fulltrial_type-act_sm-6.gfeat
rf1	11534	01	ppi_seed-vs	1,2	fixed_effects	unverified	unverified retained L1 runs [1, 2]; expected model directory absent	/ZPOOL/data/projects/sharedreward-aging/derivatives/fsl/rf1/sub-11534/ses-01/L2_task-sharedreward_model-fulltrial_type-ppi_seed-vs_sm-6.gfeat
rf1	11535	01	act	1,2	fixed_effects	unverified	unverified retained L1 runs [1, 2]; expected model directory absent	/ZPOOL/data/projects/sharedreward-aging/derivatives/fsl/rf1/sub-11535/ses-01/L2_task-sharedreward_model-fulltrial_type-act_sm-6.gfeat
rf1	11535	01	ppi_seed-vs	1,2	fixed_effects	unverified	unverified retained L1 runs [1, 2]; expected model directory absent	/ZPOOL/data/projects/sharedreward-aging/derivatives/fsl/rf1/sub-11535/ses-01/L2_task-sharedreward_model-fulltrial_type-ppi_seed-vs_sm-6.gfeat
rf1	11536	01	act	1,2	fixed_effects	unverified	unverified retained L1 runs [1, 2]; expected model directory absent	/ZPOOL/data/projects/sharedreward-aging/derivatives/fsl/rf1/sub-11536/ses-01/L2_task-sharedreward_model-fulltrial_type-act_sm-6.gfeat
rf1	11536	01	ppi_seed-vs	1,2	fixed_effects	unverified	unverified retained L1 runs [1, 2]; expected model directory absent	/ZPOOL/data/projects/sharedreward-aging/derivatives/fsl/rf1/sub-11536/ses-01/L2_task-sharedreward_model-fulltrial_type-ppi_seed-vs_sm-6.gfeat
rf1	11540	01	act	1,2	fixed_effects	unverified	unverified retained L1 runs [1, 2]; expected model directory absent	/ZPOOL/data/projects/sharedreward-aging/derivatives/fsl/rf1/sub-11540/ses-01/L2_task-sharedreward_model-fulltrial_type-act_sm-6.gfeat
rf1	11540	01	ppi_seed-vs	1,2	fixed_effects	unverified	unverified retained L1 runs [1, 2]; expected model directory absent	/ZPOOL/data/projects/sharedreward-aging/derivatives/fsl/rf1/sub-11540/ses-01/L2_task-sharedreward_model-fulltrial_type-ppi_seed-vs_sm-6.gfeat
rf1	11542	01	act	1,2	fixed_effects	unverified	unverified retained L1 runs [1, 2]; expected model directory absent	/ZPOOL/data/projects/sharedreward-aging/derivatives/fsl/rf1/sub-11542/ses-01/L2_task-sharedreward_model-fulltrial_type-act_sm-6.gfeat
rf1	11542	01	ppi_seed-vs	1,2	fixed_effects	unverified	unverified retained L1 runs [1, 2]; expected model directory absent	/ZPOOL/data/projects/sharedreward-aging/derivatives/fsl/rf1/sub-11542/ses-01/L2_task-sharedreward_model-fulltrial_type-ppi_seed-vs_sm-6.gfeat
rf1	11545	01	act	1,2	fixed_effects	unverified	unverified retained L1 runs [1, 2]; expected model directory absent	/ZPOOL/data/projects/sharedreward-aging/derivatives/fsl/rf1/sub-11545/ses-01/L2_task-sharedreward_model-fulltrial_type-act_sm-6.gfeat
rf1	11545	01	ppi_seed-vs	1,2	fixed_effects	unverified	unverified retained L1 runs [1, 2]; expected model directory absent	/ZPOOL/data/projects/sharedreward-aging/derivatives/fsl/rf1/sub-11545/ses-01/L2_task-sharedreward_model-fulltrial_type-ppi_seed-vs_sm-6.gfeat
rf1	11551	01	act	1,2	fixed_effects	unverified	unverified retained L1 runs [1, 2]; expected model directory absent	/ZPOOL/data/projects/sharedreward-aging/derivatives/fsl/rf1/sub-11551/ses-01/L2_task-sharedreward_model-fulltrial_type-act_sm-6.gfeat
rf1	11551	01	ppi_seed-vs	1,2	fixed_effects	unverified	unverified retained L1 runs [1, 2]; expected model directory absent	/ZPOOL/data/projects/sharedreward-aging/derivatives/fsl/rf1/sub-11551/ses-01/L2_task-sharedreward_model-fulltrial_type-ppi_seed-vs_sm-6.gfeat
rf1	11559	01	act	1,2	fixed_effects	unverified	unverified retained L1 runs [1, 2]; expected model directory absent	/ZPOOL/data/projects/sharedreward-aging/derivatives/fsl/rf1/sub-11559/ses-01/L2_task-sharedreward_model-fulltrial_type-act_sm-6.gfeat
rf1	11559	01	ppi_seed-vs	1,2	fixed_effects	unverified	unverified retained L1 runs [1, 2]; expected model directory absent	/ZPOOL/data/projects/sharedreward-aging/derivatives/fsl/rf1/sub-11559/ses-01/L2_task-sharedreward_model-fulltrial_type-ppi_seed-vs_sm-6.gfeat
rf1	11560	01	act	1,2	fixed_effects	unverified	unverified retained L1 runs [1, 2]; expected model directory absent	/ZPOOL/data/projects/sharedreward-aging/derivatives/fsl/rf1/sub-11560/ses-01/L2_task-sharedreward_model-fulltrial_type-act_sm-6.gfeat
rf1	11560	01	ppi_seed-vs	1,2	fixed_effects	unverified	unverified retained L1 runs [1, 2]; expected model directory absent	/ZPOOL/data/projects/sharedreward-aging/derivatives/fsl/rf1/sub-11560/ses-01/L2_task-sharedreward_model-fulltrial_type-ppi_seed-vs_sm-6.gfeat
rf1	11563	01	act	1,2	fixed_effects	unverified	unverified retained L1 runs [1, 2]; expected model directory absent	/ZPOOL/data/projects/sharedreward-aging/derivatives/fsl/rf1/sub-11563/ses-01/L2_task-sharedreward_model-fulltrial_type-act_sm-6.gfeat
rf1	11563	01	ppi_seed-vs	1,2	fixed_effects	unverified	unverified retained L1 runs [1, 2]; expected model directory absent	/ZPOOL/data/projects/sharedreward-aging/derivatives/fsl/rf1/sub-11563/ses-01/L2_task-sharedreward_model-fulltrial_type-ppi_seed-vs_sm-6.gfeat
rf1	11570	01	act	1,2	fixed_effects	unverified	unverified retained L1 runs [1, 2]; expected model directory absent	/ZPOOL/data/projects/sharedreward-aging/derivatives/fsl/rf1/sub-11570/ses-01/L2_task-sharedreward_model-fulltrial_type-act_sm-6.gfeat
rf1	11570	01	ppi_seed-vs	1,2	fixed_effects	unverified	unverified retained L1 runs [1, 2]; expected model directory absent	/ZPOOL/data/projects/sharedreward-aging/derivatives/fsl/rf1/sub-11570/ses-01/L2_task-sharedreward_model-fulltrial_type-ppi_seed-vs_sm-6.gfeat
rf1	11572	01	act	1,2	fixed_effects	unverified	unverified retained L1 runs [1, 2]; expected model directory absent	/ZPOOL/data/projects/sharedreward-aging/derivatives/fsl/rf1/sub-11572/ses-01/L2_task-sharedreward_model-fulltrial_type-act_sm-6.gfeat
rf1	11572	01	ppi_seed-vs	1,2	fixed_effects	unverified	unverified retained L1 runs [1, 2]; expected model directory absent	/ZPOOL/data/projects/sharedreward-aging/derivatives/fsl/rf1/sub-11572/ses-01/L2_task-sharedreward_model-fulltrial_type-ppi_seed-vs_sm-6.gfeat
rf1	11579	01	act	1,2	fixed_effects	unverified	unverified retained L1 runs [1, 2]; expected model directory absent	/ZPOOL/data/projects/sharedreward-aging/derivatives/fsl/rf1/sub-11579/ses-01/L2_task-sharedreward_model-fulltrial_type-act_sm-6.gfeat
rf1	11579	01	ppi_seed-vs	1,2	fixed_effects	unverified	unverified retained L1 runs [1, 2]; expected model directory absent	/ZPOOL/data/projects/sharedreward-aging/derivatives/fsl/rf1/sub-11579/ses-01/L2_task-sharedreward_model-fulltrial_type-ppi_seed-vs_sm-6.gfeat
rf1	11586	01	act	1	l1_passthrough	unverified	unverified retained L1 runs [1]; 	/ZPOOL/data/projects/sharedreward-aging/derivatives/fsl/rf1/sub-11586/ses-01/L1_task-sharedreward_model-fulltrial_type-act_run-1_sm-6.feat
rf1	11586	01	ppi_seed-vs	1	l1_passthrough	unverified	unverified retained L1 runs [1]; 	/ZPOOL/data/projects/sharedreward-aging/derivatives/fsl/rf1/sub-11586/ses-01/L1_task-sharedreward_model-fulltrial_type-ppi_seed-vs_run-1_sm-6.feat
rf1	11587	01	act	1,2	fixed_effects	unverified	unverified retained L1 runs [1, 2]; expected model directory absent	/ZPOOL/data/projects/sharedreward-aging/derivatives/fsl/rf1/sub-11587/ses-01/L2_task-sharedreward_model-fulltrial_type-act_sm-6.gfeat
rf1	11587	01	ppi_seed-vs	1,2	fixed_effects	unverified	unverified retained L1 runs [1, 2]; expected model directory absent	/ZPOOL/data/projects/sharedreward-aging/derivatives/fsl/rf1/sub-11587/ses-01/L2_task-sharedreward_model-fulltrial_type-ppi_seed-vs_sm-6.gfeat
rf1	11588	01	act	1,2	fixed_effects	unverified	unverified retained L1 runs [1, 2]; expected model directory absent	/ZPOOL/data/projects/sharedreward-aging/derivatives/fsl/rf1/sub-11588/ses-01/L2_task-sharedreward_model-fulltrial_type-act_sm-6.gfeat
rf1	11588	01	ppi_seed-vs	1,2	fixed_effects	unverified	unverified retained L1 runs [1, 2]; expected model directory absent	/ZPOOL/data/projects/sharedreward-aging/derivatives/fsl/rf1/sub-11588/ses-01/L2_task-sharedreward_model-fulltrial_type-ppi_seed-vs_sm-6.gfeat
rf1	11591	01	act	1,2	fixed_effects	unverified	unverified retained L1 runs [1, 2]; expected model directory absent	/ZPOOL/data/projects/sharedreward-aging/derivatives/fsl/rf1/sub-11591/ses-01/L2_task-sharedreward_model-fulltrial_type-act_sm-6.gfeat
rf1	11591	01	ppi_seed-vs	1,2	fixed_effects	unverified	unverified retained L1 runs [1, 2]; expected model directory absent	/ZPOOL/data/projects/sharedreward-aging/derivatives/fsl/rf1/sub-11591/ses-01/L2_task-sharedreward_model-fulltrial_type-ppi_seed-vs_sm-6.gfeat
rf1	11597	01	act	1,2	fixed_effects	unverified	unverified retained L1 runs [1, 2]; expected model directory absent	/ZPOOL/data/projects/sharedreward-aging/derivatives/fsl/rf1/sub-11597/ses-01/L2_task-sharedreward_model-fulltrial_type-act_sm-6.gfeat
rf1	11597	01	ppi_seed-vs	1,2	fixed_effects	unverified	unverified retained L1 runs [1, 2]; expected model directory absent	/ZPOOL/data/projects/sharedreward-aging/derivatives/fsl/rf1/sub-11597/ses-01/L2_task-sharedreward_model-fulltrial_type-ppi_seed-vs_sm-6.gfeat
rf1	11598	01	act	1,2	fixed_effects	unverified	unverified retained L1 runs [1, 2]; expected model directory absent	/ZPOOL/data/projects/sharedreward-aging/derivatives/fsl/rf1/sub-11598/ses-01/L2_task-sharedreward_model-fulltrial_type-act_sm-6.gfeat
rf1	11598	01	ppi_seed-vs	1,2	fixed_effects	unverified	unverified retained L1 runs [1, 2]; expected model directory absent	/ZPOOL/data/projects/sharedreward-aging/derivatives/fsl/rf1/sub-11598/ses-01/L2_task-sharedreward_model-fulltrial_type-ppi_seed-vs_sm-6.gfeat
rf1	11599	01	act	1,2	fixed_effects	unverified	unverified retained L1 runs [1, 2]; expected model directory absent	/ZPOOL/data/projects/sharedreward-aging/derivatives/fsl/rf1/sub-11599/ses-01/L2_task-sharedreward_model-fulltrial_type-act_sm-6.gfeat
rf1	11599	01	ppi_seed-vs	1,2	fixed_effects	unverified	unverified retained L1 runs [1, 2]; expected model directory absent	/ZPOOL/data/projects/sharedreward-aging/derivatives/fsl/rf1/sub-11599/ses-01/L2_task-sharedreward_model-fulltrial_type-ppi_seed-vs_sm-6.gfeat
rf1	11600	01	act	1,2	fixed_effects	unverified	unverified retained L1 runs [1, 2]; expected model directory absent	/ZPOOL/data/projects/sharedreward-aging/derivatives/fsl/rf1/sub-11600/ses-01/L2_task-sharedreward_model-fulltrial_type-act_sm-6.gfeat
rf1	11600	01	ppi_seed-vs	1,2	fixed_effects	unverified	unverified retained L1 runs [1, 2]; expected model directory absent	/ZPOOL/data/projects/sharedreward-aging/derivatives/fsl/rf1/sub-11600/ses-01/L2_task-sharedreward_model-fulltrial_type-ppi_seed-vs_sm-6.gfeat
rf1	11606	01	act	1,2	fixed_effects	unverified	unverified retained L1 runs [1, 2]; expected model directory absent	/ZPOOL/data/projects/sharedreward-aging/derivatives/fsl/rf1/sub-11606/ses-01/L2_task-sharedreward_model-fulltrial_type-act_sm-6.gfeat
rf1	11606	01	ppi_seed-vs	1,2	fixed_effects	unverified	unverified retained L1 runs [1, 2]; expected model directory absent	/ZPOOL/data/projects/sharedreward-aging/derivatives/fsl/rf1/sub-11606/ses-01/L2_task-sharedreward_model-fulltrial_type-ppi_seed-vs_sm-6.gfeat
rf1	11614	01	act	1,2	fixed_effects	unverified	unverified retained L1 runs [1, 2]; expected model directory absent	/ZPOOL/data/projects/sharedreward-aging/derivatives/fsl/rf1/sub-11614/ses-01/L2_task-sharedreward_model-fulltrial_type-act_sm-6.gfeat
rf1	11614	01	ppi_seed-vs	1,2	fixed_effects	unverified	unverified retained L1 runs [1, 2]; expected model directory absent	/ZPOOL/data/projects/sharedreward-aging/derivatives/fsl/rf1/sub-11614/ses-01/L2_task-sharedreward_model-fulltrial_type-ppi_seed-vs_sm-6.gfeat
rf1	11622	01	act	1,2	fixed_effects	unverified	unverified retained L1 runs [1, 2]; expected model directory absent	/ZPOOL/data/projects/sharedreward-aging/derivatives/fsl/rf1/sub-11622/ses-01/L2_task-sharedreward_model-fulltrial_type-act_sm-6.gfeat
rf1	11622	01	ppi_seed-vs	1,2	fixed_effects	unverified	unverified retained L1 runs [1, 2]; expected model directory absent	/ZPOOL/data/projects/sharedreward-aging/derivatives/fsl/rf1/sub-11622/ses-01/L2_task-sharedreward_model-fulltrial_type-ppi_seed-vs_sm-6.gfeat
rf1	11623	01	act	1	l1_passthrough	unverified	unverified retained L1 runs [1]; 	/ZPOOL/data/projects/sharedreward-aging/derivatives/fsl/rf1/sub-11623/ses-01/L1_task-sharedreward_model-fulltrial_type-act_run-1_sm-6.feat
rf1	11623	01	ppi_seed-vs	1	l1_passthrough	unverified	unverified retained L1 runs [1]; 	/ZPOOL/data/projects/sharedreward-aging/derivatives/fsl/rf1/sub-11623/ses-01/L1_task-sharedreward_model-fulltrial_type-ppi_seed-vs_run-1_sm-6.feat
rf1	11625	01	act	1,2	fixed_effects	unverified	unverified retained L1 runs [1, 2]; expected model directory absent	/ZPOOL/data/projects/sharedreward-aging/derivatives/fsl/rf1/sub-11625/ses-01/L2_task-sharedreward_model-fulltrial_type-act_sm-6.gfeat
rf1	11625	01	ppi_seed-vs	1,2	fixed_effects	unverified	unverified retained L1 runs [1, 2]; expected model directory absent	/ZPOOL/data/projects/sharedreward-aging/derivatives/fsl/rf1/sub-11625/ses-01/L2_task-sharedreward_model-fulltrial_type-ppi_seed-vs_sm-6.gfeat
rf1	11626	01	act	1,2	fixed_effects	unverified	unverified retained L1 runs [1, 2]; expected model directory absent	/ZPOOL/data/projects/sharedreward-aging/derivatives/fsl/rf1/sub-11626/ses-01/L2_task-sharedreward_model-fulltrial_type-act_sm-6.gfeat
rf1	11626	01	ppi_seed-vs	1,2	fixed_effects	unverified	unverified retained L1 runs [1, 2]; expected model directory absent	/ZPOOL/data/projects/sharedreward-aging/derivatives/fsl/rf1/sub-11626/ses-01/L2_task-sharedreward_model-fulltrial_type-ppi_seed-vs_sm-6.gfeat
rf1	11628	01	act	1,2	fixed_effects	unverified	unverified retained L1 runs [1, 2]; expected model directory absent	/ZPOOL/data/projects/sharedreward-aging/derivatives/fsl/rf1/sub-11628/ses-01/L2_task-sharedreward_model-fulltrial_type-act_sm-6.gfeat
rf1	11628	01	ppi_seed-vs	1,2	fixed_effects	unverified	unverified retained L1 runs [1, 2]; expected model directory absent	/ZPOOL/data/projects/sharedreward-aging/derivatives/fsl/rf1/sub-11628/ses-01/L2_task-sharedreward_model-fulltrial_type-ppi_seed-vs_sm-6.gfeat
rf1	11631	01	act	1,2	fixed_effects	unverified	unverified retained L1 runs [1, 2]; expected model directory absent	/ZPOOL/data/projects/sharedreward-aging/derivatives/fsl/rf1/sub-11631/ses-01/L2_task-sharedreward_model-fulltrial_type-act_sm-6.gfeat
rf1	11631	01	ppi_seed-vs	1,2	fixed_effects	unverified	unverified retained L1 runs [1, 2]; expected model directory absent	/ZPOOL/data/projects/sharedreward-aging/derivatives/fsl/rf1/sub-11631/ses-01/L2_task-sharedreward_model-fulltrial_type-ppi_seed-vs_sm-6.gfeat
rf1	11651	01	act	1,2	fixed_effects	unverified	unverified retained L1 runs [1, 2]; expected model directory absent	/ZPOOL/data/projects/sharedreward-aging/derivatives/fsl/rf1/sub-11651/ses-01/L2_task-sharedreward_model-fulltrial_type-act_sm-6.gfeat
rf1	11651	01	ppi_seed-vs	1,2	fixed_effects	unverified	unverified retained L1 runs [1, 2]; expected model directory absent	/ZPOOL/data/projects/sharedreward-aging/derivatives/fsl/rf1/sub-11651/ses-01/L2_task-sharedreward_model-fulltrial_type-ppi_seed-vs_sm-6.gfeat
rf1	11660	01	act	1,2	fixed_effects	unverified	unverified retained L1 runs [1, 2]; expected model directory absent	/ZPOOL/data/projects/sharedreward-aging/derivatives/fsl/rf1/sub-11660/ses-01/L2_task-sharedreward_model-fulltrial_type-act_sm-6.gfeat
rf1	11660	01	ppi_seed-vs	1,2	fixed_effects	unverified	unverified retained L1 runs [1, 2]; expected model directory absent	/ZPOOL/data/projects/sharedreward-aging/derivatives/fsl/rf1/sub-11660/ses-01/L2_task-sharedreward_model-fulltrial_type-ppi_seed-vs_sm-6.gfeat
rf1	11670	01	act	1,2	fixed_effects	unverified	unverified retained L1 runs [1, 2]; expected model directory absent	/ZPOOL/data/projects/sharedreward-aging/derivatives/fsl/rf1/sub-11670/ses-01/L2_task-sharedreward_model-fulltrial_type-act_sm-6.gfeat
rf1	11670	01	ppi_seed-vs	1,2	fixed_effects	unverified	unverified retained L1 runs [1, 2]; expected model directory absent	/ZPOOL/data/projects/sharedreward-aging/derivatives/fsl/rf1/sub-11670/ses-01/L2_task-sharedreward_model-fulltrial_type-ppi_seed-vs_sm-6.gfeat
rf1	11674	01	act	1	l1_passthrough	unverified	unverified retained L1 runs [1]; 	/ZPOOL/data/projects/sharedreward-aging/derivatives/fsl/rf1/sub-11674/ses-01/L1_task-sharedreward_model-fulltrial_type-act_run-1_sm-6.feat
rf1	11674	01	ppi_seed-vs	1	l1_passthrough	unverified	unverified retained L1 runs [1]; 	/ZPOOL/data/projects/sharedreward-aging/derivatives/fsl/rf1/sub-11674/ses-01/L1_task-sharedreward_model-fulltrial_type-ppi_seed-vs_run-1_sm-6.feat
rf1	11679	01	act	1,2	fixed_effects	unverified	unverified retained L1 runs [1, 2]; expected model directory absent	/ZPOOL/data/projects/sharedreward-aging/derivatives/fsl/rf1/sub-11679/ses-01/L2_task-sharedreward_model-fulltrial_type-act_sm-6.gfeat
rf1	11679	01	ppi_seed-vs	1,2	fixed_effects	unverified	unverified retained L1 runs [1, 2]; expected model directory absent	/ZPOOL/data/projects/sharedreward-aging/derivatives/fsl/rf1/sub-11679/ses-01/L2_task-sharedreward_model-fulltrial_type-ppi_seed-vs_sm-6.gfeat
rf1	11681	01	act	1,2	fixed_effects	unverified	unverified retained L1 runs [1, 2]; expected model directory absent	/ZPOOL/data/projects/sharedreward-aging/derivatives/fsl/rf1/sub-11681/ses-01/L2_task-sharedreward_model-fulltrial_type-act_sm-6.gfeat
rf1	11681	01	ppi_seed-vs	1,2	fixed_effects	unverified	unverified retained L1 runs [1, 2]; expected model directory absent	/ZPOOL/data/projects/sharedreward-aging/derivatives/fsl/rf1/sub-11681/ses-01/L2_task-sharedreward_model-fulltrial_type-ppi_seed-vs_sm-6.gfeat
rf1	11692	01	act	1,2	fixed_effects	unverified	unverified retained L1 runs [1, 2]; expected model directory absent	/ZPOOL/data/projects/sharedreward-aging/derivatives/fsl/rf1/sub-11692/ses-01/L2_task-sharedreward_model-fulltrial_type-act_sm-6.gfeat
rf1	11692	01	ppi_seed-vs	1,2	fixed_effects	unverified	unverified retained L1 runs [1, 2]; expected model directory absent	/ZPOOL/data/projects/sharedreward-aging/derivatives/fsl/rf1/sub-11692/ses-01/L2_task-sharedreward_model-fulltrial_type-ppi_seed-vs_sm-6.gfeat
rf1	11694	01	act	1	l1_passthrough	unverified	unverified retained L1 runs [1]; 	/ZPOOL/data/projects/sharedreward-aging/derivatives/fsl/rf1/sub-11694/ses-01/L1_task-sharedreward_model-fulltrial_type-act_run-1_sm-6.feat
rf1	11694	01	ppi_seed-vs	1	l1_passthrough	unverified	unverified retained L1 runs [1]; 	/ZPOOL/data/projects/sharedreward-aging/derivatives/fsl/rf1/sub-11694/ses-01/L1_task-sharedreward_model-fulltrial_type-ppi_seed-vs_run-1_sm-6.feat
rf1	11701	01	act	1,2	fixed_effects	unverified	unverified retained L1 runs [1, 2]; expected model directory absent	/ZPOOL/data/projects/sharedreward-aging/derivatives/fsl/rf1/sub-11701/ses-01/L2_task-sharedreward_model-fulltrial_type-act_sm-6.gfeat
rf1	11701	01	ppi_seed-vs	1,2	fixed_effects	unverified	unverified retained L1 runs [1, 2]; expected model directory absent	/ZPOOL/data/projects/sharedreward-aging/derivatives/fsl/rf1/sub-11701/ses-01/L2_task-sharedreward_model-fulltrial_type-ppi_seed-vs_sm-6.gfeat
rf1	11703	01	act	1,2	fixed_effects	unverified	unverified retained L1 runs [1, 2]; expected model directory absent	/ZPOOL/data/projects/sharedreward-aging/derivatives/fsl/rf1/sub-11703/ses-01/L2_task-sharedreward_model-fulltrial_type-act_sm-6.gfeat
rf1	11703	01	ppi_seed-vs	1,2	fixed_effects	unverified	unverified retained L1 runs [1, 2]; expected model directory absent	/ZPOOL/data/projects/sharedreward-aging/derivatives/fsl/rf1/sub-11703/ses-01/L2_task-sharedreward_model-fulltrial_type-ppi_seed-vs_sm-6.gfeat
rf1	11705	01	act	1,2	fixed_effects	unverified	unverified retained L1 runs [1, 2]; expected model directory absent	/ZPOOL/data/projects/sharedreward-aging/derivatives/fsl/rf1/sub-11705/ses-01/L2_task-sharedreward_model-fulltrial_type-act_sm-6.gfeat
rf1	11705	01	ppi_seed-vs	1,2	fixed_effects	unverified	unverified retained L1 runs [1, 2]; expected model directory absent	/ZPOOL/data/projects/sharedreward-aging/derivatives/fsl/rf1/sub-11705/ses-01/L2_task-sharedreward_model-fulltrial_type-ppi_seed-vs_sm-6.gfeat
rf1	11709	01	act	1,2	fixed_effects	unverified	unverified retained L1 runs [1, 2]; expected model directory absent	/ZPOOL/data/projects/sharedreward-aging/derivatives/fsl/rf1/sub-11709/ses-01/L2_task-sharedreward_model-fulltrial_type-act_sm-6.gfeat
rf1	11709	01	ppi_seed-vs	1,2	fixed_effects	unverified	unverified retained L1 runs [1, 2]; expected model directory absent	/ZPOOL/data/projects/sharedreward-aging/derivatives/fsl/rf1/sub-11709/ses-01/L2_task-sharedreward_model-fulltrial_type-ppi_seed-vs_sm-6.gfeat
rf1	11710	01	act	1,2	fixed_effects	unverified	unverified retained L1 runs [1, 2]; expected model directory absent	/ZPOOL/data/projects/sharedreward-aging/derivatives/fsl/rf1/sub-11710/ses-01/L2_task-sharedreward_model-fulltrial_type-act_sm-6.gfeat
rf1	11710	01	ppi_seed-vs	1,2	fixed_effects	unverified	unverified retained L1 runs [1, 2]; expected model directory absent	/ZPOOL/data/projects/sharedreward-aging/derivatives/fsl/rf1/sub-11710/ses-01/L2_task-sharedreward_model-fulltrial_type-ppi_seed-vs_sm-6.gfeat
rf1	11714	01	act	1,2	fixed_effects	unverified	unverified retained L1 runs [1, 2]; expected model directory absent	/ZPOOL/data/projects/sharedreward-aging/derivatives/fsl/rf1/sub-11714/ses-01/L2_task-sharedreward_model-fulltrial_type-act_sm-6.gfeat
rf1	11714	01	ppi_seed-vs	1,2	fixed_effects	unverified	unverified retained L1 runs [1, 2]; expected model directory absent	/ZPOOL/data/projects/sharedreward-aging/derivatives/fsl/rf1/sub-11714/ses-01/L2_task-sharedreward_model-fulltrial_type-ppi_seed-vs_sm-6.gfeat
rf1	11719	01	act	1	l1_passthrough	unverified	unverified retained L1 runs [1]; 	/ZPOOL/data/projects/sharedreward-aging/derivatives/fsl/rf1/sub-11719/ses-01/L1_task-sharedreward_model-fulltrial_type-act_run-1_sm-6.feat
rf1	11719	01	ppi_seed-vs	1	l1_passthrough	unverified	unverified retained L1 runs [1]; 	/ZPOOL/data/projects/sharedreward-aging/derivatives/fsl/rf1/sub-11719/ses-01/L1_task-sharedreward_model-fulltrial_type-ppi_seed-vs_run-1_sm-6.feat
rf1	11720	01	act	1,2	fixed_effects	unverified	unverified retained L1 runs [1, 2]; expected model directory absent	/ZPOOL/data/projects/sharedreward-aging/derivatives/fsl/rf1/sub-11720/ses-01/L2_task-sharedreward_model-fulltrial_type-act_sm-6.gfeat
rf1	11720	01	ppi_seed-vs	1,2	fixed_effects	unverified	unverified retained L1 runs [1, 2]; expected model directory absent	/ZPOOL/data/projects/sharedreward-aging/derivatives/fsl/rf1/sub-11720/ses-01/L2_task-sharedreward_model-fulltrial_type-ppi_seed-vs_sm-6.gfeat
rf1	11722	01	act	1,2	fixed_effects	unverified	unverified retained L1 runs [1, 2]; expected model directory absent	/ZPOOL/data/projects/sharedreward-aging/derivatives/fsl/rf1/sub-11722/ses-01/L2_task-sharedreward_model-fulltrial_type-act_sm-6.gfeat
rf1	11722	01	ppi_seed-vs	1,2	fixed_effects	unverified	unverified retained L1 runs [1, 2]; expected model directory absent	/ZPOOL/data/projects/sharedreward-aging/derivatives/fsl/rf1/sub-11722/ses-01/L2_task-sharedreward_model-fulltrial_type-ppi_seed-vs_sm-6.gfeat
rf1	11723	01	act	1,2	fixed_effects	unverified	unverified retained L1 runs [1, 2]; expected model directory absent	/ZPOOL/data/projects/sharedreward-aging/derivatives/fsl/rf1/sub-11723/ses-01/L2_task-sharedreward_model-fulltrial_type-act_sm-6.gfeat
rf1	11723	01	ppi_seed-vs	1,2	fixed_effects	unverified	unverified retained L1 runs [1, 2]; expected model directory absent	/ZPOOL/data/projects/sharedreward-aging/derivatives/fsl/rf1/sub-11723/ses-01/L2_task-sharedreward_model-fulltrial_type-ppi_seed-vs_sm-6.gfeat
rf1	11736	01	act	1,2	fixed_effects	unverified	unverified retained L1 runs [1, 2]; expected model directory absent	/ZPOOL/data/projects/sharedreward-aging/derivatives/fsl/rf1/sub-11736/ses-01/L2_task-sharedreward_model-fulltrial_type-act_sm-6.gfeat
rf1	11736	01	ppi_seed-vs	1,2	fixed_effects	unverified	unverified retained L1 runs [1, 2]; expected model directory absent	/ZPOOL/data/projects/sharedreward-aging/derivatives/fsl/rf1/sub-11736/ses-01/L2_task-sharedreward_model-fulltrial_type-ppi_seed-vs_sm-6.gfeat
rf1	11744	01	act	1,2	fixed_effects	unverified	unverified retained L1 runs [1, 2]; expected model directory absent	/ZPOOL/data/projects/sharedreward-aging/derivatives/fsl/rf1/sub-11744/ses-01/L2_task-sharedreward_model-fulltrial_type-act_sm-6.gfeat
rf1	11744	01	ppi_seed-vs	1,2	fixed_effects	unverified	unverified retained L1 runs [1, 2]; expected model directory absent	/ZPOOL/data/projects/sharedreward-aging/derivatives/fsl/rf1/sub-11744/ses-01/L2_task-sharedreward_model-fulltrial_type-ppi_seed-vs_sm-6.gfeat
rf1	11746	01	act	1,2	fixed_effects	unverified	unverified retained L1 runs [1, 2]; expected model directory absent	/ZPOOL/data/projects/sharedreward-aging/derivatives/fsl/rf1/sub-11746/ses-01/L2_task-sharedreward_model-fulltrial_type-act_sm-6.gfeat
rf1	11746	01	ppi_seed-vs	1,2	fixed_effects	unverified	unverified retained L1 runs [1, 2]; expected model directory absent	/ZPOOL/data/projects/sharedreward-aging/derivatives/fsl/rf1/sub-11746/ses-01/L2_task-sharedreward_model-fulltrial_type-ppi_seed-vs_sm-6.gfeat
rf1	11748	01	act	1,2	fixed_effects	unverified	unverified retained L1 runs [1, 2]; expected model directory absent	/ZPOOL/data/projects/sharedreward-aging/derivatives/fsl/rf1/sub-11748/ses-01/L2_task-sharedreward_model-fulltrial_type-act_sm-6.gfeat
rf1	11748	01	ppi_seed-vs	1,2	fixed_effects	unverified	unverified retained L1 runs [1, 2]; expected model directory absent	/ZPOOL/data/projects/sharedreward-aging/derivatives/fsl/rf1/sub-11748/ses-01/L2_task-sharedreward_model-fulltrial_type-ppi_seed-vs_sm-6.gfeat
rf1	11756	01	act	1,2	fixed_effects	unverified	unverified retained L1 runs [1, 2]; expected model directory absent	/ZPOOL/data/projects/sharedreward-aging/derivatives/fsl/rf1/sub-11756/ses-01/L2_task-sharedreward_model-fulltrial_type-act_sm-6.gfeat
rf1	11756	01	ppi_seed-vs	1,2	fixed_effects	unverified	unverified retained L1 runs [1, 2]; expected model directory absent	/ZPOOL/data/projects/sharedreward-aging/derivatives/fsl/rf1/sub-11756/ses-01/L2_task-sharedreward_model-fulltrial_type-ppi_seed-vs_sm-6.gfeat
rf1	11764	01	act	1,2	fixed_effects	unverified	unverified retained L1 runs [1, 2]; expected model directory absent	/ZPOOL/data/projects/sharedreward-aging/derivatives/fsl/rf1/sub-11764/ses-01/L2_task-sharedreward_model-fulltrial_type-act_sm-6.gfeat
rf1	11764	01	ppi_seed-vs	1,2	fixed_effects	unverified	unverified retained L1 runs [1, 2]; expected model directory absent	/ZPOOL/data/projects/sharedreward-aging/derivatives/fsl/rf1/sub-11764/ses-01/L2_task-sharedreward_model-fulltrial_type-ppi_seed-vs_sm-6.gfeat
rf1	11772	01	act	1	l1_passthrough	unverified	unverified retained L1 runs [1]; 	/ZPOOL/data/projects/sharedreward-aging/derivatives/fsl/rf1/sub-11772/ses-01/L1_task-sharedreward_model-fulltrial_type-act_run-1_sm-6.feat
rf1	11772	01	ppi_seed-vs	1	l1_passthrough	unverified	unverified retained L1 runs [1]; 	/ZPOOL/data/projects/sharedreward-aging/derivatives/fsl/rf1/sub-11772/ses-01/L1_task-sharedreward_model-fulltrial_type-ppi_seed-vs_run-1_sm-6.feat
rf1	11773	01	act	1,2	fixed_effects	unverified	unverified retained L1 runs [1, 2]; expected model directory absent	/ZPOOL/data/projects/sharedreward-aging/derivatives/fsl/rf1/sub-11773/ses-01/L2_task-sharedreward_model-fulltrial_type-act_sm-6.gfeat
rf1	11773	01	ppi_seed-vs	1,2	fixed_effects	unverified	unverified retained L1 runs [1, 2]; expected model directory absent	/ZPOOL/data/projects/sharedreward-aging/derivatives/fsl/rf1/sub-11773/ses-01/L2_task-sharedreward_model-fulltrial_type-ppi_seed-vs_sm-6.gfeat
rf1	11774	01	act	1,2	fixed_effects	unverified	unverified retained L1 runs [1, 2]; expected model directory absent	/ZPOOL/data/projects/sharedreward-aging/derivatives/fsl/rf1/sub-11774/ses-01/L2_task-sharedreward_model-fulltrial_type-act_sm-6.gfeat
rf1	11774	01	ppi_seed-vs	1,2	fixed_effects	unverified	unverified retained L1 runs [1, 2]; expected model directory absent	/ZPOOL/data/projects/sharedreward-aging/derivatives/fsl/rf1/sub-11774/ses-01/L2_task-sharedreward_model-fulltrial_type-ppi_seed-vs_sm-6.gfeat
rf1	11784	01	act	1,2	fixed_effects	unverified	unverified retained L1 runs [1, 2]; expected model directory absent	/ZPOOL/data/projects/sharedreward-aging/derivatives/fsl/rf1/sub-11784/ses-01/L2_task-sharedreward_model-fulltrial_type-act_sm-6.gfeat
rf1	11784	01	ppi_seed-vs	1,2	fixed_effects	unverified	unverified retained L1 runs [1, 2]; expected model directory absent	/ZPOOL/data/projects/sharedreward-aging/derivatives/fsl/rf1/sub-11784/ses-01/L2_task-sharedreward_model-fulltrial_type-ppi_seed-vs_sm-6.gfeat
rf1	11787	01	act	1,2	fixed_effects	unverified	unverified retained L1 runs [1, 2]; expected model directory absent	/ZPOOL/data/projects/sharedreward-aging/derivatives/fsl/rf1/sub-11787/ses-01/L2_task-sharedreward_model-fulltrial_type-act_sm-6.gfeat
rf1	11787	01	ppi_seed-vs	1,2	fixed_effects	unverified	unverified retained L1 runs [1, 2]; expected model directory absent	/ZPOOL/data/projects/sharedreward-aging/derivatives/fsl/rf1/sub-11787/ses-01/L2_task-sharedreward_model-fulltrial_type-ppi_seed-vs_sm-6.gfeat
rf1	11788	01	act	1,2	fixed_effects	unverified	unverified retained L1 runs [1, 2]; expected model directory absent	/ZPOOL/data/projects/sharedreward-aging/derivatives/fsl/rf1/sub-11788/ses-01/L2_task-sharedreward_model-fulltrial_type-act_sm-6.gfeat
rf1	11788	01	ppi_seed-vs	1,2	fixed_effects	unverified	unverified retained L1 runs [1, 2]; expected model directory absent	/ZPOOL/data/projects/sharedreward-aging/derivatives/fsl/rf1/sub-11788/ses-01/L2_task-sharedreward_model-fulltrial_type-ppi_seed-vs_sm-6.gfeat
rf1	11789	01	act	1,2	fixed_effects	unverified	unverified retained L1 runs [1, 2]; expected model directory absent	/ZPOOL/data/projects/sharedreward-aging/derivatives/fsl/rf1/sub-11789/ses-01/L2_task-sharedreward_model-fulltrial_type-act_sm-6.gfeat
rf1	11789	01	ppi_seed-vs	1,2	fixed_effects	unverified	unverified retained L1 runs [1, 2]; expected model directory absent	/ZPOOL/data/projects/sharedreward-aging/derivatives/fsl/rf1/sub-11789/ses-01/L2_task-sharedreward_model-fulltrial_type-ppi_seed-vs_sm-6.gfeat
rf1	11790	01	act	1,2	fixed_effects	unverified	unverified retained L1 runs [1, 2]; expected model directory absent	/ZPOOL/data/projects/sharedreward-aging/derivatives/fsl/rf1/sub-11790/ses-01/L2_task-sharedreward_model-fulltrial_type-act_sm-6.gfeat
rf1	11790	01	ppi_seed-vs	1,2	fixed_effects	unverified	unverified retained L1 runs [1, 2]; expected model directory absent	/ZPOOL/data/projects/sharedreward-aging/derivatives/fsl/rf1/sub-11790/ses-01/L2_task-sharedreward_model-fulltrial_type-ppi_seed-vs_sm-6.gfeat
rf1	11793	01	act	1,2	fixed_effects	unverified	unverified retained L1 runs [1, 2]; expected model directory absent	/ZPOOL/data/projects/sharedreward-aging/derivatives/fsl/rf1/sub-11793/ses-01/L2_task-sharedreward_model-fulltrial_type-act_sm-6.gfeat
rf1	11793	01	ppi_seed-vs	1,2	fixed_effects	unverified	unverified retained L1 runs [1, 2]; expected model directory absent	/ZPOOL/data/projects/sharedreward-aging/derivatives/fsl/rf1/sub-11793/ses-01/L2_task-sharedreward_model-fulltrial_type-ppi_seed-vs_sm-6.gfeat
rf1	11795	01	act	1,2	fixed_effects	unverified	unverified retained L1 runs [1, 2]; expected model directory absent	/ZPOOL/data/projects/sharedreward-aging/derivatives/fsl/rf1/sub-11795/ses-01/L2_task-sharedreward_model-fulltrial_type-act_sm-6.gfeat
rf1	11795	01	ppi_seed-vs	1,2	fixed_effects	unverified	unverified retained L1 runs [1, 2]; expected model directory absent	/ZPOOL/data/projects/sharedreward-aging/derivatives/fsl/rf1/sub-11795/ses-01/L2_task-sharedreward_model-fulltrial_type-ppi_seed-vs_sm-6.gfeat
rf1	11815	01	act	1,2	fixed_effects	unverified	unverified retained L1 runs [1, 2]; expected model directory absent	/ZPOOL/data/projects/sharedreward-aging/derivatives/fsl/rf1/sub-11815/ses-01/L2_task-sharedreward_model-fulltrial_type-act_sm-6.gfeat
rf1	11815	01	ppi_seed-vs	1,2	fixed_effects	unverified	unverified retained L1 runs [1, 2]; expected model directory absent	/ZPOOL/data/projects/sharedreward-aging/derivatives/fsl/rf1/sub-11815/ses-01/L2_task-sharedreward_model-fulltrial_type-ppi_seed-vs_sm-6.gfeat
rf1	11822	01	act	1,2	fixed_effects	unverified	unverified retained L1 runs [1, 2]; expected model directory absent	/ZPOOL/data/projects/sharedreward-aging/derivatives/fsl/rf1/sub-11822/ses-01/L2_task-sharedreward_model-fulltrial_type-act_sm-6.gfeat
rf1	11822	01	ppi_seed-vs	1,2	fixed_effects	unverified	unverified retained L1 runs [1, 2]; expected model directory absent	/ZPOOL/data/projects/sharedreward-aging/derivatives/fsl/rf1/sub-11822/ses-01/L2_task-sharedreward_model-fulltrial_type-ppi_seed-vs_sm-6.gfeat
rf1	11823	01	act	1,2	fixed_effects	unverified	unverified retained L1 runs [1, 2]; expected model directory absent	/ZPOOL/data/projects/sharedreward-aging/derivatives/fsl/rf1/sub-11823/ses-01/L2_task-sharedreward_model-fulltrial_type-act_sm-6.gfeat
rf1	11823	01	ppi_seed-vs	1,2	fixed_effects	unverified	unverified retained L1 runs [1, 2]; expected model directory absent	/ZPOOL/data/projects/sharedreward-aging/derivatives/fsl/rf1/sub-11823/ses-01/L2_task-sharedreward_model-fulltrial_type-ppi_seed-vs_sm-6.gfeat
rf1	11824	01	act	1,2	fixed_effects	unverified	unverified retained L1 runs [1, 2]; expected model directory absent	/ZPOOL/data/projects/sharedreward-aging/derivatives/fsl/rf1/sub-11824/ses-01/L2_task-sharedreward_model-fulltrial_type-act_sm-6.gfeat
rf1	11824	01	ppi_seed-vs	1,2	fixed_effects	unverified	unverified retained L1 runs [1, 2]; expected model directory absent	/ZPOOL/data/projects/sharedreward-aging/derivatives/fsl/rf1/sub-11824/ses-01/L2_task-sharedreward_model-fulltrial_type-ppi_seed-vs_sm-6.gfeat
rf1	11828	01	act	1,2	fixed_effects	unverified	unverified retained L1 runs [1, 2]; expected model directory absent	/ZPOOL/data/projects/sharedreward-aging/derivatives/fsl/rf1/sub-11828/ses-01/L2_task-sharedreward_model-fulltrial_type-act_sm-6.gfeat
rf1	11828	01	ppi_seed-vs	1,2	fixed_effects	unverified	unverified retained L1 runs [1, 2]; expected model directory absent	/ZPOOL/data/projects/sharedreward-aging/derivatives/fsl/rf1/sub-11828/ses-01/L2_task-sharedreward_model-fulltrial_type-ppi_seed-vs_sm-6.gfeat
rf1	11829	01	act	2	l1_passthrough	unverified	unverified retained L1 runs [2]; 	/ZPOOL/data/projects/sharedreward-aging/derivatives/fsl/rf1/sub-11829/ses-01/L1_task-sharedreward_model-fulltrial_type-act_run-2_sm-6.feat
rf1	11829	01	ppi_seed-vs	2	l1_passthrough	unverified	unverified retained L1 runs [2]; 	/ZPOOL/data/projects/sharedreward-aging/derivatives/fsl/rf1/sub-11829/ses-01/L1_task-sharedreward_model-fulltrial_type-ppi_seed-vs_run-2_sm-6.feat
rf1	11840	01	act	1,2	fixed_effects	unverified	unverified retained L1 runs [1, 2]; expected model directory absent	/ZPOOL/data/projects/sharedreward-aging/derivatives/fsl/rf1/sub-11840/ses-01/L2_task-sharedreward_model-fulltrial_type-act_sm-6.gfeat
rf1	11840	01	ppi_seed-vs	1,2	fixed_effects	unverified	unverified retained L1 runs [1, 2]; expected model directory absent	/ZPOOL/data/projects/sharedreward-aging/derivatives/fsl/rf1/sub-11840/ses-01/L2_task-sharedreward_model-fulltrial_type-ppi_seed-vs_sm-6.gfeat
rf1	11847	01	act	1,2	fixed_effects	unverified	unverified retained L1 runs [1, 2]; expected model directory absent	/ZPOOL/data/projects/sharedreward-aging/derivatives/fsl/rf1/sub-11847/ses-01/L2_task-sharedreward_model-fulltrial_type-act_sm-6.gfeat
rf1	11847	01	ppi_seed-vs	1,2	fixed_effects	unverified	unverified retained L1 runs [1, 2]; expected model directory absent	/ZPOOL/data/projects/sharedreward-aging/derivatives/fsl/rf1/sub-11847/ses-01/L2_task-sharedreward_model-fulltrial_type-ppi_seed-vs_sm-6.gfeat
rf1	11853	01	act	1,2	fixed_effects	unverified	unverified retained L1 runs [1, 2]; expected model directory absent	/ZPOOL/data/projects/sharedreward-aging/derivatives/fsl/rf1/sub-11853/ses-01/L2_task-sharedreward_model-fulltrial_type-act_sm-6.gfeat
rf1	11853	01	ppi_seed-vs	1,2	fixed_effects	unverified	unverified retained L1 runs [1, 2]; expected model directory absent	/ZPOOL/data/projects/sharedreward-aging/derivatives/fsl/rf1/sub-11853/ses-01/L2_task-sharedreward_model-fulltrial_type-ppi_seed-vs_sm-6.gfeat
rf1	11854	01	act	1,2	fixed_effects	unverified	unverified retained L1 runs [1, 2]; expected model directory absent	/ZPOOL/data/projects/sharedreward-aging/derivatives/fsl/rf1/sub-11854/ses-01/L2_task-sharedreward_model-fulltrial_type-act_sm-6.gfeat
rf1	11854	01	ppi_seed-vs	1,2	fixed_effects	unverified	unverified retained L1 runs [1, 2]; expected model directory absent	/ZPOOL/data/projects/sharedreward-aging/derivatives/fsl/rf1/sub-11854/ses-01/L2_task-sharedreward_model-fulltrial_type-ppi_seed-vs_sm-6.gfeat
rf1	11861	01	act	1,2	fixed_effects	unverified	unverified retained L1 runs [1, 2]; expected model directory absent	/ZPOOL/data/projects/sharedreward-aging/derivatives/fsl/rf1/sub-11861/ses-01/L2_task-sharedreward_model-fulltrial_type-act_sm-6.gfeat
rf1	11861	01	ppi_seed-vs	1,2	fixed_effects	unverified	unverified retained L1 runs [1, 2]; expected model directory absent	/ZPOOL/data/projects/sharedreward-aging/derivatives/fsl/rf1/sub-11861/ses-01/L2_task-sharedreward_model-fulltrial_type-ppi_seed-vs_sm-6.gfeat
rf1	11866	01	act	1,2	fixed_effects	unverified	unverified retained L1 runs [1, 2]; expected model directory absent	/ZPOOL/data/projects/sharedreward-aging/derivatives/fsl/rf1/sub-11866/ses-01/L2_task-sharedreward_model-fulltrial_type-act_sm-6.gfeat
rf1	11866	01	ppi_seed-vs	1,2	fixed_effects	unverified	unverified retained L1 runs [1, 2]; expected model directory absent	/ZPOOL/data/projects/sharedreward-aging/derivatives/fsl/rf1/sub-11866/ses-01/L2_task-sharedreward_model-fulltrial_type-ppi_seed-vs_sm-6.gfeat
rf1	11867	01	act	1,2	fixed_effects	unverified	unverified retained L1 runs [1, 2]; expected model directory absent	/ZPOOL/data/projects/sharedreward-aging/derivatives/fsl/rf1/sub-11867/ses-01/L2_task-sharedreward_model-fulltrial_type-act_sm-6.gfeat
rf1	11867	01	ppi_seed-vs	1,2	fixed_effects	unverified	unverified retained L1 runs [1, 2]; expected model directory absent	/ZPOOL/data/projects/sharedreward-aging/derivatives/fsl/rf1/sub-11867/ses-01/L2_task-sharedreward_model-fulltrial_type-ppi_seed-vs_sm-6.gfeat
rf1	11870	01	act	1,2	fixed_effects	unverified	unverified retained L1 runs [1, 2]; expected model directory absent	/ZPOOL/data/projects/sharedreward-aging/derivatives/fsl/rf1/sub-11870/ses-01/L2_task-sharedreward_model-fulltrial_type-act_sm-6.gfeat
rf1	11870	01	ppi_seed-vs	1,2	fixed_effects	unverified	unverified retained L1 runs [1, 2]; expected model directory absent	/ZPOOL/data/projects/sharedreward-aging/derivatives/fsl/rf1/sub-11870/ses-01/L2_task-sharedreward_model-fulltrial_type-ppi_seed-vs_sm-6.gfeat
rf1	11872	01	act	1,2	fixed_effects	unverified	unverified retained L1 runs [1, 2]; expected model directory absent	/ZPOOL/data/projects/sharedreward-aging/derivatives/fsl/rf1/sub-11872/ses-01/L2_task-sharedreward_model-fulltrial_type-act_sm-6.gfeat
rf1	11872	01	ppi_seed-vs	1,2	fixed_effects	unverified	unverified retained L1 runs [1, 2]; expected model directory absent	/ZPOOL/data/projects/sharedreward-aging/derivatives/fsl/rf1/sub-11872/ses-01/L2_task-sharedreward_model-fulltrial_type-ppi_seed-vs_sm-6.gfeat
rf1	11876	01	act	1,2	fixed_effects	unverified	unverified retained L1 runs [1, 2]; expected model directory absent	/ZPOOL/data/projects/sharedreward-aging/derivatives/fsl/rf1/sub-11876/ses-01/L2_task-sharedreward_model-fulltrial_type-act_sm-6.gfeat
rf1	11876	01	ppi_seed-vs	1,2	fixed_effects	unverified	unverified retained L1 runs [1, 2]; expected model directory absent	/ZPOOL/data/projects/sharedreward-aging/derivatives/fsl/rf1/sub-11876/ses-01/L2_task-sharedreward_model-fulltrial_type-ppi_seed-vs_sm-6.gfeat
rf1	11877	01	act	1,2	fixed_effects	unverified	unverified retained L1 runs [1, 2]; expected model directory absent	/ZPOOL/data/projects/sharedreward-aging/derivatives/fsl/rf1/sub-11877/ses-01/L2_task-sharedreward_model-fulltrial_type-act_sm-6.gfeat
rf1	11877	01	ppi_seed-vs	1,2	fixed_effects	unverified	unverified retained L1 runs [1, 2]; expected model directory absent	/ZPOOL/data/projects/sharedreward-aging/derivatives/fsl/rf1/sub-11877/ses-01/L2_task-sharedreward_model-fulltrial_type-ppi_seed-vs_sm-6.gfeat
rf1	11881	01	act	1,2	fixed_effects	unverified	unverified retained L1 runs [1, 2]; expected model directory absent	/ZPOOL/data/projects/sharedreward-aging/derivatives/fsl/rf1/sub-11881/ses-01/L2_task-sharedreward_model-fulltrial_type-act_sm-6.gfeat
rf1	11881	01	ppi_seed-vs	1,2	fixed_effects	unverified	unverified retained L1 runs [1, 2]; expected model directory absent	/ZPOOL/data/projects/sharedreward-aging/derivatives/fsl/rf1/sub-11881/ses-01/L2_task-sharedreward_model-fulltrial_type-ppi_seed-vs_sm-6.gfeat
rf1	11885	01	act	1,2	fixed_effects	unverified	unverified retained L1 runs [1, 2]; expected model directory absent	/ZPOOL/data/projects/sharedreward-aging/derivatives/fsl/rf1/sub-11885/ses-01/L2_task-sharedreward_model-fulltrial_type-act_sm-6.gfeat
rf1	11885	01	ppi_seed-vs	1,2	fixed_effects	unverified	unverified retained L1 runs [1, 2]; expected model directory absent	/ZPOOL/data/projects/sharedreward-aging/derivatives/fsl/rf1/sub-11885/ses-01/L2_task-sharedreward_model-fulltrial_type-ppi_seed-vs_sm-6.gfeat
rf1	11891	01	act	1,2	fixed_effects	unverified	unverified retained L1 runs [1, 2]; expected model directory absent	/ZPOOL/data/projects/sharedreward-aging/derivatives/fsl/rf1/sub-11891/ses-01/L2_task-sharedreward_model-fulltrial_type-act_sm-6.gfeat
rf1	11891	01	ppi_seed-vs	1,2	fixed_effects	unverified	unverified retained L1 runs [1, 2]; expected model directory absent	/ZPOOL/data/projects/sharedreward-aging/derivatives/fsl/rf1/sub-11891/ses-01/L2_task-sharedreward_model-fulltrial_type-ppi_seed-vs_sm-6.gfeat
rf1	11897	01	act	1,2	fixed_effects	unverified	unverified retained L1 runs [1, 2]; expected model directory absent	/ZPOOL/data/projects/sharedreward-aging/derivatives/fsl/rf1/sub-11897/ses-01/L2_task-sharedreward_model-fulltrial_type-act_sm-6.gfeat
rf1	11897	01	ppi_seed-vs	1,2	fixed_effects	unverified	unverified retained L1 runs [1, 2]; expected model directory absent	/ZPOOL/data/projects/sharedreward-aging/derivatives/fsl/rf1/sub-11897/ses-01/L2_task-sharedreward_model-fulltrial_type-ppi_seed-vs_sm-6.gfeat
rf1	11900	01	act	1,2	fixed_effects	unverified	unverified retained L1 runs [1, 2]; expected model directory absent	/ZPOOL/data/projects/sharedreward-aging/derivatives/fsl/rf1/sub-11900/ses-01/L2_task-sharedreward_model-fulltrial_type-act_sm-6.gfeat
rf1	11900	01	ppi_seed-vs	1,2	fixed_effects	unverified	unverified retained L1 runs [1, 2]; expected model directory absent	/ZPOOL/data/projects/sharedreward-aging/derivatives/fsl/rf1/sub-11900/ses-01/L2_task-sharedreward_model-fulltrial_type-ppi_seed-vs_sm-6.gfeat
rf1	11902	01	act	1	l1_passthrough	unverified	unverified retained L1 runs [1]; 	/ZPOOL/data/projects/sharedreward-aging/derivatives/fsl/rf1/sub-11902/ses-01/L1_task-sharedreward_model-fulltrial_type-act_run-1_sm-6.feat
rf1	11902	01	ppi_seed-vs	1	l1_passthrough	unverified	unverified retained L1 runs [1]; 	/ZPOOL/data/projects/sharedreward-aging/derivatives/fsl/rf1/sub-11902/ses-01/L1_task-sharedreward_model-fulltrial_type-ppi_seed-vs_run-1_sm-6.feat
rf1	11909	01	act	1,2	fixed_effects	unverified	unverified retained L1 runs [1, 2]; expected model directory absent	/ZPOOL/data/projects/sharedreward-aging/derivatives/fsl/rf1/sub-11909/ses-01/L2_task-sharedreward_model-fulltrial_type-act_sm-6.gfeat
rf1	11909	01	ppi_seed-vs	1,2	fixed_effects	unverified	unverified retained L1 runs [1, 2]; expected model directory absent	/ZPOOL/data/projects/sharedreward-aging/derivatives/fsl/rf1/sub-11909/ses-01/L2_task-sharedreward_model-fulltrial_type-ppi_seed-vs_sm-6.gfeat
rf1	11913	01	act	1,2	fixed_effects	unverified	unverified retained L1 runs [1, 2]; expected model directory absent	/ZPOOL/data/projects/sharedreward-aging/derivatives/fsl/rf1/sub-11913/ses-01/L2_task-sharedreward_model-fulltrial_type-act_sm-6.gfeat
rf1	11913	01	ppi_seed-vs	1,2	fixed_effects	unverified	unverified retained L1 runs [1, 2]; expected model directory absent	/ZPOOL/data/projects/sharedreward-aging/derivatives/fsl/rf1/sub-11913/ses-01/L2_task-sharedreward_model-fulltrial_type-ppi_seed-vs_sm-6.gfeat
rf1	11914	01	act	1,2	fixed_effects	unverified	unverified retained L1 runs [1, 2]; expected model directory absent	/ZPOOL/data/projects/sharedreward-aging/derivatives/fsl/rf1/sub-11914/ses-01/L2_task-sharedreward_model-fulltrial_type-act_sm-6.gfeat
rf1	11914	01	ppi_seed-vs	1,2	fixed_effects	unverified	unverified retained L1 runs [1, 2]; expected model directory absent	/ZPOOL/data/projects/sharedreward-aging/derivatives/fsl/rf1/sub-11914/ses-01/L2_task-sharedreward_model-fulltrial_type-ppi_seed-vs_sm-6.gfeat
rf1	11920	01	act	1	l1_passthrough	unverified	unverified retained L1 runs [1]; 	/ZPOOL/data/projects/sharedreward-aging/derivatives/fsl/rf1/sub-11920/ses-01/L1_task-sharedreward_model-fulltrial_type-act_run-1_sm-6.feat
rf1	11920	01	ppi_seed-vs	1	l1_passthrough	unverified	unverified retained L1 runs [1]; 	/ZPOOL/data/projects/sharedreward-aging/derivatives/fsl/rf1/sub-11920/ses-01/L1_task-sharedreward_model-fulltrial_type-ppi_seed-vs_run-1_sm-6.feat
rf1	11922	01	act	1,2	fixed_effects	unverified	unverified retained L1 runs [1, 2]; expected model directory absent	/ZPOOL/data/projects/sharedreward-aging/derivatives/fsl/rf1/sub-11922/ses-01/L2_task-sharedreward_model-fulltrial_type-act_sm-6.gfeat
rf1	11922	01	ppi_seed-vs	1,2	fixed_effects	unverified	unverified retained L1 runs [1, 2]; expected model directory absent	/ZPOOL/data/projects/sharedreward-aging/derivatives/fsl/rf1/sub-11922/ses-01/L2_task-sharedreward_model-fulltrial_type-ppi_seed-vs_sm-6.gfeat
rf1	11923	01	act	1,2	fixed_effects	unverified	unverified retained L1 runs [1, 2]; expected model directory absent	/ZPOOL/data/projects/sharedreward-aging/derivatives/fsl/rf1/sub-11923/ses-01/L2_task-sharedreward_model-fulltrial_type-act_sm-6.gfeat
rf1	11923	01	ppi_seed-vs	1,2	fixed_effects	unverified	unverified retained L1 runs [1, 2]; expected model directory absent	/ZPOOL/data/projects/sharedreward-aging/derivatives/fsl/rf1/sub-11923/ses-01/L2_task-sharedreward_model-fulltrial_type-ppi_seed-vs_sm-6.gfeat
rf1	11924	01	act	1,2	fixed_effects	unverified	unverified retained L1 runs [1, 2]; expected model directory absent	/ZPOOL/data/projects/sharedreward-aging/derivatives/fsl/rf1/sub-11924/ses-01/L2_task-sharedreward_model-fulltrial_type-act_sm-6.gfeat
rf1	11924	01	ppi_seed-vs	1,2	fixed_effects	unverified	unverified retained L1 runs [1, 2]; expected model directory absent	/ZPOOL/data/projects/sharedreward-aging/derivatives/fsl/rf1/sub-11924/ses-01/L2_task-sharedreward_model-fulltrial_type-ppi_seed-vs_sm-6.gfeat
rf1	11926	01	act	1,2	fixed_effects	unverified	unverified retained L1 runs [1, 2]; expected model directory absent	/ZPOOL/data/projects/sharedreward-aging/derivatives/fsl/rf1/sub-11926/ses-01/L2_task-sharedreward_model-fulltrial_type-act_sm-6.gfeat
rf1	11926	01	ppi_seed-vs	1,2	fixed_effects	unverified	unverified retained L1 runs [1, 2]; expected model directory absent	/ZPOOL/data/projects/sharedreward-aging/derivatives/fsl/rf1/sub-11926/ses-01/L2_task-sharedreward_model-fulltrial_type-ppi_seed-vs_sm-6.gfeat
rf1	11928	01	act	1,2	fixed_effects	unverified	unverified retained L1 runs [1, 2]; expected model directory absent	/ZPOOL/data/projects/sharedreward-aging/derivatives/fsl/rf1/sub-11928/ses-01/L2_task-sharedreward_model-fulltrial_type-act_sm-6.gfeat
rf1	11928	01	ppi_seed-vs	1,2	fixed_effects	unverified	unverified retained L1 runs [1, 2]; expected model directory absent	/ZPOOL/data/projects/sharedreward-aging/derivatives/fsl/rf1/sub-11928/ses-01/L2_task-sharedreward_model-fulltrial_type-ppi_seed-vs_sm-6.gfeat
rf1	11929	01	act	1,2	fixed_effects	unverified	unverified retained L1 runs [1, 2]; expected model directory absent	/ZPOOL/data/projects/sharedreward-aging/derivatives/fsl/rf1/sub-11929/ses-01/L2_task-sharedreward_model-fulltrial_type-act_sm-6.gfeat
rf1	11929	01	ppi_seed-vs	1,2	fixed_effects	unverified	unverified retained L1 runs [1, 2]; expected model directory absent	/ZPOOL/data/projects/sharedreward-aging/derivatives/fsl/rf1/sub-11929/ses-01/L2_task-sharedreward_model-fulltrial_type-ppi_seed-vs_sm-6.gfeat
rf1	11931	01	act	1,2	fixed_effects	unverified	unverified retained L1 runs [1, 2]; expected model directory absent	/ZPOOL/data/projects/sharedreward-aging/derivatives/fsl/rf1/sub-11931/ses-01/L2_task-sharedreward_model-fulltrial_type-act_sm-6.gfeat
rf1	11931	01	ppi_seed-vs	1,2	fixed_effects	unverified	unverified retained L1 runs [1, 2]; expected model directory absent	/ZPOOL/data/projects/sharedreward-aging/derivatives/fsl/rf1/sub-11931/ses-01/L2_task-sharedreward_model-fulltrial_type-ppi_seed-vs_sm-6.gfeat
rf1	11935	01	act	1,2	fixed_effects	unverified	unverified retained L1 runs [1, 2]; expected model directory absent	/ZPOOL/data/projects/sharedreward-aging/derivatives/fsl/rf1/sub-11935/ses-01/L2_task-sharedreward_model-fulltrial_type-act_sm-6.gfeat
rf1	11935	01	ppi_seed-vs	1,2	fixed_effects	unverified	unverified retained L1 runs [1, 2]; expected model directory absent	/ZPOOL/data/projects/sharedreward-aging/derivatives/fsl/rf1/sub-11935/ses-01/L2_task-sharedreward_model-fulltrial_type-ppi_seed-vs_sm-6.gfeat
rf1	11939	01	act	1,2	fixed_effects	unverified	unverified retained L1 runs [1, 2]; expected model directory absent	/ZPOOL/data/projects/sharedreward-aging/derivatives/fsl/rf1/sub-11939/ses-01/L2_task-sharedreward_model-fulltrial_type-act_sm-6.gfeat
rf1	11939	01	ppi_seed-vs	1,2	fixed_effects	unverified	unverified retained L1 runs [1, 2]; expected model directory absent	/ZPOOL/data/projects/sharedreward-aging/derivatives/fsl/rf1/sub-11939/ses-01/L2_task-sharedreward_model-fulltrial_type-ppi_seed-vs_sm-6.gfeat
rf1	11943	01	act	1,2	fixed_effects	unverified	unverified retained L1 runs [1, 2]; expected model directory absent	/ZPOOL/data/projects/sharedreward-aging/derivatives/fsl/rf1/sub-11943/ses-01/L2_task-sharedreward_model-fulltrial_type-act_sm-6.gfeat
rf1	11943	01	ppi_seed-vs	1,2	fixed_effects	unverified	unverified retained L1 runs [1, 2]; expected model directory absent	/ZPOOL/data/projects/sharedreward-aging/derivatives/fsl/rf1/sub-11943/ses-01/L2_task-sharedreward_model-fulltrial_type-ppi_seed-vs_sm-6.gfeat
rf1	11949	01	act	1,2	fixed_effects	unverified	unverified retained L1 runs [1, 2]; expected model directory absent	/ZPOOL/data/projects/sharedreward-aging/derivatives/fsl/rf1/sub-11949/ses-01/L2_task-sharedreward_model-fulltrial_type-act_sm-6.gfeat
rf1	11949	01	ppi_seed-vs	1,2	fixed_effects	unverified	unverified retained L1 runs [1, 2]; expected model directory absent	/ZPOOL/data/projects/sharedreward-aging/derivatives/fsl/rf1/sub-11949/ses-01/L2_task-sharedreward_model-fulltrial_type-ppi_seed-vs_sm-6.gfeat
rf1	11960	01	act	1,2	fixed_effects	unverified	unverified retained L1 runs [1, 2]; expected model directory absent	/ZPOOL/data/projects/sharedreward-aging/derivatives/fsl/rf1/sub-11960/ses-01/L2_task-sharedreward_model-fulltrial_type-act_sm-6.gfeat
rf1	11960	01	ppi_seed-vs	1,2	fixed_effects	unverified	unverified retained L1 runs [1, 2]; expected model directory absent	/ZPOOL/data/projects/sharedreward-aging/derivatives/fsl/rf1/sub-11960/ses-01/L2_task-sharedreward_model-fulltrial_type-ppi_seed-vs_sm-6.gfeat
rf1	11969	01	act	1,2	fixed_effects	unverified	unverified retained L1 runs [1, 2]; expected model directory absent	/ZPOOL/data/projects/sharedreward-aging/derivatives/fsl/rf1/sub-11969/ses-01/L2_task-sharedreward_model-fulltrial_type-act_sm-6.gfeat
rf1	11969	01	ppi_seed-vs	1,2	fixed_effects	unverified	unverified retained L1 runs [1, 2]; expected model directory absent	/ZPOOL/data/projects/sharedreward-aging/derivatives/fsl/rf1/sub-11969/ses-01/L2_task-sharedreward_model-fulltrial_type-ppi_seed-vs_sm-6.gfeat
rf1	11974	01	act	1,2	fixed_effects	unverified	unverified retained L1 runs [1, 2]; expected model directory absent	/ZPOOL/data/projects/sharedreward-aging/derivatives/fsl/rf1/sub-11974/ses-01/L2_task-sharedreward_model-fulltrial_type-act_sm-6.gfeat
rf1	11974	01	ppi_seed-vs	1,2	fixed_effects	unverified	unverified retained L1 runs [1, 2]; expected model directory absent	/ZPOOL/data/projects/sharedreward-aging/derivatives/fsl/rf1/sub-11974/ses-01/L2_task-sharedreward_model-fulltrial_type-ppi_seed-vs_sm-6.gfeat
rf1	11976	01	act	1,2	fixed_effects	unverified	unverified retained L1 runs [1, 2]; expected model directory absent	/ZPOOL/data/projects/sharedreward-aging/derivatives/fsl/rf1/sub-11976/ses-01/L2_task-sharedreward_model-fulltrial_type-act_sm-6.gfeat
rf1	11976	01	ppi_seed-vs	1,2	fixed_effects	unverified	unverified retained L1 runs [1, 2]; expected model directory absent	/ZPOOL/data/projects/sharedreward-aging/derivatives/fsl/rf1/sub-11976/ses-01/L2_task-sharedreward_model-fulltrial_type-ppi_seed-vs_sm-6.gfeat
rf1	11982	01	act	1,2	fixed_effects	unverified	unverified retained L1 runs [1, 2]; expected model directory absent	/ZPOOL/data/projects/sharedreward-aging/derivatives/fsl/rf1/sub-11982/ses-01/L2_task-sharedreward_model-fulltrial_type-act_sm-6.gfeat
rf1	11982	01	ppi_seed-vs	1,2	fixed_effects	unverified	unverified retained L1 runs [1, 2]; expected model directory absent	/ZPOOL/data/projects/sharedreward-aging/derivatives/fsl/rf1/sub-11982/ses-01/L2_task-sharedreward_model-fulltrial_type-ppi_seed-vs_sm-6.gfeat
rf1	11984	01	act	1,2	fixed_effects	unverified	unverified retained L1 runs [1, 2]; expected model directory absent	/ZPOOL/data/projects/sharedreward-aging/derivatives/fsl/rf1/sub-11984/ses-01/L2_task-sharedreward_model-fulltrial_type-act_sm-6.gfeat
rf1	11984	01	ppi_seed-vs	1,2	fixed_effects	unverified	unverified retained L1 runs [1, 2]; expected model directory absent	/ZPOOL/data/projects/sharedreward-aging/derivatives/fsl/rf1/sub-11984/ses-01/L2_task-sharedreward_model-fulltrial_type-ppi_seed-vs_sm-6.gfeat
rf1	12008	01	act	1,2	fixed_effects	unverified	unverified retained L1 runs [1, 2]; expected model directory absent	/ZPOOL/data/projects/sharedreward-aging/derivatives/fsl/rf1/sub-12008/ses-01/L2_task-sharedreward_model-fulltrial_type-act_sm-6.gfeat
rf1	12008	01	ppi_seed-vs	1,2	fixed_effects	unverified	unverified retained L1 runs [1, 2]; expected model directory absent	/ZPOOL/data/projects/sharedreward-aging/derivatives/fsl/rf1/sub-12008/ses-01/L2_task-sharedreward_model-fulltrial_type-ppi_seed-vs_sm-6.gfeat
rf1	12011	01	act	1,2	fixed_effects	unverified	unverified retained L1 runs [1, 2]; expected model directory absent	/ZPOOL/data/projects/sharedreward-aging/derivatives/fsl/rf1/sub-12011/ses-01/L2_task-sharedreward_model-fulltrial_type-act_sm-6.gfeat
rf1	12011	01	ppi_seed-vs	1,2	fixed_effects	unverified	unverified retained L1 runs [1, 2]; expected model directory absent	/ZPOOL/data/projects/sharedreward-aging/derivatives/fsl/rf1/sub-12011/ses-01/L2_task-sharedreward_model-fulltrial_type-ppi_seed-vs_sm-6.gfeat
rf1	12013	01	act	1,2	fixed_effects	unverified	unverified retained L1 runs [1, 2]; expected model directory absent	/ZPOOL/data/projects/sharedreward-aging/derivatives/fsl/rf1/sub-12013/ses-01/L2_task-sharedreward_model-fulltrial_type-act_sm-6.gfeat
rf1	12013	01	ppi_seed-vs	1,2	fixed_effects	unverified	unverified retained L1 runs [1, 2]; expected model directory absent	/ZPOOL/data/projects/sharedreward-aging/derivatives/fsl/rf1/sub-12013/ses-01/L2_task-sharedreward_model-fulltrial_type-ppi_seed-vs_sm-6.gfeat
rf1	12018	01	act	1,2	fixed_effects	unverified	unverified retained L1 runs [1, 2]; expected model directory absent	/ZPOOL/data/projects/sharedreward-aging/derivatives/fsl/rf1/sub-12018/ses-01/L2_task-sharedreward_model-fulltrial_type-act_sm-6.gfeat
rf1	12018	01	ppi_seed-vs	1,2	fixed_effects	unverified	unverified retained L1 runs [1, 2]; expected model directory absent	/ZPOOL/data/projects/sharedreward-aging/derivatives/fsl/rf1/sub-12018/ses-01/L2_task-sharedreward_model-fulltrial_type-ppi_seed-vs_sm-6.gfeat
rf1	12020	01	act	1,2	fixed_effects	unverified	unverified retained L1 runs [1, 2]; expected model directory absent	/ZPOOL/data/projects/sharedreward-aging/derivatives/fsl/rf1/sub-12020/ses-01/L2_task-sharedreward_model-fulltrial_type-act_sm-6.gfeat
rf1	12020	01	ppi_seed-vs	1,2	fixed_effects	unverified	unverified retained L1 runs [1, 2]; expected model directory absent	/ZPOOL/data/projects/sharedreward-aging/derivatives/fsl/rf1/sub-12020/ses-01/L2_task-sharedreward_model-fulltrial_type-ppi_seed-vs_sm-6.gfeat
rf1	12021	01	act	1,2	fixed_effects	unverified	unverified retained L1 runs [1, 2]; expected model directory absent	/ZPOOL/data/projects/sharedreward-aging/derivatives/fsl/rf1/sub-12021/ses-01/L2_task-sharedreward_model-fulltrial_type-act_sm-6.gfeat
rf1	12021	01	ppi_seed-vs	1,2	fixed_effects	unverified	unverified retained L1 runs [1, 2]; expected model directory absent	/ZPOOL/data/projects/sharedreward-aging/derivatives/fsl/rf1/sub-12021/ses-01/L2_task-sharedreward_model-fulltrial_type-ppi_seed-vs_sm-6.gfeat
rf1	12031	01	act	1,2	fixed_effects	unverified	unverified retained L1 runs [1, 2]; expected model directory absent	/ZPOOL/data/projects/sharedreward-aging/derivatives/fsl/rf1/sub-12031/ses-01/L2_task-sharedreward_model-fulltrial_type-act_sm-6.gfeat
rf1	12031	01	ppi_seed-vs	1,2	fixed_effects	unverified	unverified retained L1 runs [1, 2]; expected model directory absent	/ZPOOL/data/projects/sharedreward-aging/derivatives/fsl/rf1/sub-12031/ses-01/L2_task-sharedreward_model-fulltrial_type-ppi_seed-vs_sm-6.gfeat
rf1	12032	01	act	1,2	fixed_effects	unverified	unverified retained L1 runs [1, 2]; expected model directory absent	/ZPOOL/data/projects/sharedreward-aging/derivatives/fsl/rf1/sub-12032/ses-01/L2_task-sharedreward_model-fulltrial_type-act_sm-6.gfeat
rf1	12032	01	ppi_seed-vs	1,2	fixed_effects	unverified	unverified retained L1 runs [1, 2]; expected model directory absent	/ZPOOL/data/projects/sharedreward-aging/derivatives/fsl/rf1/sub-12032/ses-01/L2_task-sharedreward_model-fulltrial_type-ppi_seed-vs_sm-6.gfeat
rf1	12033	01	act	1,2	fixed_effects	unverified	unverified retained L1 runs [1, 2]; expected model directory absent	/ZPOOL/data/projects/sharedreward-aging/derivatives/fsl/rf1/sub-12033/ses-01/L2_task-sharedreward_model-fulltrial_type-act_sm-6.gfeat
rf1	12033	01	ppi_seed-vs	1,2	fixed_effects	unverified	unverified retained L1 runs [1, 2]; expected model directory absent	/ZPOOL/data/projects/sharedreward-aging/derivatives/fsl/rf1/sub-12033/ses-01/L2_task-sharedreward_model-fulltrial_type-ppi_seed-vs_sm-6.gfeat
rf1	12036	01	act	1,2	fixed_effects	unverified	unverified retained L1 runs [1, 2]; expected model directory absent	/ZPOOL/data/projects/sharedreward-aging/derivatives/fsl/rf1/sub-12036/ses-01/L2_task-sharedreward_model-fulltrial_type-act_sm-6.gfeat
rf1	12036	01	ppi_seed-vs	1,2	fixed_effects	unverified	unverified retained L1 runs [1, 2]; expected model directory absent	/ZPOOL/data/projects/sharedreward-aging/derivatives/fsl/rf1/sub-12036/ses-01/L2_task-sharedreward_model-fulltrial_type-ppi_seed-vs_sm-6.gfeat
rf1	12037	01	act	1	l1_passthrough	unverified	unverified retained L1 runs [1]; 	/ZPOOL/data/projects/sharedreward-aging/derivatives/fsl/rf1/sub-12037/ses-01/L1_task-sharedreward_model-fulltrial_type-act_run-1_sm-6.feat
rf1	12037	01	ppi_seed-vs	1	l1_passthrough	unverified	unverified retained L1 runs [1]; 	/ZPOOL/data/projects/sharedreward-aging/derivatives/fsl/rf1/sub-12037/ses-01/L1_task-sharedreward_model-fulltrial_type-ppi_seed-vs_run-1_sm-6.feat
rf1	12038	01	act	1,2	fixed_effects	unverified	unverified retained L1 runs [1, 2]; expected model directory absent	/ZPOOL/data/projects/sharedreward-aging/derivatives/fsl/rf1/sub-12038/ses-01/L2_task-sharedreward_model-fulltrial_type-act_sm-6.gfeat
rf1	12038	01	ppi_seed-vs	1,2	fixed_effects	unverified	unverified retained L1 runs [1, 2]; expected model directory absent	/ZPOOL/data/projects/sharedreward-aging/derivatives/fsl/rf1/sub-12038/ses-01/L2_task-sharedreward_model-fulltrial_type-ppi_seed-vs_sm-6.gfeat
rf1	12039	01	act	1,2	fixed_effects	unverified	unverified retained L1 runs [1, 2]; expected model directory absent	/ZPOOL/data/projects/sharedreward-aging/derivatives/fsl/rf1/sub-12039/ses-01/L2_task-sharedreward_model-fulltrial_type-act_sm-6.gfeat
rf1	12039	01	ppi_seed-vs	1,2	fixed_effects	unverified	unverified retained L1 runs [1, 2]; expected model directory absent	/ZPOOL/data/projects/sharedreward-aging/derivatives/fsl/rf1/sub-12039/ses-01/L2_task-sharedreward_model-fulltrial_type-ppi_seed-vs_sm-6.gfeat
rf1	12047	01	act	1,2	fixed_effects	unverified	unverified retained L1 runs [1, 2]; expected model directory absent	/ZPOOL/data/projects/sharedreward-aging/derivatives/fsl/rf1/sub-12047/ses-01/L2_task-sharedreward_model-fulltrial_type-act_sm-6.gfeat
rf1	12047	01	ppi_seed-vs	1,2	fixed_effects	unverified	unverified retained L1 runs [1, 2]; expected model directory absent	/ZPOOL/data/projects/sharedreward-aging/derivatives/fsl/rf1/sub-12047/ses-01/L2_task-sharedreward_model-fulltrial_type-ppi_seed-vs_sm-6.gfeat
rf1	12049	01	act	1,2	fixed_effects	unverified	unverified retained L1 runs [1, 2]; expected model directory absent	/ZPOOL/data/projects/sharedreward-aging/derivatives/fsl/rf1/sub-12049/ses-01/L2_task-sharedreward_model-fulltrial_type-act_sm-6.gfeat
rf1	12049	01	ppi_seed-vs	1,2	fixed_effects	unverified	unverified retained L1 runs [1, 2]; expected model directory absent	/ZPOOL/data/projects/sharedreward-aging/derivatives/fsl/rf1/sub-12049/ses-01/L2_task-sharedreward_model-fulltrial_type-ppi_seed-vs_sm-6.gfeat
rf1	12051	01	act	1,2	fixed_effects	unverified	unverified retained L1 runs [1, 2]; expected model directory absent	/ZPOOL/data/projects/sharedreward-aging/derivatives/fsl/rf1/sub-12051/ses-01/L2_task-sharedreward_model-fulltrial_type-act_sm-6.gfeat
rf1	12051	01	ppi_seed-vs	1,2	fixed_effects	unverified	unverified retained L1 runs [1, 2]; expected model directory absent	/ZPOOL/data/projects/sharedreward-aging/derivatives/fsl/rf1/sub-12051/ses-01/L2_task-sharedreward_model-fulltrial_type-ppi_seed-vs_sm-6.gfeat
rf1	12054	01	act	1,2	fixed_effects	unverified	unverified retained L1 runs [1, 2]; expected model directory absent	/ZPOOL/data/projects/sharedreward-aging/derivatives/fsl/rf1/sub-12054/ses-01/L2_task-sharedreward_model-fulltrial_type-act_sm-6.gfeat
rf1	12054	01	ppi_seed-vs	1,2	fixed_effects	unverified	unverified retained L1 runs [1, 2]; expected model directory absent	/ZPOOL/data/projects/sharedreward-aging/derivatives/fsl/rf1/sub-12054/ses-01/L2_task-sharedreward_model-fulltrial_type-ppi_seed-vs_sm-6.gfeat
rf1	12055	01	act	1,2	fixed_effects	unverified	unverified retained L1 runs [1, 2]; expected model directory absent	/ZPOOL/data/projects/sharedreward-aging/derivatives/fsl/rf1/sub-12055/ses-01/L2_task-sharedreward_model-fulltrial_type-act_sm-6.gfeat
rf1	12055	01	ppi_seed-vs	1,2	fixed_effects	unverified	unverified retained L1 runs [1, 2]; expected model directory absent	/ZPOOL/data/projects/sharedreward-aging/derivatives/fsl/rf1/sub-12055/ses-01/L2_task-sharedreward_model-fulltrial_type-ppi_seed-vs_sm-6.gfeat
rf1	12057	01	act	1,2	fixed_effects	unverified	unverified retained L1 runs [1, 2]; expected model directory absent	/ZPOOL/data/projects/sharedreward-aging/derivatives/fsl/rf1/sub-12057/ses-01/L2_task-sharedreward_model-fulltrial_type-act_sm-6.gfeat
rf1	12057	01	ppi_seed-vs	1,2	fixed_effects	unverified	unverified retained L1 runs [1, 2]; expected model directory absent	/ZPOOL/data/projects/sharedreward-aging/derivatives/fsl/rf1/sub-12057/ses-01/L2_task-sharedreward_model-fulltrial_type-ppi_seed-vs_sm-6.gfeat
