dataset	subject	session	run	source_events	harmonized_events	n_trials	n_responded_trials	n_missed_trials	missed_trial_fraction	n_event_computer_punish	n_event_computer_neutral	n_event_computer_reward	n_event_friend_punish	n_event_friend_neutral	n_event_friend_reward	n_event_stranger_punish	n_event_stranger_neutral	n_event_stranger_reward	zero_count_conditions	exclude_run	exclusion_reason
ds003745	104		01	/ZPOOL/data/projects/sharedreward-aging/sourcedata/ds003745/sub-104/func/sub-104_task-sharedreward_run-01_events.tsv	/ZPOOL/data/projects/sharedreward-aging/derivatives/harmonized/events/ds003745/sub-104/func/sub-104_task-sharedreward_run-01_desc-fullTrial_events.tsv	72	72	0	0.0	7	3	6	15	4	13	7	4	13		false	
ds003745	104		02	/ZPOOL/data/projects/sharedreward-aging/sourcedata/ds003745/sub-104/func/sub-104_task-sharedreward_run-02_events.tsv	/ZPOOL/data/projects/sharedreward-aging/derivatives/harmonized/events/ds003745/sub-104/func/sub-104_task-sharedreward_run-02_desc-fullTrial_events.tsv	72	72	0	0.0	15	5	12	7	2	7	14	1	9		false	
ds003745	105		01	/ZPOOL/data/projects/sharedreward-aging/sourcedata/ds003745/sub-105/func/sub-105_task-sharedreward_run-01_events.tsv	/ZPOOL/data/projects/sharedreward-aging/derivatives/harmonized/events/ds003745/sub-105/func/sub-105_task-sharedreward_run-01_desc-fullTrial_events.tsv	72	72	0	0.0	13	5	14	7	2	7	14	1	9		false	
ds003745	105		02	/ZPOOL/data/projects/sharedreward-aging/sourcedata/ds003745/sub-105/func/sub-105_task-sharedreward_run-02_events.tsv	/ZPOOL/data/projects/sharedreward-aging/derivatives/harmonized/events/ds003745/sub-105/func/sub-105_task-sharedreward_run-02_desc-fullTrial_events.tsv	72	72	0	0.0	7	2	7	14	6	12	7	3	14		false	
ds003745	106		01	/ZPOOL/data/projects/sharedreward-aging/sourcedata/ds003745/sub-106/func/sub-106_task-sharedreward_run-01_events.tsv	/ZPOOL/data/projects/sharedreward-aging/derivatives/harmonized/events/ds003745/sub-106/func/sub-106_task-sharedreward_run-01_desc-fullTrial_events.tsv	72	72	0	0.0	6	3	7	14	4	14	8	2	14		false	
ds003745	106		02	/ZPOOL/data/projects/sharedreward-aging/sourcedata/ds003745/sub-106/func/sub-106_task-sharedreward_run-02_events.tsv	/ZPOOL/data/projects/sharedreward-aging/derivatives/harmonized/events/ds003745/sub-106/func/sub-106_task-sharedreward_run-02_desc-fullTrial_events.tsv	72	71	1	0.013888888888888888	13	4	14	6	2	8	13	4	7		false	
ds003745	107		01	/ZPOOL/data/projects/sharedreward-aging/sourcedata/ds003745/sub-107/func/sub-107_task-sharedreward_run-01_events.tsv	/ZPOOL/data/projects/sharedreward-aging/derivatives/harmonized/events/ds003745/sub-107/func/sub-107_task-sharedreward_run-01_desc-fullTrial_events.tsv	72	71	1	0.013888888888888888	13	6	13	7	2	7	13	1	9		false	
ds003745	107		02	/ZPOOL/data/projects/sharedreward-aging/sourcedata/ds003745/sub-107/func/sub-107_task-sharedreward_run-02_events.tsv	/ZPOOL/data/projects/sharedreward-aging/derivatives/harmonized/events/ds003745/sub-107/func/sub-107_task-sharedreward_run-02_desc-fullTrial_events.tsv	72	72	0	0.0	7	2	7	14	4	14	9	1	14		false	
ds003745	108		01	/ZPOOL/data/projects/sharedreward-aging/sourcedata/ds003745/sub-108/func/sub-108_task-sharedreward_run-01_events.tsv	/ZPOOL/data/projects/sharedreward-aging/derivatives/harmonized/events/ds003745/sub-108/func/sub-108_task-sharedreward_run-01_desc-fullTrial_events.tsv	72	72	0	0.0	7	1	8	13	4	15	9	2	13		false	
ds003745	108		02	/ZPOOL/data/projects/sharedreward-aging/sourcedata/ds003745/sub-108/func/sub-108_task-sharedreward_run-02_events.tsv	/ZPOOL/data/projects/sharedreward-aging/derivatives/harmonized/events/ds003745/sub-108/func/sub-108_task-sharedreward_run-02_desc-fullTrial_events.tsv	72	72	0	0.0	14	3	15	8	1	7	12	4	8		false	
ds003745	109		01	/ZPOOL/data/projects/sharedreward-aging/sourcedata/ds003745/sub-109/func/sub-109_task-sharedreward_run-01_events.tsv	/ZPOOL/data/projects/sharedreward-aging/derivatives/harmonized/events/ds003745/sub-109/func/sub-109_task-sharedreward_run-01_desc-fullTrial_events.tsv	72	66	6	0.08333333333333333	15	1	12	8	0	8	14	2	6	event_friend_neutral	false	
ds003745	109		02	/ZPOOL/data/projects/sharedreward-aging/sourcedata/ds003745/sub-109/func/sub-109_task-sharedreward_run-02_events.tsv	/ZPOOL/data/projects/sharedreward-aging/derivatives/harmonized/events/ds003745/sub-109/func/sub-109_task-sharedreward_run-02_desc-fullTrial_events.tsv	72	53	19	0.2638888888888889	5	4	5	11	5	7	4	0	12	event_stranger_neutral	true	missed_trials_gt_25pct
ds003745	110		01	/ZPOOL/data/projects/sharedreward-aging/sourcedata/ds003745/sub-110/func/sub-110_task-sharedreward_run-01_events.tsv	/ZPOOL/data/projects/sharedreward-aging/derivatives/harmonized/events/ds003745/sub-110/func/sub-110_task-sharedreward_run-01_desc-fullTrial_events.tsv	72	72	0	0.0	7	2	7	14	4	14	7	5	12		false	
ds003745	110		02	/ZPOOL/data/projects/sharedreward-aging/sourcedata/ds003745/sub-110/func/sub-110_task-sharedreward_run-02_events.tsv	/ZPOOL/data/projects/sharedreward-aging/derivatives/harmonized/events/ds003745/sub-110/func/sub-110_task-sharedreward_run-02_desc-fullTrial_events.tsv	72	72	0	0.0	13	5	14	7	2	7	13	2	9		false	
ds003745	111		01	/ZPOOL/data/projects/sharedreward-aging/sourcedata/ds003745/sub-111/func/sub-111_task-sharedreward_run-01_events.tsv	/ZPOOL/data/projects/sharedreward-aging/derivatives/harmonized/events/ds003745/sub-111/func/sub-111_task-sharedreward_run-01_desc-fullTrial_events.tsv	72	32	40	0.5555555555555556	3	0	7	5	2	2	8	0	5	event_computer_neutral;event_stranger_neutral	true	missed_trials_gt_25pct
ds003745	111		02	/ZPOOL/data/projects/sharedreward-aging/sourcedata/ds003745/sub-111/func/sub-111_task-sharedreward_run-02_events.tsv	/ZPOOL/data/projects/sharedreward-aging/derivatives/harmonized/events/ds003745/sub-111/func/sub-111_task-sharedreward_run-02_desc-fullTrial_events.tsv	72	64	8	0.1111111111111111	7	0	8	14	4	14	7	1	9	event_computer_neutral	false	
ds003745	112		01	/ZPOOL/data/projects/sharedreward-aging/sourcedata/ds003745/sub-112/func/sub-112_task-sharedreward_run-01_events.tsv	/ZPOOL/data/projects/sharedreward-aging/derivatives/harmonized/events/ds003745/sub-112/func/sub-112_task-sharedreward_run-01_desc-fullTrial_events.tsv	72	72	0	0.0	12	6	14	8	1	7	14	2	8		false	
ds003745	112		02	/ZPOOL/data/projects/sharedreward-aging/sourcedata/ds003745/sub-112/func/sub-112_task-sharedreward_run-02_events.tsv	/ZPOOL/data/projects/sharedreward-aging/derivatives/harmonized/events/ds003745/sub-112/func/sub-112_task-sharedreward_run-02_desc-fullTrial_events.tsv	72	71	1	0.013888888888888888	7	0	8	14	4	14	8	2	14	event_computer_neutral	false	
ds003745	113		01	/ZPOOL/data/projects/sharedreward-aging/sourcedata/ds003745/sub-113/func/sub-113_task-sharedreward_run-01_events.tsv	/ZPOOL/data/projects/sharedreward-aging/derivatives/harmonized/events/ds003745/sub-113/func/sub-113_task-sharedreward_run-01_desc-fullTrial_events.tsv	72	72	0	0.0	14	4	14	7	2	7	13	3	8		false	
ds003745	113		02	/ZPOOL/data/projects/sharedreward-aging/sourcedata/ds003745/sub-113/func/sub-113_task-sharedreward_run-02_events.tsv	/ZPOOL/data/projects/sharedreward-aging/derivatives/harmonized/events/ds003745/sub-113/func/sub-113_task-sharedreward_run-02_desc-fullTrial_events.tsv	72	72	0	0.0	6	2	8	15	3	14	9	2	13		false	
ds003745	115		01	/ZPOOL/data/projects/sharedreward-aging/sourcedata/ds003745/sub-115/func/sub-115_task-sharedreward_run-01_events.tsv	/ZPOOL/data/projects/sharedreward-aging/derivatives/harmonized/events/ds003745/sub-115/func/sub-115_task-sharedreward_run-01_desc-fullTrial_events.tsv	72	71	1	0.013888888888888888	13	6	13	6	3	6	14	1	9		false	
ds003745	115		02	/ZPOOL/data/projects/sharedreward-aging/sourcedata/ds003745/sub-115/func/sub-115_task-sharedreward_run-02_events.tsv	/ZPOOL/data/projects/sharedreward-aging/derivatives/harmonized/events/ds003745/sub-115/func/sub-115_task-sharedreward_run-02_desc-fullTrial_events.tsv	72	72	0	0.0	8	1	7	13	4	15	8	3	13		false	
ds003745	116		01	/ZPOOL/data/projects/sharedreward-aging/sourcedata/ds003745/sub-116/func/sub-116_task-sharedreward_run-01_events.tsv	/ZPOOL/data/projects/sharedreward-aging/derivatives/harmonized/events/ds003745/sub-116/func/sub-116_task-sharedreward_run-01_desc-fullTrial_events.tsv	72	70	2	0.027777777777777776	6	4	6	13	4	13	8	3	13		false	
ds003745	116		02	/ZPOOL/data/projects/sharedreward-aging/sourcedata/ds003745/sub-116/func/sub-116_task-sharedreward_run-02_events.tsv	/ZPOOL/data/projects/sharedreward-aging/derivatives/harmonized/events/ds003745/sub-116/func/sub-116_task-sharedreward_run-02_desc-fullTrial_events.tsv	72	72	0	0.0	13	6	13	7	3	6	12	3	9		false	
ds003745	117		01	/ZPOOL/data/projects/sharedreward-aging/sourcedata/ds003745/sub-117/func/sub-117_task-sharedreward_run-01_events.tsv	/ZPOOL/data/projects/sharedreward-aging/derivatives/harmonized/events/ds003745/sub-117/func/sub-117_task-sharedreward_run-01_desc-fullTrial_events.tsv	72	72	0	0.0	6	2	8	13	5	14	8	4	12		false	
ds003745	117		02	/ZPOOL/data/projects/sharedreward-aging/sourcedata/ds003745/sub-117/func/sub-117_task-sharedreward_run-02_events.tsv	/ZPOOL/data/projects/sharedreward-aging/derivatives/harmonized/events/ds003745/sub-117/func/sub-117_task-sharedreward_run-02_desc-fullTrial_events.tsv	72	72	0	0.0	14	5	13	8	1	7	14	3	7		false	
ds003745	118		01	/ZPOOL/data/projects/sharedreward-aging/sourcedata/ds003745/sub-118/func/sub-118_task-sharedreward_run-01_events.tsv	/ZPOOL/data/projects/sharedreward-aging/derivatives/harmonized/events/ds003745/sub-118/func/sub-118_task-sharedreward_run-01_desc-fullTrial_events.tsv	72	53	19	0.2638888888888889	5	2	5	7	3	10	6	3	12		true	missed_trials_gt_25pct
ds003745	118		02	/ZPOOL/data/projects/sharedreward-aging/sourcedata/ds003745/sub-118/func/sub-118_task-sharedreward_run-02_events.tsv	/ZPOOL/data/projects/sharedreward-aging/derivatives/harmonized/events/ds003745/sub-118/func/sub-118_task-sharedreward_run-02_desc-fullTrial_events.tsv	72	48	24	0.3333333333333333	5	3	12	4	0	7	8	4	5	event_friend_neutral	true	missed_trials_gt_25pct
ds003745	120		01	/ZPOOL/data/projects/sharedreward-aging/sourcedata/ds003745/sub-120/func/sub-120_task-sharedreward_run-01_events.tsv	/ZPOOL/data/projects/sharedreward-aging/derivatives/harmonized/events/ds003745/sub-120/func/sub-120_task-sharedreward_run-01_desc-fullTrial_events.tsv	72	62	10	0.1388888888888889	13	2	13	6	3	7	11	0	7	event_stranger_neutral	false	
ds003745	120		02	/ZPOOL/data/projects/sharedreward-aging/sourcedata/ds003745/sub-120/func/sub-120_task-sharedreward_run-02_events.tsv	/ZPOOL/data/projects/sharedreward-aging/derivatives/harmonized/events/ds003745/sub-120/func/sub-120_task-sharedreward_run-02_desc-fullTrial_events.tsv	72	72	0	0.0	6	3	7	13	5	14	7	4	13		false	
ds003745	121		01	/ZPOOL/data/projects/sharedreward-aging/sourcedata/ds003745/sub-121/func/sub-121_task-sharedreward_run-01_events.tsv	/ZPOOL/data/projects/sharedreward-aging/derivatives/harmonized/events/ds003745/sub-121/func/sub-121_task-sharedreward_run-01_desc-fullTrial_events.tsv	72	72	0	0.0	8	2	6	13	5	14	9	2	13		false	
ds003745	121		02	/ZPOOL/data/projects/sharedreward-aging/sourcedata/ds003745/sub-121/func/sub-121_task-sharedreward_run-02_events.tsv	/ZPOOL/data/projects/sharedreward-aging/derivatives/harmonized/events/ds003745/sub-121/func/sub-121_task-sharedreward_run-02_desc-fullTrial_events.tsv	72	72	0	0.0	15	1	16	6	3	7	13	3	8		false	
ds003745	122		01	/ZPOOL/data/projects/sharedreward-aging/sourcedata/ds003745/sub-122/func/sub-122_task-sharedreward_run-01_events.tsv	/ZPOOL/data/projects/sharedreward-aging/derivatives/harmonized/events/ds003745/sub-122/func/sub-122_task-sharedreward_run-01_desc-fullTrial_events.tsv	72	69	3	0.041666666666666664	11	4	15	8	2	6	12	4	7		false	
ds003745	122		02	/ZPOOL/data/projects/sharedreward-aging/sourcedata/ds003745/sub-122/func/sub-122_task-sharedreward_run-02_events.tsv	/ZPOOL/data/projects/sharedreward-aging/derivatives/harmonized/events/ds003745/sub-122/func/sub-122_task-sharedreward_run-02_desc-fullTrial_events.tsv	72	70	2	0.027777777777777776	6	2	6	15	3	14	9	3	12		false	
ds003745	124		01	/ZPOOL/data/projects/sharedreward-aging/sourcedata/ds003745/sub-124/func/sub-124_task-sharedreward_run-01_events.tsv	/ZPOOL/data/projects/sharedreward-aging/derivatives/harmonized/events/ds003745/sub-124/func/sub-124_task-sharedreward_run-01_desc-fullTrial_events.tsv	72	72	0	0.0	6	2	8	14	5	13	7	4	13		false	
ds003745	124		02	/ZPOOL/data/projects/sharedreward-aging/sourcedata/ds003745/sub-124/func/sub-124_task-sharedreward_run-02_events.tsv	/ZPOOL/data/projects/sharedreward-aging/derivatives/harmonized/events/ds003745/sub-124/func/sub-124_task-sharedreward_run-02_desc-fullTrial_events.tsv	72	70	2	0.027777777777777776	16	0	16	7	1	7	12	2	9	event_computer_neutral	false	
ds003745	125		01	/ZPOOL/data/projects/sharedreward-aging/sourcedata/ds003745/sub-125/func/sub-125_task-sharedreward_run-01_events.tsv	/ZPOOL/data/projects/sharedreward-aging/derivatives/harmonized/events/ds003745/sub-125/func/sub-125_task-sharedreward_run-01_desc-fullTrial_events.tsv	72	70	2	0.027777777777777776	13	4	13	6	4	6	12	5	7		false	
ds003745	125		02	/ZPOOL/data/projects/sharedreward-aging/sourcedata/ds003745/sub-125/func/sub-125_task-sharedreward_run-02_events.tsv	/ZPOOL/data/projects/sharedreward-aging/derivatives/harmonized/events/ds003745/sub-125/func/sub-125_task-sharedreward_run-02_desc-fullTrial_events.tsv	72	70	2	0.027777777777777776	7	1	7	14	3	15	9	1	13		false	
ds003745	126		01	/ZPOOL/data/projects/sharedreward-aging/sourcedata/ds003745/sub-126/func/sub-126_task-sharedreward_run-01_events.tsv	/ZPOOL/data/projects/sharedreward-aging/derivatives/harmonized/events/ds003745/sub-126/func/sub-126_task-sharedreward_run-01_desc-fullTrial_events.tsv	72	72	0	0.0	15	3	14	7	3	6	13	3	8		false	
ds003745	126		02	/ZPOOL/data/projects/sharedreward-aging/sourcedata/ds003745/sub-126/func/sub-126_task-sharedreward_run-02_events.tsv	/ZPOOL/data/projects/sharedreward-aging/derivatives/harmonized/events/ds003745/sub-126/func/sub-126_task-sharedreward_run-02_desc-fullTrial_events.tsv	72	71	1	0.013888888888888888	6	2	8	13	4	14	8	3	13		false	
ds003745	127		01	/ZPOOL/data/projects/sharedreward-aging/sourcedata/ds003745/sub-127/func/sub-127_task-sharedreward_run-01_events.tsv	/ZPOOL/data/projects/sharedreward-aging/derivatives/harmonized/events/ds003745/sub-127/func/sub-127_task-sharedreward_run-01_desc-fullTrial_events.tsv	72	70	2	0.027777777777777776	14	3	14	7	1	8	14	3	6		false	
ds003745	127		02	/ZPOOL/data/projects/sharedreward-aging/sourcedata/ds003745/sub-127/func/sub-127_task-sharedreward_run-02_events.tsv	/ZPOOL/data/projects/sharedreward-aging/derivatives/harmonized/events/ds003745/sub-127/func/sub-127_task-sharedreward_run-02_desc-fullTrial_events.tsv	72	72	0	0.0	7	2	7	12	7	13	8	2	14		false	
ds003745	128		01	/ZPOOL/data/projects/sharedreward-aging/sourcedata/ds003745/sub-128/func/sub-128_task-sharedreward_run-01_events.tsv	/ZPOOL/data/projects/sharedreward-aging/derivatives/harmonized/events/ds003745/sub-128/func/sub-128_task-sharedreward_run-01_desc-fullTrial_events.tsv	72	72	0	0.0	15	3	14	8	2	6	13	3	8		false	
ds003745	128		02	/ZPOOL/data/projects/sharedreward-aging/sourcedata/ds003745/sub-128/func/sub-128_task-sharedreward_run-02_events.tsv	/ZPOOL/data/projects/sharedreward-aging/derivatives/harmonized/events/ds003745/sub-128/func/sub-128_task-sharedreward_run-02_desc-fullTrial_events.tsv	72	70	2	0.027777777777777776	7	2	6	13	4	14	10	1	13		false	
ds003745	129		01	/ZPOOL/data/projects/sharedreward-aging/sourcedata/ds003745/sub-129/func/sub-129_task-sharedreward_run-01_events.tsv	/ZPOOL/data/projects/sharedreward-aging/derivatives/harmonized/events/ds003745/sub-129/func/sub-129_task-sharedreward_run-01_desc-fullTrial_events.tsv	72	45	27	0.375	4	1	3	8	3	11	5	1	9		true	missed_trials_gt_25pct
ds003745	129		02	/ZPOOL/data/projects/sharedreward-aging/sourcedata/ds003745/sub-129/func/sub-129_task-sharedreward_run-02_events.tsv	/ZPOOL/data/projects/sharedreward-aging/derivatives/harmonized/events/ds003745/sub-129/func/sub-129_task-sharedreward_run-02_desc-fullTrial_events.tsv	72	67	5	0.06944444444444445	11	4	12	7	2	7	14	1	9		false	
ds003745	130		01	/ZPOOL/data/projects/sharedreward-aging/sourcedata/ds003745/sub-130/func/sub-130_task-sharedreward_run-01_events.tsv	/ZPOOL/data/projects/sharedreward-aging/derivatives/harmonized/events/ds003745/sub-130/func/sub-130_task-sharedreward_run-01_desc-fullTrial_events.tsv	72	69	3	0.041666666666666664	5	2	6	16	2	14	9	2	13		false	
ds003745	130		02	/ZPOOL/data/projects/sharedreward-aging/sourcedata/ds003745/sub-130/func/sub-130_task-sharedreward_run-02_events.tsv	/ZPOOL/data/projects/sharedreward-aging/derivatives/harmonized/events/ds003745/sub-130/func/sub-130_task-sharedreward_run-02_desc-fullTrial_events.tsv	72	72	0	0.0	14	6	12	7	1	8	12	2	10		false	
ds003745	131		01	/ZPOOL/data/projects/sharedreward-aging/sourcedata/ds003745/sub-131/func/sub-131_task-sharedreward_run-01_events.tsv	/ZPOOL/data/projects/sharedreward-aging/derivatives/harmonized/events/ds003745/sub-131/func/sub-131_task-sharedreward_run-01_desc-fullTrial_events.tsv	72	56	16	0.2222222222222222	8	0	7	8	2	11	7	3	10	event_computer_neutral	false	
ds003745	131		02	/ZPOOL/data/projects/sharedreward-aging/sourcedata/ds003745/sub-131/func/sub-131_task-sharedreward_run-02_events.tsv	/ZPOOL/data/projects/sharedreward-aging/derivatives/harmonized/events/ds003745/sub-131/func/sub-131_task-sharedreward_run-02_desc-fullTrial_events.tsv	72	63	9	0.125	11	3	12	6	2	6	11	4	8		false	
ds003745	132		01	/ZPOOL/data/projects/sharedreward-aging/sourcedata/ds003745/sub-132/func/sub-132_task-sharedreward_run-01_events.tsv	/ZPOOL/data/projects/sharedreward-aging/derivatives/harmonized/events/ds003745/sub-132/func/sub-132_task-sharedreward_run-01_desc-fullTrial_events.tsv	72	72	0	0.0	13	7	12	8	1	7	14	0	10	event_stranger_neutral	false	
ds003745	132		02	/ZPOOL/data/projects/sharedreward-aging/sourcedata/ds003745/sub-132/func/sub-132_task-sharedreward_run-02_events.tsv	/ZPOOL/data/projects/sharedreward-aging/derivatives/harmonized/events/ds003745/sub-132/func/sub-132_task-sharedreward_run-02_desc-fullTrial_events.tsv	72	71	1	0.013888888888888888	8	0	8	16	1	15	8	3	12	event_computer_neutral	false	
ds003745	133		01	/ZPOOL/data/projects/sharedreward-aging/sourcedata/ds003745/sub-133/func/sub-133_task-sharedreward_run-01_events.tsv	/ZPOOL/data/projects/sharedreward-aging/derivatives/harmonized/events/ds003745/sub-133/func/sub-133_task-sharedreward_run-01_desc-fullTrial_events.tsv	72	69	3	0.041666666666666664	14	2	14	7	1	7	12	3	9		false	
ds003745	133		02	/ZPOOL/data/projects/sharedreward-aging/sourcedata/ds003745/sub-133/func/sub-133_task-sharedreward_run-02_events.tsv	/ZPOOL/data/projects/sharedreward-aging/derivatives/harmonized/events/ds003745/sub-133/func/sub-133_task-sharedreward_run-02_desc-fullTrial_events.tsv	72	66	6	0.08333333333333333	5	2	6	13	5	12	7	4	12		false	
ds003745	134		01	/ZPOOL/data/projects/sharedreward-aging/sourcedata/ds003745/sub-134/func/sub-134_task-sharedreward_run-01_events.tsv	/ZPOOL/data/projects/sharedreward-aging/derivatives/harmonized/events/ds003745/sub-134/func/sub-134_task-sharedreward_run-01_desc-fullTrial_events.tsv	72	65	7	0.09722222222222222	6	1	8	14	1	16	5	3	11		false	
ds003745	134		02	/ZPOOL/data/projects/sharedreward-aging/sourcedata/ds003745/sub-134/func/sub-134_task-sharedreward_run-02_events.tsv	/ZPOOL/data/projects/sharedreward-aging/derivatives/harmonized/events/ds003745/sub-134/func/sub-134_task-sharedreward_run-02_desc-fullTrial_events.tsv	72	65	7	0.09722222222222222	11	4	15	8	0	8	9	2	8	event_friend_neutral	false	
ds003745	135		01	/ZPOOL/data/projects/sharedreward-aging/sourcedata/ds003745/sub-135/func/sub-135_task-sharedreward_run-01_events.tsv	/ZPOOL/data/projects/sharedreward-aging/derivatives/harmonized/events/ds003745/sub-135/func/sub-135_task-sharedreward_run-01_desc-fullTrial_events.tsv	72	53	19	0.2638888888888889	9	2	7	5	2	7	12	0	9	event_stranger_neutral	true	missed_trials_gt_25pct
ds003745	135		02	/ZPOOL/data/projects/sharedreward-aging/sourcedata/ds003745/sub-135/func/sub-135_task-sharedreward_run-02_events.tsv	/ZPOOL/data/projects/sharedreward-aging/derivatives/harmonized/events/ds003745/sub-135/func/sub-135_task-sharedreward_run-02_desc-fullTrial_events.tsv	72	33	39	0.5416666666666666	3	0	4	6	3	5	2	1	9	event_computer_neutral	true	missed_trials_gt_25pct
ds003745	136		01	/ZPOOL/data/projects/sharedreward-aging/sourcedata/ds003745/sub-136/func/sub-136_task-sharedreward_run-01_events.tsv	/ZPOOL/data/projects/sharedreward-aging/derivatives/harmonized/events/ds003745/sub-136/func/sub-136_task-sharedreward_run-01_desc-fullTrial_events.tsv	72	71	1	0.013888888888888888	6	3	7	14	3	14	9	3	12		false	
ds003745	136		02	/ZPOOL/data/projects/sharedreward-aging/sourcedata/ds003745/sub-136/func/sub-136_task-sharedreward_run-02_events.tsv	/ZPOOL/data/projects/sharedreward-aging/derivatives/harmonized/events/ds003745/sub-136/func/sub-136_task-sharedreward_run-02_desc-fullTrial_events.tsv	72	72	0	0.0	14	6	12	7	2	7	13	1	10		false	
ds003745	137		01	/ZPOOL/data/projects/sharedreward-aging/sourcedata/ds003745/sub-137/func/sub-137_task-sharedreward_run-01_events.tsv	/ZPOOL/data/projects/sharedreward-aging/derivatives/harmonized/events/ds003745/sub-137/func/sub-137_task-sharedreward_run-01_desc-fullTrial_events.tsv	72	72	0	0.0	6	3	7	13	7	12	9	2	13		false	
ds003745	137		02	/ZPOOL/data/projects/sharedreward-aging/sourcedata/ds003745/sub-137/func/sub-137_task-sharedreward_run-02_events.tsv	/ZPOOL/data/projects/sharedreward-aging/derivatives/harmonized/events/ds003745/sub-137/func/sub-137_task-sharedreward_run-02_desc-fullTrial_events.tsv	72	71	1	0.013888888888888888	15	4	12	6	3	7	13	5	6		false	
ds003745	138		01	/ZPOOL/data/projects/sharedreward-aging/sourcedata/ds003745/sub-138/func/sub-138_task-sharedreward_run-01_events.tsv	/ZPOOL/data/projects/sharedreward-aging/derivatives/harmonized/events/ds003745/sub-138/func/sub-138_task-sharedreward_run-01_desc-fullTrial_events.tsv	72	14	58	0.8055555555555556	0	1	5	1	0	1	4	0	2	event_computer_punish;event_friend_neutral;event_stranger_neutral	true	missed_trials_gt_25pct
ds003745	138		02	/ZPOOL/data/projects/sharedreward-aging/sourcedata/ds003745/sub-138/func/sub-138_task-sharedreward_run-02_events.tsv	/ZPOOL/data/projects/sharedreward-aging/derivatives/harmonized/events/ds003745/sub-138/func/sub-138_task-sharedreward_run-02_desc-fullTrial_events.tsv	72	6	66	0.9166666666666666	1	0	0	0	0	2	0	0	3	event_computer_neutral;event_computer_reward;event_friend_punish;event_friend_neutral;event_stranger_punish;event_stranger_neutral	true	missed_trials_gt_25pct
ds003745	140		01	/ZPOOL/data/projects/sharedreward-aging/sourcedata/ds003745/sub-140/func/sub-140_task-sharedreward_run-01_events.tsv	/ZPOOL/data/projects/sharedreward-aging/derivatives/harmonized/events/ds003745/sub-140/func/sub-140_task-sharedreward_run-01_desc-fullTrial_events.tsv	72	68	4	0.05555555555555555	7	2	7	12	3	15	10	0	12	event_stranger_neutral	false	
ds003745	140		02	/ZPOOL/data/projects/sharedreward-aging/sourcedata/ds003745/sub-140/func/sub-140_task-sharedreward_run-02_events.tsv	/ZPOOL/data/projects/sharedreward-aging/derivatives/harmonized/events/ds003745/sub-140/func/sub-140_task-sharedreward_run-02_desc-fullTrial_events.tsv	72	69	3	0.041666666666666664	15	3	12	8	0	8	13	2	8	event_friend_neutral	false	
ds003745	141		01	/ZPOOL/data/projects/sharedreward-aging/sourcedata/ds003745/sub-141/func/sub-141_task-sharedreward_run-01_events.tsv	/ZPOOL/data/projects/sharedreward-aging/derivatives/harmonized/events/ds003745/sub-141/func/sub-141_task-sharedreward_run-01_desc-fullTrial_events.tsv	72	69	3	0.041666666666666664	14	5	12	8	0	8	11	4	7	event_friend_neutral	false	
ds003745	141		02	/ZPOOL/data/projects/sharedreward-aging/sourcedata/ds003745/sub-141/func/sub-141_task-sharedreward_run-02_events.tsv	/ZPOOL/data/projects/sharedreward-aging/derivatives/harmonized/events/ds003745/sub-141/func/sub-141_task-sharedreward_run-02_desc-fullTrial_events.tsv	72	69	3	0.041666666666666664	6	2	7	13	4	14	7	3	13		false	
ds003745	142		01	/ZPOOL/data/projects/sharedreward-aging/sourcedata/ds003745/sub-142/func/sub-142_task-sharedreward_run-01_events.tsv	/ZPOOL/data/projects/sharedreward-aging/derivatives/harmonized/events/ds003745/sub-142/func/sub-142_task-sharedreward_run-01_desc-fullTrial_events.tsv	72	65	7	0.09722222222222222	6	2	7	12	4	13	6	5	10		false	
ds003745	142		02	/ZPOOL/data/projects/sharedreward-aging/sourcedata/ds003745/sub-142/func/sub-142_task-sharedreward_run-02_events.tsv	/ZPOOL/data/projects/sharedreward-aging/derivatives/harmonized/events/ds003745/sub-142/func/sub-142_task-sharedreward_run-02_desc-fullTrial_events.tsv	72	69	3	0.041666666666666664	13	3	13	7	2	7	12	3	9		false	
ds003745	143		01	/ZPOOL/data/projects/sharedreward-aging/sourcedata/ds003745/sub-143/func/sub-143_task-sharedreward_run-01_events.tsv	/ZPOOL/data/projects/sharedreward-aging/derivatives/harmonized/events/ds003745/sub-143/func/sub-143_task-sharedreward_run-01_desc-fullTrial_events.tsv	72	70	2	0.027777777777777776	6	1	8	15	1	15	7	3	14		false	
ds003745	143		02	/ZPOOL/data/projects/sharedreward-aging/sourcedata/ds003745/sub-143/func/sub-143_task-sharedreward_run-02_events.tsv	/ZPOOL/data/projects/sharedreward-aging/derivatives/harmonized/events/ds003745/sub-143/func/sub-143_task-sharedreward_run-02_desc-fullTrial_events.tsv	72	72	0	0.0	14	4	14	8	0	8	14	2	8	event_friend_neutral	false	
ds003745	144		01	/ZPOOL/data/projects/sharedreward-aging/sourcedata/ds003745/sub-144/func/sub-144_task-sharedreward_run-01_events.tsv	/ZPOOL/data/projects/sharedreward-aging/derivatives/harmonized/events/ds003745/sub-144/func/sub-144_task-sharedreward_run-01_desc-fullTrial_events.tsv	72	70	2	0.027777777777777776	6	1	8	15	1	15	7	3	14		false	
ds003745	144		02	/ZPOOL/data/projects/sharedreward-aging/sourcedata/ds003745/sub-144/func/sub-144_task-sharedreward_run-02_events.tsv	/ZPOOL/data/projects/sharedreward-aging/derivatives/harmonized/events/ds003745/sub-144/func/sub-144_task-sharedreward_run-02_desc-fullTrial_events.tsv	72	72	0	0.0	14	4	14	8	0	8	14	2	8	event_friend_neutral	false	
ds003745	145		01	/ZPOOL/data/projects/sharedreward-aging/sourcedata/ds003745/sub-145/func/sub-145_task-sharedreward_run-01_events.tsv	/ZPOOL/data/projects/sharedreward-aging/derivatives/harmonized/events/ds003745/sub-145/func/sub-145_task-sharedreward_run-01_desc-fullTrial_events.tsv	72	58	14	0.19444444444444445	6	2	8	10	3	7	7	3	12		false	
ds003745	145		02	/ZPOOL/data/projects/sharedreward-aging/sourcedata/ds003745/sub-145/func/sub-145_task-sharedreward_run-02_events.tsv	/ZPOOL/data/projects/sharedreward-aging/derivatives/harmonized/events/ds003745/sub-145/func/sub-145_task-sharedreward_run-02_desc-fullTrial_events.tsv	72	72	0	0.0	15	5	12	8	1	7	14	2	8		false	
ds003745	147		01	/ZPOOL/data/projects/sharedreward-aging/sourcedata/ds003745/sub-147/func/sub-147_task-sharedreward_run-01_events.tsv	/ZPOOL/data/projects/sharedreward-aging/derivatives/harmonized/events/ds003745/sub-147/func/sub-147_task-sharedreward_run-01_desc-fullTrial_events.tsv	72	66	6	0.08333333333333333	11	6	13	6	4	6	11	3	6		false	
ds003745	147		02	/ZPOOL/data/projects/sharedreward-aging/sourcedata/ds003745/sub-147/func/sub-147_task-sharedreward_run-02_events.tsv	/ZPOOL/data/projects/sharedreward-aging/derivatives/harmonized/events/ds003745/sub-147/func/sub-147_task-sharedreward_run-02_desc-fullTrial_events.tsv	72	71	1	0.013888888888888888	6	2	7	14	3	15	6	6	12		false	
ds003745	149		01	/ZPOOL/data/projects/sharedreward-aging/sourcedata/ds003745/sub-149/func/sub-149_task-sharedreward_run-01_events.tsv	/ZPOOL/data/projects/sharedreward-aging/derivatives/harmonized/events/ds003745/sub-149/func/sub-149_task-sharedreward_run-01_desc-fullTrial_events.tsv	72	45	27	0.375	6	2	6	11	3	2	7	2	6		true	missed_trials_gt_25pct
ds003745	149		02	/ZPOOL/data/projects/sharedreward-aging/sourcedata/ds003745/sub-149/func/sub-149_task-sharedreward_run-02_events.tsv	/ZPOOL/data/projects/sharedreward-aging/derivatives/harmonized/events/ds003745/sub-149/func/sub-149_task-sharedreward_run-02_desc-fullTrial_events.tsv	72	63	9	0.125	9	2	14	7	3	6	11	4	7		false	
ds003745	150		01	/ZPOOL/data/projects/sharedreward-aging/sourcedata/ds003745/sub-150/func/sub-150_task-sharedreward_run-01_events.tsv	/ZPOOL/data/projects/sharedreward-aging/derivatives/harmonized/events/ds003745/sub-150/func/sub-150_task-sharedreward_run-01_desc-fullTrial_events.tsv	72	70	2	0.027777777777777776	13	3	14	7	1	8	13	3	8		false	
ds003745	150		02	/ZPOOL/data/projects/sharedreward-aging/sourcedata/ds003745/sub-150/func/sub-150_task-sharedreward_run-02_events.tsv	/ZPOOL/data/projects/sharedreward-aging/derivatives/harmonized/events/ds003745/sub-150/func/sub-150_task-sharedreward_run-02_desc-fullTrial_events.tsv	72	72	0	0.0	7	3	6	14	4	14	9	1	14		false	
ds003745	151		01	/ZPOOL/data/projects/sharedreward-aging/sourcedata/ds003745/sub-151/func/sub-151_task-sharedreward_run-01_events.tsv	/ZPOOL/data/projects/sharedreward-aging/derivatives/harmonized/events/ds003745/sub-151/func/sub-151_task-sharedreward_run-01_desc-fullTrial_events.tsv	72	72	0	0.0	8	2	6	13	5	14	7	5	12		false	
ds003745	151		02	/ZPOOL/data/projects/sharedreward-aging/sourcedata/ds003745/sub-151/func/sub-151_task-sharedreward_run-02_events.tsv	/ZPOOL/data/projects/sharedreward-aging/derivatives/harmonized/events/ds003745/sub-151/func/sub-151_task-sharedreward_run-02_desc-fullTrial_events.tsv	72	72	0	0.0	13	3	16	8	1	7	13	1	10		false	
ds003745	152		01	/ZPOOL/data/projects/sharedreward-aging/sourcedata/ds003745/sub-152/func/sub-152_task-sharedreward_run-01_events.tsv	/ZPOOL/data/projects/sharedreward-aging/derivatives/harmonized/events/ds003745/sub-152/func/sub-152_task-sharedreward_run-01_desc-fullTrial_events.tsv	72	53	19	0.2638888888888889	9	6	9	3	1	6	10	2	7		true	missed_trials_gt_25pct
ds003745	152		02	/ZPOOL/data/projects/sharedreward-aging/sourcedata/ds003745/sub-152/func/sub-152_task-sharedreward_run-02_events.tsv	/ZPOOL/data/projects/sharedreward-aging/derivatives/harmonized/events/ds003745/sub-152/func/sub-152_task-sharedreward_run-02_desc-fullTrial_events.tsv	72	66	6	0.08333333333333333	6	1	4	13	3	15	8	3	13		false	
ds003745	153		01	/ZPOOL/data/projects/sharedreward-aging/sourcedata/ds003745/sub-153/func/sub-153_task-sharedreward_run-01_events.tsv	/ZPOOL/data/projects/sharedreward-aging/derivatives/harmonized/events/ds003745/sub-153/func/sub-153_task-sharedreward_run-01_desc-fullTrial_events.tsv	72	72	0	0.0	15	2	15	7	3	6	13	2	9		false	
ds003745	153		02	/ZPOOL/data/projects/sharedreward-aging/sourcedata/ds003745/sub-153/func/sub-153_task-sharedreward_run-02_events.tsv	/ZPOOL/data/projects/sharedreward-aging/derivatives/harmonized/events/ds003745/sub-153/func/sub-153_task-sharedreward_run-02_desc-fullTrial_events.tsv	72	72	0	0.0	7	2	7	13	4	15	7	4	13		false	
ds003745	154		01	/ZPOOL/data/projects/sharedreward-aging/sourcedata/ds003745/sub-154/func/sub-154_task-sharedreward_run-01_events.tsv	/ZPOOL/data/projects/sharedreward-aging/derivatives/harmonized/events/ds003745/sub-154/func/sub-154_task-sharedreward_run-01_desc-fullTrial_events.tsv	72	72	0	0.0	15	3	14	7	3	6	12	5	7		false	
ds003745	154		02	/ZPOOL/data/projects/sharedreward-aging/sourcedata/ds003745/sub-154/func/sub-154_task-sharedreward_run-02_events.tsv	/ZPOOL/data/projects/sharedreward-aging/derivatives/harmonized/events/ds003745/sub-154/func/sub-154_task-sharedreward_run-02_desc-fullTrial_events.tsv	72	72	0	0.0	7	3	6	14	4	14	9	3	12		false	
ds003745	155		01	/ZPOOL/data/projects/sharedreward-aging/sourcedata/ds003745/sub-155/func/sub-155_task-sharedreward_run-01_events.tsv	/ZPOOL/data/projects/sharedreward-aging/derivatives/harmonized/events/ds003745/sub-155/func/sub-155_task-sharedreward_run-01_desc-fullTrial_events.tsv	72	71	1	0.013888888888888888	6	2	8	13	5	13	8	2	14		false	
ds003745	155		02	/ZPOOL/data/projects/sharedreward-aging/sourcedata/ds003745/sub-155/func/sub-155_task-sharedreward_run-02_events.tsv	/ZPOOL/data/projects/sharedreward-aging/derivatives/harmonized/events/ds003745/sub-155/func/sub-155_task-sharedreward_run-02_desc-fullTrial_events.tsv	72	71	1	0.013888888888888888	12	5	14	8	0	8	12	5	7	event_friend_neutral	false	
ds003745	156		01	/ZPOOL/data/projects/sharedreward-aging/sourcedata/ds003745/sub-156/func/sub-156_task-sharedreward_run-01_events.tsv	/ZPOOL/data/projects/sharedreward-aging/derivatives/harmonized/events/ds003745/sub-156/func/sub-156_task-sharedreward_run-01_desc-fullTrial_events.tsv	72	71	1	0.013888888888888888	7	2	7	15	3	13	9	2	13		false	
ds003745	156		02	/ZPOOL/data/projects/sharedreward-aging/sourcedata/ds003745/sub-156/func/sub-156_task-sharedreward_run-02_events.tsv	/ZPOOL/data/projects/sharedreward-aging/derivatives/harmonized/events/ds003745/sub-156/func/sub-156_task-sharedreward_run-02_desc-fullTrial_events.tsv	72	72	0	0.0	15	3	14	7	3	6	14	2	8		false	
ds003745	157		01	/ZPOOL/data/projects/sharedreward-aging/sourcedata/ds003745/sub-157/func/sub-157_task-sharedreward_run-01_events.tsv	/ZPOOL/data/projects/sharedreward-aging/derivatives/harmonized/events/ds003745/sub-157/func/sub-157_task-sharedreward_run-01_desc-fullTrial_events.tsv	72	72	0	0.0	7	1	8	13	5	14	8	4	12		false	
ds003745	157		02	/ZPOOL/data/projects/sharedreward-aging/sourcedata/ds003745/sub-157/func/sub-157_task-sharedreward_run-02_events.tsv	/ZPOOL/data/projects/sharedreward-aging/derivatives/harmonized/events/ds003745/sub-157/func/sub-157_task-sharedreward_run-02_desc-fullTrial_events.tsv	72	71	1	0.013888888888888888	14	4	13	6	3	7	13	3	8		false	
ds003745	158		01	/ZPOOL/data/projects/sharedreward-aging/sourcedata/ds003745/sub-158/func/sub-158_task-sharedreward_run-01_events.tsv	/ZPOOL/data/projects/sharedreward-aging/derivatives/harmonized/events/ds003745/sub-158/func/sub-158_task-sharedreward_run-01_desc-fullTrial_events.tsv	72	70	2	0.027777777777777776	14	4	13	7	2	7	14	1	8		false	
ds003745	158		02	/ZPOOL/data/projects/sharedreward-aging/sourcedata/ds003745/sub-158/func/sub-158_task-sharedreward_run-02_events.tsv	/ZPOOL/data/projects/sharedreward-aging/derivatives/harmonized/events/ds003745/sub-158/func/sub-158_task-sharedreward_run-02_desc-fullTrial_events.tsv	72	72	0	0.0	6	4	6	14	4	14	9	2	13		false	
ds003745	159		01	/ZPOOL/data/projects/sharedreward-aging/sourcedata/ds003745/sub-159/func/sub-159_task-sharedreward_run-01_events.tsv	/ZPOOL/data/projects/sharedreward-aging/derivatives/harmonized/events/ds003745/sub-159/func/sub-159_task-sharedreward_run-01_desc-fullTrial_events.tsv	72	72	0	0.0	15	1	16	6	3	7	13	3	8		false	
ds003745	159		02	/ZPOOL/data/projects/sharedreward-aging/sourcedata/ds003745/sub-159/func/sub-159_task-sharedreward_run-02_events.tsv	/ZPOOL/data/projects/sharedreward-aging/derivatives/harmonized/events/ds003745/sub-159/func/sub-159_task-sharedreward_run-02_desc-fullTrial_events.tsv	72	72	0	0.0	7	1	8	13	6	13	8	4	12		false	
rf1	10317	01	1	/ZPOOL/data/projects/rf1-sra-linux2/bids/sub-10317/ses-01/func/sub-10317_ses-01_task-sharedreward_run-1_events.tsv	/ZPOOL/data/projects/sharedreward-aging/derivatives/harmonized/events/rf1/sub-10317/ses-01/func/sub-10317_ses-01_task-sharedreward_run-1_desc-fullTrial_events.tsv	54	54	0	0.0	8	2	8	8	2	8	8	2	8		false	
rf1	10317	01	2	/ZPOOL/data/projects/rf1-sra-linux2/bids/sub-10317/ses-01/func/sub-10317_ses-01_task-sharedreward_run-2_events.tsv	/ZPOOL/data/projects/sharedreward-aging/derivatives/harmonized/events/rf1/sub-10317/ses-01/func/sub-10317_ses-01_task-sharedreward_run-2_desc-fullTrial_events.tsv	54	54	0	0.0	8	2	8	8	2	8	8	2	8		false	
rf1	10369	01	1	/ZPOOL/data/projects/rf1-sra-linux2/bids/sub-10369/ses-01/func/sub-10369_ses-01_task-sharedreward_run-1_events.tsv	/ZPOOL/data/projects/sharedreward-aging/derivatives/harmonized/events/rf1/sub-10369/ses-01/func/sub-10369_ses-01_task-sharedreward_run-1_desc-fullTrial_events.tsv	54	54	0	0.0	8	2	8	8	2	8	8	2	8		false	
rf1	10369	01	2	/ZPOOL/data/projects/rf1-sra-linux2/bids/sub-10369/ses-01/func/sub-10369_ses-01_task-sharedreward_run-2_events.tsv	/ZPOOL/data/projects/sharedreward-aging/derivatives/harmonized/events/rf1/sub-10369/ses-01/func/sub-10369_ses-01_task-sharedreward_run-2_desc-fullTrial_events.tsv	54	54	0	0.0	8	2	8	8	2	8	8	2	8		false	
rf1	10402	01	1	/ZPOOL/data/projects/rf1-sra-linux2/bids/sub-10402/ses-01/func/sub-10402_ses-01_task-sharedreward_run-1_events.tsv	/ZPOOL/data/projects/sharedreward-aging/derivatives/harmonized/events/rf1/sub-10402/ses-01/func/sub-10402_ses-01_task-sharedreward_run-1_desc-fullTrial_events.tsv	54	53	1	0.018518518518518517	8	2	8	8	2	8	7	2	8		false	
rf1	10402	01	2	/ZPOOL/data/projects/rf1-sra-linux2/bids/sub-10402/ses-01/func/sub-10402_ses-01_task-sharedreward_run-2_events.tsv	/ZPOOL/data/projects/sharedreward-aging/derivatives/harmonized/events/rf1/sub-10402/ses-01/func/sub-10402_ses-01_task-sharedreward_run-2_desc-fullTrial_events.tsv	54	54	0	0.0	8	2	8	8	2	8	8	2	8		false	
rf1	10418	01	1	/ZPOOL/data/projects/rf1-sra-linux2/bids/sub-10418/ses-01/func/sub-10418_ses-01_task-sharedreward_run-1_events.tsv	/ZPOOL/data/projects/sharedreward-aging/derivatives/harmonized/events/rf1/sub-10418/ses-01/func/sub-10418_ses-01_task-sharedreward_run-1_desc-fullTrial_events.tsv	54	54	0	0.0	8	2	8	8	2	8	8	2	8		false	
rf1	10418	01	2	/ZPOOL/data/projects/rf1-sra-linux2/bids/sub-10418/ses-01/func/sub-10418_ses-01_task-sharedreward_run-2_events.tsv	/ZPOOL/data/projects/sharedreward-aging/derivatives/harmonized/events/rf1/sub-10418/ses-01/func/sub-10418_ses-01_task-sharedreward_run-2_desc-fullTrial_events.tsv	54	54	0	0.0	8	2	8	8	2	8	8	2	8		false	
rf1	10462	01	1	/ZPOOL/data/projects/rf1-sra-linux2/bids/sub-10462/ses-01/func/sub-10462_ses-01_task-sharedreward_run-1_events.tsv	/ZPOOL/data/projects/sharedreward-aging/derivatives/harmonized/events/rf1/sub-10462/ses-01/func/sub-10462_ses-01_task-sharedreward_run-1_desc-fullTrial_events.tsv	54	54	0	0.0	8	2	8	8	2	8	8	2	8		false	
rf1	10478	01	1	/ZPOOL/data/projects/rf1-sra-linux2/bids/sub-10478/ses-01/func/sub-10478_ses-01_task-sharedreward_run-1_events.tsv	/ZPOOL/data/projects/sharedreward-aging/derivatives/harmonized/events/rf1/sub-10478/ses-01/func/sub-10478_ses-01_task-sharedreward_run-1_desc-fullTrial_events.tsv	54	54	0	0.0	8	2	8	8	2	8	8	2	8		false	
rf1	10478	01	2	/ZPOOL/data/projects/rf1-sra-linux2/bids/sub-10478/ses-01/func/sub-10478_ses-01_task-sharedreward_run-2_events.tsv	/ZPOOL/data/projects/sharedreward-aging/derivatives/harmonized/events/rf1/sub-10478/ses-01/func/sub-10478_ses-01_task-sharedreward_run-2_desc-fullTrial_events.tsv	54	54	0	0.0	8	2	8	8	2	8	8	2	8		false	
rf1	10486	01	1	/ZPOOL/data/projects/rf1-sra-linux2/bids/sub-10486/ses-01/func/sub-10486_ses-01_task-sharedreward_run-1_events.tsv	/ZPOOL/data/projects/sharedreward-aging/derivatives/harmonized/events/rf1/sub-10486/ses-01/func/sub-10486_ses-01_task-sharedreward_run-1_desc-fullTrial_events.tsv	54	53	1	0.018518518518518517	8	2	8	8	2	8	8	2	7		false	
rf1	10486	01	2	/ZPOOL/data/projects/rf1-sra-linux2/bids/sub-10486/ses-01/func/sub-10486_ses-01_task-sharedreward_run-2_events.tsv	/ZPOOL/data/projects/sharedreward-aging/derivatives/harmonized/events/rf1/sub-10486/ses-01/func/sub-10486_ses-01_task-sharedreward_run-2_desc-fullTrial_events.tsv	54	54	0	0.0	8	2	8	8	2	8	8	2	8		false	
rf1	10529	01	1	/ZPOOL/data/projects/rf1-sra-linux2/bids/sub-10529/ses-01/func/sub-10529_ses-01_task-sharedreward_run-1_events.tsv	/ZPOOL/data/projects/sharedreward-aging/derivatives/harmonized/events/rf1/sub-10529/ses-01/func/sub-10529_ses-01_task-sharedreward_run-1_desc-fullTrial_events.tsv	54	54	0	0.0	8	2	8	8	2	8	8	2	8		false	
rf1	10529	01	2	/ZPOOL/data/projects/rf1-sra-linux2/bids/sub-10529/ses-01/func/sub-10529_ses-01_task-sharedreward_run-2_events.tsv	/ZPOOL/data/projects/sharedreward-aging/derivatives/harmonized/events/rf1/sub-10529/ses-01/func/sub-10529_ses-01_task-sharedreward_run-2_desc-fullTrial_events.tsv	54	53	1	0.018518518518518517	8	2	8	8	2	7	8	2	8		false	
rf1	10541	01	1	/ZPOOL/data/projects/rf1-sra-linux2/bids/sub-10541/ses-01/func/sub-10541_ses-01_task-sharedreward_run-1_events.tsv	/ZPOOL/data/projects/sharedreward-aging/derivatives/harmonized/events/rf1/sub-10541/ses-01/func/sub-10541_ses-01_task-sharedreward_run-1_desc-fullTrial_events.tsv	54	54	0	0.0	8	2	8	8	2	8	8	2	8		false	
rf1	10541	01	2	/ZPOOL/data/projects/rf1-sra-linux2/bids/sub-10541/ses-01/func/sub-10541_ses-01_task-sharedreward_run-2_events.tsv	/ZPOOL/data/projects/sharedreward-aging/derivatives/harmonized/events/rf1/sub-10541/ses-01/func/sub-10541_ses-01_task-sharedreward_run-2_desc-fullTrial_events.tsv	54	53	1	0.018518518518518517	7	2	8	8	2	8	8	2	8		false	
rf1	10559	01	1	/ZPOOL/data/projects/rf1-sra-linux2/bids/sub-10559/ses-01/func/sub-10559_ses-01_task-sharedreward_run-1_events.tsv	/ZPOOL/data/projects/sharedreward-aging/derivatives/harmonized/events/rf1/sub-10559/ses-01/func/sub-10559_ses-01_task-sharedreward_run-1_desc-fullTrial_events.tsv	54	48	6	0.1111111111111111	7	2	7	7	2	8	6	2	7		false	
rf1	10559	01	2	/ZPOOL/data/projects/rf1-sra-linux2/bids/sub-10559/ses-01/func/sub-10559_ses-01_task-sharedreward_run-2_events.tsv	/ZPOOL/data/projects/sharedreward-aging/derivatives/harmonized/events/rf1/sub-10559/ses-01/func/sub-10559_ses-01_task-sharedreward_run-2_desc-fullTrial_events.tsv	54	53	1	0.018518518518518517	8	2	8	8	2	8	8	2	7		false	
rf1	10572	01	1	/ZPOOL/data/projects/rf1-sra-linux2/bids/sub-10572/ses-01/func/sub-10572_ses-01_task-sharedreward_run-1_events.tsv	/ZPOOL/data/projects/sharedreward-aging/derivatives/harmonized/events/rf1/sub-10572/ses-01/func/sub-10572_ses-01_task-sharedreward_run-1_desc-fullTrial_events.tsv	54	54	0	0.0	8	2	8	8	2	8	8	2	8		false	
rf1	10572	01	2	/ZPOOL/data/projects/rf1-sra-linux2/bids/sub-10572/ses-01/func/sub-10572_ses-01_task-sharedreward_run-2_events.tsv	/ZPOOL/data/projects/sharedreward-aging/derivatives/harmonized/events/rf1/sub-10572/ses-01/func/sub-10572_ses-01_task-sharedreward_run-2_desc-fullTrial_events.tsv	54	54	0	0.0	8	2	8	8	2	8	8	2	8		false	
rf1	10581	01	1	/ZPOOL/data/projects/rf1-sra-linux2/bids/sub-10581/ses-01/func/sub-10581_ses-01_task-sharedreward_run-1_events.tsv	/ZPOOL/data/projects/sharedreward-aging/derivatives/harmonized/events/rf1/sub-10581/ses-01/func/sub-10581_ses-01_task-sharedreward_run-1_desc-fullTrial_events.tsv	54	52	2	0.037037037037037035	7	2	8	8	2	8	8	2	7		false	
rf1	10581	01	2	/ZPOOL/data/projects/rf1-sra-linux2/bids/sub-10581/ses-01/func/sub-10581_ses-01_task-sharedreward_run-2_events.tsv	/ZPOOL/data/projects/sharedreward-aging/derivatives/harmonized/events/rf1/sub-10581/ses-01/func/sub-10581_ses-01_task-sharedreward_run-2_desc-fullTrial_events.tsv	54	52	2	0.037037037037037035	8	2	8	8	2	8	8	1	7		false	
rf1	10584	01	1	/ZPOOL/data/projects/rf1-sra-linux2/bids/sub-10584/ses-01/func/sub-10584_ses-01_task-sharedreward_run-1_events.tsv	/ZPOOL/data/projects/sharedreward-aging/derivatives/harmonized/events/rf1/sub-10584/ses-01/func/sub-10584_ses-01_task-sharedreward_run-1_desc-fullTrial_events.tsv	54	54	0	0.0	8	2	8	8	2	8	8	2	8		false	
rf1	10585	01	1	/ZPOOL/data/projects/rf1-sra-linux2/bids/sub-10585/ses-01/func/sub-10585_ses-01_task-sharedreward_run-1_events.tsv	/ZPOOL/data/projects/sharedreward-aging/derivatives/harmonized/events/rf1/sub-10585/ses-01/func/sub-10585_ses-01_task-sharedreward_run-1_desc-fullTrial_events.tsv	54	53	1	0.018518518518518517	8	2	7	8	2	8	8	2	8		false	
rf1	10585	01	2	/ZPOOL/data/projects/rf1-sra-linux2/bids/sub-10585/ses-01/func/sub-10585_ses-01_task-sharedreward_run-2_events.tsv	/ZPOOL/data/projects/sharedreward-aging/derivatives/harmonized/events/rf1/sub-10585/ses-01/func/sub-10585_ses-01_task-sharedreward_run-2_desc-fullTrial_events.tsv	54	54	0	0.0	8	2	8	8	2	8	8	2	8		false	
rf1	10589	01	1	/ZPOOL/data/projects/rf1-sra-linux2/bids/sub-10589/ses-01/func/sub-10589_ses-01_task-sharedreward_run-1_events.tsv	/ZPOOL/data/projects/sharedreward-aging/derivatives/harmonized/events/rf1/sub-10589/ses-01/func/sub-10589_ses-01_task-sharedreward_run-1_desc-fullTrial_events.tsv	54	54	0	0.0	8	2	8	8	2	8	8	2	8		false	
rf1	10589	01	2	/ZPOOL/data/projects/rf1-sra-linux2/bids/sub-10589/ses-01/func/sub-10589_ses-01_task-sharedreward_run-2_events.tsv	/ZPOOL/data/projects/sharedreward-aging/derivatives/harmonized/events/rf1/sub-10589/ses-01/func/sub-10589_ses-01_task-sharedreward_run-2_desc-fullTrial_events.tsv	54	54	0	0.0	8	2	8	8	2	8	8	2	8		false	
rf1	10590	01	1	/ZPOOL/data/projects/rf1-sra-linux2/bids/sub-10590/ses-01/func/sub-10590_ses-01_task-sharedreward_run-1_events.tsv	/ZPOOL/data/projects/sharedreward-aging/derivatives/harmonized/events/rf1/sub-10590/ses-01/func/sub-10590_ses-01_task-sharedreward_run-1_desc-fullTrial_events.tsv	54	53	1	0.018518518518518517	8	2	8	8	2	7	8	2	8		false	
rf1	10590	01	2	/ZPOOL/data/projects/rf1-sra-linux2/bids/sub-10590/ses-01/func/sub-10590_ses-01_task-sharedreward_run-2_events.tsv	/ZPOOL/data/projects/sharedreward-aging/derivatives/harmonized/events/rf1/sub-10590/ses-01/func/sub-10590_ses-01_task-sharedreward_run-2_desc-fullTrial_events.tsv	54	54	0	0.0	8	2	8	8	2	8	8	2	8		false	
rf1	10596	01	1	/ZPOOL/data/projects/rf1-sra-linux2/bids/sub-10596/ses-01/func/sub-10596_ses-01_task-sharedreward_run-1_events.tsv	/ZPOOL/data/projects/sharedreward-aging/derivatives/harmonized/events/rf1/sub-10596/ses-01/func/sub-10596_ses-01_task-sharedreward_run-1_desc-fullTrial_events.tsv	54	53	1	0.018518518518518517	8	2	8	8	1	8	8	2	8		false	
rf1	10596	01	2	/ZPOOL/data/projects/rf1-sra-linux2/bids/sub-10596/ses-01/func/sub-10596_ses-01_task-sharedreward_run-2_events.tsv	/ZPOOL/data/projects/sharedreward-aging/derivatives/harmonized/events/rf1/sub-10596/ses-01/func/sub-10596_ses-01_task-sharedreward_run-2_desc-fullTrial_events.tsv	54	52	2	0.037037037037037035	8	2	8	8	2	8	6	2	8		false	
rf1	10603	01	1	/ZPOOL/data/projects/rf1-sra-linux2/bids/sub-10603/ses-01/func/sub-10603_ses-01_task-sharedreward_run-1_events.tsv	/ZPOOL/data/projects/sharedreward-aging/derivatives/harmonized/events/rf1/sub-10603/ses-01/func/sub-10603_ses-01_task-sharedreward_run-1_desc-fullTrial_events.tsv	54	54	0	0.0	8	2	8	8	2	8	8	2	8		false	
rf1	10606	01	1	/ZPOOL/data/projects/rf1-sra-linux2/bids/sub-10606/ses-01/func/sub-10606_ses-01_task-sharedreward_run-1_events.tsv	/ZPOOL/data/projects/sharedreward-aging/derivatives/harmonized/events/rf1/sub-10606/ses-01/func/sub-10606_ses-01_task-sharedreward_run-1_desc-fullTrial_events.tsv	54	54	0	0.0	8	2	8	8	2	8	8	2	8		false	
rf1	10606	01	2	/ZPOOL/data/projects/rf1-sra-linux2/bids/sub-10606/ses-01/func/sub-10606_ses-01_task-sharedreward_run-2_events.tsv	/ZPOOL/data/projects/sharedreward-aging/derivatives/harmonized/events/rf1/sub-10606/ses-01/func/sub-10606_ses-01_task-sharedreward_run-2_desc-fullTrial_events.tsv	54	54	0	0.0	8	2	8	8	2	8	8	2	8		false	
rf1	10608	01	1	/ZPOOL/data/projects/rf1-sra-linux2/bids/sub-10608/ses-01/func/sub-10608_ses-01_task-sharedreward_run-1_events.tsv	/ZPOOL/data/projects/sharedreward-aging/derivatives/harmonized/events/rf1/sub-10608/ses-01/func/sub-10608_ses-01_task-sharedreward_run-1_desc-fullTrial_events.tsv	54	54	0	0.0	8	2	8	8	2	8	8	2	8		false	
rf1	10608	01	2	/ZPOOL/data/projects/rf1-sra-linux2/bids/sub-10608/ses-01/func/sub-10608_ses-01_task-sharedreward_run-2_events.tsv	/ZPOOL/data/projects/sharedreward-aging/derivatives/harmonized/events/rf1/sub-10608/ses-01/func/sub-10608_ses-01_task-sharedreward_run-2_desc-fullTrial_events.tsv	54	35	19	0.35185185185185186	7	2	4	7	1	4	5	0	5	event_stranger_neutral	true	missed_trials_gt_25pct
rf1	10617	01	1	/ZPOOL/data/projects/rf1-sra-linux2/bids/sub-10617/ses-01/func/sub-10617_ses-01_task-sharedreward_run-1_events.tsv	/ZPOOL/data/projects/sharedreward-aging/derivatives/harmonized/events/rf1/sub-10617/ses-01/func/sub-10617_ses-01_task-sharedreward_run-1_desc-fullTrial_events.tsv	54	54	0	0.0	8	2	8	8	2	8	8	2	8		false	
rf1	10636	01	1	/ZPOOL/data/projects/rf1-sra-linux2/bids/sub-10636/ses-01/func/sub-10636_ses-01_task-sharedreward_run-1_events.tsv	/ZPOOL/data/projects/sharedreward-aging/derivatives/harmonized/events/rf1/sub-10636/ses-01/func/sub-10636_ses-01_task-sharedreward_run-1_desc-fullTrial_events.tsv	54	53	1	0.018518518518518517	8	2	8	8	2	8	7	2	8		false	
rf1	10636	01	2	/ZPOOL/data/projects/rf1-sra-linux2/bids/sub-10636/ses-01/func/sub-10636_ses-01_task-sharedreward_run-2_events.tsv	/ZPOOL/data/projects/sharedreward-aging/derivatives/harmonized/events/rf1/sub-10636/ses-01/func/sub-10636_ses-01_task-sharedreward_run-2_desc-fullTrial_events.tsv	54	47	7	0.12962962962962962	7	1	5	8	2	8	7	2	7		false	
rf1	10638	01	1	/ZPOOL/data/projects/rf1-sra-linux2/bids/sub-10638/ses-01/func/sub-10638_ses-01_task-sharedreward_run-1_events.tsv	/ZPOOL/data/projects/sharedreward-aging/derivatives/harmonized/events/rf1/sub-10638/ses-01/func/sub-10638_ses-01_task-sharedreward_run-1_desc-fullTrial_events.tsv	54	50	4	0.07407407407407407	7	2	8	8	1	8	7	2	7		false	
rf1	10638	01	2	/ZPOOL/data/projects/rf1-sra-linux2/bids/sub-10638/ses-01/func/sub-10638_ses-01_task-sharedreward_run-2_events.tsv	/ZPOOL/data/projects/sharedreward-aging/derivatives/harmonized/events/rf1/sub-10638/ses-01/func/sub-10638_ses-01_task-sharedreward_run-2_desc-fullTrial_events.tsv	54	54	0	0.0	8	2	8	8	2	8	8	2	8		false	
rf1	10640	01	1	/ZPOOL/data/projects/rf1-sra-linux2/bids/sub-10640/ses-01/func/sub-10640_ses-01_task-sharedreward_run-1_events.tsv	/ZPOOL/data/projects/sharedreward-aging/derivatives/harmonized/events/rf1/sub-10640/ses-01/func/sub-10640_ses-01_task-sharedreward_run-1_desc-fullTrial_events.tsv	54	54	0	0.0	8	2	8	8	2	8	8	2	8		false	
rf1	10640	01	2	/ZPOOL/data/projects/rf1-sra-linux2/bids/sub-10640/ses-01/func/sub-10640_ses-01_task-sharedreward_run-2_events.tsv	/ZPOOL/data/projects/sharedreward-aging/derivatives/harmonized/events/rf1/sub-10640/ses-01/func/sub-10640_ses-01_task-sharedreward_run-2_desc-fullTrial_events.tsv	54	45	9	0.16666666666666666	6	1	8	7	2	5	8	1	7		false	
rf1	10641	01	1	/ZPOOL/data/projects/rf1-sra-linux2/bids/sub-10641/ses-01/func/sub-10641_ses-01_task-sharedreward_run-1_events.tsv	/ZPOOL/data/projects/sharedreward-aging/derivatives/harmonized/events/rf1/sub-10641/ses-01/func/sub-10641_ses-01_task-sharedreward_run-1_desc-fullTrial_events.tsv	54	54	0	0.0	8	2	8	8	2	8	8	2	8		false	
rf1	10642	01	1	/ZPOOL/data/projects/rf1-sra-linux2/bids/sub-10642/ses-01/func/sub-10642_ses-01_task-sharedreward_run-1_events.tsv	/ZPOOL/data/projects/sharedreward-aging/derivatives/harmonized/events/rf1/sub-10642/ses-01/func/sub-10642_ses-01_task-sharedreward_run-1_desc-fullTrial_events.tsv	54	53	1	0.018518518518518517	7	2	8	8	2	8	8	2	8		false	
rf1	10642	01	2	/ZPOOL/data/projects/rf1-sra-linux2/bids/sub-10642/ses-01/func/sub-10642_ses-01_task-sharedreward_run-2_events.tsv	/ZPOOL/data/projects/sharedreward-aging/derivatives/harmonized/events/rf1/sub-10642/ses-01/func/sub-10642_ses-01_task-sharedreward_run-2_desc-fullTrial_events.tsv	54	54	0	0.0	8	2	8	8	2	8	8	2	8		false	
rf1	10644	01	1	/ZPOOL/data/projects/rf1-sra-linux2/bids/sub-10644/ses-01/func/sub-10644_ses-01_task-sharedreward_run-1_events.tsv	/ZPOOL/data/projects/sharedreward-aging/derivatives/harmonized/events/rf1/sub-10644/ses-01/func/sub-10644_ses-01_task-sharedreward_run-1_desc-fullTrial_events.tsv	54	53	1	0.018518518518518517	8	2	7	8	2	8	8	2	8		false	
rf1	10644	01	2	/ZPOOL/data/projects/rf1-sra-linux2/bids/sub-10644/ses-01/func/sub-10644_ses-01_task-sharedreward_run-2_events.tsv	/ZPOOL/data/projects/sharedreward-aging/derivatives/harmonized/events/rf1/sub-10644/ses-01/func/sub-10644_ses-01_task-sharedreward_run-2_desc-fullTrial_events.tsv	54	52	2	0.037037037037037035	8	2	8	8	2	7	8	1	8		false	
rf1	10647	01	1	/ZPOOL/data/projects/rf1-sra-linux2/bids/sub-10647/ses-01/func/sub-10647_ses-01_task-sharedreward_run-1_events.tsv	/ZPOOL/data/projects/sharedreward-aging/derivatives/harmonized/events/rf1/sub-10647/ses-01/func/sub-10647_ses-01_task-sharedreward_run-1_desc-fullTrial_events.tsv	54	53	1	0.018518518518518517	8	2	8	8	2	8	8	2	7		false	
rf1	10647	01	2	/ZPOOL/data/projects/rf1-sra-linux2/bids/sub-10647/ses-01/func/sub-10647_ses-01_task-sharedreward_run-2_events.tsv	/ZPOOL/data/projects/sharedreward-aging/derivatives/harmonized/events/rf1/sub-10647/ses-01/func/sub-10647_ses-01_task-sharedreward_run-2_desc-fullTrial_events.tsv	54	54	0	0.0	8	2	8	8	2	8	8	2	8		false	
rf1	10649	01	1	/ZPOOL/data/projects/rf1-sra-linux2/bids/sub-10649/ses-01/func/sub-10649_ses-01_task-sharedreward_run-1_events.tsv	/ZPOOL/data/projects/sharedreward-aging/derivatives/harmonized/events/rf1/sub-10649/ses-01/func/sub-10649_ses-01_task-sharedreward_run-1_desc-fullTrial_events.tsv	54	53	1	0.018518518518518517	8	2	8	8	2	8	8	2	7		false	
rf1	10649	01	2	/ZPOOL/data/projects/rf1-sra-linux2/bids/sub-10649/ses-01/func/sub-10649_ses-01_task-sharedreward_run-2_events.tsv	/ZPOOL/data/projects/sharedreward-aging/derivatives/harmonized/events/rf1/sub-10649/ses-01/func/sub-10649_ses-01_task-sharedreward_run-2_desc-fullTrial_events.tsv	54	53	1	0.018518518518518517	8	2	7	8	2	8	8	2	8		false	
rf1	10652	01	1	/ZPOOL/data/projects/rf1-sra-linux2/bids/sub-10652/ses-01/func/sub-10652_ses-01_task-sharedreward_run-1_events.tsv	/ZPOOL/data/projects/sharedreward-aging/derivatives/harmonized/events/rf1/sub-10652/ses-01/func/sub-10652_ses-01_task-sharedreward_run-1_desc-fullTrial_events.tsv	54	54	0	0.0	8	2	8	8	2	8	8	2	8		false	
rf1	10652	01	2	/ZPOOL/data/projects/rf1-sra-linux2/bids/sub-10652/ses-01/func/sub-10652_ses-01_task-sharedreward_run-2_events.tsv	/ZPOOL/data/projects/sharedreward-aging/derivatives/harmonized/events/rf1/sub-10652/ses-01/func/sub-10652_ses-01_task-sharedreward_run-2_desc-fullTrial_events.tsv	54	54	0	0.0	8	2	8	8	2	8	8	2	8		false	
rf1	10656	01	1	/ZPOOL/data/projects/rf1-sra-linux2/bids/sub-10656/ses-01/func/sub-10656_ses-01_task-sharedreward_run-1_events.tsv	/ZPOOL/data/projects/sharedreward-aging/derivatives/harmonized/events/rf1/sub-10656/ses-01/func/sub-10656_ses-01_task-sharedreward_run-1_desc-fullTrial_events.tsv	54	54	0	0.0	8	2	8	8	2	8	8	2	8		false	
rf1	10656	01	2	/ZPOOL/data/projects/rf1-sra-linux2/bids/sub-10656/ses-01/func/sub-10656_ses-01_task-sharedreward_run-2_events.tsv	/ZPOOL/data/projects/sharedreward-aging/derivatives/harmonized/events/rf1/sub-10656/ses-01/func/sub-10656_ses-01_task-sharedreward_run-2_desc-fullTrial_events.tsv	54	54	0	0.0	8	2	8	8	2	8	8	2	8		false	
rf1	10657	01	1	/ZPOOL/data/projects/rf1-sra-linux2/bids/sub-10657/ses-01/func/sub-10657_ses-01_task-sharedreward_run-1_events.tsv	/ZPOOL/data/projects/sharedreward-aging/derivatives/harmonized/events/rf1/sub-10657/ses-01/func/sub-10657_ses-01_task-sharedreward_run-1_desc-fullTrial_events.tsv	54	53	1	0.018518518518518517	8	2	8	8	2	7	8	2	8		false	
rf1	10657	01	2	/ZPOOL/data/projects/rf1-sra-linux2/bids/sub-10657/ses-01/func/sub-10657_ses-01_task-sharedreward_run-2_events.tsv	/ZPOOL/data/projects/sharedreward-aging/derivatives/harmonized/events/rf1/sub-10657/ses-01/func/sub-10657_ses-01_task-sharedreward_run-2_desc-fullTrial_events.tsv	54	54	0	0.0	8	2	8	8	2	8	8	2	8		false	
rf1	10661	01	1	/ZPOOL/data/projects/rf1-sra-linux2/bids/sub-10661/ses-01/func/sub-10661_ses-01_task-sharedreward_run-1_events.tsv	/ZPOOL/data/projects/sharedreward-aging/derivatives/harmonized/events/rf1/sub-10661/ses-01/func/sub-10661_ses-01_task-sharedreward_run-1_desc-fullTrial_events.tsv	54	54	0	0.0	8	2	8	8	2	8	8	2	8		false	
rf1	10661	01	2	/ZPOOL/data/projects/rf1-sra-linux2/bids/sub-10661/ses-01/func/sub-10661_ses-01_task-sharedreward_run-2_events.tsv	/ZPOOL/data/projects/sharedreward-aging/derivatives/harmonized/events/rf1/sub-10661/ses-01/func/sub-10661_ses-01_task-sharedreward_run-2_desc-fullTrial_events.tsv	54	54	0	0.0	8	2	8	8	2	8	8	2	8		false	
rf1	10663	01	1	/ZPOOL/data/projects/rf1-sra-linux2/bids/sub-10663/ses-01/func/sub-10663_ses-01_task-sharedreward_run-1_events.tsv	/ZPOOL/data/projects/sharedreward-aging/derivatives/harmonized/events/rf1/sub-10663/ses-01/func/sub-10663_ses-01_task-sharedreward_run-1_desc-fullTrial_events.tsv	54	54	0	0.0	8	2	8	8	2	8	8	2	8		false	
rf1	10663	01	2	/ZPOOL/data/projects/rf1-sra-linux2/bids/sub-10663/ses-01/func/sub-10663_ses-01_task-sharedreward_run-2_events.tsv	/ZPOOL/data/projects/sharedreward-aging/derivatives/harmonized/events/rf1/sub-10663/ses-01/func/sub-10663_ses-01_task-sharedreward_run-2_desc-fullTrial_events.tsv	54	54	0	0.0	8	2	8	8	2	8	8	2	8		false	
rf1	10668	01	1	/ZPOOL/data/projects/rf1-sra-linux2/bids/sub-10668/ses-01/func/sub-10668_ses-01_task-sharedreward_run-1_events.tsv	/ZPOOL/data/projects/sharedreward-aging/derivatives/harmonized/events/rf1/sub-10668/ses-01/func/sub-10668_ses-01_task-sharedreward_run-1_desc-fullTrial_events.tsv	54	53	1	0.018518518518518517	8	2	8	8	1	8	8	2	8		false	
rf1	10673	01	1	/ZPOOL/data/projects/rf1-sra-linux2/bids/sub-10673/ses-01/func/sub-10673_ses-01_task-sharedreward_run-1_events.tsv	/ZPOOL/data/projects/sharedreward-aging/derivatives/harmonized/events/rf1/sub-10673/ses-01/func/sub-10673_ses-01_task-sharedreward_run-1_desc-fullTrial_events.tsv	54	54	0	0.0	8	2	8	8	2	8	8	2	8		false	
rf1	10673	01	2	/ZPOOL/data/projects/rf1-sra-linux2/bids/sub-10673/ses-01/func/sub-10673_ses-01_task-sharedreward_run-2_events.tsv	/ZPOOL/data/projects/sharedreward-aging/derivatives/harmonized/events/rf1/sub-10673/ses-01/func/sub-10673_ses-01_task-sharedreward_run-2_desc-fullTrial_events.tsv	54	53	1	0.018518518518518517	8	2	7	8	2	8	8	2	8		false	
rf1	10674	01	1	/ZPOOL/data/projects/rf1-sra-linux2/bids/sub-10674/ses-01/func/sub-10674_ses-01_task-sharedreward_run-1_events.tsv	/ZPOOL/data/projects/sharedreward-aging/derivatives/harmonized/events/rf1/sub-10674/ses-01/func/sub-10674_ses-01_task-sharedreward_run-1_desc-fullTrial_events.tsv	54	54	0	0.0	8	2	8	8	2	8	8	2	8		false	
rf1	10674	01	2	/ZPOOL/data/projects/rf1-sra-linux2/bids/sub-10674/ses-01/func/sub-10674_ses-01_task-sharedreward_run-2_events.tsv	/ZPOOL/data/projects/sharedreward-aging/derivatives/harmonized/events/rf1/sub-10674/ses-01/func/sub-10674_ses-01_task-sharedreward_run-2_desc-fullTrial_events.tsv	54	54	0	0.0	8	2	8	8	2	8	8	2	8		false	
rf1	10677	01	1	/ZPOOL/data/projects/rf1-sra-linux2/bids/sub-10677/ses-01/func/sub-10677_ses-01_task-sharedreward_run-1_events.tsv	/ZPOOL/data/projects/sharedreward-aging/derivatives/harmonized/events/rf1/sub-10677/ses-01/func/sub-10677_ses-01_task-sharedreward_run-1_desc-fullTrial_events.tsv	54	53	1	0.018518518518518517	8	2	8	8	2	8	8	2	7		false	
rf1	10677	01	2	/ZPOOL/data/projects/rf1-sra-linux2/bids/sub-10677/ses-01/func/sub-10677_ses-01_task-sharedreward_run-2_events.tsv	/ZPOOL/data/projects/sharedreward-aging/derivatives/harmonized/events/rf1/sub-10677/ses-01/func/sub-10677_ses-01_task-sharedreward_run-2_desc-fullTrial_events.tsv	54	53	1	0.018518518518518517	8	2	8	8	2	8	7	2	8		false	
rf1	10685	01	1	/ZPOOL/data/projects/rf1-sra-linux2/bids/sub-10685/ses-01/func/sub-10685_ses-01_task-sharedreward_run-1_events.tsv	/ZPOOL/data/projects/sharedreward-aging/derivatives/harmonized/events/rf1/sub-10685/ses-01/func/sub-10685_ses-01_task-sharedreward_run-1_desc-fullTrial_events.tsv	54	53	1	0.018518518518518517	8	1	8	8	2	8	8	2	8		false	
rf1	10685	01	2	/ZPOOL/data/projects/rf1-sra-linux2/bids/sub-10685/ses-01/func/sub-10685_ses-01_task-sharedreward_run-2_events.tsv	/ZPOOL/data/projects/sharedreward-aging/derivatives/harmonized/events/rf1/sub-10685/ses-01/func/sub-10685_ses-01_task-sharedreward_run-2_desc-fullTrial_events.tsv	54	52	2	0.037037037037037035	7	2	8	8	2	8	7	2	8		false	
rf1	10690	01	1	/ZPOOL/data/projects/rf1-sra-linux2/bids/sub-10690/ses-01/func/sub-10690_ses-01_task-sharedreward_run-1_events.tsv	/ZPOOL/data/projects/sharedreward-aging/derivatives/harmonized/events/rf1/sub-10690/ses-01/func/sub-10690_ses-01_task-sharedreward_run-1_desc-fullTrial_events.tsv	54	53	1	0.018518518518518517	8	2	8	7	2	8	8	2	8		false	
rf1	10690	01	2	/ZPOOL/data/projects/rf1-sra-linux2/bids/sub-10690/ses-01/func/sub-10690_ses-01_task-sharedreward_run-2_events.tsv	/ZPOOL/data/projects/sharedreward-aging/derivatives/harmonized/events/rf1/sub-10690/ses-01/func/sub-10690_ses-01_task-sharedreward_run-2_desc-fullTrial_events.tsv	54	54	0	0.0	8	2	8	8	2	8	8	2	8		false	
rf1	10691	01	1	/ZPOOL/data/projects/rf1-sra-linux2/bids/sub-10691/ses-01/func/sub-10691_ses-01_task-sharedreward_run-1_events.tsv	/ZPOOL/data/projects/sharedreward-aging/derivatives/harmonized/events/rf1/sub-10691/ses-01/func/sub-10691_ses-01_task-sharedreward_run-1_desc-fullTrial_events.tsv	54	53	1	0.018518518518518517	8	2	8	7	2	8	8	2	8		false	
rf1	10691	01	2	/ZPOOL/data/projects/rf1-sra-linux2/bids/sub-10691/ses-01/func/sub-10691_ses-01_task-sharedreward_run-2_events.tsv	/ZPOOL/data/projects/sharedreward-aging/derivatives/harmonized/events/rf1/sub-10691/ses-01/func/sub-10691_ses-01_task-sharedreward_run-2_desc-fullTrial_events.tsv	54	52	2	0.037037037037037035	7	2	7	8	2	8	8	2	8		false	
rf1	10700	01	1	/ZPOOL/data/projects/rf1-sra-linux2/bids/sub-10700/ses-01/func/sub-10700_ses-01_task-sharedreward_run-1_events.tsv	/ZPOOL/data/projects/sharedreward-aging/derivatives/harmonized/events/rf1/sub-10700/ses-01/func/sub-10700_ses-01_task-sharedreward_run-1_desc-fullTrial_events.tsv	54	53	1	0.018518518518518517	8	2	8	8	2	8	7	2	8		false	
rf1	10700	01	2	/ZPOOL/data/projects/rf1-sra-linux2/bids/sub-10700/ses-01/func/sub-10700_ses-01_task-sharedreward_run-2_events.tsv	/ZPOOL/data/projects/sharedreward-aging/derivatives/harmonized/events/rf1/sub-10700/ses-01/func/sub-10700_ses-01_task-sharedreward_run-2_desc-fullTrial_events.tsv	54	54	0	0.0	8	2	8	8	2	8	8	2	8		false	
rf1	10701	01	1	/ZPOOL/data/projects/rf1-sra-linux2/bids/sub-10701/ses-01/func/sub-10701_ses-01_task-sharedreward_run-1_events.tsv	/ZPOOL/data/projects/sharedreward-aging/derivatives/harmonized/events/rf1/sub-10701/ses-01/func/sub-10701_ses-01_task-sharedreward_run-1_desc-fullTrial_events.tsv	54	54	0	0.0	8	2	8	8	2	8	8	2	8		false	
rf1	10701	01	2	/ZPOOL/data/projects/rf1-sra-linux2/bids/sub-10701/ses-01/func/sub-10701_ses-01_task-sharedreward_run-2_events.tsv	/ZPOOL/data/projects/sharedreward-aging/derivatives/harmonized/events/rf1/sub-10701/ses-01/func/sub-10701_ses-01_task-sharedreward_run-2_desc-fullTrial_events.tsv	54	54	0	0.0	8	2	8	8	2	8	8	2	8		false	
rf1	10713	01	1	/ZPOOL/data/projects/rf1-sra-linux2/bids/sub-10713/ses-01/func/sub-10713_ses-01_task-sharedreward_run-1_events.tsv	/ZPOOL/data/projects/sharedreward-aging/derivatives/harmonized/events/rf1/sub-10713/ses-01/func/sub-10713_ses-01_task-sharedreward_run-1_desc-fullTrial_events.tsv	54	54	0	0.0	8	2	8	8	2	8	8	2	8		false	
rf1	10713	01	2	/ZPOOL/data/projects/rf1-sra-linux2/bids/sub-10713/ses-01/func/sub-10713_ses-01_task-sharedreward_run-2_events.tsv	/ZPOOL/data/projects/sharedreward-aging/derivatives/harmonized/events/rf1/sub-10713/ses-01/func/sub-10713_ses-01_task-sharedreward_run-2_desc-fullTrial_events.tsv	54	54	0	0.0	8	2	8	8	2	8	8	2	8		false	
rf1	10716	01	1	/ZPOOL/data/projects/rf1-sra-linux2/bids/sub-10716/ses-01/func/sub-10716_ses-01_task-sharedreward_run-1_events.tsv	/ZPOOL/data/projects/sharedreward-aging/derivatives/harmonized/events/rf1/sub-10716/ses-01/func/sub-10716_ses-01_task-sharedreward_run-1_desc-fullTrial_events.tsv	54	54	0	0.0	8	2	8	8	2	8	8	2	8		false	
rf1	10716	01	2	/ZPOOL/data/projects/rf1-sra-linux2/bids/sub-10716/ses-01/func/sub-10716_ses-01_task-sharedreward_run-2_events.tsv	/ZPOOL/data/projects/sharedreward-aging/derivatives/harmonized/events/rf1/sub-10716/ses-01/func/sub-10716_ses-01_task-sharedreward_run-2_desc-fullTrial_events.tsv	54	54	0	0.0	8	2	8	8	2	8	8	2	8		false	
rf1	10718	01	1	/ZPOOL/data/projects/rf1-sra-linux2/bids/sub-10718/ses-01/func/sub-10718_ses-01_task-sharedreward_run-1_events.tsv	/ZPOOL/data/projects/sharedreward-aging/derivatives/harmonized/events/rf1/sub-10718/ses-01/func/sub-10718_ses-01_task-sharedreward_run-1_desc-fullTrial_events.tsv	54	54	0	0.0	8	2	8	8	2	8	8	2	8		false	
rf1	10718	01	2	/ZPOOL/data/projects/rf1-sra-linux2/bids/sub-10718/ses-01/func/sub-10718_ses-01_task-sharedreward_run-2_events.tsv	/ZPOOL/data/projects/sharedreward-aging/derivatives/harmonized/events/rf1/sub-10718/ses-01/func/sub-10718_ses-01_task-sharedreward_run-2_desc-fullTrial_events.tsv	54	54	0	0.0	8	2	8	8	2	8	8	2	8		false	
rf1	10720	01	1	/ZPOOL/data/projects/rf1-sra-linux2/bids/sub-10720/ses-01/func/sub-10720_ses-01_task-sharedreward_run-1_events.tsv	/ZPOOL/data/projects/sharedreward-aging/derivatives/harmonized/events/rf1/sub-10720/ses-01/func/sub-10720_ses-01_task-sharedreward_run-1_desc-fullTrial_events.tsv	54	54	0	0.0	8	2	8	8	2	8	8	2	8		false	
rf1	10720	01	2	/ZPOOL/data/projects/rf1-sra-linux2/bids/sub-10720/ses-01/func/sub-10720_ses-01_task-sharedreward_run-2_events.tsv	/ZPOOL/data/projects/sharedreward-aging/derivatives/harmonized/events/rf1/sub-10720/ses-01/func/sub-10720_ses-01_task-sharedreward_run-2_desc-fullTrial_events.tsv	54	54	0	0.0	8	2	8	8	2	8	8	2	8		false	
rf1	10723	01	1	/ZPOOL/data/projects/rf1-sra-linux2/bids/sub-10723/ses-01/func/sub-10723_ses-01_task-sharedreward_run-1_events.tsv	/ZPOOL/data/projects/sharedreward-aging/derivatives/harmonized/events/rf1/sub-10723/ses-01/func/sub-10723_ses-01_task-sharedreward_run-1_desc-fullTrial_events.tsv	54	54	0	0.0	8	2	8	8	2	8	8	2	8		false	
rf1	10723	01	2	/ZPOOL/data/projects/rf1-sra-linux2/bids/sub-10723/ses-01/func/sub-10723_ses-01_task-sharedreward_run-2_events.tsv	/ZPOOL/data/projects/sharedreward-aging/derivatives/harmonized/events/rf1/sub-10723/ses-01/func/sub-10723_ses-01_task-sharedreward_run-2_desc-fullTrial_events.tsv	54	54	0	0.0	8	2	8	8	2	8	8	2	8		false	
rf1	10741	01	1	/ZPOOL/data/projects/rf1-sra-linux2/bids/sub-10741/ses-01/func/sub-10741_ses-01_task-sharedreward_run-1_events.tsv	/ZPOOL/data/projects/sharedreward-aging/derivatives/harmonized/events/rf1/sub-10741/ses-01/func/sub-10741_ses-01_task-sharedreward_run-1_desc-fullTrial_events.tsv	54	54	0	0.0	8	2	8	8	2	8	8	2	8		false	
rf1	10741	01	2	/ZPOOL/data/projects/rf1-sra-linux2/bids/sub-10741/ses-01/func/sub-10741_ses-01_task-sharedreward_run-2_events.tsv	/ZPOOL/data/projects/sharedreward-aging/derivatives/harmonized/events/rf1/sub-10741/ses-01/func/sub-10741_ses-01_task-sharedreward_run-2_desc-fullTrial_events.tsv	54	54	0	0.0	8	2	8	8	2	8	8	2	8		false	
rf1	10748	01	1	/ZPOOL/data/projects/rf1-sra-linux2/bids/sub-10748/ses-01/func/sub-10748_ses-01_task-sharedreward_run-1_events.tsv	/ZPOOL/data/projects/sharedreward-aging/derivatives/harmonized/events/rf1/sub-10748/ses-01/func/sub-10748_ses-01_task-sharedreward_run-1_desc-fullTrial_events.tsv	54	54	0	0.0	8	2	8	8	2	8	8	2	8		false	
rf1	10748	01	2	/ZPOOL/data/projects/rf1-sra-linux2/bids/sub-10748/ses-01/func/sub-10748_ses-01_task-sharedreward_run-2_events.tsv	/ZPOOL/data/projects/sharedreward-aging/derivatives/harmonized/events/rf1/sub-10748/ses-01/func/sub-10748_ses-01_task-sharedreward_run-2_desc-fullTrial_events.tsv	54	54	0	0.0	8	2	8	8	2	8	8	2	8		false	
rf1	10767	01	1	/ZPOOL/data/projects/rf1-sra-linux2/bids/sub-10767/ses-01/func/sub-10767_ses-01_task-sharedreward_run-1_events.tsv	/ZPOOL/data/projects/sharedreward-aging/derivatives/harmonized/events/rf1/sub-10767/ses-01/func/sub-10767_ses-01_task-sharedreward_run-1_desc-fullTrial_events.tsv	54	54	0	0.0	8	2	8	8	2	8	8	2	8		false	
rf1	10767	01	2	/ZPOOL/data/projects/rf1-sra-linux2/bids/sub-10767/ses-01/func/sub-10767_ses-01_task-sharedreward_run-2_events.tsv	/ZPOOL/data/projects/sharedreward-aging/derivatives/harmonized/events/rf1/sub-10767/ses-01/func/sub-10767_ses-01_task-sharedreward_run-2_desc-fullTrial_events.tsv	54	53	1	0.018518518518518517	8	2	8	8	2	8	8	2	7		false	
rf1	10770	01	1	/ZPOOL/data/projects/rf1-sra-linux2/bids/sub-10770/ses-01/func/sub-10770_ses-01_task-sharedreward_run-1_events.tsv	/ZPOOL/data/projects/sharedreward-aging/derivatives/harmonized/events/rf1/sub-10770/ses-01/func/sub-10770_ses-01_task-sharedreward_run-1_desc-fullTrial_events.tsv	54	54	0	0.0	8	2	8	8	2	8	8	2	8		false	
rf1	10770	01	2	/ZPOOL/data/projects/rf1-sra-linux2/bids/sub-10770/ses-01/func/sub-10770_ses-01_task-sharedreward_run-2_events.tsv	/ZPOOL/data/projects/sharedreward-aging/derivatives/harmonized/events/rf1/sub-10770/ses-01/func/sub-10770_ses-01_task-sharedreward_run-2_desc-fullTrial_events.tsv	54	54	0	0.0	8	2	8	8	2	8	8	2	8		false	
rf1	10777	01	1	/ZPOOL/data/projects/rf1-sra-linux2/bids/sub-10777/ses-01/func/sub-10777_ses-01_task-sharedreward_run-1_events.tsv	/ZPOOL/data/projects/sharedreward-aging/derivatives/harmonized/events/rf1/sub-10777/ses-01/func/sub-10777_ses-01_task-sharedreward_run-1_desc-fullTrial_events.tsv	54	54	0	0.0	8	2	8	8	2	8	8	2	8		false	
rf1	10777	01	2	/ZPOOL/data/projects/rf1-sra-linux2/bids/sub-10777/ses-01/func/sub-10777_ses-01_task-sharedreward_run-2_events.tsv	/ZPOOL/data/projects/sharedreward-aging/derivatives/harmonized/events/rf1/sub-10777/ses-01/func/sub-10777_ses-01_task-sharedreward_run-2_desc-fullTrial_events.tsv	54	47	7	0.12962962962962962	6	2	7	7	2	7	7	2	7		false	
rf1	10781	01	1	/ZPOOL/data/projects/rf1-sra-linux2/bids/sub-10781/ses-01/func/sub-10781_ses-01_task-sharedreward_run-1_events.tsv	/ZPOOL/data/projects/sharedreward-aging/derivatives/harmonized/events/rf1/sub-10781/ses-01/func/sub-10781_ses-01_task-sharedreward_run-1_desc-fullTrial_events.tsv	54	54	0	0.0	8	2	8	8	2	8	8	2	8		false	
rf1	10781	01	2	/ZPOOL/data/projects/rf1-sra-linux2/bids/sub-10781/ses-01/func/sub-10781_ses-01_task-sharedreward_run-2_events.tsv	/ZPOOL/data/projects/sharedreward-aging/derivatives/harmonized/events/rf1/sub-10781/ses-01/func/sub-10781_ses-01_task-sharedreward_run-2_desc-fullTrial_events.tsv	54	54	0	0.0	8	2	8	8	2	8	8	2	8		false	
rf1	10783	01	1	/ZPOOL/data/projects/rf1-sra-linux2/bids/sub-10783/ses-01/func/sub-10783_ses-01_task-sharedreward_run-1_events.tsv	/ZPOOL/data/projects/sharedreward-aging/derivatives/harmonized/events/rf1/sub-10783/ses-01/func/sub-10783_ses-01_task-sharedreward_run-1_desc-fullTrial_events.tsv	54	52	2	0.037037037037037035	8	2	8	6	2	8	8	2	8		false	
rf1	10783	01	2	/ZPOOL/data/projects/rf1-sra-linux2/bids/sub-10783/ses-01/func/sub-10783_ses-01_task-sharedreward_run-2_events.tsv	/ZPOOL/data/projects/sharedreward-aging/derivatives/harmonized/events/rf1/sub-10783/ses-01/func/sub-10783_ses-01_task-sharedreward_run-2_desc-fullTrial_events.tsv	54	51	3	0.05555555555555555	8	2	7	8	2	8	8	1	7		false	
rf1	10785	01	1	/ZPOOL/data/projects/rf1-sra-linux2/bids/sub-10785/ses-01/func/sub-10785_ses-01_task-sharedreward_run-1_events.tsv	/ZPOOL/data/projects/sharedreward-aging/derivatives/harmonized/events/rf1/sub-10785/ses-01/func/sub-10785_ses-01_task-sharedreward_run-1_desc-fullTrial_events.tsv	54	53	1	0.018518518518518517	8	2	8	8	2	8	8	2	7		false	
rf1	10785	01	2	/ZPOOL/data/projects/rf1-sra-linux2/bids/sub-10785/ses-01/func/sub-10785_ses-01_task-sharedreward_run-2_events.tsv	/ZPOOL/data/projects/sharedreward-aging/derivatives/harmonized/events/rf1/sub-10785/ses-01/func/sub-10785_ses-01_task-sharedreward_run-2_desc-fullTrial_events.tsv	54	54	0	0.0	8	2	8	8	2	8	8	2	8		false	
rf1	10794	01	1	/ZPOOL/data/projects/rf1-sra-linux2/bids/sub-10794/ses-01/func/sub-10794_ses-01_task-sharedreward_run-1_events.tsv	/ZPOOL/data/projects/sharedreward-aging/derivatives/harmonized/events/rf1/sub-10794/ses-01/func/sub-10794_ses-01_task-sharedreward_run-1_desc-fullTrial_events.tsv	54	54	0	0.0	8	2	8	8	2	8	8	2	8		false	
rf1	10794	01	2	/ZPOOL/data/projects/rf1-sra-linux2/bids/sub-10794/ses-01/func/sub-10794_ses-01_task-sharedreward_run-2_events.tsv	/ZPOOL/data/projects/sharedreward-aging/derivatives/harmonized/events/rf1/sub-10794/ses-01/func/sub-10794_ses-01_task-sharedreward_run-2_desc-fullTrial_events.tsv	54	54	0	0.0	8	2	8	8	2	8	8	2	8		false	
rf1	10800	01	1	/ZPOOL/data/projects/rf1-sra-linux2/bids/sub-10800/ses-01/func/sub-10800_ses-01_task-sharedreward_run-1_events.tsv	/ZPOOL/data/projects/sharedreward-aging/derivatives/harmonized/events/rf1/sub-10800/ses-01/func/sub-10800_ses-01_task-sharedreward_run-1_desc-fullTrial_events.tsv	54	52	2	0.037037037037037035	8	2	8	8	2	8	7	2	7		false	
rf1	10800	01	2	/ZPOOL/data/projects/rf1-sra-linux2/bids/sub-10800/ses-01/func/sub-10800_ses-01_task-sharedreward_run-2_events.tsv	/ZPOOL/data/projects/sharedreward-aging/derivatives/harmonized/events/rf1/sub-10800/ses-01/func/sub-10800_ses-01_task-sharedreward_run-2_desc-fullTrial_events.tsv	54	50	4	0.07407407407407407	8	1	7	8	2	6	8	2	8		false	
rf1	10801	01	1	/ZPOOL/data/projects/rf1-sra-linux2/bids/sub-10801/ses-01/func/sub-10801_ses-01_task-sharedreward_run-1_events.tsv	/ZPOOL/data/projects/sharedreward-aging/derivatives/harmonized/events/rf1/sub-10801/ses-01/func/sub-10801_ses-01_task-sharedreward_run-1_desc-fullTrial_events.tsv	54	53	1	0.018518518518518517	8	2	8	8	2	8	7	2	8		false	
rf1	10801	01	2	/ZPOOL/data/projects/rf1-sra-linux2/bids/sub-10801/ses-01/func/sub-10801_ses-01_task-sharedreward_run-2_events.tsv	/ZPOOL/data/projects/sharedreward-aging/derivatives/harmonized/events/rf1/sub-10801/ses-01/func/sub-10801_ses-01_task-sharedreward_run-2_desc-fullTrial_events.tsv	54	53	1	0.018518518518518517	7	2	8	8	2	8	8	2	8		false	
rf1	10802	01	1	/ZPOOL/data/projects/rf1-sra-linux2/bids/sub-10802/ses-01/func/sub-10802_ses-01_task-sharedreward_run-1_events.tsv	/ZPOOL/data/projects/sharedreward-aging/derivatives/harmonized/events/rf1/sub-10802/ses-01/func/sub-10802_ses-01_task-sharedreward_run-1_desc-fullTrial_events.tsv	54	53	1	0.018518518518518517	8	2	7	8	2	8	8	2	8		false	
rf1	10802	01	2	/ZPOOL/data/projects/rf1-sra-linux2/bids/sub-10802/ses-01/func/sub-10802_ses-01_task-sharedreward_run-2_events.tsv	/ZPOOL/data/projects/sharedreward-aging/derivatives/harmonized/events/rf1/sub-10802/ses-01/func/sub-10802_ses-01_task-sharedreward_run-2_desc-fullTrial_events.tsv	54	54	0	0.0	8	2	8	8	2	8	8	2	8		false	
rf1	10803	01	1	/ZPOOL/data/projects/rf1-sra-linux2/bids/sub-10803/ses-01/func/sub-10803_ses-01_task-sharedreward_run-1_events.tsv	/ZPOOL/data/projects/sharedreward-aging/derivatives/harmonized/events/rf1/sub-10803/ses-01/func/sub-10803_ses-01_task-sharedreward_run-1_desc-fullTrial_events.tsv	54	54	0	0.0	8	2	8	8	2	8	8	2	8		false	
rf1	10804	01	1	/ZPOOL/data/projects/rf1-sra-linux2/bids/sub-10804/ses-01/func/sub-10804_ses-01_task-sharedreward_run-1_events.tsv	/ZPOOL/data/projects/sharedreward-aging/derivatives/harmonized/events/rf1/sub-10804/ses-01/func/sub-10804_ses-01_task-sharedreward_run-1_desc-fullTrial_events.tsv	54	51	3	0.05555555555555555	6	2	8	8	2	8	8	2	7		false	
rf1	10804	01	2	/ZPOOL/data/projects/rf1-sra-linux2/bids/sub-10804/ses-01/func/sub-10804_ses-01_task-sharedreward_run-2_events.tsv	/ZPOOL/data/projects/sharedreward-aging/derivatives/harmonized/events/rf1/sub-10804/ses-01/func/sub-10804_ses-01_task-sharedreward_run-2_desc-fullTrial_events.tsv	54	51	3	0.05555555555555555	8	2	6	8	1	8	8	2	8		false	
rf1	10806	01	1	/ZPOOL/data/projects/rf1-sra-linux2/bids/sub-10806/ses-01/func/sub-10806_ses-01_task-sharedreward_run-1_events.tsv	/ZPOOL/data/projects/sharedreward-aging/derivatives/harmonized/events/rf1/sub-10806/ses-01/func/sub-10806_ses-01_task-sharedreward_run-1_desc-fullTrial_events.tsv	54	53	1	0.018518518518518517	8	2	7	8	2	8	8	2	8		false	
rf1	10806	01	2	/ZPOOL/data/projects/rf1-sra-linux2/bids/sub-10806/ses-01/func/sub-10806_ses-01_task-sharedreward_run-2_events.tsv	/ZPOOL/data/projects/sharedreward-aging/derivatives/harmonized/events/rf1/sub-10806/ses-01/func/sub-10806_ses-01_task-sharedreward_run-2_desc-fullTrial_events.tsv	54	54	0	0.0	8	2	8	8	2	8	8	2	8		false	
rf1	10807	01	1	/ZPOOL/data/projects/rf1-sra-linux2/bids/sub-10807/ses-01/func/sub-10807_ses-01_task-sharedreward_run-1_events.tsv	/ZPOOL/data/projects/sharedreward-aging/derivatives/harmonized/events/rf1/sub-10807/ses-01/func/sub-10807_ses-01_task-sharedreward_run-1_desc-fullTrial_events.tsv	54	53	1	0.018518518518518517	7	2	8	8	2	8	8	2	8		false	
rf1	10807	01	2	/ZPOOL/data/projects/rf1-sra-linux2/bids/sub-10807/ses-01/func/sub-10807_ses-01_task-sharedreward_run-2_events.tsv	/ZPOOL/data/projects/sharedreward-aging/derivatives/harmonized/events/rf1/sub-10807/ses-01/func/sub-10807_ses-01_task-sharedreward_run-2_desc-fullTrial_events.tsv	54	52	2	0.037037037037037035	7	2	8	7	2	8	8	2	8		false	
rf1	10809	01	1	/ZPOOL/data/projects/rf1-sra-linux2/bids/sub-10809/ses-01/func/sub-10809_ses-01_task-sharedreward_run-1_events.tsv	/ZPOOL/data/projects/sharedreward-aging/derivatives/harmonized/events/rf1/sub-10809/ses-01/func/sub-10809_ses-01_task-sharedreward_run-1_desc-fullTrial_events.tsv	54	34	20	0.37037037037037035	3	0	7	6	1	6	4	1	6	event_computer_neutral	true	missed_trials_gt_25pct
rf1	10809	01	2	/ZPOOL/data/projects/rf1-sra-linux2/bids/sub-10809/ses-01/func/sub-10809_ses-01_task-sharedreward_run-2_events.tsv	/ZPOOL/data/projects/sharedreward-aging/derivatives/harmonized/events/rf1/sub-10809/ses-01/func/sub-10809_ses-01_task-sharedreward_run-2_desc-fullTrial_events.tsv	54	54	0	0.0	8	2	8	8	2	8	8	2	8		false	
rf1	10810	01	1	/ZPOOL/data/projects/rf1-sra-linux2/bids/sub-10810/ses-01/func/sub-10810_ses-01_task-sharedreward_run-1_events.tsv	/ZPOOL/data/projects/sharedreward-aging/derivatives/harmonized/events/rf1/sub-10810/ses-01/func/sub-10810_ses-01_task-sharedreward_run-1_desc-fullTrial_events.tsv	54	53	1	0.018518518518518517	8	2	8	8	2	8	8	1	8		false	
rf1	10810	01	2	/ZPOOL/data/projects/rf1-sra-linux2/bids/sub-10810/ses-01/func/sub-10810_ses-01_task-sharedreward_run-2_events.tsv	/ZPOOL/data/projects/sharedreward-aging/derivatives/harmonized/events/rf1/sub-10810/ses-01/func/sub-10810_ses-01_task-sharedreward_run-2_desc-fullTrial_events.tsv	54	54	0	0.0	8	2	8	8	2	8	8	2	8		false	
rf1	10812	01	1	/ZPOOL/data/projects/rf1-sra-linux2/bids/sub-10812/ses-01/func/sub-10812_ses-01_task-sharedreward_run-1_events.tsv	/ZPOOL/data/projects/sharedreward-aging/derivatives/harmonized/events/rf1/sub-10812/ses-01/func/sub-10812_ses-01_task-sharedreward_run-1_desc-fullTrial_events.tsv	54	54	0	0.0	8	2	8	8	2	8	8	2	8		false	
rf1	10812	01	2	/ZPOOL/data/projects/rf1-sra-linux2/bids/sub-10812/ses-01/func/sub-10812_ses-01_task-sharedreward_run-2_events.tsv	/ZPOOL/data/projects/sharedreward-aging/derivatives/harmonized/events/rf1/sub-10812/ses-01/func/sub-10812_ses-01_task-sharedreward_run-2_desc-fullTrial_events.tsv	54	54	0	0.0	8	2	8	8	2	8	8	2	8		false	
rf1	10817	01	1	/ZPOOL/data/projects/rf1-sra-linux2/bids/sub-10817/ses-01/func/sub-10817_ses-01_task-sharedreward_run-1_events.tsv	/ZPOOL/data/projects/sharedreward-aging/derivatives/harmonized/events/rf1/sub-10817/ses-01/func/sub-10817_ses-01_task-sharedreward_run-1_desc-fullTrial_events.tsv	54	53	1	0.018518518518518517	8	2	8	8	2	7	8	2	8		false	
rf1	10817	01	2	/ZPOOL/data/projects/rf1-sra-linux2/bids/sub-10817/ses-01/func/sub-10817_ses-01_task-sharedreward_run-2_events.tsv	/ZPOOL/data/projects/sharedreward-aging/derivatives/harmonized/events/rf1/sub-10817/ses-01/func/sub-10817_ses-01_task-sharedreward_run-2_desc-fullTrial_events.tsv	54	53	1	0.018518518518518517	8	2	8	8	2	8	7	2	8		false	
rf1	10827	01	1	/ZPOOL/data/projects/rf1-sra-linux2/bids/sub-10827/ses-01/func/sub-10827_ses-01_task-sharedreward_run-1_events.tsv	/ZPOOL/data/projects/sharedreward-aging/derivatives/harmonized/events/rf1/sub-10827/ses-01/func/sub-10827_ses-01_task-sharedreward_run-1_desc-fullTrial_events.tsv	54	46	8	0.14814814814814814	7	2	5	8	1	7	8	2	6		false	
rf1	10827	01	2	/ZPOOL/data/projects/rf1-sra-linux2/bids/sub-10827/ses-01/func/sub-10827_ses-01_task-sharedreward_run-2_events.tsv	/ZPOOL/data/projects/sharedreward-aging/derivatives/harmonized/events/rf1/sub-10827/ses-01/func/sub-10827_ses-01_task-sharedreward_run-2_desc-fullTrial_events.tsv	54	41	13	0.24074074074074073	5	1	5	6	2	7	7	1	7		false	
rf1	10831	01	1	/ZPOOL/data/projects/rf1-sra-linux2/bids/sub-10831/ses-01/func/sub-10831_ses-01_task-sharedreward_run-1_events.tsv	/ZPOOL/data/projects/sharedreward-aging/derivatives/harmonized/events/rf1/sub-10831/ses-01/func/sub-10831_ses-01_task-sharedreward_run-1_desc-fullTrial_events.tsv	54	54	0	0.0	8	2	8	8	2	8	8	2	8		false	
rf1	10831	01	2	/ZPOOL/data/projects/rf1-sra-linux2/bids/sub-10831/ses-01/func/sub-10831_ses-01_task-sharedreward_run-2_events.tsv	/ZPOOL/data/projects/sharedreward-aging/derivatives/harmonized/events/rf1/sub-10831/ses-01/func/sub-10831_ses-01_task-sharedreward_run-2_desc-fullTrial_events.tsv	54	54	0	0.0	8	2	8	8	2	8	8	2	8		false	
rf1	10834	01	1	/ZPOOL/data/projects/rf1-sra-linux2/bids/sub-10834/ses-01/func/sub-10834_ses-01_task-sharedreward_run-1_events.tsv	/ZPOOL/data/projects/sharedreward-aging/derivatives/harmonized/events/rf1/sub-10834/ses-01/func/sub-10834_ses-01_task-sharedreward_run-1_desc-fullTrial_events.tsv	54	54	0	0.0	8	2	8	8	2	8	8	2	8		false	
rf1	10834	01	2	/ZPOOL/data/projects/rf1-sra-linux2/bids/sub-10834/ses-01/func/sub-10834_ses-01_task-sharedreward_run-2_events.tsv	/ZPOOL/data/projects/sharedreward-aging/derivatives/harmonized/events/rf1/sub-10834/ses-01/func/sub-10834_ses-01_task-sharedreward_run-2_desc-fullTrial_events.tsv	54	54	0	0.0	8	2	8	8	2	8	8	2	8		false	
rf1	10838	01	1	/ZPOOL/data/projects/rf1-sra-linux2/bids/sub-10838/ses-01/func/sub-10838_ses-01_task-sharedreward_run-1_events.tsv	/ZPOOL/data/projects/sharedreward-aging/derivatives/harmonized/events/rf1/sub-10838/ses-01/func/sub-10838_ses-01_task-sharedreward_run-1_desc-fullTrial_events.tsv	54	54	0	0.0	8	2	8	8	2	8	8	2	8		false	
rf1	10838	01	2	/ZPOOL/data/projects/rf1-sra-linux2/bids/sub-10838/ses-01/func/sub-10838_ses-01_task-sharedreward_run-2_events.tsv	/ZPOOL/data/projects/sharedreward-aging/derivatives/harmonized/events/rf1/sub-10838/ses-01/func/sub-10838_ses-01_task-sharedreward_run-2_desc-fullTrial_events.tsv	54	49	5	0.09259259259259259	8	2	6	8	2	7	6	2	8		false	
rf1	10843	01	1	/ZPOOL/data/projects/rf1-sra-linux2/bids/sub-10843/ses-01/func/sub-10843_ses-01_task-sharedreward_run-1_events.tsv	/ZPOOL/data/projects/sharedreward-aging/derivatives/harmonized/events/rf1/sub-10843/ses-01/func/sub-10843_ses-01_task-sharedreward_run-1_desc-fullTrial_events.tsv	54	54	0	0.0	8	2	8	8	2	8	8	2	8		false	
rf1	10843	01	2	/ZPOOL/data/projects/rf1-sra-linux2/bids/sub-10843/ses-01/func/sub-10843_ses-01_task-sharedreward_run-2_events.tsv	/ZPOOL/data/projects/sharedreward-aging/derivatives/harmonized/events/rf1/sub-10843/ses-01/func/sub-10843_ses-01_task-sharedreward_run-2_desc-fullTrial_events.tsv	54	52	2	0.037037037037037035	7	2	8	8	2	8	7	2	8		false	
rf1	10850	01	1	/ZPOOL/data/projects/rf1-sra-linux2/bids/sub-10850/ses-01/func/sub-10850_ses-01_task-sharedreward_run-1_events.tsv	/ZPOOL/data/projects/sharedreward-aging/derivatives/harmonized/events/rf1/sub-10850/ses-01/func/sub-10850_ses-01_task-sharedreward_run-1_desc-fullTrial_events.tsv	54	54	0	0.0	8	2	8	8	2	8	8	2	8		false	
rf1	10850	01	2	/ZPOOL/data/projects/rf1-sra-linux2/bids/sub-10850/ses-01/func/sub-10850_ses-01_task-sharedreward_run-2_events.tsv	/ZPOOL/data/projects/sharedreward-aging/derivatives/harmonized/events/rf1/sub-10850/ses-01/func/sub-10850_ses-01_task-sharedreward_run-2_desc-fullTrial_events.tsv	54	52	2	0.037037037037037035	7	2	8	8	2	8	8	2	7		false	
rf1	10854	01	1	/ZPOOL/data/projects/rf1-sra-linux2/bids/sub-10854/ses-01/func/sub-10854_ses-01_task-sharedreward_run-1_events.tsv	/ZPOOL/data/projects/sharedreward-aging/derivatives/harmonized/events/rf1/sub-10854/ses-01/func/sub-10854_ses-01_task-sharedreward_run-1_desc-fullTrial_events.tsv	54	53	1	0.018518518518518517	8	2	7	8	2	8	8	2	8		false	
rf1	10854	01	2	/ZPOOL/data/projects/rf1-sra-linux2/bids/sub-10854/ses-01/func/sub-10854_ses-01_task-sharedreward_run-2_events.tsv	/ZPOOL/data/projects/sharedreward-aging/derivatives/harmonized/events/rf1/sub-10854/ses-01/func/sub-10854_ses-01_task-sharedreward_run-2_desc-fullTrial_events.tsv	54	54	0	0.0	8	2	8	8	2	8	8	2	8		false	
rf1	10857	01	1	/ZPOOL/data/projects/rf1-sra-linux2/bids/sub-10857/ses-01/func/sub-10857_ses-01_task-sharedreward_run-1_events.tsv	/ZPOOL/data/projects/sharedreward-aging/derivatives/harmonized/events/rf1/sub-10857/ses-01/func/sub-10857_ses-01_task-sharedreward_run-1_desc-fullTrial_events.tsv	54	54	0	0.0	8	2	8	8	2	8	8	2	8		false	
rf1	10857	01	2	/ZPOOL/data/projects/rf1-sra-linux2/bids/sub-10857/ses-01/func/sub-10857_ses-01_task-sharedreward_run-2_events.tsv	/ZPOOL/data/projects/sharedreward-aging/derivatives/harmonized/events/rf1/sub-10857/ses-01/func/sub-10857_ses-01_task-sharedreward_run-2_desc-fullTrial_events.tsv	54	54	0	0.0	8	2	8	8	2	8	8	2	8		false	
rf1	10858	01	1	/ZPOOL/data/projects/rf1-sra-linux2/bids/sub-10858/ses-01/func/sub-10858_ses-01_task-sharedreward_run-1_events.tsv	/ZPOOL/data/projects/sharedreward-aging/derivatives/harmonized/events/rf1/sub-10858/ses-01/func/sub-10858_ses-01_task-sharedreward_run-1_desc-fullTrial_events.tsv	54	54	0	0.0	8	2	8	8	2	8	8	2	8		false	
rf1	10858	01	2	/ZPOOL/data/projects/rf1-sra-linux2/bids/sub-10858/ses-01/func/sub-10858_ses-01_task-sharedreward_run-2_events.tsv	/ZPOOL/data/projects/sharedreward-aging/derivatives/harmonized/events/rf1/sub-10858/ses-01/func/sub-10858_ses-01_task-sharedreward_run-2_desc-fullTrial_events.tsv	54	54	0	0.0	8	2	8	8	2	8	8	2	8		false	
rf1	10860	01	1	/ZPOOL/data/projects/rf1-sra-linux2/bids/sub-10860/ses-01/func/sub-10860_ses-01_task-sharedreward_run-1_events.tsv	/ZPOOL/data/projects/sharedreward-aging/derivatives/harmonized/events/rf1/sub-10860/ses-01/func/sub-10860_ses-01_task-sharedreward_run-1_desc-fullTrial_events.tsv	54	53	1	0.018518518518518517	8	2	8	8	2	8	8	2	7		false	
rf1	10860	01	2	/ZPOOL/data/projects/rf1-sra-linux2/bids/sub-10860/ses-01/func/sub-10860_ses-01_task-sharedreward_run-2_events.tsv	/ZPOOL/data/projects/sharedreward-aging/derivatives/harmonized/events/rf1/sub-10860/ses-01/func/sub-10860_ses-01_task-sharedreward_run-2_desc-fullTrial_events.tsv	54	54	0	0.0	8	2	8	8	2	8	8	2	8		false	
rf1	10862	01	1	/ZPOOL/data/projects/rf1-sra-linux2/bids/sub-10862/ses-01/func/sub-10862_ses-01_task-sharedreward_run-1_events.tsv	/ZPOOL/data/projects/sharedreward-aging/derivatives/harmonized/events/rf1/sub-10862/ses-01/func/sub-10862_ses-01_task-sharedreward_run-1_desc-fullTrial_events.tsv	54	53	1	0.018518518518518517	8	2	8	8	2	7	8	2	8		false	
rf1	10862	01	2	/ZPOOL/data/projects/rf1-sra-linux2/bids/sub-10862/ses-01/func/sub-10862_ses-01_task-sharedreward_run-2_events.tsv	/ZPOOL/data/projects/sharedreward-aging/derivatives/harmonized/events/rf1/sub-10862/ses-01/func/sub-10862_ses-01_task-sharedreward_run-2_desc-fullTrial_events.tsv	54	53	1	0.018518518518518517	8	2	8	7	2	8	8	2	8		false	
rf1	10863	01	1	/ZPOOL/data/projects/rf1-sra-linux2/bids/sub-10863/ses-01/func/sub-10863_ses-01_task-sharedreward_run-1_events.tsv	/ZPOOL/data/projects/sharedreward-aging/derivatives/harmonized/events/rf1/sub-10863/ses-01/func/sub-10863_ses-01_task-sharedreward_run-1_desc-fullTrial_events.tsv	54	54	0	0.0	8	2	8	8	2	8	8	2	8		false	
rf1	10863	01	2	/ZPOOL/data/projects/rf1-sra-linux2/bids/sub-10863/ses-01/func/sub-10863_ses-01_task-sharedreward_run-2_events.tsv	/ZPOOL/data/projects/sharedreward-aging/derivatives/harmonized/events/rf1/sub-10863/ses-01/func/sub-10863_ses-01_task-sharedreward_run-2_desc-fullTrial_events.tsv	54	54	0	0.0	8	2	8	8	2	8	8	2	8		false	
rf1	10866	01	1	/ZPOOL/data/projects/rf1-sra-linux2/bids/sub-10866/ses-01/func/sub-10866_ses-01_task-sharedreward_run-1_events.tsv	/ZPOOL/data/projects/sharedreward-aging/derivatives/harmonized/events/rf1/sub-10866/ses-01/func/sub-10866_ses-01_task-sharedreward_run-1_desc-fullTrial_events.tsv	54	53	1	0.018518518518518517	8	2	8	8	2	8	8	2	7		false	
rf1	10866	01	2	/ZPOOL/data/projects/rf1-sra-linux2/bids/sub-10866/ses-01/func/sub-10866_ses-01_task-sharedreward_run-2_events.tsv	/ZPOOL/data/projects/sharedreward-aging/derivatives/harmonized/events/rf1/sub-10866/ses-01/func/sub-10866_ses-01_task-sharedreward_run-2_desc-fullTrial_events.tsv	54	54	0	0.0	8	2	8	8	2	8	8	2	8		false	
rf1	10875	01	1	/ZPOOL/data/projects/rf1-sra-linux2/bids/sub-10875/ses-01/func/sub-10875_ses-01_task-sharedreward_run-1_events.tsv	/ZPOOL/data/projects/sharedreward-aging/derivatives/harmonized/events/rf1/sub-10875/ses-01/func/sub-10875_ses-01_task-sharedreward_run-1_desc-fullTrial_events.tsv	54	54	0	0.0	8	2	8	8	2	8	8	2	8		false	
rf1	10875	01	2	/ZPOOL/data/projects/rf1-sra-linux2/bids/sub-10875/ses-01/func/sub-10875_ses-01_task-sharedreward_run-2_events.tsv	/ZPOOL/data/projects/sharedreward-aging/derivatives/harmonized/events/rf1/sub-10875/ses-01/func/sub-10875_ses-01_task-sharedreward_run-2_desc-fullTrial_events.tsv	54	54	0	0.0	8	2	8	8	2	8	8	2	8		false	
rf1	10881	01	1	/ZPOOL/data/projects/rf1-sra-linux2/bids/sub-10881/ses-01/func/sub-10881_ses-01_task-sharedreward_run-1_events.tsv	/ZPOOL/data/projects/sharedreward-aging/derivatives/harmonized/events/rf1/sub-10881/ses-01/func/sub-10881_ses-01_task-sharedreward_run-1_desc-fullTrial_events.tsv	54	53	1	0.018518518518518517	8	2	8	8	2	8	8	2	7		false	
rf1	10886	01	1	/ZPOOL/data/projects/rf1-sra-linux2/bids/sub-10886/ses-01/func/sub-10886_ses-01_task-sharedreward_run-1_events.tsv	/ZPOOL/data/projects/sharedreward-aging/derivatives/harmonized/events/rf1/sub-10886/ses-01/func/sub-10886_ses-01_task-sharedreward_run-1_desc-fullTrial_events.tsv	54	54	0	0.0	8	2	8	8	2	8	8	2	8		false	
rf1	10887	01	1	/ZPOOL/data/projects/rf1-sra-linux2/bids/sub-10887/ses-01/func/sub-10887_ses-01_task-sharedreward_run-1_events.tsv	/ZPOOL/data/projects/sharedreward-aging/derivatives/harmonized/events/rf1/sub-10887/ses-01/func/sub-10887_ses-01_task-sharedreward_run-1_desc-fullTrial_events.tsv	54	54	0	0.0	8	2	8	8	2	8	8	2	8		false	
rf1	10887	01	2	/ZPOOL/data/projects/rf1-sra-linux2/bids/sub-10887/ses-01/func/sub-10887_ses-01_task-sharedreward_run-2_events.tsv	/ZPOOL/data/projects/sharedreward-aging/derivatives/harmonized/events/rf1/sub-10887/ses-01/func/sub-10887_ses-01_task-sharedreward_run-2_desc-fullTrial_events.tsv	54	54	0	0.0	8	2	8	8	2	8	8	2	8		false	
rf1	10896	01	1	/ZPOOL/data/projects/rf1-sra-linux2/bids/sub-10896/ses-01/func/sub-10896_ses-01_task-sharedreward_run-1_events.tsv	/ZPOOL/data/projects/sharedreward-aging/derivatives/harmonized/events/rf1/sub-10896/ses-01/func/sub-10896_ses-01_task-sharedreward_run-1_desc-fullTrial_events.tsv	54	54	0	0.0	8	2	8	8	2	8	8	2	8		false	
rf1	10896	01	2	/ZPOOL/data/projects/rf1-sra-linux2/bids/sub-10896/ses-01/func/sub-10896_ses-01_task-sharedreward_run-2_events.tsv	/ZPOOL/data/projects/sharedreward-aging/derivatives/harmonized/events/rf1/sub-10896/ses-01/func/sub-10896_ses-01_task-sharedreward_run-2_desc-fullTrial_events.tsv	54	52	2	0.037037037037037035	8	2	8	8	2	8	6	2	8		false	
rf1	10897	01	1	/ZPOOL/data/projects/rf1-sra-linux2/bids/sub-10897/ses-01/func/sub-10897_ses-01_task-sharedreward_run-1_events.tsv	/ZPOOL/data/projects/sharedreward-aging/derivatives/harmonized/events/rf1/sub-10897/ses-01/func/sub-10897_ses-01_task-sharedreward_run-1_desc-fullTrial_events.tsv	54	54	0	0.0	8	2	8	8	2	8	8	2	8		false	
rf1	10898	01	1	/ZPOOL/data/projects/rf1-sra-linux2/bids/sub-10898/ses-01/func/sub-10898_ses-01_task-sharedreward_run-1_events.tsv	/ZPOOL/data/projects/sharedreward-aging/derivatives/harmonized/events/rf1/sub-10898/ses-01/func/sub-10898_ses-01_task-sharedreward_run-1_desc-fullTrial_events.tsv	54	53	1	0.018518518518518517	8	2	8	8	1	8	8	2	8		false	
rf1	10898	01	2	/ZPOOL/data/projects/rf1-sra-linux2/bids/sub-10898/ses-01/func/sub-10898_ses-01_task-sharedreward_run-2_events.tsv	/ZPOOL/data/projects/sharedreward-aging/derivatives/harmonized/events/rf1/sub-10898/ses-01/func/sub-10898_ses-01_task-sharedreward_run-2_desc-fullTrial_events.tsv	54	54	0	0.0	8	2	8	8	2	8	8	2	8		false	
rf1	10908	01	1	/ZPOOL/data/projects/rf1-sra-linux2/bids/sub-10908/ses-01/func/sub-10908_ses-01_task-sharedreward_run-1_events.tsv	/ZPOOL/data/projects/sharedreward-aging/derivatives/harmonized/events/rf1/sub-10908/ses-01/func/sub-10908_ses-01_task-sharedreward_run-1_desc-fullTrial_events.tsv	54	53	1	0.018518518518518517	8	2	8	8	2	8	8	2	7		false	
rf1	10908	01	2	/ZPOOL/data/projects/rf1-sra-linux2/bids/sub-10908/ses-01/func/sub-10908_ses-01_task-sharedreward_run-2_events.tsv	/ZPOOL/data/projects/sharedreward-aging/derivatives/harmonized/events/rf1/sub-10908/ses-01/func/sub-10908_ses-01_task-sharedreward_run-2_desc-fullTrial_events.tsv	54	54	0	0.0	8	2	8	8	2	8	8	2	8		false	
rf1	10913	01	1	/ZPOOL/data/projects/rf1-sra-linux2/bids/sub-10913/ses-01/func/sub-10913_ses-01_task-sharedreward_run-1_events.tsv	/ZPOOL/data/projects/sharedreward-aging/derivatives/harmonized/events/rf1/sub-10913/ses-01/func/sub-10913_ses-01_task-sharedreward_run-1_desc-fullTrial_events.tsv	54	54	0	0.0	8	2	8	8	2	8	8	2	8		false	
rf1	10913	01	2	/ZPOOL/data/projects/rf1-sra-linux2/bids/sub-10913/ses-01/func/sub-10913_ses-01_task-sharedreward_run-2_events.tsv	/ZPOOL/data/projects/sharedreward-aging/derivatives/harmonized/events/rf1/sub-10913/ses-01/func/sub-10913_ses-01_task-sharedreward_run-2_desc-fullTrial_events.tsv	54	54	0	0.0	8	2	8	8	2	8	8	2	8		false	
rf1	10918	01	1	/ZPOOL/data/projects/rf1-sra-linux2/bids/sub-10918/ses-01/func/sub-10918_ses-01_task-sharedreward_run-1_events.tsv	/ZPOOL/data/projects/sharedreward-aging/derivatives/harmonized/events/rf1/sub-10918/ses-01/func/sub-10918_ses-01_task-sharedreward_run-1_desc-fullTrial_events.tsv	54	54	0	0.0	8	2	8	8	2	8	8	2	8		false	
rf1	10918	01	2	/ZPOOL/data/projects/rf1-sra-linux2/bids/sub-10918/ses-01/func/sub-10918_ses-01_task-sharedreward_run-2_events.tsv	/ZPOOL/data/projects/sharedreward-aging/derivatives/harmonized/events/rf1/sub-10918/ses-01/func/sub-10918_ses-01_task-sharedreward_run-2_desc-fullTrial_events.tsv	54	54	0	0.0	8	2	8	8	2	8	8	2	8		false	
rf1	10919	01	1	/ZPOOL/data/projects/rf1-sra-linux2/bids/sub-10919/ses-01/func/sub-10919_ses-01_task-sharedreward_run-1_events.tsv	/ZPOOL/data/projects/sharedreward-aging/derivatives/harmonized/events/rf1/sub-10919/ses-01/func/sub-10919_ses-01_task-sharedreward_run-1_desc-fullTrial_events.tsv	54	54	0	0.0	8	2	8	8	2	8	8	2	8		false	
rf1	10919	01	2	/ZPOOL/data/projects/rf1-sra-linux2/bids/sub-10919/ses-01/func/sub-10919_ses-01_task-sharedreward_run-2_events.tsv	/ZPOOL/data/projects/sharedreward-aging/derivatives/harmonized/events/rf1/sub-10919/ses-01/func/sub-10919_ses-01_task-sharedreward_run-2_desc-fullTrial_events.tsv	54	52	2	0.037037037037037035	7	1	8	8	2	8	8	2	8		false	
rf1	10924	01	1	/ZPOOL/data/projects/rf1-sra-linux2/bids/sub-10924/ses-01/func/sub-10924_ses-01_task-sharedreward_run-1_events.tsv	/ZPOOL/data/projects/sharedreward-aging/derivatives/harmonized/events/rf1/sub-10924/ses-01/func/sub-10924_ses-01_task-sharedreward_run-1_desc-fullTrial_events.tsv	54	53	1	0.018518518518518517	8	2	8	7	2	8	8	2	8		false	
rf1	10924	01	2	/ZPOOL/data/projects/rf1-sra-linux2/bids/sub-10924/ses-01/func/sub-10924_ses-01_task-sharedreward_run-2_events.tsv	/ZPOOL/data/projects/sharedreward-aging/derivatives/harmonized/events/rf1/sub-10924/ses-01/func/sub-10924_ses-01_task-sharedreward_run-2_desc-fullTrial_events.tsv	54	53	1	0.018518518518518517	7	2	8	8	2	8	8	2	8		false	
rf1	10926	01	1	/ZPOOL/data/projects/rf1-sra-linux2/bids/sub-10926/ses-01/func/sub-10926_ses-01_task-sharedreward_run-1_events.tsv	/ZPOOL/data/projects/sharedreward-aging/derivatives/harmonized/events/rf1/sub-10926/ses-01/func/sub-10926_ses-01_task-sharedreward_run-1_desc-fullTrial_events.tsv	54	54	0	0.0	8	2	8	8	2	8	8	2	8		false	
rf1	10926	01	2	/ZPOOL/data/projects/rf1-sra-linux2/bids/sub-10926/ses-01/func/sub-10926_ses-01_task-sharedreward_run-2_events.tsv	/ZPOOL/data/projects/sharedreward-aging/derivatives/harmonized/events/rf1/sub-10926/ses-01/func/sub-10926_ses-01_task-sharedreward_run-2_desc-fullTrial_events.tsv	54	53	1	0.018518518518518517	8	2	7	8	2	8	8	2	8		false	
rf1	10928	01	1	/ZPOOL/data/projects/rf1-sra-linux2/bids/sub-10928/ses-01/func/sub-10928_ses-01_task-sharedreward_run-1_events.tsv	/ZPOOL/data/projects/sharedreward-aging/derivatives/harmonized/events/rf1/sub-10928/ses-01/func/sub-10928_ses-01_task-sharedreward_run-1_desc-fullTrial_events.tsv	54	51	3	0.05555555555555555	8	2	8	8	2	7	7	2	7		false	
rf1	10928	01	2	/ZPOOL/data/projects/rf1-sra-linux2/bids/sub-10928/ses-01/func/sub-10928_ses-01_task-sharedreward_run-2_events.tsv	/ZPOOL/data/projects/sharedreward-aging/derivatives/harmonized/events/rf1/sub-10928/ses-01/func/sub-10928_ses-01_task-sharedreward_run-2_desc-fullTrial_events.tsv	54	54	0	0.0	8	2	8	8	2	8	8	2	8		false	
rf1	10929	01	1	/ZPOOL/data/projects/rf1-sra-linux2/bids/sub-10929/ses-01/func/sub-10929_ses-01_task-sharedreward_run-1_events.tsv	/ZPOOL/data/projects/sharedreward-aging/derivatives/harmonized/events/rf1/sub-10929/ses-01/func/sub-10929_ses-01_task-sharedreward_run-1_desc-fullTrial_events.tsv	54	54	0	0.0	8	2	8	8	2	8	8	2	8		false	
rf1	10929	01	2	/ZPOOL/data/projects/rf1-sra-linux2/bids/sub-10929/ses-01/func/sub-10929_ses-01_task-sharedreward_run-2_events.tsv	/ZPOOL/data/projects/sharedreward-aging/derivatives/harmonized/events/rf1/sub-10929/ses-01/func/sub-10929_ses-01_task-sharedreward_run-2_desc-fullTrial_events.tsv	54	54	0	0.0	8	2	8	8	2	8	8	2	8		false	
rf1	10930	01	1	/ZPOOL/data/projects/rf1-sra-linux2/bids/sub-10930/ses-01/func/sub-10930_ses-01_task-sharedreward_run-1_events.tsv	/ZPOOL/data/projects/sharedreward-aging/derivatives/harmonized/events/rf1/sub-10930/ses-01/func/sub-10930_ses-01_task-sharedreward_run-1_desc-fullTrial_events.tsv	54	53	1	0.018518518518518517	7	2	8	8	2	8	8	2	8		false	
rf1	10930	01	2	/ZPOOL/data/projects/rf1-sra-linux2/bids/sub-10930/ses-01/func/sub-10930_ses-01_task-sharedreward_run-2_events.tsv	/ZPOOL/data/projects/sharedreward-aging/derivatives/harmonized/events/rf1/sub-10930/ses-01/func/sub-10930_ses-01_task-sharedreward_run-2_desc-fullTrial_events.tsv	54	54	0	0.0	8	2	8	8	2	8	8	2	8		false	
rf1	10938	01	1	/ZPOOL/data/projects/rf1-sra-linux2/bids/sub-10938/ses-01/func/sub-10938_ses-01_task-sharedreward_run-1_events.tsv	/ZPOOL/data/projects/sharedreward-aging/derivatives/harmonized/events/rf1/sub-10938/ses-01/func/sub-10938_ses-01_task-sharedreward_run-1_desc-fullTrial_events.tsv	54	54	0	0.0	8	2	8	8	2	8	8	2	8		false	
rf1	10938	01	2	/ZPOOL/data/projects/rf1-sra-linux2/bids/sub-10938/ses-01/func/sub-10938_ses-01_task-sharedreward_run-2_events.tsv	/ZPOOL/data/projects/sharedreward-aging/derivatives/harmonized/events/rf1/sub-10938/ses-01/func/sub-10938_ses-01_task-sharedreward_run-2_desc-fullTrial_events.tsv	54	53	1	0.018518518518518517	7	2	8	8	2	8	8	2	8		false	
rf1	10940	01	1	/ZPOOL/data/projects/rf1-sra-linux2/bids/sub-10940/ses-01/func/sub-10940_ses-01_task-sharedreward_run-1_events.tsv	/ZPOOL/data/projects/sharedreward-aging/derivatives/harmonized/events/rf1/sub-10940/ses-01/func/sub-10940_ses-01_task-sharedreward_run-1_desc-fullTrial_events.tsv	54	54	0	0.0	8	2	8	8	2	8	8	2	8		false	
rf1	10940	01	2	/ZPOOL/data/projects/rf1-sra-linux2/bids/sub-10940/ses-01/func/sub-10940_ses-01_task-sharedreward_run-2_events.tsv	/ZPOOL/data/projects/sharedreward-aging/derivatives/harmonized/events/rf1/sub-10940/ses-01/func/sub-10940_ses-01_task-sharedreward_run-2_desc-fullTrial_events.tsv	54	54	0	0.0	8	2	8	8	2	8	8	2	8		false	
rf1	10950	01	1	/ZPOOL/data/projects/rf1-sra-linux2/bids/sub-10950/ses-01/func/sub-10950_ses-01_task-sharedreward_run-1_events.tsv	/ZPOOL/data/projects/sharedreward-aging/derivatives/harmonized/events/rf1/sub-10950/ses-01/func/sub-10950_ses-01_task-sharedreward_run-1_desc-fullTrial_events.tsv	54	52	2	0.037037037037037035	8	2	7	8	1	8	8	2	8		false	
rf1	10950	01	2	/ZPOOL/data/projects/rf1-sra-linux2/bids/sub-10950/ses-01/func/sub-10950_ses-01_task-sharedreward_run-2_events.tsv	/ZPOOL/data/projects/sharedreward-aging/derivatives/harmonized/events/rf1/sub-10950/ses-01/func/sub-10950_ses-01_task-sharedreward_run-2_desc-fullTrial_events.tsv	54	54	0	0.0	8	2	8	8	2	8	8	2	8		false	
rf1	10951	01	1	/ZPOOL/data/projects/rf1-sra-linux2/bids/sub-10951/ses-01/func/sub-10951_ses-01_task-sharedreward_run-1_events.tsv	/ZPOOL/data/projects/sharedreward-aging/derivatives/harmonized/events/rf1/sub-10951/ses-01/func/sub-10951_ses-01_task-sharedreward_run-1_desc-fullTrial_events.tsv	54	53	1	0.018518518518518517	8	2	8	7	2	8	8	2	8		false	
rf1	10951	01	2	/ZPOOL/data/projects/rf1-sra-linux2/bids/sub-10951/ses-01/func/sub-10951_ses-01_task-sharedreward_run-2_events.tsv	/ZPOOL/data/projects/sharedreward-aging/derivatives/harmonized/events/rf1/sub-10951/ses-01/func/sub-10951_ses-01_task-sharedreward_run-2_desc-fullTrial_events.tsv	54	54	0	0.0	8	2	8	8	2	8	8	2	8		false	
rf1	10952	01	1	/ZPOOL/data/projects/rf1-sra-linux2/bids/sub-10952/ses-01/func/sub-10952_ses-01_task-sharedreward_run-1_events.tsv	/ZPOOL/data/projects/sharedreward-aging/derivatives/harmonized/events/rf1/sub-10952/ses-01/func/sub-10952_ses-01_task-sharedreward_run-1_desc-fullTrial_events.tsv	54	54	0	0.0	8	2	8	8	2	8	8	2	8		false	
rf1	10952	01	2	/ZPOOL/data/projects/rf1-sra-linux2/bids/sub-10952/ses-01/func/sub-10952_ses-01_task-sharedreward_run-2_events.tsv	/ZPOOL/data/projects/sharedreward-aging/derivatives/harmonized/events/rf1/sub-10952/ses-01/func/sub-10952_ses-01_task-sharedreward_run-2_desc-fullTrial_events.tsv	54	53	1	0.018518518518518517	8	2	7	8	2	8	8	2	8		false	
rf1	10953	01	1	/ZPOOL/data/projects/rf1-sra-linux2/bids/sub-10953/ses-01/func/sub-10953_ses-01_task-sharedreward_run-1_events.tsv	/ZPOOL/data/projects/sharedreward-aging/derivatives/harmonized/events/rf1/sub-10953/ses-01/func/sub-10953_ses-01_task-sharedreward_run-1_desc-fullTrial_events.tsv	54	54	0	0.0	8	2	8	8	2	8	8	2	8		false	
rf1	10953	01	2	/ZPOOL/data/projects/rf1-sra-linux2/bids/sub-10953/ses-01/func/sub-10953_ses-01_task-sharedreward_run-2_events.tsv	/ZPOOL/data/projects/sharedreward-aging/derivatives/harmonized/events/rf1/sub-10953/ses-01/func/sub-10953_ses-01_task-sharedreward_run-2_desc-fullTrial_events.tsv	54	52	2	0.037037037037037035	7	2	7	8	2	8	8	2	8		false	
rf1	10954	01	1	/ZPOOL/data/projects/rf1-sra-linux2/bids/sub-10954/ses-01/func/sub-10954_ses-01_task-sharedreward_run-1_events.tsv	/ZPOOL/data/projects/sharedreward-aging/derivatives/harmonized/events/rf1/sub-10954/ses-01/func/sub-10954_ses-01_task-sharedreward_run-1_desc-fullTrial_events.tsv	54	43	11	0.2037037037037037	6	2	6	5	2	6	7	2	7		false	
rf1	10954	01	2	/ZPOOL/data/projects/rf1-sra-linux2/bids/sub-10954/ses-01/func/sub-10954_ses-01_task-sharedreward_run-2_events.tsv	/ZPOOL/data/projects/sharedreward-aging/derivatives/harmonized/events/rf1/sub-10954/ses-01/func/sub-10954_ses-01_task-sharedreward_run-2_desc-fullTrial_events.tsv	54	39	15	0.2777777777777778	7	1	4	5	2	6	6	2	6		true	missed_trials_gt_25pct
rf1	10956	01	1	/ZPOOL/data/projects/rf1-sra-linux2/bids/sub-10956/ses-01/func/sub-10956_ses-01_task-sharedreward_run-1_events.tsv	/ZPOOL/data/projects/sharedreward-aging/derivatives/harmonized/events/rf1/sub-10956/ses-01/func/sub-10956_ses-01_task-sharedreward_run-1_desc-fullTrial_events.tsv	54	54	0	0.0	8	2	8	8	2	8	8	2	8		false	
rf1	10956	01	2	/ZPOOL/data/projects/rf1-sra-linux2/bids/sub-10956/ses-01/func/sub-10956_ses-01_task-sharedreward_run-2_events.tsv	/ZPOOL/data/projects/sharedreward-aging/derivatives/harmonized/events/rf1/sub-10956/ses-01/func/sub-10956_ses-01_task-sharedreward_run-2_desc-fullTrial_events.tsv	54	54	0	0.0	8	2	8	8	2	8	8	2	8		false	
rf1	10958	01	1	/ZPOOL/data/projects/rf1-sra-linux2/bids/sub-10958/ses-01/func/sub-10958_ses-01_task-sharedreward_run-1_events.tsv	/ZPOOL/data/projects/sharedreward-aging/derivatives/harmonized/events/rf1/sub-10958/ses-01/func/sub-10958_ses-01_task-sharedreward_run-1_desc-fullTrial_events.tsv	54	54	0	0.0	8	2	8	8	2	8	8	2	8		false	
rf1	10958	01	2	/ZPOOL/data/projects/rf1-sra-linux2/bids/sub-10958/ses-01/func/sub-10958_ses-01_task-sharedreward_run-2_events.tsv	/ZPOOL/data/projects/sharedreward-aging/derivatives/harmonized/events/rf1/sub-10958/ses-01/func/sub-10958_ses-01_task-sharedreward_run-2_desc-fullTrial_events.tsv	54	54	0	0.0	8	2	8	8	2	8	8	2	8		false	
rf1	10961	01	1	/ZPOOL/data/projects/rf1-sra-linux2/bids/sub-10961/ses-01/func/sub-10961_ses-01_task-sharedreward_run-1_events.tsv	/ZPOOL/data/projects/sharedreward-aging/derivatives/harmonized/events/rf1/sub-10961/ses-01/func/sub-10961_ses-01_task-sharedreward_run-1_desc-fullTrial_events.tsv	54	54	0	0.0	8	2	8	8	2	8	8	2	8		false	
rf1	10961	01	2	/ZPOOL/data/projects/rf1-sra-linux2/bids/sub-10961/ses-01/func/sub-10961_ses-01_task-sharedreward_run-2_events.tsv	/ZPOOL/data/projects/sharedreward-aging/derivatives/harmonized/events/rf1/sub-10961/ses-01/func/sub-10961_ses-01_task-sharedreward_run-2_desc-fullTrial_events.tsv	54	54	0	0.0	8	2	8	8	2	8	8	2	8		false	
rf1	10964	01	1	/ZPOOL/data/projects/rf1-sra-linux2/bids/sub-10964/ses-01/func/sub-10964_ses-01_task-sharedreward_run-1_events.tsv	/ZPOOL/data/projects/sharedreward-aging/derivatives/harmonized/events/rf1/sub-10964/ses-01/func/sub-10964_ses-01_task-sharedreward_run-1_desc-fullTrial_events.tsv	54	53	1	0.018518518518518517	8	2	7	8	2	8	8	2	8		false	
rf1	10964	01	2	/ZPOOL/data/projects/rf1-sra-linux2/bids/sub-10964/ses-01/func/sub-10964_ses-01_task-sharedreward_run-2_events.tsv	/ZPOOL/data/projects/sharedreward-aging/derivatives/harmonized/events/rf1/sub-10964/ses-01/func/sub-10964_ses-01_task-sharedreward_run-2_desc-fullTrial_events.tsv	54	54	0	0.0	8	2	8	8	2	8	8	2	8		false	
rf1	10966	01	1	/ZPOOL/data/projects/rf1-sra-linux2/bids/sub-10966/ses-01/func/sub-10966_ses-01_task-sharedreward_run-1_events.tsv	/ZPOOL/data/projects/sharedreward-aging/derivatives/harmonized/events/rf1/sub-10966/ses-01/func/sub-10966_ses-01_task-sharedreward_run-1_desc-fullTrial_events.tsv	54	53	1	0.018518518518518517	7	2	8	8	2	8	8	2	8		false	
rf1	10966	01	2	/ZPOOL/data/projects/rf1-sra-linux2/bids/sub-10966/ses-01/func/sub-10966_ses-01_task-sharedreward_run-2_events.tsv	/ZPOOL/data/projects/sharedreward-aging/derivatives/harmonized/events/rf1/sub-10966/ses-01/func/sub-10966_ses-01_task-sharedreward_run-2_desc-fullTrial_events.tsv	54	53	1	0.018518518518518517	7	2	8	8	2	8	8	2	8		false	
rf1	10969	01	1	/ZPOOL/data/projects/rf1-sra-linux2/bids/sub-10969/ses-01/func/sub-10969_ses-01_task-sharedreward_run-1_events.tsv	/ZPOOL/data/projects/sharedreward-aging/derivatives/harmonized/events/rf1/sub-10969/ses-01/func/sub-10969_ses-01_task-sharedreward_run-1_desc-fullTrial_events.tsv	54	53	1	0.018518518518518517	7	2	8	8	2	8	8	2	8		false	
rf1	10969	01	2	/ZPOOL/data/projects/rf1-sra-linux2/bids/sub-10969/ses-01/func/sub-10969_ses-01_task-sharedreward_run-2_events.tsv	/ZPOOL/data/projects/sharedreward-aging/derivatives/harmonized/events/rf1/sub-10969/ses-01/func/sub-10969_ses-01_task-sharedreward_run-2_desc-fullTrial_events.tsv	54	54	0	0.0	8	2	8	8	2	8	8	2	8		false	
rf1	10974	01	1	/ZPOOL/data/projects/rf1-sra-linux2/bids/sub-10974/ses-01/func/sub-10974_ses-01_task-sharedreward_run-1_events.tsv	/ZPOOL/data/projects/sharedreward-aging/derivatives/harmonized/events/rf1/sub-10974/ses-01/func/sub-10974_ses-01_task-sharedreward_run-1_desc-fullTrial_events.tsv	54	52	2	0.037037037037037035	8	2	8	7	2	8	8	2	7		false	
rf1	10974	01	2	/ZPOOL/data/projects/rf1-sra-linux2/bids/sub-10974/ses-01/func/sub-10974_ses-01_task-sharedreward_run-2_events.tsv	/ZPOOL/data/projects/sharedreward-aging/derivatives/harmonized/events/rf1/sub-10974/ses-01/func/sub-10974_ses-01_task-sharedreward_run-2_desc-fullTrial_events.tsv	54	54	0	0.0	8	2	8	8	2	8	8	2	8		false	
rf1	10977	01	1	/ZPOOL/data/projects/rf1-sra-linux2/bids/sub-10977/ses-01/func/sub-10977_ses-01_task-sharedreward_run-1_events.tsv	/ZPOOL/data/projects/sharedreward-aging/derivatives/harmonized/events/rf1/sub-10977/ses-01/func/sub-10977_ses-01_task-sharedreward_run-1_desc-fullTrial_events.tsv	54	54	0	0.0	8	2	8	8	2	8	8	2	8		false	
rf1	10977	01	2	/ZPOOL/data/projects/rf1-sra-linux2/bids/sub-10977/ses-01/func/sub-10977_ses-01_task-sharedreward_run-2_events.tsv	/ZPOOL/data/projects/sharedreward-aging/derivatives/harmonized/events/rf1/sub-10977/ses-01/func/sub-10977_ses-01_task-sharedreward_run-2_desc-fullTrial_events.tsv	54	54	0	0.0	8	2	8	8	2	8	8	2	8		false	
rf1	10979	01	1	/ZPOOL/data/projects/rf1-sra-linux2/bids/sub-10979/ses-01/func/sub-10979_ses-01_task-sharedreward_run-1_events.tsv	/ZPOOL/data/projects/sharedreward-aging/derivatives/harmonized/events/rf1/sub-10979/ses-01/func/sub-10979_ses-01_task-sharedreward_run-1_desc-fullTrial_events.tsv	54	54	0	0.0	8	2	8	8	2	8	8	2	8		false	
rf1	10979	01	2	/ZPOOL/data/projects/rf1-sra-linux2/bids/sub-10979/ses-01/func/sub-10979_ses-01_task-sharedreward_run-2_events.tsv	/ZPOOL/data/projects/sharedreward-aging/derivatives/harmonized/events/rf1/sub-10979/ses-01/func/sub-10979_ses-01_task-sharedreward_run-2_desc-fullTrial_events.tsv	54	54	0	0.0	8	2	8	8	2	8	8	2	8		false	
rf1	10983	01	1	/ZPOOL/data/projects/rf1-sra-linux2/bids/sub-10983/ses-01/func/sub-10983_ses-01_task-sharedreward_run-1_events.tsv	/ZPOOL/data/projects/sharedreward-aging/derivatives/harmonized/events/rf1/sub-10983/ses-01/func/sub-10983_ses-01_task-sharedreward_run-1_desc-fullTrial_events.tsv	54	54	0	0.0	8	2	8	8	2	8	8	2	8		false	
rf1	10983	01	2	/ZPOOL/data/projects/rf1-sra-linux2/bids/sub-10983/ses-01/func/sub-10983_ses-01_task-sharedreward_run-2_events.tsv	/ZPOOL/data/projects/sharedreward-aging/derivatives/harmonized/events/rf1/sub-10983/ses-01/func/sub-10983_ses-01_task-sharedreward_run-2_desc-fullTrial_events.tsv	54	54	0	0.0	8	2	8	8	2	8	8	2	8		false	
rf1	10984	01	1	/ZPOOL/data/projects/rf1-sra-linux2/bids/sub-10984/ses-01/func/sub-10984_ses-01_task-sharedreward_run-1_events.tsv	/ZPOOL/data/projects/sharedreward-aging/derivatives/harmonized/events/rf1/sub-10984/ses-01/func/sub-10984_ses-01_task-sharedreward_run-1_desc-fullTrial_events.tsv	54	54	0	0.0	8	2	8	8	2	8	8	2	8		false	
rf1	10984	01	2	/ZPOOL/data/projects/rf1-sra-linux2/bids/sub-10984/ses-01/func/sub-10984_ses-01_task-sharedreward_run-2_events.tsv	/ZPOOL/data/projects/sharedreward-aging/derivatives/harmonized/events/rf1/sub-10984/ses-01/func/sub-10984_ses-01_task-sharedreward_run-2_desc-fullTrial_events.tsv	54	54	0	0.0	8	2	8	8	2	8	8	2	8		false	
rf1	10998	01	1	/ZPOOL/data/projects/rf1-sra-linux2/bids/sub-10998/ses-01/func/sub-10998_ses-01_task-sharedreward_run-1_events.tsv	/ZPOOL/data/projects/sharedreward-aging/derivatives/harmonized/events/rf1/sub-10998/ses-01/func/sub-10998_ses-01_task-sharedreward_run-1_desc-fullTrial_events.tsv	54	54	0	0.0	8	2	8	8	2	8	8	2	8		false	
rf1	10998	01	2	/ZPOOL/data/projects/rf1-sra-linux2/bids/sub-10998/ses-01/func/sub-10998_ses-01_task-sharedreward_run-2_events.tsv	/ZPOOL/data/projects/sharedreward-aging/derivatives/harmonized/events/rf1/sub-10998/ses-01/func/sub-10998_ses-01_task-sharedreward_run-2_desc-fullTrial_events.tsv	54	53	1	0.018518518518518517	8	2	7	8	2	8	8	2	8		false	
rf1	11005	01	1	/ZPOOL/data/projects/rf1-sra-linux2/bids/sub-11005/ses-01/func/sub-11005_ses-01_task-sharedreward_run-1_events.tsv	/ZPOOL/data/projects/sharedreward-aging/derivatives/harmonized/events/rf1/sub-11005/ses-01/func/sub-11005_ses-01_task-sharedreward_run-1_desc-fullTrial_events.tsv	54	54	0	0.0	8	2	8	8	2	8	8	2	8		false	
rf1	11005	01	2	/ZPOOL/data/projects/rf1-sra-linux2/bids/sub-11005/ses-01/func/sub-11005_ses-01_task-sharedreward_run-2_events.tsv	/ZPOOL/data/projects/sharedreward-aging/derivatives/harmonized/events/rf1/sub-11005/ses-01/func/sub-11005_ses-01_task-sharedreward_run-2_desc-fullTrial_events.tsv	54	54	0	0.0	8	2	8	8	2	8	8	2	8		false	
rf1	11007	01	1	/ZPOOL/data/projects/rf1-sra-linux2/bids/sub-11007/ses-01/func/sub-11007_ses-01_task-sharedreward_run-1_events.tsv	/ZPOOL/data/projects/sharedreward-aging/derivatives/harmonized/events/rf1/sub-11007/ses-01/func/sub-11007_ses-01_task-sharedreward_run-1_desc-fullTrial_events.tsv	54	54	0	0.0	8	2	8	8	2	8	8	2	8		false	
rf1	11007	01	2	/ZPOOL/data/projects/rf1-sra-linux2/bids/sub-11007/ses-01/func/sub-11007_ses-01_task-sharedreward_run-2_events.tsv	/ZPOOL/data/projects/sharedreward-aging/derivatives/harmonized/events/rf1/sub-11007/ses-01/func/sub-11007_ses-01_task-sharedreward_run-2_desc-fullTrial_events.tsv	54	54	0	0.0	8	2	8	8	2	8	8	2	8		false	
rf1	11012	01	1	/ZPOOL/data/projects/rf1-sra-linux2/bids/sub-11012/ses-01/func/sub-11012_ses-01_task-sharedreward_run-1_events.tsv	/ZPOOL/data/projects/sharedreward-aging/derivatives/harmonized/events/rf1/sub-11012/ses-01/func/sub-11012_ses-01_task-sharedreward_run-1_desc-fullTrial_events.tsv	54	53	1	0.018518518518518517	8	2	8	8	2	8	7	2	8		false	
rf1	11012	01	2	/ZPOOL/data/projects/rf1-sra-linux2/bids/sub-11012/ses-01/func/sub-11012_ses-01_task-sharedreward_run-2_events.tsv	/ZPOOL/data/projects/sharedreward-aging/derivatives/harmonized/events/rf1/sub-11012/ses-01/func/sub-11012_ses-01_task-sharedreward_run-2_desc-fullTrial_events.tsv	54	54	0	0.0	8	2	8	8	2	8	8	2	8		false	
rf1	11016	01	1	/ZPOOL/data/projects/rf1-sra-linux2/bids/sub-11016/ses-01/func/sub-11016_ses-01_task-sharedreward_run-1_events.tsv	/ZPOOL/data/projects/sharedreward-aging/derivatives/harmonized/events/rf1/sub-11016/ses-01/func/sub-11016_ses-01_task-sharedreward_run-1_desc-fullTrial_events.tsv	54	53	1	0.018518518518518517	8	1	8	8	2	8	8	2	8		false	
rf1	11016	01	2	/ZPOOL/data/projects/rf1-sra-linux2/bids/sub-11016/ses-01/func/sub-11016_ses-01_task-sharedreward_run-2_events.tsv	/ZPOOL/data/projects/sharedreward-aging/derivatives/harmonized/events/rf1/sub-11016/ses-01/func/sub-11016_ses-01_task-sharedreward_run-2_desc-fullTrial_events.tsv	54	54	0	0.0	8	2	8	8	2	8	8	2	8		false	
rf1	11021	01	1	/ZPOOL/data/projects/rf1-sra-linux2/bids/sub-11021/ses-01/func/sub-11021_ses-01_task-sharedreward_run-1_events.tsv	/ZPOOL/data/projects/sharedreward-aging/derivatives/harmonized/events/rf1/sub-11021/ses-01/func/sub-11021_ses-01_task-sharedreward_run-1_desc-fullTrial_events.tsv	54	54	0	0.0	8	2	8	8	2	8	8	2	8		false	
rf1	11021	01	2	/ZPOOL/data/projects/rf1-sra-linux2/bids/sub-11021/ses-01/func/sub-11021_ses-01_task-sharedreward_run-2_events.tsv	/ZPOOL/data/projects/sharedreward-aging/derivatives/harmonized/events/rf1/sub-11021/ses-01/func/sub-11021_ses-01_task-sharedreward_run-2_desc-fullTrial_events.tsv	54	54	0	0.0	8	2	8	8	2	8	8	2	8		false	
rf1	11030	01	1	/ZPOOL/data/projects/rf1-sra-linux2/bids/sub-11030/ses-01/func/sub-11030_ses-01_task-sharedreward_run-1_events.tsv	/ZPOOL/data/projects/sharedreward-aging/derivatives/harmonized/events/rf1/sub-11030/ses-01/func/sub-11030_ses-01_task-sharedreward_run-1_desc-fullTrial_events.tsv	54	53	1	0.018518518518518517	7	2	8	8	2	8	8	2	8		false	
rf1	11030	01	2	/ZPOOL/data/projects/rf1-sra-linux2/bids/sub-11030/ses-01/func/sub-11030_ses-01_task-sharedreward_run-2_events.tsv	/ZPOOL/data/projects/sharedreward-aging/derivatives/harmonized/events/rf1/sub-11030/ses-01/func/sub-11030_ses-01_task-sharedreward_run-2_desc-fullTrial_events.tsv	54	53	1	0.018518518518518517	7	2	8	8	2	8	8	2	8		false	
rf1	11031	01	1	/ZPOOL/data/projects/rf1-sra-linux2/bids/sub-11031/ses-01/func/sub-11031_ses-01_task-sharedreward_run-1_events.tsv	/ZPOOL/data/projects/sharedreward-aging/derivatives/harmonized/events/rf1/sub-11031/ses-01/func/sub-11031_ses-01_task-sharedreward_run-1_desc-fullTrial_events.tsv	54	54	0	0.0	8	2	8	8	2	8	8	2	8		false	
rf1	11031	01	2	/ZPOOL/data/projects/rf1-sra-linux2/bids/sub-11031/ses-01/func/sub-11031_ses-01_task-sharedreward_run-2_events.tsv	/ZPOOL/data/projects/sharedreward-aging/derivatives/harmonized/events/rf1/sub-11031/ses-01/func/sub-11031_ses-01_task-sharedreward_run-2_desc-fullTrial_events.tsv	54	54	0	0.0	8	2	8	8	2	8	8	2	8		false	
rf1	11036	01	1	/ZPOOL/data/projects/rf1-sra-linux2/bids/sub-11036/ses-01/func/sub-11036_ses-01_task-sharedreward_run-1_events.tsv	/ZPOOL/data/projects/sharedreward-aging/derivatives/harmonized/events/rf1/sub-11036/ses-01/func/sub-11036_ses-01_task-sharedreward_run-1_desc-fullTrial_events.tsv	54	54	0	0.0	8	2	8	8	2	8	8	2	8		false	
rf1	11036	01	2	/ZPOOL/data/projects/rf1-sra-linux2/bids/sub-11036/ses-01/func/sub-11036_ses-01_task-sharedreward_run-2_events.tsv	/ZPOOL/data/projects/sharedreward-aging/derivatives/harmonized/events/rf1/sub-11036/ses-01/func/sub-11036_ses-01_task-sharedreward_run-2_desc-fullTrial_events.tsv	54	54	0	0.0	8	2	8	8	2	8	8	2	8		false	
rf1	11039	01	1	/ZPOOL/data/projects/rf1-sra-linux2/bids/sub-11039/ses-01/func/sub-11039_ses-01_task-sharedreward_run-1_events.tsv	/ZPOOL/data/projects/sharedreward-aging/derivatives/harmonized/events/rf1/sub-11039/ses-01/func/sub-11039_ses-01_task-sharedreward_run-1_desc-fullTrial_events.tsv	54	54	0	0.0	8	2	8	8	2	8	8	2	8		false	
rf1	11039	01	2	/ZPOOL/data/projects/rf1-sra-linux2/bids/sub-11039/ses-01/func/sub-11039_ses-01_task-sharedreward_run-2_events.tsv	/ZPOOL/data/projects/sharedreward-aging/derivatives/harmonized/events/rf1/sub-11039/ses-01/func/sub-11039_ses-01_task-sharedreward_run-2_desc-fullTrial_events.tsv	54	54	0	0.0	8	2	8	8	2	8	8	2	8		false	
rf1	11042	01	1	/ZPOOL/data/projects/rf1-sra-linux2/bids/sub-11042/ses-01/func/sub-11042_ses-01_task-sharedreward_run-1_events.tsv	/ZPOOL/data/projects/sharedreward-aging/derivatives/harmonized/events/rf1/sub-11042/ses-01/func/sub-11042_ses-01_task-sharedreward_run-1_desc-fullTrial_events.tsv	54	54	0	0.0	8	2	8	8	2	8	8	2	8		false	
rf1	11042	01	2	/ZPOOL/data/projects/rf1-sra-linux2/bids/sub-11042/ses-01/func/sub-11042_ses-01_task-sharedreward_run-2_events.tsv	/ZPOOL/data/projects/sharedreward-aging/derivatives/harmonized/events/rf1/sub-11042/ses-01/func/sub-11042_ses-01_task-sharedreward_run-2_desc-fullTrial_events.tsv	54	54	0	0.0	8	2	8	8	2	8	8	2	8		false	
rf1	11053	01	1	/ZPOOL/data/projects/rf1-sra-linux2/bids/sub-11053/ses-01/func/sub-11053_ses-01_task-sharedreward_run-1_events.tsv	/ZPOOL/data/projects/sharedreward-aging/derivatives/harmonized/events/rf1/sub-11053/ses-01/func/sub-11053_ses-01_task-sharedreward_run-1_desc-fullTrial_events.tsv	54	54	0	0.0	8	2	8	8	2	8	8	2	8		false	
rf1	11053	01	2	/ZPOOL/data/projects/rf1-sra-linux2/bids/sub-11053/ses-01/func/sub-11053_ses-01_task-sharedreward_run-2_events.tsv	/ZPOOL/data/projects/sharedreward-aging/derivatives/harmonized/events/rf1/sub-11053/ses-01/func/sub-11053_ses-01_task-sharedreward_run-2_desc-fullTrial_events.tsv	54	54	0	0.0	8	2	8	8	2	8	8	2	8		false	
rf1	11058	01	1	/ZPOOL/data/projects/rf1-sra-linux2/bids/sub-11058/ses-01/func/sub-11058_ses-01_task-sharedreward_run-1_events.tsv	/ZPOOL/data/projects/sharedreward-aging/derivatives/harmonized/events/rf1/sub-11058/ses-01/func/sub-11058_ses-01_task-sharedreward_run-1_desc-fullTrial_events.tsv	54	53	1	0.018518518518518517	8	1	8	8	2	8	8	2	8		false	
rf1	11058	01	2	/ZPOOL/data/projects/rf1-sra-linux2/bids/sub-11058/ses-01/func/sub-11058_ses-01_task-sharedreward_run-2_events.tsv	/ZPOOL/data/projects/sharedreward-aging/derivatives/harmonized/events/rf1/sub-11058/ses-01/func/sub-11058_ses-01_task-sharedreward_run-2_desc-fullTrial_events.tsv	54	52	2	0.037037037037037035	8	2	8	8	1	7	8	2	8		false	
rf1	11060	01	1	/ZPOOL/data/projects/rf1-sra-linux2/bids/sub-11060/ses-01/func/sub-11060_ses-01_task-sharedreward_run-1_events.tsv	/ZPOOL/data/projects/sharedreward-aging/derivatives/harmonized/events/rf1/sub-11060/ses-01/func/sub-11060_ses-01_task-sharedreward_run-1_desc-fullTrial_events.tsv	54	54	0	0.0	8	2	8	8	2	8	8	2	8		false	
rf1	11060	01	2	/ZPOOL/data/projects/rf1-sra-linux2/bids/sub-11060/ses-01/func/sub-11060_ses-01_task-sharedreward_run-2_events.tsv	/ZPOOL/data/projects/sharedreward-aging/derivatives/harmonized/events/rf1/sub-11060/ses-01/func/sub-11060_ses-01_task-sharedreward_run-2_desc-fullTrial_events.tsv	54	54	0	0.0	8	2	8	8	2	8	8	2	8		false	
rf1	11063	01	1	/ZPOOL/data/projects/rf1-sra-linux2/bids/sub-11063/ses-01/func/sub-11063_ses-01_task-sharedreward_run-1_events.tsv	/ZPOOL/data/projects/sharedreward-aging/derivatives/harmonized/events/rf1/sub-11063/ses-01/func/sub-11063_ses-01_task-sharedreward_run-1_desc-fullTrial_events.tsv	54	53	1	0.018518518518518517	8	2	8	8	1	8	8	2	8		false	
rf1	11063	01	2	/ZPOOL/data/projects/rf1-sra-linux2/bids/sub-11063/ses-01/func/sub-11063_ses-01_task-sharedreward_run-2_events.tsv	/ZPOOL/data/projects/sharedreward-aging/derivatives/harmonized/events/rf1/sub-11063/ses-01/func/sub-11063_ses-01_task-sharedreward_run-2_desc-fullTrial_events.tsv	54	54	0	0.0	8	2	8	8	2	8	8	2	8		false	
rf1	11064	01	1	/ZPOOL/data/projects/rf1-sra-linux2/bids/sub-11064/ses-01/func/sub-11064_ses-01_task-sharedreward_run-1_events.tsv	/ZPOOL/data/projects/sharedreward-aging/derivatives/harmonized/events/rf1/sub-11064/ses-01/func/sub-11064_ses-01_task-sharedreward_run-1_desc-fullTrial_events.tsv	54	53	1	0.018518518518518517	8	2	8	8	2	8	8	2	7		false	
rf1	11064	01	2	/ZPOOL/data/projects/rf1-sra-linux2/bids/sub-11064/ses-01/func/sub-11064_ses-01_task-sharedreward_run-2_events.tsv	/ZPOOL/data/projects/sharedreward-aging/derivatives/harmonized/events/rf1/sub-11064/ses-01/func/sub-11064_ses-01_task-sharedreward_run-2_desc-fullTrial_events.tsv	54	49	5	0.09259259259259259	7	2	7	6	2	8	8	2	7		false	
rf1	11065	01	1	/ZPOOL/data/projects/rf1-sra-linux2/bids/sub-11065/ses-01/func/sub-11065_ses-01_task-sharedreward_run-1_events.tsv	/ZPOOL/data/projects/sharedreward-aging/derivatives/harmonized/events/rf1/sub-11065/ses-01/func/sub-11065_ses-01_task-sharedreward_run-1_desc-fullTrial_events.tsv	54	53	1	0.018518518518518517	8	2	7	8	2	8	8	2	8		false	
rf1	11065	01	2	/ZPOOL/data/projects/rf1-sra-linux2/bids/sub-11065/ses-01/func/sub-11065_ses-01_task-sharedreward_run-2_events.tsv	/ZPOOL/data/projects/sharedreward-aging/derivatives/harmonized/events/rf1/sub-11065/ses-01/func/sub-11065_ses-01_task-sharedreward_run-2_desc-fullTrial_events.tsv	54	54	0	0.0	8	2	8	8	2	8	8	2	8		false	
rf1	11066	01	1	/ZPOOL/data/projects/rf1-sra-linux2/bids/sub-11066/ses-01/func/sub-11066_ses-01_task-sharedreward_run-1_events.tsv	/ZPOOL/data/projects/sharedreward-aging/derivatives/harmonized/events/rf1/sub-11066/ses-01/func/sub-11066_ses-01_task-sharedreward_run-1_desc-fullTrial_events.tsv	54	50	4	0.07407407407407407	7	2	7	7	2	8	7	2	8		false	
rf1	11066	01	2	/ZPOOL/data/projects/rf1-sra-linux2/bids/sub-11066/ses-01/func/sub-11066_ses-01_task-sharedreward_run-2_events.tsv	/ZPOOL/data/projects/sharedreward-aging/derivatives/harmonized/events/rf1/sub-11066/ses-01/func/sub-11066_ses-01_task-sharedreward_run-2_desc-fullTrial_events.tsv	54	50	4	0.07407407407407407	7	2	7	8	1	7	8	2	8		false	
rf1	11068	01	1	/ZPOOL/data/projects/rf1-sra-linux2/bids/sub-11068/ses-01/func/sub-11068_ses-01_task-sharedreward_run-1_events.tsv	/ZPOOL/data/projects/sharedreward-aging/derivatives/harmonized/events/rf1/sub-11068/ses-01/func/sub-11068_ses-01_task-sharedreward_run-1_desc-fullTrial_events.tsv	54	54	0	0.0	8	2	8	8	2	8	8	2	8		false	
rf1	11068	01	2	/ZPOOL/data/projects/rf1-sra-linux2/bids/sub-11068/ses-01/func/sub-11068_ses-01_task-sharedreward_run-2_events.tsv	/ZPOOL/data/projects/sharedreward-aging/derivatives/harmonized/events/rf1/sub-11068/ses-01/func/sub-11068_ses-01_task-sharedreward_run-2_desc-fullTrial_events.tsv	54	52	2	0.037037037037037035	8	2	8	7	2	7	8	2	8		false	
rf1	11071	01	1	/ZPOOL/data/projects/rf1-sra-linux2/bids/sub-11071/ses-01/func/sub-11071_ses-01_task-sharedreward_run-1_events.tsv	/ZPOOL/data/projects/sharedreward-aging/derivatives/harmonized/events/rf1/sub-11071/ses-01/func/sub-11071_ses-01_task-sharedreward_run-1_desc-fullTrial_events.tsv	54	54	0	0.0	8	2	8	8	2	8	8	2	8		false	
rf1	11071	01	2	/ZPOOL/data/projects/rf1-sra-linux2/bids/sub-11071/ses-01/func/sub-11071_ses-01_task-sharedreward_run-2_events.tsv	/ZPOOL/data/projects/sharedreward-aging/derivatives/harmonized/events/rf1/sub-11071/ses-01/func/sub-11071_ses-01_task-sharedreward_run-2_desc-fullTrial_events.tsv	54	54	0	0.0	8	2	8	8	2	8	8	2	8		false	
rf1	11072	01	1	/ZPOOL/data/projects/rf1-sra-linux2/bids/sub-11072/ses-01/func/sub-11072_ses-01_task-sharedreward_run-1_events.tsv	/ZPOOL/data/projects/sharedreward-aging/derivatives/harmonized/events/rf1/sub-11072/ses-01/func/sub-11072_ses-01_task-sharedreward_run-1_desc-fullTrial_events.tsv	54	53	1	0.018518518518518517	7	2	8	8	2	8	8	2	8		false	
rf1	11072	01	2	/ZPOOL/data/projects/rf1-sra-linux2/bids/sub-11072/ses-01/func/sub-11072_ses-01_task-sharedreward_run-2_events.tsv	/ZPOOL/data/projects/sharedreward-aging/derivatives/harmonized/events/rf1/sub-11072/ses-01/func/sub-11072_ses-01_task-sharedreward_run-2_desc-fullTrial_events.tsv	54	54	0	0.0	8	2	8	8	2	8	8	2	8		false	
rf1	11074	01	1	/ZPOOL/data/projects/rf1-sra-linux2/bids/sub-11074/ses-01/func/sub-11074_ses-01_task-sharedreward_run-1_events.tsv	/ZPOOL/data/projects/sharedreward-aging/derivatives/harmonized/events/rf1/sub-11074/ses-01/func/sub-11074_ses-01_task-sharedreward_run-1_desc-fullTrial_events.tsv	54	54	0	0.0	8	2	8	8	2	8	8	2	8		false	
rf1	11074	01	2	/ZPOOL/data/projects/rf1-sra-linux2/bids/sub-11074/ses-01/func/sub-11074_ses-01_task-sharedreward_run-2_events.tsv	/ZPOOL/data/projects/sharedreward-aging/derivatives/harmonized/events/rf1/sub-11074/ses-01/func/sub-11074_ses-01_task-sharedreward_run-2_desc-fullTrial_events.tsv	54	54	0	0.0	8	2	8	8	2	8	8	2	8		false	
rf1	11075	01	1	/ZPOOL/data/projects/rf1-sra-linux2/bids/sub-11075/ses-01/func/sub-11075_ses-01_task-sharedreward_run-1_events.tsv	/ZPOOL/data/projects/sharedreward-aging/derivatives/harmonized/events/rf1/sub-11075/ses-01/func/sub-11075_ses-01_task-sharedreward_run-1_desc-fullTrial_events.tsv	54	54	0	0.0	8	2	8	8	2	8	8	2	8		false	
rf1	11075	01	2	/ZPOOL/data/projects/rf1-sra-linux2/bids/sub-11075/ses-01/func/sub-11075_ses-01_task-sharedreward_run-2_events.tsv	/ZPOOL/data/projects/sharedreward-aging/derivatives/harmonized/events/rf1/sub-11075/ses-01/func/sub-11075_ses-01_task-sharedreward_run-2_desc-fullTrial_events.tsv	54	54	0	0.0	8	2	8	8	2	8	8	2	8		false	
rf1	11076	01	1	/ZPOOL/data/projects/rf1-sra-linux2/bids/sub-11076/ses-01/func/sub-11076_ses-01_task-sharedreward_run-1_events.tsv	/ZPOOL/data/projects/sharedreward-aging/derivatives/harmonized/events/rf1/sub-11076/ses-01/func/sub-11076_ses-01_task-sharedreward_run-1_desc-fullTrial_events.tsv	54	54	0	0.0	8	2	8	8	2	8	8	2	8		false	
rf1	11078	01	1	/ZPOOL/data/projects/rf1-sra-linux2/bids/sub-11078/ses-01/func/sub-11078_ses-01_task-sharedreward_run-1_events.tsv	/ZPOOL/data/projects/sharedreward-aging/derivatives/harmonized/events/rf1/sub-11078/ses-01/func/sub-11078_ses-01_task-sharedreward_run-1_desc-fullTrial_events.tsv	54	54	0	0.0	8	2	8	8	2	8	8	2	8		false	
rf1	11078	01	2	/ZPOOL/data/projects/rf1-sra-linux2/bids/sub-11078/ses-01/func/sub-11078_ses-01_task-sharedreward_run-2_events.tsv	/ZPOOL/data/projects/sharedreward-aging/derivatives/harmonized/events/rf1/sub-11078/ses-01/func/sub-11078_ses-01_task-sharedreward_run-2_desc-fullTrial_events.tsv	54	54	0	0.0	8	2	8	8	2	8	8	2	8		false	
rf1	11083	01	1	/ZPOOL/data/projects/rf1-sra-linux2/bids/sub-11083/ses-01/func/sub-11083_ses-01_task-sharedreward_run-1_events.tsv	/ZPOOL/data/projects/sharedreward-aging/derivatives/harmonized/events/rf1/sub-11083/ses-01/func/sub-11083_ses-01_task-sharedreward_run-1_desc-fullTrial_events.tsv	54	53	1	0.018518518518518517	8	2	8	7	2	8	8	2	8		false	
rf1	11083	01	2	/ZPOOL/data/projects/rf1-sra-linux2/bids/sub-11083/ses-01/func/sub-11083_ses-01_task-sharedreward_run-2_events.tsv	/ZPOOL/data/projects/sharedreward-aging/derivatives/harmonized/events/rf1/sub-11083/ses-01/func/sub-11083_ses-01_task-sharedreward_run-2_desc-fullTrial_events.tsv	54	51	3	0.05555555555555555	6	2	8	8	2	7	8	2	8		false	
rf1	11084	01	1	/ZPOOL/data/projects/rf1-sra-linux2/bids/sub-11084/ses-01/func/sub-11084_ses-01_task-sharedreward_run-1_events.tsv	/ZPOOL/data/projects/sharedreward-aging/derivatives/harmonized/events/rf1/sub-11084/ses-01/func/sub-11084_ses-01_task-sharedreward_run-1_desc-fullTrial_events.tsv	54	54	0	0.0	8	2	8	8	2	8	8	2	8		false	
rf1	11084	01	2	/ZPOOL/data/projects/rf1-sra-linux2/bids/sub-11084/ses-01/func/sub-11084_ses-01_task-sharedreward_run-2_events.tsv	/ZPOOL/data/projects/sharedreward-aging/derivatives/harmonized/events/rf1/sub-11084/ses-01/func/sub-11084_ses-01_task-sharedreward_run-2_desc-fullTrial_events.tsv	54	54	0	0.0	8	2	8	8	2	8	8	2	8		false	
rf1	11085	01	1	/ZPOOL/data/projects/rf1-sra-linux2/bids/sub-11085/ses-01/func/sub-11085_ses-01_task-sharedreward_run-1_events.tsv	/ZPOOL/data/projects/sharedreward-aging/derivatives/harmonized/events/rf1/sub-11085/ses-01/func/sub-11085_ses-01_task-sharedreward_run-1_desc-fullTrial_events.tsv	54	53	1	0.018518518518518517	7	2	8	8	2	8	8	2	8		false	
rf1	11085	01	2	/ZPOOL/data/projects/rf1-sra-linux2/bids/sub-11085/ses-01/func/sub-11085_ses-01_task-sharedreward_run-2_events.tsv	/ZPOOL/data/projects/sharedreward-aging/derivatives/harmonized/events/rf1/sub-11085/ses-01/func/sub-11085_ses-01_task-sharedreward_run-2_desc-fullTrial_events.tsv	54	54	0	0.0	8	2	8	8	2	8	8	2	8		false	
rf1	11090	01	1	/ZPOOL/data/projects/rf1-sra-linux2/bids/sub-11090/ses-01/func/sub-11090_ses-01_task-sharedreward_run-1_events.tsv	/ZPOOL/data/projects/sharedreward-aging/derivatives/harmonized/events/rf1/sub-11090/ses-01/func/sub-11090_ses-01_task-sharedreward_run-1_desc-fullTrial_events.tsv	54	53	1	0.018518518518518517	8	2	7	8	2	8	8	2	8		false	
rf1	11090	01	2	/ZPOOL/data/projects/rf1-sra-linux2/bids/sub-11090/ses-01/func/sub-11090_ses-01_task-sharedreward_run-2_events.tsv	/ZPOOL/data/projects/sharedreward-aging/derivatives/harmonized/events/rf1/sub-11090/ses-01/func/sub-11090_ses-01_task-sharedreward_run-2_desc-fullTrial_events.tsv	54	54	0	0.0	8	2	8	8	2	8	8	2	8		false	
rf1	11110	01	1	/ZPOOL/data/projects/rf1-sra-linux2/bids/sub-11110/ses-01/func/sub-11110_ses-01_task-sharedreward_run-1_events.tsv	/ZPOOL/data/projects/sharedreward-aging/derivatives/harmonized/events/rf1/sub-11110/ses-01/func/sub-11110_ses-01_task-sharedreward_run-1_desc-fullTrial_events.tsv	54	52	2	0.037037037037037035	8	2	7	8	2	8	7	2	8		false	
rf1	11110	01	2	/ZPOOL/data/projects/rf1-sra-linux2/bids/sub-11110/ses-01/func/sub-11110_ses-01_task-sharedreward_run-2_events.tsv	/ZPOOL/data/projects/sharedreward-aging/derivatives/harmonized/events/rf1/sub-11110/ses-01/func/sub-11110_ses-01_task-sharedreward_run-2_desc-fullTrial_events.tsv	54	50	4	0.07407407407407407	7	2	8	7	2	7	7	2	8		false	
rf1	11113	01	1	/ZPOOL/data/projects/rf1-sra-linux2/bids/sub-11113/ses-01/func/sub-11113_ses-01_task-sharedreward_run-1_events.tsv	/ZPOOL/data/projects/sharedreward-aging/derivatives/harmonized/events/rf1/sub-11113/ses-01/func/sub-11113_ses-01_task-sharedreward_run-1_desc-fullTrial_events.tsv	54	52	2	0.037037037037037035	8	2	8	8	2	7	8	2	7		false	
rf1	11113	01	2	/ZPOOL/data/projects/rf1-sra-linux2/bids/sub-11113/ses-01/func/sub-11113_ses-01_task-sharedreward_run-2_events.tsv	/ZPOOL/data/projects/sharedreward-aging/derivatives/harmonized/events/rf1/sub-11113/ses-01/func/sub-11113_ses-01_task-sharedreward_run-2_desc-fullTrial_events.tsv	54	53	1	0.018518518518518517	8	2	8	8	1	8	8	2	8		false	
rf1	11116	01	1	/ZPOOL/data/projects/rf1-sra-linux2/bids/sub-11116/ses-01/func/sub-11116_ses-01_task-sharedreward_run-1_events.tsv	/ZPOOL/data/projects/sharedreward-aging/derivatives/harmonized/events/rf1/sub-11116/ses-01/func/sub-11116_ses-01_task-sharedreward_run-1_desc-fullTrial_events.tsv	54	54	0	0.0	8	2	8	8	2	8	8	2	8		false	
rf1	11116	01	2	/ZPOOL/data/projects/rf1-sra-linux2/bids/sub-11116/ses-01/func/sub-11116_ses-01_task-sharedreward_run-2_events.tsv	/ZPOOL/data/projects/sharedreward-aging/derivatives/harmonized/events/rf1/sub-11116/ses-01/func/sub-11116_ses-01_task-sharedreward_run-2_desc-fullTrial_events.tsv	54	52	2	0.037037037037037035	7	1	8	8	2	8	8	2	8		false	
rf1	11120	01	1	/ZPOOL/data/projects/rf1-sra-linux2/bids/sub-11120/ses-01/func/sub-11120_ses-01_task-sharedreward_run-1_events.tsv	/ZPOOL/data/projects/sharedreward-aging/derivatives/harmonized/events/rf1/sub-11120/ses-01/func/sub-11120_ses-01_task-sharedreward_run-1_desc-fullTrial_events.tsv	54	53	1	0.018518518518518517	8	2	8	7	2	8	8	2	8		false	
rf1	11120	01	2	/ZPOOL/data/projects/rf1-sra-linux2/bids/sub-11120/ses-01/func/sub-11120_ses-01_task-sharedreward_run-2_events.tsv	/ZPOOL/data/projects/sharedreward-aging/derivatives/harmonized/events/rf1/sub-11120/ses-01/func/sub-11120_ses-01_task-sharedreward_run-2_desc-fullTrial_events.tsv	54	51	3	0.05555555555555555	8	1	8	8	2	7	7	2	8		false	
rf1	11125	01	1	/ZPOOL/data/projects/rf1-sra-linux2/bids/sub-11125/ses-01/func/sub-11125_ses-01_task-sharedreward_run-1_events.tsv	/ZPOOL/data/projects/sharedreward-aging/derivatives/harmonized/events/rf1/sub-11125/ses-01/func/sub-11125_ses-01_task-sharedreward_run-1_desc-fullTrial_events.tsv	54	44	10	0.18518518518518517	7	1	7	5	2	6	8	2	6		false	
rf1	11125	01	2	/ZPOOL/data/projects/rf1-sra-linux2/bids/sub-11125/ses-01/func/sub-11125_ses-01_task-sharedreward_run-2_events.tsv	/ZPOOL/data/projects/sharedreward-aging/derivatives/harmonized/events/rf1/sub-11125/ses-01/func/sub-11125_ses-01_task-sharedreward_run-2_desc-fullTrial_events.tsv	54	31	23	0.42592592592592593	6	0	5	5	1	5	3	1	5	event_computer_neutral	true	missed_trials_gt_25pct
rf1	11126	01	1	/ZPOOL/data/projects/rf1-sra-linux2/bids/sub-11126/ses-01/func/sub-11126_ses-01_task-sharedreward_run-1_events.tsv	/ZPOOL/data/projects/sharedreward-aging/derivatives/harmonized/events/rf1/sub-11126/ses-01/func/sub-11126_ses-01_task-sharedreward_run-1_desc-fullTrial_events.tsv	54	42	12	0.2222222222222222	6	2	7	5	2	5	7	2	6		false	
rf1	11128	01	1	/ZPOOL/data/projects/rf1-sra-linux2/bids/sub-11128/ses-01/func/sub-11128_ses-01_task-sharedreward_run-1_events.tsv	/ZPOOL/data/projects/sharedreward-aging/derivatives/harmonized/events/rf1/sub-11128/ses-01/func/sub-11128_ses-01_task-sharedreward_run-1_desc-fullTrial_events.tsv	54	53	1	0.018518518518518517	8	2	8	8	2	8	8	2	7		false	
rf1	11128	01	2	/ZPOOL/data/projects/rf1-sra-linux2/bids/sub-11128/ses-01/func/sub-11128_ses-01_task-sharedreward_run-2_events.tsv	/ZPOOL/data/projects/sharedreward-aging/derivatives/harmonized/events/rf1/sub-11128/ses-01/func/sub-11128_ses-01_task-sharedreward_run-2_desc-fullTrial_events.tsv	54	54	0	0.0	8	2	8	8	2	8	8	2	8		false	
rf1	11134	01	1	/ZPOOL/data/projects/rf1-sra-linux2/bids/sub-11134/ses-01/func/sub-11134_ses-01_task-sharedreward_run-1_events.tsv	/ZPOOL/data/projects/sharedreward-aging/derivatives/harmonized/events/rf1/sub-11134/ses-01/func/sub-11134_ses-01_task-sharedreward_run-1_desc-fullTrial_events.tsv	54	54	0	0.0	8	2	8	8	2	8	8	2	8		false	
rf1	11134	01	2	/ZPOOL/data/projects/rf1-sra-linux2/bids/sub-11134/ses-01/func/sub-11134_ses-01_task-sharedreward_run-2_events.tsv	/ZPOOL/data/projects/sharedreward-aging/derivatives/harmonized/events/rf1/sub-11134/ses-01/func/sub-11134_ses-01_task-sharedreward_run-2_desc-fullTrial_events.tsv	54	54	0	0.0	8	2	8	8	2	8	8	2	8		false	
rf1	11139	01	1	/ZPOOL/data/projects/rf1-sra-linux2/bids/sub-11139/ses-01/func/sub-11139_ses-01_task-sharedreward_run-1_events.tsv	/ZPOOL/data/projects/sharedreward-aging/derivatives/harmonized/events/rf1/sub-11139/ses-01/func/sub-11139_ses-01_task-sharedreward_run-1_desc-fullTrial_events.tsv	54	52	2	0.037037037037037035	7	2	8	8	2	7	8	2	8		false	
rf1	11139	01	2	/ZPOOL/data/projects/rf1-sra-linux2/bids/sub-11139/ses-01/func/sub-11139_ses-01_task-sharedreward_run-2_events.tsv	/ZPOOL/data/projects/sharedreward-aging/derivatives/harmonized/events/rf1/sub-11139/ses-01/func/sub-11139_ses-01_task-sharedreward_run-2_desc-fullTrial_events.tsv	54	49	5	0.09259259259259259	8	2	7	7	2	6	7	2	8		false	
rf1	11145	01	1	/ZPOOL/data/projects/rf1-sra-linux2/bids/sub-11145/ses-01/func/sub-11145_ses-01_task-sharedreward_run-1_events.tsv	/ZPOOL/data/projects/sharedreward-aging/derivatives/harmonized/events/rf1/sub-11145/ses-01/func/sub-11145_ses-01_task-sharedreward_run-1_desc-fullTrial_events.tsv	54	54	0	0.0	8	2	8	8	2	8	8	2	8		false	
rf1	11145	01	2	/ZPOOL/data/projects/rf1-sra-linux2/bids/sub-11145/ses-01/func/sub-11145_ses-01_task-sharedreward_run-2_events.tsv	/ZPOOL/data/projects/sharedreward-aging/derivatives/harmonized/events/rf1/sub-11145/ses-01/func/sub-11145_ses-01_task-sharedreward_run-2_desc-fullTrial_events.tsv	54	53	1	0.018518518518518517	8	2	7	8	2	8	8	2	8		false	
rf1	11164	01	1	/ZPOOL/data/projects/rf1-sra-linux2/bids/sub-11164/ses-01/func/sub-11164_ses-01_task-sharedreward_run-1_events.tsv	/ZPOOL/data/projects/sharedreward-aging/derivatives/harmonized/events/rf1/sub-11164/ses-01/func/sub-11164_ses-01_task-sharedreward_run-1_desc-fullTrial_events.tsv	54	53	1	0.018518518518518517	7	2	8	8	2	8	8	2	8		false	
rf1	11167	01	1	/ZPOOL/data/projects/rf1-sra-linux2/bids/sub-11167/ses-01/func/sub-11167_ses-01_task-sharedreward_run-1_events.tsv	/ZPOOL/data/projects/sharedreward-aging/derivatives/harmonized/events/rf1/sub-11167/ses-01/func/sub-11167_ses-01_task-sharedreward_run-1_desc-fullTrial_events.tsv	54	54	0	0.0	8	2	8	8	2	8	8	2	8		false	
rf1	11167	01	2	/ZPOOL/data/projects/rf1-sra-linux2/bids/sub-11167/ses-01/func/sub-11167_ses-01_task-sharedreward_run-2_events.tsv	/ZPOOL/data/projects/sharedreward-aging/derivatives/harmonized/events/rf1/sub-11167/ses-01/func/sub-11167_ses-01_task-sharedreward_run-2_desc-fullTrial_events.tsv	54	53	1	0.018518518518518517	8	2	8	7	2	8	8	2	8		false	
rf1	11168	01	1	/ZPOOL/data/projects/rf1-sra-linux2/bids/sub-11168/ses-01/func/sub-11168_ses-01_task-sharedreward_run-1_events.tsv	/ZPOOL/data/projects/sharedreward-aging/derivatives/harmonized/events/rf1/sub-11168/ses-01/func/sub-11168_ses-01_task-sharedreward_run-1_desc-fullTrial_events.tsv	54	54	0	0.0	8	2	8	8	2	8	8	2	8		false	
rf1	11168	01	2	/ZPOOL/data/projects/rf1-sra-linux2/bids/sub-11168/ses-01/func/sub-11168_ses-01_task-sharedreward_run-2_events.tsv	/ZPOOL/data/projects/sharedreward-aging/derivatives/harmonized/events/rf1/sub-11168/ses-01/func/sub-11168_ses-01_task-sharedreward_run-2_desc-fullTrial_events.tsv	54	54	0	0.0	8	2	8	8	2	8	8	2	8		false	
rf1	11171	01	1	/ZPOOL/data/projects/rf1-sra-linux2/bids/sub-11171/ses-01/func/sub-11171_ses-01_task-sharedreward_run-1_events.tsv	/ZPOOL/data/projects/sharedreward-aging/derivatives/harmonized/events/rf1/sub-11171/ses-01/func/sub-11171_ses-01_task-sharedreward_run-1_desc-fullTrial_events.tsv	54	52	2	0.037037037037037035	8	2	7	7	2	8	8	2	8		false	
rf1	11171	01	2	/ZPOOL/data/projects/rf1-sra-linux2/bids/sub-11171/ses-01/func/sub-11171_ses-01_task-sharedreward_run-2_events.tsv	/ZPOOL/data/projects/sharedreward-aging/derivatives/harmonized/events/rf1/sub-11171/ses-01/func/sub-11171_ses-01_task-sharedreward_run-2_desc-fullTrial_events.tsv	54	53	1	0.018518518518518517	8	2	7	8	2	8	8	2	8		false	
rf1	11177	01	1	/ZPOOL/data/projects/rf1-sra-linux2/bids/sub-11177/ses-01/func/sub-11177_ses-01_task-sharedreward_run-1_events.tsv	/ZPOOL/data/projects/sharedreward-aging/derivatives/harmonized/events/rf1/sub-11177/ses-01/func/sub-11177_ses-01_task-sharedreward_run-1_desc-fullTrial_events.tsv	54	52	2	0.037037037037037035	8	2	7	8	2	8	8	1	8		false	
rf1	11177	01	2	/ZPOOL/data/projects/rf1-sra-linux2/bids/sub-11177/ses-01/func/sub-11177_ses-01_task-sharedreward_run-2_events.tsv	/ZPOOL/data/projects/sharedreward-aging/derivatives/harmonized/events/rf1/sub-11177/ses-01/func/sub-11177_ses-01_task-sharedreward_run-2_desc-fullTrial_events.tsv	54	53	1	0.018518518518518517	8	2	8	8	2	7	8	2	8		false	
rf1	11192	01	1	/ZPOOL/data/projects/rf1-sra-linux2/bids/sub-11192/ses-01/func/sub-11192_ses-01_task-sharedreward_run-1_events.tsv	/ZPOOL/data/projects/sharedreward-aging/derivatives/harmonized/events/rf1/sub-11192/ses-01/func/sub-11192_ses-01_task-sharedreward_run-1_desc-fullTrial_events.tsv	54	54	0	0.0	8	2	8	8	2	8	8	2	8		false	
rf1	11192	01	2	/ZPOOL/data/projects/rf1-sra-linux2/bids/sub-11192/ses-01/func/sub-11192_ses-01_task-sharedreward_run-2_events.tsv	/ZPOOL/data/projects/sharedreward-aging/derivatives/harmonized/events/rf1/sub-11192/ses-01/func/sub-11192_ses-01_task-sharedreward_run-2_desc-fullTrial_events.tsv	54	52	2	0.037037037037037035	7	2	7	8	2	8	8	2	8		false	
rf1	11193	01	1	/ZPOOL/data/projects/rf1-sra-linux2/bids/sub-11193/ses-01/func/sub-11193_ses-01_task-sharedreward_run-1_events.tsv	/ZPOOL/data/projects/sharedreward-aging/derivatives/harmonized/events/rf1/sub-11193/ses-01/func/sub-11193_ses-01_task-sharedreward_run-1_desc-fullTrial_events.tsv	54	54	0	0.0	8	2	8	8	2	8	8	2	8		false	
rf1	11193	01	2	/ZPOOL/data/projects/rf1-sra-linux2/bids/sub-11193/ses-01/func/sub-11193_ses-01_task-sharedreward_run-2_events.tsv	/ZPOOL/data/projects/sharedreward-aging/derivatives/harmonized/events/rf1/sub-11193/ses-01/func/sub-11193_ses-01_task-sharedreward_run-2_desc-fullTrial_events.tsv	54	53	1	0.018518518518518517	8	2	8	8	2	7	8	2	8		false	
rf1	11201	01	1	/ZPOOL/data/projects/rf1-sra-linux2/bids/sub-11201/ses-01/func/sub-11201_ses-01_task-sharedreward_run-1_events.tsv	/ZPOOL/data/projects/sharedreward-aging/derivatives/harmonized/events/rf1/sub-11201/ses-01/func/sub-11201_ses-01_task-sharedreward_run-1_desc-fullTrial_events.tsv	25	20	5	0.2	2	0	4	4	1	3	3	1	2	event_computer_neutral	false	
rf1	11203	01	1	/ZPOOL/data/projects/rf1-sra-linux2/bids/sub-11203/ses-01/func/sub-11203_ses-01_task-sharedreward_run-1_events.tsv	/ZPOOL/data/projects/sharedreward-aging/derivatives/harmonized/events/rf1/sub-11203/ses-01/func/sub-11203_ses-01_task-sharedreward_run-1_desc-fullTrial_events.tsv	54	54	0	0.0	8	2	8	8	2	8	8	2	8		false	
rf1	11203	01	2	/ZPOOL/data/projects/rf1-sra-linux2/bids/sub-11203/ses-01/func/sub-11203_ses-01_task-sharedreward_run-2_events.tsv	/ZPOOL/data/projects/sharedreward-aging/derivatives/harmonized/events/rf1/sub-11203/ses-01/func/sub-11203_ses-01_task-sharedreward_run-2_desc-fullTrial_events.tsv	54	53	1	0.018518518518518517	8	2	8	8	1	8	8	2	8		false	
rf1	11209	01	1	/ZPOOL/data/projects/rf1-sra-linux2/bids/sub-11209/ses-01/func/sub-11209_ses-01_task-sharedreward_run-1_events.tsv	/ZPOOL/data/projects/sharedreward-aging/derivatives/harmonized/events/rf1/sub-11209/ses-01/func/sub-11209_ses-01_task-sharedreward_run-1_desc-fullTrial_events.tsv	54	54	0	0.0	8	2	8	8	2	8	8	2	8		false	
rf1	11209	01	2	/ZPOOL/data/projects/rf1-sra-linux2/bids/sub-11209/ses-01/func/sub-11209_ses-01_task-sharedreward_run-2_events.tsv	/ZPOOL/data/projects/sharedreward-aging/derivatives/harmonized/events/rf1/sub-11209/ses-01/func/sub-11209_ses-01_task-sharedreward_run-2_desc-fullTrial_events.tsv	54	53	1	0.018518518518518517	8	2	8	8	2	8	7	2	8		false	
rf1	11227	01	1	/ZPOOL/data/projects/rf1-sra-linux2/bids/sub-11227/ses-01/func/sub-11227_ses-01_task-sharedreward_run-1_events.tsv	/ZPOOL/data/projects/sharedreward-aging/derivatives/harmonized/events/rf1/sub-11227/ses-01/func/sub-11227_ses-01_task-sharedreward_run-1_desc-fullTrial_events.tsv	54	54	0	0.0	8	2	8	8	2	8	8	2	8		false	
rf1	11227	01	2	/ZPOOL/data/projects/rf1-sra-linux2/bids/sub-11227/ses-01/func/sub-11227_ses-01_task-sharedreward_run-2_events.tsv	/ZPOOL/data/projects/sharedreward-aging/derivatives/harmonized/events/rf1/sub-11227/ses-01/func/sub-11227_ses-01_task-sharedreward_run-2_desc-fullTrial_events.tsv	54	54	0	0.0	8	2	8	8	2	8	8	2	8		false	
rf1	11238	01	1	/ZPOOL/data/projects/rf1-sra-linux2/bids/sub-11238/ses-01/func/sub-11238_ses-01_task-sharedreward_run-1_events.tsv	/ZPOOL/data/projects/sharedreward-aging/derivatives/harmonized/events/rf1/sub-11238/ses-01/func/sub-11238_ses-01_task-sharedreward_run-1_desc-fullTrial_events.tsv	54	54	0	0.0	8	2	8	8	2	8	8	2	8		false	
rf1	11238	01	2	/ZPOOL/data/projects/rf1-sra-linux2/bids/sub-11238/ses-01/func/sub-11238_ses-01_task-sharedreward_run-2_events.tsv	/ZPOOL/data/projects/sharedreward-aging/derivatives/harmonized/events/rf1/sub-11238/ses-01/func/sub-11238_ses-01_task-sharedreward_run-2_desc-fullTrial_events.tsv	54	54	0	0.0	8	2	8	8	2	8	8	2	8		false	
rf1	11241	01	1	/ZPOOL/data/projects/rf1-sra-linux2/bids/sub-11241/ses-01/func/sub-11241_ses-01_task-sharedreward_run-1_events.tsv	/ZPOOL/data/projects/sharedreward-aging/derivatives/harmonized/events/rf1/sub-11241/ses-01/func/sub-11241_ses-01_task-sharedreward_run-1_desc-fullTrial_events.tsv	54	53	1	0.018518518518518517	8	2	8	8	2	7	8	2	8		false	
rf1	11241	01	2	/ZPOOL/data/projects/rf1-sra-linux2/bids/sub-11241/ses-01/func/sub-11241_ses-01_task-sharedreward_run-2_events.tsv	/ZPOOL/data/projects/sharedreward-aging/derivatives/harmonized/events/rf1/sub-11241/ses-01/func/sub-11241_ses-01_task-sharedreward_run-2_desc-fullTrial_events.tsv	54	54	0	0.0	8	2	8	8	2	8	8	2	8		false	
rf1	11246	01	1	/ZPOOL/data/projects/rf1-sra-linux2/bids/sub-11246/ses-01/func/sub-11246_ses-01_task-sharedreward_run-1_events.tsv	/ZPOOL/data/projects/sharedreward-aging/derivatives/harmonized/events/rf1/sub-11246/ses-01/func/sub-11246_ses-01_task-sharedreward_run-1_desc-fullTrial_events.tsv	54	54	0	0.0	8	2	8	8	2	8	8	2	8		false	
rf1	11246	01	2	/ZPOOL/data/projects/rf1-sra-linux2/bids/sub-11246/ses-01/func/sub-11246_ses-01_task-sharedreward_run-2_events.tsv	/ZPOOL/data/projects/sharedreward-aging/derivatives/harmonized/events/rf1/sub-11246/ses-01/func/sub-11246_ses-01_task-sharedreward_run-2_desc-fullTrial_events.tsv	54	54	0	0.0	8	2	8	8	2	8	8	2	8		false	
rf1	11276	01	1	/ZPOOL/data/projects/rf1-sra-linux2/bids/sub-11276/ses-01/func/sub-11276_ses-01_task-sharedreward_run-1_events.tsv	/ZPOOL/data/projects/sharedreward-aging/derivatives/harmonized/events/rf1/sub-11276/ses-01/func/sub-11276_ses-01_task-sharedreward_run-1_desc-fullTrial_events.tsv	54	53	1	0.018518518518518517	8	2	8	8	2	8	7	2	8		false	
rf1	11276	01	2	/ZPOOL/data/projects/rf1-sra-linux2/bids/sub-11276/ses-01/func/sub-11276_ses-01_task-sharedreward_run-2_events.tsv	/ZPOOL/data/projects/sharedreward-aging/derivatives/harmonized/events/rf1/sub-11276/ses-01/func/sub-11276_ses-01_task-sharedreward_run-2_desc-fullTrial_events.tsv	54	52	2	0.037037037037037035	7	2	8	8	2	8	7	2	8		false	
rf1	11286	01	1	/ZPOOL/data/projects/rf1-sra-linux2/bids/sub-11286/ses-01/func/sub-11286_ses-01_task-sharedreward_run-1_events.tsv	/ZPOOL/data/projects/sharedreward-aging/derivatives/harmonized/events/rf1/sub-11286/ses-01/func/sub-11286_ses-01_task-sharedreward_run-1_desc-fullTrial_events.tsv	54	53	1	0.018518518518518517	8	2	7	8	2	8	8	2	8		false	
rf1	11301	01	1	/ZPOOL/data/projects/rf1-sra-linux2/bids/sub-11301/ses-01/func/sub-11301_ses-01_task-sharedreward_run-1_events.tsv	/ZPOOL/data/projects/sharedreward-aging/derivatives/harmonized/events/rf1/sub-11301/ses-01/func/sub-11301_ses-01_task-sharedreward_run-1_desc-fullTrial_events.tsv	54	54	0	0.0	8	2	8	8	2	8	8	2	8		false	
rf1	11301	01	2	/ZPOOL/data/projects/rf1-sra-linux2/bids/sub-11301/ses-01/func/sub-11301_ses-01_task-sharedreward_run-2_events.tsv	/ZPOOL/data/projects/sharedreward-aging/derivatives/harmonized/events/rf1/sub-11301/ses-01/func/sub-11301_ses-01_task-sharedreward_run-2_desc-fullTrial_events.tsv	54	54	0	0.0	8	2	8	8	2	8	8	2	8		false	
rf1	11311	01	1	/ZPOOL/data/projects/rf1-sra-linux2/bids/sub-11311/ses-01/func/sub-11311_ses-01_task-sharedreward_run-1_events.tsv	/ZPOOL/data/projects/sharedreward-aging/derivatives/harmonized/events/rf1/sub-11311/ses-01/func/sub-11311_ses-01_task-sharedreward_run-1_desc-fullTrial_events.tsv	54	54	0	0.0	8	2	8	8	2	8	8	2	8		false	
rf1	11311	01	2	/ZPOOL/data/projects/rf1-sra-linux2/bids/sub-11311/ses-01/func/sub-11311_ses-01_task-sharedreward_run-2_events.tsv	/ZPOOL/data/projects/sharedreward-aging/derivatives/harmonized/events/rf1/sub-11311/ses-01/func/sub-11311_ses-01_task-sharedreward_run-2_desc-fullTrial_events.tsv	54	54	0	0.0	8	2	8	8	2	8	8	2	8		false	
rf1	11312	01	1	/ZPOOL/data/projects/rf1-sra-linux2/bids/sub-11312/ses-01/func/sub-11312_ses-01_task-sharedreward_run-1_events.tsv	/ZPOOL/data/projects/sharedreward-aging/derivatives/harmonized/events/rf1/sub-11312/ses-01/func/sub-11312_ses-01_task-sharedreward_run-1_desc-fullTrial_events.tsv	54	54	0	0.0	8	2	8	8	2	8	8	2	8		false	
rf1	11312	01	2	/ZPOOL/data/projects/rf1-sra-linux2/bids/sub-11312/ses-01/func/sub-11312_ses-01_task-sharedreward_run-2_events.tsv	/ZPOOL/data/projects/sharedreward-aging/derivatives/harmonized/events/rf1/sub-11312/ses-01/func/sub-11312_ses-01_task-sharedreward_run-2_desc-fullTrial_events.tsv	54	52	2	0.037037037037037035	7	2	7	8	2	8	8	2	8		false	
rf1	11316	01	1	/ZPOOL/data/projects/rf1-sra-linux2/bids/sub-11316/ses-01/func/sub-11316_ses-01_task-sharedreward_run-1_events.tsv	/ZPOOL/data/projects/sharedreward-aging/derivatives/harmonized/events/rf1/sub-11316/ses-01/func/sub-11316_ses-01_task-sharedreward_run-1_desc-fullTrial_events.tsv	54	54	0	0.0	8	2	8	8	2	8	8	2	8		false	
rf1	11316	01	2	/ZPOOL/data/projects/rf1-sra-linux2/bids/sub-11316/ses-01/func/sub-11316_ses-01_task-sharedreward_run-2_events.tsv	/ZPOOL/data/projects/sharedreward-aging/derivatives/harmonized/events/rf1/sub-11316/ses-01/func/sub-11316_ses-01_task-sharedreward_run-2_desc-fullTrial_events.tsv	54	54	0	0.0	8	2	8	8	2	8	8	2	8		false	
rf1	11318	01	1	/ZPOOL/data/projects/rf1-sra-linux2/bids/sub-11318/ses-01/func/sub-11318_ses-01_task-sharedreward_run-1_events.tsv	/ZPOOL/data/projects/sharedreward-aging/derivatives/harmonized/events/rf1/sub-11318/ses-01/func/sub-11318_ses-01_task-sharedreward_run-1_desc-fullTrial_events.tsv	54	52	2	0.037037037037037035	8	1	8	7	2	8	8	2	8		false	
rf1	11318	01	2	/ZPOOL/data/projects/rf1-sra-linux2/bids/sub-11318/ses-01/func/sub-11318_ses-01_task-sharedreward_run-2_events.tsv	/ZPOOL/data/projects/sharedreward-aging/derivatives/harmonized/events/rf1/sub-11318/ses-01/func/sub-11318_ses-01_task-sharedreward_run-2_desc-fullTrial_events.tsv	54	51	3	0.05555555555555555	7	2	8	6	2	8	8	2	8		false	
rf1	11321	01	1	/ZPOOL/data/projects/rf1-sra-linux2/bids/sub-11321/ses-01/func/sub-11321_ses-01_task-sharedreward_run-1_events.tsv	/ZPOOL/data/projects/sharedreward-aging/derivatives/harmonized/events/rf1/sub-11321/ses-01/func/sub-11321_ses-01_task-sharedreward_run-1_desc-fullTrial_events.tsv	54	54	0	0.0	8	2	8	8	2	8	8	2	8		false	
rf1	11321	01	2	/ZPOOL/data/projects/rf1-sra-linux2/bids/sub-11321/ses-01/func/sub-11321_ses-01_task-sharedreward_run-2_events.tsv	/ZPOOL/data/projects/sharedreward-aging/derivatives/harmonized/events/rf1/sub-11321/ses-01/func/sub-11321_ses-01_task-sharedreward_run-2_desc-fullTrial_events.tsv	54	54	0	0.0	8	2	8	8	2	8	8	2	8		false	
rf1	11325	01	1	/ZPOOL/data/projects/rf1-sra-linux2/bids/sub-11325/ses-01/func/sub-11325_ses-01_task-sharedreward_run-1_events.tsv	/ZPOOL/data/projects/sharedreward-aging/derivatives/harmonized/events/rf1/sub-11325/ses-01/func/sub-11325_ses-01_task-sharedreward_run-1_desc-fullTrial_events.tsv	54	54	0	0.0	8	2	8	8	2	8	8	2	8		false	
rf1	11325	01	2	/ZPOOL/data/projects/rf1-sra-linux2/bids/sub-11325/ses-01/func/sub-11325_ses-01_task-sharedreward_run-2_events.tsv	/ZPOOL/data/projects/sharedreward-aging/derivatives/harmonized/events/rf1/sub-11325/ses-01/func/sub-11325_ses-01_task-sharedreward_run-2_desc-fullTrial_events.tsv	54	54	0	0.0	8	2	8	8	2	8	8	2	8		false	
rf1	11326	01	1	/ZPOOL/data/projects/rf1-sra-linux2/bids/sub-11326/ses-01/func/sub-11326_ses-01_task-sharedreward_run-1_events.tsv	/ZPOOL/data/projects/sharedreward-aging/derivatives/harmonized/events/rf1/sub-11326/ses-01/func/sub-11326_ses-01_task-sharedreward_run-1_desc-fullTrial_events.tsv	54	54	0	0.0	8	2	8	8	2	8	8	2	8		false	
rf1	11326	01	2	/ZPOOL/data/projects/rf1-sra-linux2/bids/sub-11326/ses-01/func/sub-11326_ses-01_task-sharedreward_run-2_events.tsv	/ZPOOL/data/projects/sharedreward-aging/derivatives/harmonized/events/rf1/sub-11326/ses-01/func/sub-11326_ses-01_task-sharedreward_run-2_desc-fullTrial_events.tsv	54	52	2	0.037037037037037035	8	2	8	8	2	7	7	2	8		false	
rf1	11329	01	1	/ZPOOL/data/projects/rf1-sra-linux2/bids/sub-11329/ses-01/func/sub-11329_ses-01_task-sharedreward_run-1_events.tsv	/ZPOOL/data/projects/sharedreward-aging/derivatives/harmonized/events/rf1/sub-11329/ses-01/func/sub-11329_ses-01_task-sharedreward_run-1_desc-fullTrial_events.tsv	54	52	2	0.037037037037037035	8	2	8	7	2	8	8	1	8		false	
rf1	11329	01	2	/ZPOOL/data/projects/rf1-sra-linux2/bids/sub-11329/ses-01/func/sub-11329_ses-01_task-sharedreward_run-2_events.tsv	/ZPOOL/data/projects/sharedreward-aging/derivatives/harmonized/events/rf1/sub-11329/ses-01/func/sub-11329_ses-01_task-sharedreward_run-2_desc-fullTrial_events.tsv	54	53	1	0.018518518518518517	7	2	8	8	2	8	8	2	8		false	
rf1	11330	01	1	/ZPOOL/data/projects/rf1-sra-linux2/bids/sub-11330/ses-01/func/sub-11330_ses-01_task-sharedreward_run-1_events.tsv	/ZPOOL/data/projects/sharedreward-aging/derivatives/harmonized/events/rf1/sub-11330/ses-01/func/sub-11330_ses-01_task-sharedreward_run-1_desc-fullTrial_events.tsv	54	54	0	0.0	8	2	8	8	2	8	8	2	8		false	
rf1	11330	01	2	/ZPOOL/data/projects/rf1-sra-linux2/bids/sub-11330/ses-01/func/sub-11330_ses-01_task-sharedreward_run-2_events.tsv	/ZPOOL/data/projects/sharedreward-aging/derivatives/harmonized/events/rf1/sub-11330/ses-01/func/sub-11330_ses-01_task-sharedreward_run-2_desc-fullTrial_events.tsv	54	54	0	0.0	8	2	8	8	2	8	8	2	8		false	
rf1	11337	01	1	/ZPOOL/data/projects/rf1-sra-linux2/bids/sub-11337/ses-01/func/sub-11337_ses-01_task-sharedreward_run-1_events.tsv	/ZPOOL/data/projects/sharedreward-aging/derivatives/harmonized/events/rf1/sub-11337/ses-01/func/sub-11337_ses-01_task-sharedreward_run-1_desc-fullTrial_events.tsv	54	54	0	0.0	8	2	8	8	2	8	8	2	8		false	
rf1	11337	01	2	/ZPOOL/data/projects/rf1-sra-linux2/bids/sub-11337/ses-01/func/sub-11337_ses-01_task-sharedreward_run-2_events.tsv	/ZPOOL/data/projects/sharedreward-aging/derivatives/harmonized/events/rf1/sub-11337/ses-01/func/sub-11337_ses-01_task-sharedreward_run-2_desc-fullTrial_events.tsv	54	54	0	0.0	8	2	8	8	2	8	8	2	8		false	
rf1	11338	01	1	/ZPOOL/data/projects/rf1-sra-linux2/bids/sub-11338/ses-01/func/sub-11338_ses-01_task-sharedreward_run-1_events.tsv	/ZPOOL/data/projects/sharedreward-aging/derivatives/harmonized/events/rf1/sub-11338/ses-01/func/sub-11338_ses-01_task-sharedreward_run-1_desc-fullTrial_events.tsv	54	54	0	0.0	8	2	8	8	2	8	8	2	8		false	
rf1	11338	01	2	/ZPOOL/data/projects/rf1-sra-linux2/bids/sub-11338/ses-01/func/sub-11338_ses-01_task-sharedreward_run-2_events.tsv	/ZPOOL/data/projects/sharedreward-aging/derivatives/harmonized/events/rf1/sub-11338/ses-01/func/sub-11338_ses-01_task-sharedreward_run-2_desc-fullTrial_events.tsv	54	46	8	0.14814814814814814	8	1	5	6	1	8	8	2	7		false	
rf1	11340	01	1	/ZPOOL/data/projects/rf1-sra-linux2/bids/sub-11340/ses-01/func/sub-11340_ses-01_task-sharedreward_run-1_events.tsv	/ZPOOL/data/projects/sharedreward-aging/derivatives/harmonized/events/rf1/sub-11340/ses-01/func/sub-11340_ses-01_task-sharedreward_run-1_desc-fullTrial_events.tsv	54	54	0	0.0	8	2	8	8	2	8	8	2	8		false	
rf1	11340	01	2	/ZPOOL/data/projects/rf1-sra-linux2/bids/sub-11340/ses-01/func/sub-11340_ses-01_task-sharedreward_run-2_events.tsv	/ZPOOL/data/projects/sharedreward-aging/derivatives/harmonized/events/rf1/sub-11340/ses-01/func/sub-11340_ses-01_task-sharedreward_run-2_desc-fullTrial_events.tsv	54	54	0	0.0	8	2	8	8	2	8	8	2	8		false	
rf1	11343	01	1	/ZPOOL/data/projects/rf1-sra-linux2/bids/sub-11343/ses-01/func/sub-11343_ses-01_task-sharedreward_run-1_events.tsv	/ZPOOL/data/projects/sharedreward-aging/derivatives/harmonized/events/rf1/sub-11343/ses-01/func/sub-11343_ses-01_task-sharedreward_run-1_desc-fullTrial_events.tsv	54	54	0	0.0	8	2	8	8	2	8	8	2	8		false	
rf1	11343	01	2	/ZPOOL/data/projects/rf1-sra-linux2/bids/sub-11343/ses-01/func/sub-11343_ses-01_task-sharedreward_run-2_events.tsv	/ZPOOL/data/projects/sharedreward-aging/derivatives/harmonized/events/rf1/sub-11343/ses-01/func/sub-11343_ses-01_task-sharedreward_run-2_desc-fullTrial_events.tsv	54	54	0	0.0	8	2	8	8	2	8	8	2	8		false	
rf1	11345	01	1	/ZPOOL/data/projects/rf1-sra-linux2/bids/sub-11345/ses-01/func/sub-11345_ses-01_task-sharedreward_run-1_events.tsv	/ZPOOL/data/projects/sharedreward-aging/derivatives/harmonized/events/rf1/sub-11345/ses-01/func/sub-11345_ses-01_task-sharedreward_run-1_desc-fullTrial_events.tsv	54	54	0	0.0	8	2	8	8	2	8	8	2	8		false	
rf1	11345	01	2	/ZPOOL/data/projects/rf1-sra-linux2/bids/sub-11345/ses-01/func/sub-11345_ses-01_task-sharedreward_run-2_events.tsv	/ZPOOL/data/projects/sharedreward-aging/derivatives/harmonized/events/rf1/sub-11345/ses-01/func/sub-11345_ses-01_task-sharedreward_run-2_desc-fullTrial_events.tsv	54	54	0	0.0	8	2	8	8	2	8	8	2	8		false	
rf1	11348	01	1	/ZPOOL/data/projects/rf1-sra-linux2/bids/sub-11348/ses-01/func/sub-11348_ses-01_task-sharedreward_run-1_events.tsv	/ZPOOL/data/projects/sharedreward-aging/derivatives/harmonized/events/rf1/sub-11348/ses-01/func/sub-11348_ses-01_task-sharedreward_run-1_desc-fullTrial_events.tsv	54	54	0	0.0	8	2	8	8	2	8	8	2	8		false	
rf1	11348	01	2	/ZPOOL/data/projects/rf1-sra-linux2/bids/sub-11348/ses-01/func/sub-11348_ses-01_task-sharedreward_run-2_events.tsv	/ZPOOL/data/projects/sharedreward-aging/derivatives/harmonized/events/rf1/sub-11348/ses-01/func/sub-11348_ses-01_task-sharedreward_run-2_desc-fullTrial_events.tsv	54	54	0	0.0	8	2	8	8	2	8	8	2	8		false	
rf1	11358	01	1	/ZPOOL/data/projects/rf1-sra-linux2/bids/sub-11358/ses-01/func/sub-11358_ses-01_task-sharedreward_run-1_events.tsv	/ZPOOL/data/projects/sharedreward-aging/derivatives/harmonized/events/rf1/sub-11358/ses-01/func/sub-11358_ses-01_task-sharedreward_run-1_desc-fullTrial_events.tsv	54	54	0	0.0	8	2	8	8	2	8	8	2	8		false	
rf1	11358	01	2	/ZPOOL/data/projects/rf1-sra-linux2/bids/sub-11358/ses-01/func/sub-11358_ses-01_task-sharedreward_run-2_events.tsv	/ZPOOL/data/projects/sharedreward-aging/derivatives/harmonized/events/rf1/sub-11358/ses-01/func/sub-11358_ses-01_task-sharedreward_run-2_desc-fullTrial_events.tsv	54	54	0	0.0	8	2	8	8	2	8	8	2	8		false	
rf1	11364	01	1	/ZPOOL/data/projects/rf1-sra-linux2/bids/sub-11364/ses-01/func/sub-11364_ses-01_task-sharedreward_run-1_events.tsv	/ZPOOL/data/projects/sharedreward-aging/derivatives/harmonized/events/rf1/sub-11364/ses-01/func/sub-11364_ses-01_task-sharedreward_run-1_desc-fullTrial_events.tsv	54	53	1	0.018518518518518517	8	2	8	8	2	8	7	2	8		false	
rf1	11364	01	2	/ZPOOL/data/projects/rf1-sra-linux2/bids/sub-11364/ses-01/func/sub-11364_ses-01_task-sharedreward_run-2_events.tsv	/ZPOOL/data/projects/sharedreward-aging/derivatives/harmonized/events/rf1/sub-11364/ses-01/func/sub-11364_ses-01_task-sharedreward_run-2_desc-fullTrial_events.tsv	54	46	8	0.14814814814814814	6	2	7	7	2	8	6	2	6		false	
rf1	11367	01	1	/ZPOOL/data/projects/rf1-sra-linux2/bids/sub-11367/ses-01/func/sub-11367_ses-01_task-sharedreward_run-1_events.tsv	/ZPOOL/data/projects/sharedreward-aging/derivatives/harmonized/events/rf1/sub-11367/ses-01/func/sub-11367_ses-01_task-sharedreward_run-1_desc-fullTrial_events.tsv	54	54	0	0.0	8	2	8	8	2	8	8	2	8		false	
rf1	11367	01	2	/ZPOOL/data/projects/rf1-sra-linux2/bids/sub-11367/ses-01/func/sub-11367_ses-01_task-sharedreward_run-2_events.tsv	/ZPOOL/data/projects/sharedreward-aging/derivatives/harmonized/events/rf1/sub-11367/ses-01/func/sub-11367_ses-01_task-sharedreward_run-2_desc-fullTrial_events.tsv	54	53	1	0.018518518518518517	8	2	7	8	2	8	8	2	8		false	
rf1	11374	01	1	/ZPOOL/data/projects/rf1-sra-linux2/bids/sub-11374/ses-01/func/sub-11374_ses-01_task-sharedreward_run-1_events.tsv	/ZPOOL/data/projects/sharedreward-aging/derivatives/harmonized/events/rf1/sub-11374/ses-01/func/sub-11374_ses-01_task-sharedreward_run-1_desc-fullTrial_events.tsv	54	53	1	0.018518518518518517	8	2	8	8	2	8	7	2	8		false	
rf1	11374	01	2	/ZPOOL/data/projects/rf1-sra-linux2/bids/sub-11374/ses-01/func/sub-11374_ses-01_task-sharedreward_run-2_events.tsv	/ZPOOL/data/projects/sharedreward-aging/derivatives/harmonized/events/rf1/sub-11374/ses-01/func/sub-11374_ses-01_task-sharedreward_run-2_desc-fullTrial_events.tsv	54	54	0	0.0	8	2	8	8	2	8	8	2	8		false	
rf1	11376	01	1	/ZPOOL/data/projects/rf1-sra-linux2/bids/sub-11376/ses-01/func/sub-11376_ses-01_task-sharedreward_run-1_events.tsv	/ZPOOL/data/projects/sharedreward-aging/derivatives/harmonized/events/rf1/sub-11376/ses-01/func/sub-11376_ses-01_task-sharedreward_run-1_desc-fullTrial_events.tsv	54	54	0	0.0	8	2	8	8	2	8	8	2	8		false	
rf1	11376	01	2	/ZPOOL/data/projects/rf1-sra-linux2/bids/sub-11376/ses-01/func/sub-11376_ses-01_task-sharedreward_run-2_events.tsv	/ZPOOL/data/projects/sharedreward-aging/derivatives/harmonized/events/rf1/sub-11376/ses-01/func/sub-11376_ses-01_task-sharedreward_run-2_desc-fullTrial_events.tsv	54	54	0	0.0	8	2	8	8	2	8	8	2	8		false	
rf1	11377	01	1	/ZPOOL/data/projects/rf1-sra-linux2/bids/sub-11377/ses-01/func/sub-11377_ses-01_task-sharedreward_run-1_events.tsv	/ZPOOL/data/projects/sharedreward-aging/derivatives/harmonized/events/rf1/sub-11377/ses-01/func/sub-11377_ses-01_task-sharedreward_run-1_desc-fullTrial_events.tsv	54	54	0	0.0	8	2	8	8	2	8	8	2	8		false	
rf1	11377	01	2	/ZPOOL/data/projects/rf1-sra-linux2/bids/sub-11377/ses-01/func/sub-11377_ses-01_task-sharedreward_run-2_events.tsv	/ZPOOL/data/projects/sharedreward-aging/derivatives/harmonized/events/rf1/sub-11377/ses-01/func/sub-11377_ses-01_task-sharedreward_run-2_desc-fullTrial_events.tsv	54	54	0	0.0	8	2	8	8	2	8	8	2	8		false	
rf1	11387	01	1	/ZPOOL/data/projects/rf1-sra-linux2/bids/sub-11387/ses-01/func/sub-11387_ses-01_task-sharedreward_run-1_events.tsv	/ZPOOL/data/projects/sharedreward-aging/derivatives/harmonized/events/rf1/sub-11387/ses-01/func/sub-11387_ses-01_task-sharedreward_run-1_desc-fullTrial_events.tsv	54	54	0	0.0	8	2	8	8	2	8	8	2	8		false	
rf1	11387	01	2	/ZPOOL/data/projects/rf1-sra-linux2/bids/sub-11387/ses-01/func/sub-11387_ses-01_task-sharedreward_run-2_events.tsv	/ZPOOL/data/projects/sharedreward-aging/derivatives/harmonized/events/rf1/sub-11387/ses-01/func/sub-11387_ses-01_task-sharedreward_run-2_desc-fullTrial_events.tsv	54	54	0	0.0	8	2	8	8	2	8	8	2	8		false	
rf1	11410	01	1	/ZPOOL/data/projects/rf1-sra-linux2/bids/sub-11410/ses-01/func/sub-11410_ses-01_task-sharedreward_run-1_events.tsv	/ZPOOL/data/projects/sharedreward-aging/derivatives/harmonized/events/rf1/sub-11410/ses-01/func/sub-11410_ses-01_task-sharedreward_run-1_desc-fullTrial_events.tsv	54	53	1	0.018518518518518517	8	2	8	8	2	7	8	2	8		false	
rf1	11410	01	2	/ZPOOL/data/projects/rf1-sra-linux2/bids/sub-11410/ses-01/func/sub-11410_ses-01_task-sharedreward_run-2_events.tsv	/ZPOOL/data/projects/sharedreward-aging/derivatives/harmonized/events/rf1/sub-11410/ses-01/func/sub-11410_ses-01_task-sharedreward_run-2_desc-fullTrial_events.tsv	54	51	3	0.05555555555555555	8	2	7	8	2	7	8	2	7		false	
rf1	11416	01	1	/ZPOOL/data/projects/rf1-sra-linux2/bids/sub-11416/ses-01/func/sub-11416_ses-01_task-sharedreward_run-1_events.tsv	/ZPOOL/data/projects/sharedreward-aging/derivatives/harmonized/events/rf1/sub-11416/ses-01/func/sub-11416_ses-01_task-sharedreward_run-1_desc-fullTrial_events.tsv	54	54	0	0.0	8	2	8	8	2	8	8	2	8		false	
rf1	11426	01	1	/ZPOOL/data/projects/rf1-sra-linux2/bids/sub-11426/ses-01/func/sub-11426_ses-01_task-sharedreward_run-1_events.tsv	/ZPOOL/data/projects/sharedreward-aging/derivatives/harmonized/events/rf1/sub-11426/ses-01/func/sub-11426_ses-01_task-sharedreward_run-1_desc-fullTrial_events.tsv	54	53	1	0.018518518518518517	8	2	8	8	2	7	8	2	8		false	
rf1	11430	01	1	/ZPOOL/data/projects/rf1-sra-linux2/bids/sub-11430/ses-01/func/sub-11430_ses-01_task-sharedreward_run-1_events.tsv	/ZPOOL/data/projects/sharedreward-aging/derivatives/harmonized/events/rf1/sub-11430/ses-01/func/sub-11430_ses-01_task-sharedreward_run-1_desc-fullTrial_events.tsv	54	53	1	0.018518518518518517	8	2	7	8	2	8	8	2	8		false	
rf1	11432	01	1	/ZPOOL/data/projects/rf1-sra-linux2/bids/sub-11432/ses-01/func/sub-11432_ses-01_task-sharedreward_run-1_events.tsv	/ZPOOL/data/projects/sharedreward-aging/derivatives/harmonized/events/rf1/sub-11432/ses-01/func/sub-11432_ses-01_task-sharedreward_run-1_desc-fullTrial_events.tsv	54	54	0	0.0	8	2	8	8	2	8	8	2	8		false	
rf1	11432	01	2	/ZPOOL/data/projects/rf1-sra-linux2/bids/sub-11432/ses-01/func/sub-11432_ses-01_task-sharedreward_run-2_events.tsv	/ZPOOL/data/projects/sharedreward-aging/derivatives/harmonized/events/rf1/sub-11432/ses-01/func/sub-11432_ses-01_task-sharedreward_run-2_desc-fullTrial_events.tsv	54	54	0	0.0	8	2	8	8	2	8	8	2	8		false	
rf1	11433	01	1	/ZPOOL/data/projects/rf1-sra-linux2/bids/sub-11433/ses-01/func/sub-11433_ses-01_task-sharedreward_run-1_events.tsv	/ZPOOL/data/projects/sharedreward-aging/derivatives/harmonized/events/rf1/sub-11433/ses-01/func/sub-11433_ses-01_task-sharedreward_run-1_desc-fullTrial_events.tsv	54	53	1	0.018518518518518517	8	2	8	8	2	8	8	2	7		false	
rf1	11433	01	2	/ZPOOL/data/projects/rf1-sra-linux2/bids/sub-11433/ses-01/func/sub-11433_ses-01_task-sharedreward_run-2_events.tsv	/ZPOOL/data/projects/sharedreward-aging/derivatives/harmonized/events/rf1/sub-11433/ses-01/func/sub-11433_ses-01_task-sharedreward_run-2_desc-fullTrial_events.tsv	54	54	0	0.0	8	2	8	8	2	8	8	2	8		false	
rf1	11435	01	1	/ZPOOL/data/projects/rf1-sra-linux2/bids/sub-11435/ses-01/func/sub-11435_ses-01_task-sharedreward_run-1_events.tsv	/ZPOOL/data/projects/sharedreward-aging/derivatives/harmonized/events/rf1/sub-11435/ses-01/func/sub-11435_ses-01_task-sharedreward_run-1_desc-fullTrial_events.tsv	54	53	1	0.018518518518518517	8	2	8	8	2	8	8	1	8		false	
rf1	11435	01	2	/ZPOOL/data/projects/rf1-sra-linux2/bids/sub-11435/ses-01/func/sub-11435_ses-01_task-sharedreward_run-2_events.tsv	/ZPOOL/data/projects/sharedreward-aging/derivatives/harmonized/events/rf1/sub-11435/ses-01/func/sub-11435_ses-01_task-sharedreward_run-2_desc-fullTrial_events.tsv	54	54	0	0.0	8	2	8	8	2	8	8	2	8		false	
rf1	11439	01	1	/ZPOOL/data/projects/rf1-sra-linux2/bids/sub-11439/ses-01/func/sub-11439_ses-01_task-sharedreward_run-1_events.tsv	/ZPOOL/data/projects/sharedreward-aging/derivatives/harmonized/events/rf1/sub-11439/ses-01/func/sub-11439_ses-01_task-sharedreward_run-1_desc-fullTrial_events.tsv	54	54	0	0.0	8	2	8	8	2	8	8	2	8		false	
rf1	11440	01	1	/ZPOOL/data/projects/rf1-sra-linux2/bids/sub-11440/ses-01/func/sub-11440_ses-01_task-sharedreward_run-1_events.tsv	/ZPOOL/data/projects/sharedreward-aging/derivatives/harmonized/events/rf1/sub-11440/ses-01/func/sub-11440_ses-01_task-sharedreward_run-1_desc-fullTrial_events.tsv	54	50	4	0.07407407407407407	7	1	8	8	2	6	8	2	8		false	
rf1	11440	01	2	/ZPOOL/data/projects/rf1-sra-linux2/bids/sub-11440/ses-01/func/sub-11440_ses-01_task-sharedreward_run-2_events.tsv	/ZPOOL/data/projects/sharedreward-aging/derivatives/harmonized/events/rf1/sub-11440/ses-01/func/sub-11440_ses-01_task-sharedreward_run-2_desc-fullTrial_events.tsv	54	54	0	0.0	8	2	8	8	2	8	8	2	8		false	
rf1	11443	01	1	/ZPOOL/data/projects/rf1-sra-linux2/bids/sub-11443/ses-01/func/sub-11443_ses-01_task-sharedreward_run-1_events.tsv	/ZPOOL/data/projects/sharedreward-aging/derivatives/harmonized/events/rf1/sub-11443/ses-01/func/sub-11443_ses-01_task-sharedreward_run-1_desc-fullTrial_events.tsv	54	54	0	0.0	8	2	8	8	2	8	8	2	8		false	
rf1	11450	01	1	/ZPOOL/data/projects/rf1-sra-linux2/bids/sub-11450/ses-01/func/sub-11450_ses-01_task-sharedreward_run-1_events.tsv	/ZPOOL/data/projects/sharedreward-aging/derivatives/harmonized/events/rf1/sub-11450/ses-01/func/sub-11450_ses-01_task-sharedreward_run-1_desc-fullTrial_events.tsv	54	54	0	0.0	8	2	8	8	2	8	8	2	8		false	
rf1	11451	01	1	/ZPOOL/data/projects/rf1-sra-linux2/bids/sub-11451/ses-01/func/sub-11451_ses-01_task-sharedreward_run-1_events.tsv	/ZPOOL/data/projects/sharedreward-aging/derivatives/harmonized/events/rf1/sub-11451/ses-01/func/sub-11451_ses-01_task-sharedreward_run-1_desc-fullTrial_events.tsv	54	53	1	0.018518518518518517	8	1	8	8	2	8	8	2	8		false	
rf1	11451	01	2	/ZPOOL/data/projects/rf1-sra-linux2/bids/sub-11451/ses-01/func/sub-11451_ses-01_task-sharedreward_run-2_events.tsv	/ZPOOL/data/projects/sharedreward-aging/derivatives/harmonized/events/rf1/sub-11451/ses-01/func/sub-11451_ses-01_task-sharedreward_run-2_desc-fullTrial_events.tsv	54	54	0	0.0	8	2	8	8	2	8	8	2	8		false	
rf1	11461	01	1	/ZPOOL/data/projects/rf1-sra-linux2/bids/sub-11461/ses-01/func/sub-11461_ses-01_task-sharedreward_run-1_events.tsv	/ZPOOL/data/projects/sharedreward-aging/derivatives/harmonized/events/rf1/sub-11461/ses-01/func/sub-11461_ses-01_task-sharedreward_run-1_desc-fullTrial_events.tsv	54	53	1	0.018518518518518517	7	2	8	8	2	8	8	2	8		false	
rf1	11461	01	2	/ZPOOL/data/projects/rf1-sra-linux2/bids/sub-11461/ses-01/func/sub-11461_ses-01_task-sharedreward_run-2_events.tsv	/ZPOOL/data/projects/sharedreward-aging/derivatives/harmonized/events/rf1/sub-11461/ses-01/func/sub-11461_ses-01_task-sharedreward_run-2_desc-fullTrial_events.tsv	54	54	0	0.0	8	2	8	8	2	8	8	2	8		false	
rf1	11462	01	1	/ZPOOL/data/projects/rf1-sra-linux2/bids/sub-11462/ses-01/func/sub-11462_ses-01_task-sharedreward_run-1_events.tsv	/ZPOOL/data/projects/sharedreward-aging/derivatives/harmonized/events/rf1/sub-11462/ses-01/func/sub-11462_ses-01_task-sharedreward_run-1_desc-fullTrial_events.tsv	54	54	0	0.0	8	2	8	8	2	8	8	2	8		false	
rf1	11472	01	1	/ZPOOL/data/projects/rf1-sra-linux2/bids/sub-11472/ses-01/func/sub-11472_ses-01_task-sharedreward_run-1_events.tsv	/ZPOOL/data/projects/sharedreward-aging/derivatives/harmonized/events/rf1/sub-11472/ses-01/func/sub-11472_ses-01_task-sharedreward_run-1_desc-fullTrial_events.tsv	54	48	6	0.1111111111111111	7	2	8	7	1	7	8	2	6		false	
rf1	11472	01	2	/ZPOOL/data/projects/rf1-sra-linux2/bids/sub-11472/ses-01/func/sub-11472_ses-01_task-sharedreward_run-2_events.tsv	/ZPOOL/data/projects/sharedreward-aging/derivatives/harmonized/events/rf1/sub-11472/ses-01/func/sub-11472_ses-01_task-sharedreward_run-2_desc-fullTrial_events.tsv	54	49	5	0.09259259259259259	7	2	8	8	2	7	8	2	5		false	
rf1	11492	01	1	/ZPOOL/data/projects/rf1-sra-linux2/bids/sub-11492/ses-01/func/sub-11492_ses-01_task-sharedreward_run-1_events.tsv	/ZPOOL/data/projects/sharedreward-aging/derivatives/harmonized/events/rf1/sub-11492/ses-01/func/sub-11492_ses-01_task-sharedreward_run-1_desc-fullTrial_events.tsv	54	53	1	0.018518518518518517	8	2	7	8	2	8	8	2	8		false	
rf1	11492	01	2	/ZPOOL/data/projects/rf1-sra-linux2/bids/sub-11492/ses-01/func/sub-11492_ses-01_task-sharedreward_run-2_events.tsv	/ZPOOL/data/projects/sharedreward-aging/derivatives/harmonized/events/rf1/sub-11492/ses-01/func/sub-11492_ses-01_task-sharedreward_run-2_desc-fullTrial_events.tsv	54	53	1	0.018518518518518517	8	2	8	8	2	8	8	1	8		false	
rf1	11493	01	1	/ZPOOL/data/projects/rf1-sra-linux2/bids/sub-11493/ses-01/func/sub-11493_ses-01_task-sharedreward_run-1_events.tsv	/ZPOOL/data/projects/sharedreward-aging/derivatives/harmonized/events/rf1/sub-11493/ses-01/func/sub-11493_ses-01_task-sharedreward_run-1_desc-fullTrial_events.tsv	54	53	1	0.018518518518518517	7	2	8	8	2	8	8	2	8		false	
rf1	11493	01	2	/ZPOOL/data/projects/rf1-sra-linux2/bids/sub-11493/ses-01/func/sub-11493_ses-01_task-sharedreward_run-2_events.tsv	/ZPOOL/data/projects/sharedreward-aging/derivatives/harmonized/events/rf1/sub-11493/ses-01/func/sub-11493_ses-01_task-sharedreward_run-2_desc-fullTrial_events.tsv	54	54	0	0.0	8	2	8	8	2	8	8	2	8		false	
rf1	11498	01	1	/ZPOOL/data/projects/rf1-sra-linux2/bids/sub-11498/ses-01/func/sub-11498_ses-01_task-sharedreward_run-1_events.tsv	/ZPOOL/data/projects/sharedreward-aging/derivatives/harmonized/events/rf1/sub-11498/ses-01/func/sub-11498_ses-01_task-sharedreward_run-1_desc-fullTrial_events.tsv	54	53	1	0.018518518518518517	8	2	8	8	2	8	8	1	8		false	
rf1	11517	01	1	/ZPOOL/data/projects/rf1-sra-linux2/bids/sub-11517/ses-01/func/sub-11517_ses-01_task-sharedreward_run-1_events.tsv	/ZPOOL/data/projects/sharedreward-aging/derivatives/harmonized/events/rf1/sub-11517/ses-01/func/sub-11517_ses-01_task-sharedreward_run-1_desc-fullTrial_events.tsv	54	52	2	0.037037037037037035	8	2	8	8	2	8	8	0	8	event_stranger_neutral	false	
rf1	11517	01	2	/ZPOOL/data/projects/rf1-sra-linux2/bids/sub-11517/ses-01/func/sub-11517_ses-01_task-sharedreward_run-2_events.tsv	/ZPOOL/data/projects/sharedreward-aging/derivatives/harmonized/events/rf1/sub-11517/ses-01/func/sub-11517_ses-01_task-sharedreward_run-2_desc-fullTrial_events.tsv	54	44	10	0.18518518518518517	6	2	5	7	2	7	7	2	6		false	
rf1	11518	01	1	/ZPOOL/data/projects/rf1-sra-linux2/bids/sub-11518/ses-01/func/sub-11518_ses-01_task-sharedreward_run-1_events.tsv	/ZPOOL/data/projects/sharedreward-aging/derivatives/harmonized/events/rf1/sub-11518/ses-01/func/sub-11518_ses-01_task-sharedreward_run-1_desc-fullTrial_events.tsv	54	49	5	0.09259259259259259	8	2	8	7	2	7	8	1	6		false	
rf1	11518	01	2	/ZPOOL/data/projects/rf1-sra-linux2/bids/sub-11518/ses-01/func/sub-11518_ses-01_task-sharedreward_run-2_events.tsv	/ZPOOL/data/projects/sharedreward-aging/derivatives/harmonized/events/rf1/sub-11518/ses-01/func/sub-11518_ses-01_task-sharedreward_run-2_desc-fullTrial_events.tsv	54	46	8	0.14814814814814814	5	1	7	7	2	7	7	2	8		false	
rf1	11523	01	1	/ZPOOL/data/projects/rf1-sra-linux2/bids/sub-11523/ses-01/func/sub-11523_ses-01_task-sharedreward_run-1_events.tsv	/ZPOOL/data/projects/sharedreward-aging/derivatives/harmonized/events/rf1/sub-11523/ses-01/func/sub-11523_ses-01_task-sharedreward_run-1_desc-fullTrial_events.tsv	54	54	0	0.0	8	2	8	8	2	8	8	2	8		false	
rf1	11523	01	2	/ZPOOL/data/projects/rf1-sra-linux2/bids/sub-11523/ses-01/func/sub-11523_ses-01_task-sharedreward_run-2_events.tsv	/ZPOOL/data/projects/sharedreward-aging/derivatives/harmonized/events/rf1/sub-11523/ses-01/func/sub-11523_ses-01_task-sharedreward_run-2_desc-fullTrial_events.tsv	54	53	1	0.018518518518518517	8	2	8	8	2	7	8	2	8		false	
rf1	11526	01	1	/ZPOOL/data/projects/rf1-sra-linux2/bids/sub-11526/ses-01/func/sub-11526_ses-01_task-sharedreward_run-1_events.tsv	/ZPOOL/data/projects/sharedreward-aging/derivatives/harmonized/events/rf1/sub-11526/ses-01/func/sub-11526_ses-01_task-sharedreward_run-1_desc-fullTrial_events.tsv	54	54	0	0.0	8	2	8	8	2	8	8	2	8		false	
rf1	11526	01	2	/ZPOOL/data/projects/rf1-sra-linux2/bids/sub-11526/ses-01/func/sub-11526_ses-01_task-sharedreward_run-2_events.tsv	/ZPOOL/data/projects/sharedreward-aging/derivatives/harmonized/events/rf1/sub-11526/ses-01/func/sub-11526_ses-01_task-sharedreward_run-2_desc-fullTrial_events.tsv	54	54	0	0.0	8	2	8	8	2	8	8	2	8		false	
rf1	11527	01	1	/ZPOOL/data/projects/rf1-sra-linux2/bids/sub-11527/ses-01/func/sub-11527_ses-01_task-sharedreward_run-1_events.tsv	/ZPOOL/data/projects/sharedreward-aging/derivatives/harmonized/events/rf1/sub-11527/ses-01/func/sub-11527_ses-01_task-sharedreward_run-1_desc-fullTrial_events.tsv	54	52	2	0.037037037037037035	8	2	8	8	1	7	8	2	8		false	
rf1	11527	01	2	/ZPOOL/data/projects/rf1-sra-linux2/bids/sub-11527/ses-01/func/sub-11527_ses-01_task-sharedreward_run-2_events.tsv	/ZPOOL/data/projects/sharedreward-aging/derivatives/harmonized/events/rf1/sub-11527/ses-01/func/sub-11527_ses-01_task-sharedreward_run-2_desc-fullTrial_events.tsv	54	44	10	0.18518518518518517	6	2	8	6	1	7	7	2	5		false	
rf1	11529	01	1	/ZPOOL/data/projects/rf1-sra-linux2/bids/sub-11529/ses-01/func/sub-11529_ses-01_task-sharedreward_run-1_events.tsv	/ZPOOL/data/projects/sharedreward-aging/derivatives/harmonized/events/rf1/sub-11529/ses-01/func/sub-11529_ses-01_task-sharedreward_run-1_desc-fullTrial_events.tsv	54	54	0	0.0	8	2	8	8	2	8	8	2	8		false	
rf1	11529	01	2	/ZPOOL/data/projects/rf1-sra-linux2/bids/sub-11529/ses-01/func/sub-11529_ses-01_task-sharedreward_run-2_events.tsv	/ZPOOL/data/projects/sharedreward-aging/derivatives/harmonized/events/rf1/sub-11529/ses-01/func/sub-11529_ses-01_task-sharedreward_run-2_desc-fullTrial_events.tsv	54	54	0	0.0	8	2	8	8	2	8	8	2	8		false	
rf1	11530	01	1	/ZPOOL/data/projects/rf1-sra-linux2/bids/sub-11530/ses-01/func/sub-11530_ses-01_task-sharedreward_run-1_events.tsv	/ZPOOL/data/projects/sharedreward-aging/derivatives/harmonized/events/rf1/sub-11530/ses-01/func/sub-11530_ses-01_task-sharedreward_run-1_desc-fullTrial_events.tsv	54	54	0	0.0	8	2	8	8	2	8	8	2	8		false	
rf1	11530	01	2	/ZPOOL/data/projects/rf1-sra-linux2/bids/sub-11530/ses-01/func/sub-11530_ses-01_task-sharedreward_run-2_events.tsv	/ZPOOL/data/projects/sharedreward-aging/derivatives/harmonized/events/rf1/sub-11530/ses-01/func/sub-11530_ses-01_task-sharedreward_run-2_desc-fullTrial_events.tsv	54	54	0	0.0	8	2	8	8	2	8	8	2	8		false	
rf1	11532	01	1	/ZPOOL/data/projects/rf1-sra-linux2/bids/sub-11532/ses-01/func/sub-11532_ses-01_task-sharedreward_run-1_events.tsv	/ZPOOL/data/projects/sharedreward-aging/derivatives/harmonized/events/rf1/sub-11532/ses-01/func/sub-11532_ses-01_task-sharedreward_run-1_desc-fullTrial_events.tsv	54	54	0	0.0	8	2	8	8	2	8	8	2	8		false	
rf1	11532	01	2	/ZPOOL/data/projects/rf1-sra-linux2/bids/sub-11532/ses-01/func/sub-11532_ses-01_task-sharedreward_run-2_events.tsv	/ZPOOL/data/projects/sharedreward-aging/derivatives/harmonized/events/rf1/sub-11532/ses-01/func/sub-11532_ses-01_task-sharedreward_run-2_desc-fullTrial_events.tsv	54	54	0	0.0	8	2	8	8	2	8	8	2	8		false	
rf1	11533	01	1	/ZPOOL/data/projects/rf1-sra-linux2/bids/sub-11533/ses-01/func/sub-11533_ses-01_task-sharedreward_run-1_events.tsv	/ZPOOL/data/projects/sharedreward-aging/derivatives/harmonized/events/rf1/sub-11533/ses-01/func/sub-11533_ses-01_task-sharedreward_run-1_desc-fullTrial_events.tsv	54	54	0	0.0	8	2	8	8	2	8	8	2	8		false	
rf1	11533	01	2	/ZPOOL/data/projects/rf1-sra-linux2/bids/sub-11533/ses-01/func/sub-11533_ses-01_task-sharedreward_run-2_events.tsv	/ZPOOL/data/projects/sharedreward-aging/derivatives/harmonized/events/rf1/sub-11533/ses-01/func/sub-11533_ses-01_task-sharedreward_run-2_desc-fullTrial_events.tsv	54	54	0	0.0	8	2	8	8	2	8	8	2	8		false	
rf1	11534	01	1	/ZPOOL/data/projects/rf1-sra-linux2/bids/sub-11534/ses-01/func/sub-11534_ses-01_task-sharedreward_run-1_events.tsv	/ZPOOL/data/projects/sharedreward-aging/derivatives/harmonized/events/rf1/sub-11534/ses-01/func/sub-11534_ses-01_task-sharedreward_run-1_desc-fullTrial_events.tsv	54	54	0	0.0	8	2	8	8	2	8	8	2	8		false	
rf1	11534	01	2	/ZPOOL/data/projects/rf1-sra-linux2/bids/sub-11534/ses-01/func/sub-11534_ses-01_task-sharedreward_run-2_events.tsv	/ZPOOL/data/projects/sharedreward-aging/derivatives/harmonized/events/rf1/sub-11534/ses-01/func/sub-11534_ses-01_task-sharedreward_run-2_desc-fullTrial_events.tsv	54	54	0	0.0	8	2	8	8	2	8	8	2	8		false	
rf1	11535	01	1	/ZPOOL/data/projects/rf1-sra-linux2/bids/sub-11535/ses-01/func/sub-11535_ses-01_task-sharedreward_run-1_events.tsv	/ZPOOL/data/projects/sharedreward-aging/derivatives/harmonized/events/rf1/sub-11535/ses-01/func/sub-11535_ses-01_task-sharedreward_run-1_desc-fullTrial_events.tsv	54	42	12	0.2222222222222222	7	1	8	6	2	6	5	1	6		false	
rf1	11535	01	2	/ZPOOL/data/projects/rf1-sra-linux2/bids/sub-11535/ses-01/func/sub-11535_ses-01_task-sharedreward_run-2_events.tsv	/ZPOOL/data/projects/sharedreward-aging/derivatives/harmonized/events/rf1/sub-11535/ses-01/func/sub-11535_ses-01_task-sharedreward_run-2_desc-fullTrial_events.tsv	54	42	12	0.2222222222222222	8	2	7	8	2	5	4	1	5		false	
rf1	11536	01	1	/ZPOOL/data/projects/rf1-sra-linux2/bids/sub-11536/ses-01/func/sub-11536_ses-01_task-sharedreward_run-1_events.tsv	/ZPOOL/data/projects/sharedreward-aging/derivatives/harmonized/events/rf1/sub-11536/ses-01/func/sub-11536_ses-01_task-sharedreward_run-1_desc-fullTrial_events.tsv	54	54	0	0.0	8	2	8	8	2	8	8	2	8		false	
rf1	11536	01	2	/ZPOOL/data/projects/rf1-sra-linux2/bids/sub-11536/ses-01/func/sub-11536_ses-01_task-sharedreward_run-2_events.tsv	/ZPOOL/data/projects/sharedreward-aging/derivatives/harmonized/events/rf1/sub-11536/ses-01/func/sub-11536_ses-01_task-sharedreward_run-2_desc-fullTrial_events.tsv	54	50	4	0.07407407407407407	8	2	6	7	2	8	8	2	7		false	
rf1	11539	01	1	/ZPOOL/data/projects/rf1-sra-linux2/bids/sub-11539/ses-01/func/sub-11539_ses-01_task-sharedreward_run-1_events.tsv	/ZPOOL/data/projects/sharedreward-aging/derivatives/harmonized/events/rf1/sub-11539/ses-01/func/sub-11539_ses-01_task-sharedreward_run-1_desc-fullTrial_events.tsv	54	53	1	0.018518518518518517	8	2	8	8	2	8	7	2	8		false	
rf1	11539	01	2	/ZPOOL/data/projects/rf1-sra-linux2/bids/sub-11539/ses-01/func/sub-11539_ses-01_task-sharedreward_run-2_events.tsv	/ZPOOL/data/projects/sharedreward-aging/derivatives/harmonized/events/rf1/sub-11539/ses-01/func/sub-11539_ses-01_task-sharedreward_run-2_desc-fullTrial_events.tsv	54	54	0	0.0	8	2	8	8	2	8	8	2	8		false	
rf1	11540	01	1	/ZPOOL/data/projects/rf1-sra-linux2/bids/sub-11540/ses-01/func/sub-11540_ses-01_task-sharedreward_run-1_events.tsv	/ZPOOL/data/projects/sharedreward-aging/derivatives/harmonized/events/rf1/sub-11540/ses-01/func/sub-11540_ses-01_task-sharedreward_run-1_desc-fullTrial_events.tsv	54	54	0	0.0	8	2	8	8	2	8	8	2	8		false	
rf1	11540	01	2	/ZPOOL/data/projects/rf1-sra-linux2/bids/sub-11540/ses-01/func/sub-11540_ses-01_task-sharedreward_run-2_events.tsv	/ZPOOL/data/projects/sharedreward-aging/derivatives/harmonized/events/rf1/sub-11540/ses-01/func/sub-11540_ses-01_task-sharedreward_run-2_desc-fullTrial_events.tsv	54	54	0	0.0	8	2	8	8	2	8	8	2	8		false	
rf1	11542	01	1	/ZPOOL/data/projects/rf1-sra-linux2/bids/sub-11542/ses-01/func/sub-11542_ses-01_task-sharedreward_run-1_events.tsv	/ZPOOL/data/projects/sharedreward-aging/derivatives/harmonized/events/rf1/sub-11542/ses-01/func/sub-11542_ses-01_task-sharedreward_run-1_desc-fullTrial_events.tsv	54	52	2	0.037037037037037035	6	2	8	8	2	8	8	2	8		false	
rf1	11542	01	2	/ZPOOL/data/projects/rf1-sra-linux2/bids/sub-11542/ses-01/func/sub-11542_ses-01_task-sharedreward_run-2_events.tsv	/ZPOOL/data/projects/sharedreward-aging/derivatives/harmonized/events/rf1/sub-11542/ses-01/func/sub-11542_ses-01_task-sharedreward_run-2_desc-fullTrial_events.tsv	54	54	0	0.0	8	2	8	8	2	8	8	2	8		false	
rf1	11545	01	1	/ZPOOL/data/projects/rf1-sra-linux2/bids/sub-11545/ses-01/func/sub-11545_ses-01_task-sharedreward_run-1_events.tsv	/ZPOOL/data/projects/sharedreward-aging/derivatives/harmonized/events/rf1/sub-11545/ses-01/func/sub-11545_ses-01_task-sharedreward_run-1_desc-fullTrial_events.tsv	54	54	0	0.0	8	2	8	8	2	8	8	2	8		false	
rf1	11545	01	2	/ZPOOL/data/projects/rf1-sra-linux2/bids/sub-11545/ses-01/func/sub-11545_ses-01_task-sharedreward_run-2_events.tsv	/ZPOOL/data/projects/sharedreward-aging/derivatives/harmonized/events/rf1/sub-11545/ses-01/func/sub-11545_ses-01_task-sharedreward_run-2_desc-fullTrial_events.tsv	54	54	0	0.0	8	2	8	8	2	8	8	2	8		false	
rf1	11551	01	1	/ZPOOL/data/projects/rf1-sra-linux2/bids/sub-11551/ses-01/func/sub-11551_ses-01_task-sharedreward_run-1_events.tsv	/ZPOOL/data/projects/sharedreward-aging/derivatives/harmonized/events/rf1/sub-11551/ses-01/func/sub-11551_ses-01_task-sharedreward_run-1_desc-fullTrial_events.tsv	54	52	2	0.037037037037037035	8	2	8	7	2	8	8	2	7		false	
rf1	11551	01	2	/ZPOOL/data/projects/rf1-sra-linux2/bids/sub-11551/ses-01/func/sub-11551_ses-01_task-sharedreward_run-2_events.tsv	/ZPOOL/data/projects/sharedreward-aging/derivatives/harmonized/events/rf1/sub-11551/ses-01/func/sub-11551_ses-01_task-sharedreward_run-2_desc-fullTrial_events.tsv	54	54	0	0.0	8	2	8	8	2	8	8	2	8		false	
rf1	11559	01	1	/ZPOOL/data/projects/rf1-sra-linux2/bids/sub-11559/ses-01/func/sub-11559_ses-01_task-sharedreward_run-1_events.tsv	/ZPOOL/data/projects/sharedreward-aging/derivatives/harmonized/events/rf1/sub-11559/ses-01/func/sub-11559_ses-01_task-sharedreward_run-1_desc-fullTrial_events.tsv	54	50	4	0.07407407407407407	8	2	7	7	2	8	8	1	7		false	
rf1	11559	01	2	/ZPOOL/data/projects/rf1-sra-linux2/bids/sub-11559/ses-01/func/sub-11559_ses-01_task-sharedreward_run-2_events.tsv	/ZPOOL/data/projects/sharedreward-aging/derivatives/harmonized/events/rf1/sub-11559/ses-01/func/sub-11559_ses-01_task-sharedreward_run-2_desc-fullTrial_events.tsv	54	54	0	0.0	8	2	8	8	2	8	8	2	8		false	
rf1	11560	01	1	/ZPOOL/data/projects/rf1-sra-linux2/bids/sub-11560/ses-01/func/sub-11560_ses-01_task-sharedreward_run-1_events.tsv	/ZPOOL/data/projects/sharedreward-aging/derivatives/harmonized/events/rf1/sub-11560/ses-01/func/sub-11560_ses-01_task-sharedreward_run-1_desc-fullTrial_events.tsv	54	49	5	0.09259259259259259	8	2	7	7	2	8	6	2	7		false	
rf1	11560	01	2	/ZPOOL/data/projects/rf1-sra-linux2/bids/sub-11560/ses-01/func/sub-11560_ses-01_task-sharedreward_run-2_events.tsv	/ZPOOL/data/projects/sharedreward-aging/derivatives/harmonized/events/rf1/sub-11560/ses-01/func/sub-11560_ses-01_task-sharedreward_run-2_desc-fullTrial_events.tsv	54	46	8	0.14814814814814814	7	2	7	8	2	6	6	2	6		false	
rf1	11563	01	1	/ZPOOL/data/projects/rf1-sra-linux2/bids/sub-11563/ses-01/func/sub-11563_ses-01_task-sharedreward_run-1_events.tsv	/ZPOOL/data/projects/sharedreward-aging/derivatives/harmonized/events/rf1/sub-11563/ses-01/func/sub-11563_ses-01_task-sharedreward_run-1_desc-fullTrial_events.tsv	54	54	0	0.0	8	2	8	8	2	8	8	2	8		false	
rf1	11563	01	2	/ZPOOL/data/projects/rf1-sra-linux2/bids/sub-11563/ses-01/func/sub-11563_ses-01_task-sharedreward_run-2_events.tsv	/ZPOOL/data/projects/sharedreward-aging/derivatives/harmonized/events/rf1/sub-11563/ses-01/func/sub-11563_ses-01_task-sharedreward_run-2_desc-fullTrial_events.tsv	54	54	0	0.0	8	2	8	8	2	8	8	2	8		false	
rf1	11570	01	1	/ZPOOL/data/projects/rf1-sra-linux2/bids/sub-11570/ses-01/func/sub-11570_ses-01_task-sharedreward_run-1_events.tsv	/ZPOOL/data/projects/sharedreward-aging/derivatives/harmonized/events/rf1/sub-11570/ses-01/func/sub-11570_ses-01_task-sharedreward_run-1_desc-fullTrial_events.tsv	54	54	0	0.0	8	2	8	8	2	8	8	2	8		false	
rf1	11570	01	2	/ZPOOL/data/projects/rf1-sra-linux2/bids/sub-11570/ses-01/func/sub-11570_ses-01_task-sharedreward_run-2_events.tsv	/ZPOOL/data/projects/sharedreward-aging/derivatives/harmonized/events/rf1/sub-11570/ses-01/func/sub-11570_ses-01_task-sharedreward_run-2_desc-fullTrial_events.tsv	54	54	0	0.0	8	2	8	8	2	8	8	2	8		false	
rf1	11572	01	1	/ZPOOL/data/projects/rf1-sra-linux2/bids/sub-11572/ses-01/func/sub-11572_ses-01_task-sharedreward_run-1_events.tsv	/ZPOOL/data/projects/sharedreward-aging/derivatives/harmonized/events/rf1/sub-11572/ses-01/func/sub-11572_ses-01_task-sharedreward_run-1_desc-fullTrial_events.tsv	54	54	0	0.0	8	2	8	8	2	8	8	2	8		false	
rf1	11572	01	2	/ZPOOL/data/projects/rf1-sra-linux2/bids/sub-11572/ses-01/func/sub-11572_ses-01_task-sharedreward_run-2_events.tsv	/ZPOOL/data/projects/sharedreward-aging/derivatives/harmonized/events/rf1/sub-11572/ses-01/func/sub-11572_ses-01_task-sharedreward_run-2_desc-fullTrial_events.tsv	54	54	0	0.0	8	2	8	8	2	8	8	2	8		false	
rf1	11579	01	1	/ZPOOL/data/projects/rf1-sra-linux2/bids/sub-11579/ses-01/func/sub-11579_ses-01_task-sharedreward_run-1_events.tsv	/ZPOOL/data/projects/sharedreward-aging/derivatives/harmonized/events/rf1/sub-11579/ses-01/func/sub-11579_ses-01_task-sharedreward_run-1_desc-fullTrial_events.tsv	54	54	0	0.0	8	2	8	8	2	8	8	2	8		false	
rf1	11579	01	2	/ZPOOL/data/projects/rf1-sra-linux2/bids/sub-11579/ses-01/func/sub-11579_ses-01_task-sharedreward_run-2_events.tsv	/ZPOOL/data/projects/sharedreward-aging/derivatives/harmonized/events/rf1/sub-11579/ses-01/func/sub-11579_ses-01_task-sharedreward_run-2_desc-fullTrial_events.tsv	54	54	0	0.0	8	2	8	8	2	8	8	2	8		false	
rf1	11586	01	1	/ZPOOL/data/projects/rf1-sra-linux2/bids/sub-11586/ses-01/func/sub-11586_ses-01_task-sharedreward_run-1_events.tsv	/ZPOOL/data/projects/sharedreward-aging/derivatives/harmonized/events/rf1/sub-11586/ses-01/func/sub-11586_ses-01_task-sharedreward_run-1_desc-fullTrial_events.tsv	54	54	0	0.0	8	2	8	8	2	8	8	2	8		false	
rf1	11587	01	1	/ZPOOL/data/projects/rf1-sra-linux2/bids/sub-11587/ses-01/func/sub-11587_ses-01_task-sharedreward_run-1_events.tsv	/ZPOOL/data/projects/sharedreward-aging/derivatives/harmonized/events/rf1/sub-11587/ses-01/func/sub-11587_ses-01_task-sharedreward_run-1_desc-fullTrial_events.tsv	54	54	0	0.0	8	2	8	8	2	8	8	2	8		false	
rf1	11587	01	2	/ZPOOL/data/projects/rf1-sra-linux2/bids/sub-11587/ses-01/func/sub-11587_ses-01_task-sharedreward_run-2_events.tsv	/ZPOOL/data/projects/sharedreward-aging/derivatives/harmonized/events/rf1/sub-11587/ses-01/func/sub-11587_ses-01_task-sharedreward_run-2_desc-fullTrial_events.tsv	54	54	0	0.0	8	2	8	8	2	8	8	2	8		false	
rf1	11588	01	1	/ZPOOL/data/projects/rf1-sra-linux2/bids/sub-11588/ses-01/func/sub-11588_ses-01_task-sharedreward_run-1_events.tsv	/ZPOOL/data/projects/sharedreward-aging/derivatives/harmonized/events/rf1/sub-11588/ses-01/func/sub-11588_ses-01_task-sharedreward_run-1_desc-fullTrial_events.tsv	54	54	0	0.0	8	2	8	8	2	8	8	2	8		false	
rf1	11588	01	2	/ZPOOL/data/projects/rf1-sra-linux2/bids/sub-11588/ses-01/func/sub-11588_ses-01_task-sharedreward_run-2_events.tsv	/ZPOOL/data/projects/sharedreward-aging/derivatives/harmonized/events/rf1/sub-11588/ses-01/func/sub-11588_ses-01_task-sharedreward_run-2_desc-fullTrial_events.tsv	54	54	0	0.0	8	2	8	8	2	8	8	2	8		false	
rf1	11591	01	1	/ZPOOL/data/projects/rf1-sra-linux2/bids/sub-11591/ses-01/func/sub-11591_ses-01_task-sharedreward_run-1_events.tsv	/ZPOOL/data/projects/sharedreward-aging/derivatives/harmonized/events/rf1/sub-11591/ses-01/func/sub-11591_ses-01_task-sharedreward_run-1_desc-fullTrial_events.tsv	54	53	1	0.018518518518518517	8	2	8	7	2	8	8	2	8		false	
rf1	11591	01	2	/ZPOOL/data/projects/rf1-sra-linux2/bids/sub-11591/ses-01/func/sub-11591_ses-01_task-sharedreward_run-2_events.tsv	/ZPOOL/data/projects/sharedreward-aging/derivatives/harmonized/events/rf1/sub-11591/ses-01/func/sub-11591_ses-01_task-sharedreward_run-2_desc-fullTrial_events.tsv	54	52	2	0.037037037037037035	8	2	8	8	2	8	8	1	7		false	
rf1	11597	01	1	/ZPOOL/data/projects/rf1-sra-linux2/bids/sub-11597/ses-01/func/sub-11597_ses-01_task-sharedreward_run-1_events.tsv	/ZPOOL/data/projects/sharedreward-aging/derivatives/harmonized/events/rf1/sub-11597/ses-01/func/sub-11597_ses-01_task-sharedreward_run-1_desc-fullTrial_events.tsv	54	54	0	0.0	8	2	8	8	2	8	8	2	8		false	
rf1	11597	01	2	/ZPOOL/data/projects/rf1-sra-linux2/bids/sub-11597/ses-01/func/sub-11597_ses-01_task-sharedreward_run-2_events.tsv	/ZPOOL/data/projects/sharedreward-aging/derivatives/harmonized/events/rf1/sub-11597/ses-01/func/sub-11597_ses-01_task-sharedreward_run-2_desc-fullTrial_events.tsv	54	54	0	0.0	8	2	8	8	2	8	8	2	8		false	
rf1	11598	01	1	/ZPOOL/data/projects/rf1-sra-linux2/bids/sub-11598/ses-01/func/sub-11598_ses-01_task-sharedreward_run-1_events.tsv	/ZPOOL/data/projects/sharedreward-aging/derivatives/harmonized/events/rf1/sub-11598/ses-01/func/sub-11598_ses-01_task-sharedreward_run-1_desc-fullTrial_events.tsv	54	54	0	0.0	8	2	8	8	2	8	8	2	8		false	
rf1	11598	01	2	/ZPOOL/data/projects/rf1-sra-linux2/bids/sub-11598/ses-01/func/sub-11598_ses-01_task-sharedreward_run-2_events.tsv	/ZPOOL/data/projects/sharedreward-aging/derivatives/harmonized/events/rf1/sub-11598/ses-01/func/sub-11598_ses-01_task-sharedreward_run-2_desc-fullTrial_events.tsv	54	51	3	0.05555555555555555	8	2	8	8	2	7	7	2	7		false	
rf1	11599	01	1	/ZPOOL/data/projects/rf1-sra-linux2/bids/sub-11599/ses-01/func/sub-11599_ses-01_task-sharedreward_run-1_events.tsv	/ZPOOL/data/projects/sharedreward-aging/derivatives/harmonized/events/rf1/sub-11599/ses-01/func/sub-11599_ses-01_task-sharedreward_run-1_desc-fullTrial_events.tsv	54	54	0	0.0	8	2	8	8	2	8	8	2	8		false	
rf1	11599	01	2	/ZPOOL/data/projects/rf1-sra-linux2/bids/sub-11599/ses-01/func/sub-11599_ses-01_task-sharedreward_run-2_events.tsv	/ZPOOL/data/projects/sharedreward-aging/derivatives/harmonized/events/rf1/sub-11599/ses-01/func/sub-11599_ses-01_task-sharedreward_run-2_desc-fullTrial_events.tsv	54	53	1	0.018518518518518517	8	2	8	8	2	7	8	2	8		false	
rf1	11600	01	1	/ZPOOL/data/projects/rf1-sra-linux2/bids/sub-11600/ses-01/func/sub-11600_ses-01_task-sharedreward_run-1_events.tsv	/ZPOOL/data/projects/sharedreward-aging/derivatives/harmonized/events/rf1/sub-11600/ses-01/func/sub-11600_ses-01_task-sharedreward_run-1_desc-fullTrial_events.tsv	54	54	0	0.0	8	2	8	8	2	8	8	2	8		false	
rf1	11600	01	2	/ZPOOL/data/projects/rf1-sra-linux2/bids/sub-11600/ses-01/func/sub-11600_ses-01_task-sharedreward_run-2_events.tsv	/ZPOOL/data/projects/sharedreward-aging/derivatives/harmonized/events/rf1/sub-11600/ses-01/func/sub-11600_ses-01_task-sharedreward_run-2_desc-fullTrial_events.tsv	54	54	0	0.0	8	2	8	8	2	8	8	2	8		false	
rf1	11606	01	1	/ZPOOL/data/projects/rf1-sra-linux2/bids/sub-11606/ses-01/func/sub-11606_ses-01_task-sharedreward_run-1_events.tsv	/ZPOOL/data/projects/sharedreward-aging/derivatives/harmonized/events/rf1/sub-11606/ses-01/func/sub-11606_ses-01_task-sharedreward_run-1_desc-fullTrial_events.tsv	54	53	1	0.018518518518518517	8	2	7	8	2	8	8	2	8		false	
rf1	11606	01	2	/ZPOOL/data/projects/rf1-sra-linux2/bids/sub-11606/ses-01/func/sub-11606_ses-01_task-sharedreward_run-2_events.tsv	/ZPOOL/data/projects/sharedreward-aging/derivatives/harmonized/events/rf1/sub-11606/ses-01/func/sub-11606_ses-01_task-sharedreward_run-2_desc-fullTrial_events.tsv	54	54	0	0.0	8	2	8	8	2	8	8	2	8		false	
rf1	11614	01	1	/ZPOOL/data/projects/rf1-sra-linux2/bids/sub-11614/ses-01/func/sub-11614_ses-01_task-sharedreward_run-1_events.tsv	/ZPOOL/data/projects/sharedreward-aging/derivatives/harmonized/events/rf1/sub-11614/ses-01/func/sub-11614_ses-01_task-sharedreward_run-1_desc-fullTrial_events.tsv	54	52	2	0.037037037037037035	8	1	7	8	2	8	8	2	8		false	
rf1	11614	01	2	/ZPOOL/data/projects/rf1-sra-linux2/bids/sub-11614/ses-01/func/sub-11614_ses-01_task-sharedreward_run-2_events.tsv	/ZPOOL/data/projects/sharedreward-aging/derivatives/harmonized/events/rf1/sub-11614/ses-01/func/sub-11614_ses-01_task-sharedreward_run-2_desc-fullTrial_events.tsv	54	53	1	0.018518518518518517	8	2	7	8	2	8	8	2	8		false	
rf1	11622	01	1	/ZPOOL/data/projects/rf1-sra-linux2/bids/sub-11622/ses-01/func/sub-11622_ses-01_task-sharedreward_run-1_events.tsv	/ZPOOL/data/projects/sharedreward-aging/derivatives/harmonized/events/rf1/sub-11622/ses-01/func/sub-11622_ses-01_task-sharedreward_run-1_desc-fullTrial_events.tsv	54	54	0	0.0	8	2	8	8	2	8	8	2	8		false	
rf1	11622	01	2	/ZPOOL/data/projects/rf1-sra-linux2/bids/sub-11622/ses-01/func/sub-11622_ses-01_task-sharedreward_run-2_events.tsv	/ZPOOL/data/projects/sharedreward-aging/derivatives/harmonized/events/rf1/sub-11622/ses-01/func/sub-11622_ses-01_task-sharedreward_run-2_desc-fullTrial_events.tsv	54	54	0	0.0	8	2	8	8	2	8	8	2	8		false	
rf1	11623	01	1	/ZPOOL/data/projects/rf1-sra-linux2/bids/sub-11623/ses-01/func/sub-11623_ses-01_task-sharedreward_run-1_events.tsv	/ZPOOL/data/projects/sharedreward-aging/derivatives/harmonized/events/rf1/sub-11623/ses-01/func/sub-11623_ses-01_task-sharedreward_run-1_desc-fullTrial_events.tsv	54	54	0	0.0	8	2	8	8	2	8	8	2	8		false	
rf1	11625	01	1	/ZPOOL/data/projects/rf1-sra-linux2/bids/sub-11625/ses-01/func/sub-11625_ses-01_task-sharedreward_run-1_events.tsv	/ZPOOL/data/projects/sharedreward-aging/derivatives/harmonized/events/rf1/sub-11625/ses-01/func/sub-11625_ses-01_task-sharedreward_run-1_desc-fullTrial_events.tsv	54	50	4	0.07407407407407407	7	2	7	8	2	8	7	2	7		false	
rf1	11625	01	2	/ZPOOL/data/projects/rf1-sra-linux2/bids/sub-11625/ses-01/func/sub-11625_ses-01_task-sharedreward_run-2_events.tsv	/ZPOOL/data/projects/sharedreward-aging/derivatives/harmonized/events/rf1/sub-11625/ses-01/func/sub-11625_ses-01_task-sharedreward_run-2_desc-fullTrial_events.tsv	54	45	9	0.16666666666666666	4	2	8	6	2	7	8	1	7		false	
rf1	11626	01	1	/ZPOOL/data/projects/rf1-sra-linux2/bids/sub-11626/ses-01/func/sub-11626_ses-01_task-sharedreward_run-1_events.tsv	/ZPOOL/data/projects/sharedreward-aging/derivatives/harmonized/events/rf1/sub-11626/ses-01/func/sub-11626_ses-01_task-sharedreward_run-1_desc-fullTrial_events.tsv	54	45	9	0.16666666666666666	7	2	5	6	2	7	7	2	7		false	
rf1	11626	01	2	/ZPOOL/data/projects/rf1-sra-linux2/bids/sub-11626/ses-01/func/sub-11626_ses-01_task-sharedreward_run-2_events.tsv	/ZPOOL/data/projects/sharedreward-aging/derivatives/harmonized/events/rf1/sub-11626/ses-01/func/sub-11626_ses-01_task-sharedreward_run-2_desc-fullTrial_events.tsv	54	44	10	0.18518518518518517	5	2	8	8	2	7	5	2	5		false	
rf1	11628	01	1	/ZPOOL/data/projects/rf1-sra-linux2/bids/sub-11628/ses-01/func/sub-11628_ses-01_task-sharedreward_run-1_events.tsv	/ZPOOL/data/projects/sharedreward-aging/derivatives/harmonized/events/rf1/sub-11628/ses-01/func/sub-11628_ses-01_task-sharedreward_run-1_desc-fullTrial_events.tsv	54	52	2	0.037037037037037035	8	2	7	8	2	8	8	2	7		false	
rf1	11628	01	2	/ZPOOL/data/projects/rf1-sra-linux2/bids/sub-11628/ses-01/func/sub-11628_ses-01_task-sharedreward_run-2_events.tsv	/ZPOOL/data/projects/sharedreward-aging/derivatives/harmonized/events/rf1/sub-11628/ses-01/func/sub-11628_ses-01_task-sharedreward_run-2_desc-fullTrial_events.tsv	54	54	0	0.0	8	2	8	8	2	8	8	2	8		false	
rf1	11631	01	1	/ZPOOL/data/projects/rf1-sra-linux2/bids/sub-11631/ses-01/func/sub-11631_ses-01_task-sharedreward_run-1_events.tsv	/ZPOOL/data/projects/sharedreward-aging/derivatives/harmonized/events/rf1/sub-11631/ses-01/func/sub-11631_ses-01_task-sharedreward_run-1_desc-fullTrial_events.tsv	54	54	0	0.0	8	2	8	8	2	8	8	2	8		false	
rf1	11631	01	2	/ZPOOL/data/projects/rf1-sra-linux2/bids/sub-11631/ses-01/func/sub-11631_ses-01_task-sharedreward_run-2_events.tsv	/ZPOOL/data/projects/sharedreward-aging/derivatives/harmonized/events/rf1/sub-11631/ses-01/func/sub-11631_ses-01_task-sharedreward_run-2_desc-fullTrial_events.tsv	54	54	0	0.0	8	2	8	8	2	8	8	2	8		false	
rf1	11651	01	1	/ZPOOL/data/projects/rf1-sra-linux2/bids/sub-11651/ses-01/func/sub-11651_ses-01_task-sharedreward_run-1_events.tsv	/ZPOOL/data/projects/sharedreward-aging/derivatives/harmonized/events/rf1/sub-11651/ses-01/func/sub-11651_ses-01_task-sharedreward_run-1_desc-fullTrial_events.tsv	54	53	1	0.018518518518518517	8	2	8	8	2	8	8	2	7		false	
rf1	11651	01	2	/ZPOOL/data/projects/rf1-sra-linux2/bids/sub-11651/ses-01/func/sub-11651_ses-01_task-sharedreward_run-2_events.tsv	/ZPOOL/data/projects/sharedreward-aging/derivatives/harmonized/events/rf1/sub-11651/ses-01/func/sub-11651_ses-01_task-sharedreward_run-2_desc-fullTrial_events.tsv	54	50	4	0.07407407407407407	8	2	7	7	2	7	7	2	8		false	
rf1	11660	01	1	/ZPOOL/data/projects/rf1-sra-linux2/bids/sub-11660/ses-01/func/sub-11660_ses-01_task-sharedreward_run-1_events.tsv	/ZPOOL/data/projects/sharedreward-aging/derivatives/harmonized/events/rf1/sub-11660/ses-01/func/sub-11660_ses-01_task-sharedreward_run-1_desc-fullTrial_events.tsv	54	54	0	0.0	8	2	8	8	2	8	8	2	8		false	
rf1	11660	01	2	/ZPOOL/data/projects/rf1-sra-linux2/bids/sub-11660/ses-01/func/sub-11660_ses-01_task-sharedreward_run-2_events.tsv	/ZPOOL/data/projects/sharedreward-aging/derivatives/harmonized/events/rf1/sub-11660/ses-01/func/sub-11660_ses-01_task-sharedreward_run-2_desc-fullTrial_events.tsv	54	54	0	0.0	8	2	8	8	2	8	8	2	8		false	
rf1	11670	01	1	/ZPOOL/data/projects/rf1-sra-linux2/bids/sub-11670/ses-01/func/sub-11670_ses-01_task-sharedreward_run-1_events.tsv	/ZPOOL/data/projects/sharedreward-aging/derivatives/harmonized/events/rf1/sub-11670/ses-01/func/sub-11670_ses-01_task-sharedreward_run-1_desc-fullTrial_events.tsv	54	53	1	0.018518518518518517	8	2	8	8	2	8	8	1	8		false	
rf1	11670	01	2	/ZPOOL/data/projects/rf1-sra-linux2/bids/sub-11670/ses-01/func/sub-11670_ses-01_task-sharedreward_run-2_events.tsv	/ZPOOL/data/projects/sharedreward-aging/derivatives/harmonized/events/rf1/sub-11670/ses-01/func/sub-11670_ses-01_task-sharedreward_run-2_desc-fullTrial_events.tsv	54	54	0	0.0	8	2	8	8	2	8	8	2	8		false	
rf1	11674	01	1	/ZPOOL/data/projects/rf1-sra-linux2/bids/sub-11674/ses-01/func/sub-11674_ses-01_task-sharedreward_run-1_events.tsv	/ZPOOL/data/projects/sharedreward-aging/derivatives/harmonized/events/rf1/sub-11674/ses-01/func/sub-11674_ses-01_task-sharedreward_run-1_desc-fullTrial_events.tsv	54	54	0	0.0	8	2	8	8	2	8	8	2	8		false	
rf1	11679	01	1	/ZPOOL/data/projects/rf1-sra-linux2/bids/sub-11679/ses-01/func/sub-11679_ses-01_task-sharedreward_run-1_events.tsv	/ZPOOL/data/projects/sharedreward-aging/derivatives/harmonized/events/rf1/sub-11679/ses-01/func/sub-11679_ses-01_task-sharedreward_run-1_desc-fullTrial_events.tsv	54	54	0	0.0	8	2	8	8	2	8	8	2	8		false	
rf1	11679	01	2	/ZPOOL/data/projects/rf1-sra-linux2/bids/sub-11679/ses-01/func/sub-11679_ses-01_task-sharedreward_run-2_events.tsv	/ZPOOL/data/projects/sharedreward-aging/derivatives/harmonized/events/rf1/sub-11679/ses-01/func/sub-11679_ses-01_task-sharedreward_run-2_desc-fullTrial_events.tsv	54	54	0	0.0	8	2	8	8	2	8	8	2	8		false	
rf1	11681	01	1	/ZPOOL/data/projects/rf1-sra-linux2/bids/sub-11681/ses-01/func/sub-11681_ses-01_task-sharedreward_run-1_events.tsv	/ZPOOL/data/projects/sharedreward-aging/derivatives/harmonized/events/rf1/sub-11681/ses-01/func/sub-11681_ses-01_task-sharedreward_run-1_desc-fullTrial_events.tsv	54	54	0	0.0	8	2	8	8	2	8	8	2	8		false	
rf1	11681	01	2	/ZPOOL/data/projects/rf1-sra-linux2/bids/sub-11681/ses-01/func/sub-11681_ses-01_task-sharedreward_run-2_events.tsv	/ZPOOL/data/projects/sharedreward-aging/derivatives/harmonized/events/rf1/sub-11681/ses-01/func/sub-11681_ses-01_task-sharedreward_run-2_desc-fullTrial_events.tsv	54	54	0	0.0	8	2	8	8	2	8	8	2	8		false	
rf1	11692	01	1	/ZPOOL/data/projects/rf1-sra-linux2/bids/sub-11692/ses-01/func/sub-11692_ses-01_task-sharedreward_run-1_events.tsv	/ZPOOL/data/projects/sharedreward-aging/derivatives/harmonized/events/rf1/sub-11692/ses-01/func/sub-11692_ses-01_task-sharedreward_run-1_desc-fullTrial_events.tsv	54	54	0	0.0	8	2	8	8	2	8	8	2	8		false	
rf1	11692	01	2	/ZPOOL/data/projects/rf1-sra-linux2/bids/sub-11692/ses-01/func/sub-11692_ses-01_task-sharedreward_run-2_events.tsv	/ZPOOL/data/projects/sharedreward-aging/derivatives/harmonized/events/rf1/sub-11692/ses-01/func/sub-11692_ses-01_task-sharedreward_run-2_desc-fullTrial_events.tsv	54	54	0	0.0	8	2	8	8	2	8	8	2	8		false	
rf1	11694	01	1	/ZPOOL/data/projects/rf1-sra-linux2/bids/sub-11694/ses-01/func/sub-11694_ses-01_task-sharedreward_run-1_events.tsv	/ZPOOL/data/projects/sharedreward-aging/derivatives/harmonized/events/rf1/sub-11694/ses-01/func/sub-11694_ses-01_task-sharedreward_run-1_desc-fullTrial_events.tsv	54	54	0	0.0	8	2	8	8	2	8	8	2	8		false	
rf1	11701	01	1	/ZPOOL/data/projects/rf1-sra-linux2/bids/sub-11701/ses-01/func/sub-11701_ses-01_task-sharedreward_run-1_events.tsv	/ZPOOL/data/projects/sharedreward-aging/derivatives/harmonized/events/rf1/sub-11701/ses-01/func/sub-11701_ses-01_task-sharedreward_run-1_desc-fullTrial_events.tsv	54	53	1	0.018518518518518517	8	2	7	8	2	8	8	2	8		false	
rf1	11701	01	2	/ZPOOL/data/projects/rf1-sra-linux2/bids/sub-11701/ses-01/func/sub-11701_ses-01_task-sharedreward_run-2_events.tsv	/ZPOOL/data/projects/sharedreward-aging/derivatives/harmonized/events/rf1/sub-11701/ses-01/func/sub-11701_ses-01_task-sharedreward_run-2_desc-fullTrial_events.tsv	54	51	3	0.05555555555555555	8	2	7	7	2	7	8	2	8		false	
rf1	11703	01	1	/ZPOOL/data/projects/rf1-sra-linux2/bids/sub-11703/ses-01/func/sub-11703_ses-01_task-sharedreward_run-1_events.tsv	/ZPOOL/data/projects/sharedreward-aging/derivatives/harmonized/events/rf1/sub-11703/ses-01/func/sub-11703_ses-01_task-sharedreward_run-1_desc-fullTrial_events.tsv	54	54	0	0.0	8	2	8	8	2	8	8	2	8		false	
rf1	11703	01	2	/ZPOOL/data/projects/rf1-sra-linux2/bids/sub-11703/ses-01/func/sub-11703_ses-01_task-sharedreward_run-2_events.tsv	/ZPOOL/data/projects/sharedreward-aging/derivatives/harmonized/events/rf1/sub-11703/ses-01/func/sub-11703_ses-01_task-sharedreward_run-2_desc-fullTrial_events.tsv	54	54	0	0.0	8	2	8	8	2	8	8	2	8		false	
rf1	11705	01	1	/ZPOOL/data/projects/rf1-sra-linux2/bids/sub-11705/ses-01/func/sub-11705_ses-01_task-sharedreward_run-1_events.tsv	/ZPOOL/data/projects/sharedreward-aging/derivatives/harmonized/events/rf1/sub-11705/ses-01/func/sub-11705_ses-01_task-sharedreward_run-1_desc-fullTrial_events.tsv	54	53	1	0.018518518518518517	8	2	8	8	2	7	8	2	8		false	
rf1	11705	01	2	/ZPOOL/data/projects/rf1-sra-linux2/bids/sub-11705/ses-01/func/sub-11705_ses-01_task-sharedreward_run-2_events.tsv	/ZPOOL/data/projects/sharedreward-aging/derivatives/harmonized/events/rf1/sub-11705/ses-01/func/sub-11705_ses-01_task-sharedreward_run-2_desc-fullTrial_events.tsv	54	54	0	0.0	8	2	8	8	2	8	8	2	8		false	
rf1	11709	01	1	/ZPOOL/data/projects/rf1-sra-linux2/bids/sub-11709/ses-01/func/sub-11709_ses-01_task-sharedreward_run-1_events.tsv	/ZPOOL/data/projects/sharedreward-aging/derivatives/harmonized/events/rf1/sub-11709/ses-01/func/sub-11709_ses-01_task-sharedreward_run-1_desc-fullTrial_events.tsv	54	53	1	0.018518518518518517	8	2	8	7	2	8	8	2	8		false	
rf1	11709	01	2	/ZPOOL/data/projects/rf1-sra-linux2/bids/sub-11709/ses-01/func/sub-11709_ses-01_task-sharedreward_run-2_events.tsv	/ZPOOL/data/projects/sharedreward-aging/derivatives/harmonized/events/rf1/sub-11709/ses-01/func/sub-11709_ses-01_task-sharedreward_run-2_desc-fullTrial_events.tsv	54	53	1	0.018518518518518517	8	2	7	8	2	8	8	2	8		false	
rf1	11710	01	1	/ZPOOL/data/projects/rf1-sra-linux2/bids/sub-11710/ses-01/func/sub-11710_ses-01_task-sharedreward_run-1_events.tsv	/ZPOOL/data/projects/sharedreward-aging/derivatives/harmonized/events/rf1/sub-11710/ses-01/func/sub-11710_ses-01_task-sharedreward_run-1_desc-fullTrial_events.tsv	54	54	0	0.0	8	2	8	8	2	8	8	2	8		false	
rf1	11710	01	2	/ZPOOL/data/projects/rf1-sra-linux2/bids/sub-11710/ses-01/func/sub-11710_ses-01_task-sharedreward_run-2_events.tsv	/ZPOOL/data/projects/sharedreward-aging/derivatives/harmonized/events/rf1/sub-11710/ses-01/func/sub-11710_ses-01_task-sharedreward_run-2_desc-fullTrial_events.tsv	54	53	1	0.018518518518518517	8	1	8	8	2	8	8	2	8		false	
rf1	11714	01	1	/ZPOOL/data/projects/rf1-sra-linux2/bids/sub-11714/ses-01/func/sub-11714_ses-01_task-sharedreward_run-1_events.tsv	/ZPOOL/data/projects/sharedreward-aging/derivatives/harmonized/events/rf1/sub-11714/ses-01/func/sub-11714_ses-01_task-sharedreward_run-1_desc-fullTrial_events.tsv	54	54	0	0.0	8	2	8	8	2	8	8	2	8		false	
rf1	11714	01	2	/ZPOOL/data/projects/rf1-sra-linux2/bids/sub-11714/ses-01/func/sub-11714_ses-01_task-sharedreward_run-2_events.tsv	/ZPOOL/data/projects/sharedreward-aging/derivatives/harmonized/events/rf1/sub-11714/ses-01/func/sub-11714_ses-01_task-sharedreward_run-2_desc-fullTrial_events.tsv	54	53	1	0.018518518518518517	7	2	8	8	2	8	8	2	8		false	
rf1	11719	01	1	/ZPOOL/data/projects/rf1-sra-linux2/bids/sub-11719/ses-01/func/sub-11719_ses-01_task-sharedreward_run-1_events.tsv	/ZPOOL/data/projects/sharedreward-aging/derivatives/harmonized/events/rf1/sub-11719/ses-01/func/sub-11719_ses-01_task-sharedreward_run-1_desc-fullTrial_events.tsv	54	53	1	0.018518518518518517	8	2	8	8	2	8	8	2	7		false	
rf1	11720	01	1	/ZPOOL/data/projects/rf1-sra-linux2/bids/sub-11720/ses-01/func/sub-11720_ses-01_task-sharedreward_run-1_events.tsv	/ZPOOL/data/projects/sharedreward-aging/derivatives/harmonized/events/rf1/sub-11720/ses-01/func/sub-11720_ses-01_task-sharedreward_run-1_desc-fullTrial_events.tsv	54	53	1	0.018518518518518517	8	2	8	8	2	8	8	2	7		false	
rf1	11720	01	2	/ZPOOL/data/projects/rf1-sra-linux2/bids/sub-11720/ses-01/func/sub-11720_ses-01_task-sharedreward_run-2_events.tsv	/ZPOOL/data/projects/sharedreward-aging/derivatives/harmonized/events/rf1/sub-11720/ses-01/func/sub-11720_ses-01_task-sharedreward_run-2_desc-fullTrial_events.tsv	54	54	0	0.0	8	2	8	8	2	8	8	2	8		false	
rf1	11722	01	1	/ZPOOL/data/projects/rf1-sra-linux2/bids/sub-11722/ses-01/func/sub-11722_ses-01_task-sharedreward_run-1_events.tsv	/ZPOOL/data/projects/sharedreward-aging/derivatives/harmonized/events/rf1/sub-11722/ses-01/func/sub-11722_ses-01_task-sharedreward_run-1_desc-fullTrial_events.tsv	54	54	0	0.0	8	2	8	8	2	8	8	2	8		false	
rf1	11722	01	2	/ZPOOL/data/projects/rf1-sra-linux2/bids/sub-11722/ses-01/func/sub-11722_ses-01_task-sharedreward_run-2_events.tsv	/ZPOOL/data/projects/sharedreward-aging/derivatives/harmonized/events/rf1/sub-11722/ses-01/func/sub-11722_ses-01_task-sharedreward_run-2_desc-fullTrial_events.tsv	54	54	0	0.0	8	2	8	8	2	8	8	2	8		false	
rf1	11723	01	1	/ZPOOL/data/projects/rf1-sra-linux2/bids/sub-11723/ses-01/func/sub-11723_ses-01_task-sharedreward_run-1_events.tsv	/ZPOOL/data/projects/sharedreward-aging/derivatives/harmonized/events/rf1/sub-11723/ses-01/func/sub-11723_ses-01_task-sharedreward_run-1_desc-fullTrial_events.tsv	54	54	0	0.0	8	2	8	8	2	8	8	2	8		false	
rf1	11723	01	2	/ZPOOL/data/projects/rf1-sra-linux2/bids/sub-11723/ses-01/func/sub-11723_ses-01_task-sharedreward_run-2_events.tsv	/ZPOOL/data/projects/sharedreward-aging/derivatives/harmonized/events/rf1/sub-11723/ses-01/func/sub-11723_ses-01_task-sharedreward_run-2_desc-fullTrial_events.tsv	54	54	0	0.0	8	2	8	8	2	8	8	2	8		false	
rf1	11736	01	1	/ZPOOL/data/projects/rf1-sra-linux2/bids/sub-11736/ses-01/func/sub-11736_ses-01_task-sharedreward_run-1_events.tsv	/ZPOOL/data/projects/sharedreward-aging/derivatives/harmonized/events/rf1/sub-11736/ses-01/func/sub-11736_ses-01_task-sharedreward_run-1_desc-fullTrial_events.tsv	54	53	1	0.018518518518518517	8	2	8	8	2	7	8	2	8		false	
rf1	11736	01	2	/ZPOOL/data/projects/rf1-sra-linux2/bids/sub-11736/ses-01/func/sub-11736_ses-01_task-sharedreward_run-2_events.tsv	/ZPOOL/data/projects/sharedreward-aging/derivatives/harmonized/events/rf1/sub-11736/ses-01/func/sub-11736_ses-01_task-sharedreward_run-2_desc-fullTrial_events.tsv	54	49	5	0.09259259259259259	8	2	6	6	2	7	8	2	8		false	
rf1	11744	01	1	/ZPOOL/data/projects/rf1-sra-linux2/bids/sub-11744/ses-01/func/sub-11744_ses-01_task-sharedreward_run-1_events.tsv	/ZPOOL/data/projects/sharedreward-aging/derivatives/harmonized/events/rf1/sub-11744/ses-01/func/sub-11744_ses-01_task-sharedreward_run-1_desc-fullTrial_events.tsv	54	53	1	0.018518518518518517	8	2	8	8	2	8	7	2	8		false	
rf1	11744	01	2	/ZPOOL/data/projects/rf1-sra-linux2/bids/sub-11744/ses-01/func/sub-11744_ses-01_task-sharedreward_run-2_events.tsv	/ZPOOL/data/projects/sharedreward-aging/derivatives/harmonized/events/rf1/sub-11744/ses-01/func/sub-11744_ses-01_task-sharedreward_run-2_desc-fullTrial_events.tsv	54	53	1	0.018518518518518517	8	2	8	8	2	8	7	2	8		false	
rf1	11746	01	1	/ZPOOL/data/projects/rf1-sra-linux2/bids/sub-11746/ses-01/func/sub-11746_ses-01_task-sharedreward_run-1_events.tsv	/ZPOOL/data/projects/sharedreward-aging/derivatives/harmonized/events/rf1/sub-11746/ses-01/func/sub-11746_ses-01_task-sharedreward_run-1_desc-fullTrial_events.tsv	54	50	4	0.07407407407407407	7	2	7	8	2	8	8	2	6		false	
rf1	11746	01	2	/ZPOOL/data/projects/rf1-sra-linux2/bids/sub-11746/ses-01/func/sub-11746_ses-01_task-sharedreward_run-2_events.tsv	/ZPOOL/data/projects/sharedreward-aging/derivatives/harmonized/events/rf1/sub-11746/ses-01/func/sub-11746_ses-01_task-sharedreward_run-2_desc-fullTrial_events.tsv	54	53	1	0.018518518518518517	8	2	8	8	2	8	7	2	8		false	
rf1	11748	01	1	/ZPOOL/data/projects/rf1-sra-linux2/bids/sub-11748/ses-01/func/sub-11748_ses-01_task-sharedreward_run-1_events.tsv	/ZPOOL/data/projects/sharedreward-aging/derivatives/harmonized/events/rf1/sub-11748/ses-01/func/sub-11748_ses-01_task-sharedreward_run-1_desc-fullTrial_events.tsv	54	53	1	0.018518518518518517	7	2	8	8	2	8	8	2	8		false	
rf1	11748	01	2	/ZPOOL/data/projects/rf1-sra-linux2/bids/sub-11748/ses-01/func/sub-11748_ses-01_task-sharedreward_run-2_events.tsv	/ZPOOL/data/projects/sharedreward-aging/derivatives/harmonized/events/rf1/sub-11748/ses-01/func/sub-11748_ses-01_task-sharedreward_run-2_desc-fullTrial_events.tsv	54	54	0	0.0	8	2	8	8	2	8	8	2	8		false	
rf1	11756	01	1	/ZPOOL/data/projects/rf1-sra-linux2/bids/sub-11756/ses-01/func/sub-11756_ses-01_task-sharedreward_run-1_events.tsv	/ZPOOL/data/projects/sharedreward-aging/derivatives/harmonized/events/rf1/sub-11756/ses-01/func/sub-11756_ses-01_task-sharedreward_run-1_desc-fullTrial_events.tsv	54	54	0	0.0	8	2	8	8	2	8	8	2	8		false	
rf1	11756	01	2	/ZPOOL/data/projects/rf1-sra-linux2/bids/sub-11756/ses-01/func/sub-11756_ses-01_task-sharedreward_run-2_events.tsv	/ZPOOL/data/projects/sharedreward-aging/derivatives/harmonized/events/rf1/sub-11756/ses-01/func/sub-11756_ses-01_task-sharedreward_run-2_desc-fullTrial_events.tsv	54	54	0	0.0	8	2	8	8	2	8	8	2	8		false	
rf1	11764	01	1	/ZPOOL/data/projects/rf1-sra-linux2/bids/sub-11764/ses-01/func/sub-11764_ses-01_task-sharedreward_run-1_events.tsv	/ZPOOL/data/projects/sharedreward-aging/derivatives/harmonized/events/rf1/sub-11764/ses-01/func/sub-11764_ses-01_task-sharedreward_run-1_desc-fullTrial_events.tsv	54	49	5	0.09259259259259259	8	2	7	7	1	8	7	2	7		false	
rf1	11764	01	2	/ZPOOL/data/projects/rf1-sra-linux2/bids/sub-11764/ses-01/func/sub-11764_ses-01_task-sharedreward_run-2_events.tsv	/ZPOOL/data/projects/sharedreward-aging/derivatives/harmonized/events/rf1/sub-11764/ses-01/func/sub-11764_ses-01_task-sharedreward_run-2_desc-fullTrial_events.tsv	54	54	0	0.0	8	2	8	8	2	8	8	2	8		false	
rf1	11772	01	1	/ZPOOL/data/projects/rf1-sra-linux2/bids/sub-11772/ses-01/func/sub-11772_ses-01_task-sharedreward_run-1_events.tsv	/ZPOOL/data/projects/sharedreward-aging/derivatives/harmonized/events/rf1/sub-11772/ses-01/func/sub-11772_ses-01_task-sharedreward_run-1_desc-fullTrial_events.tsv	54	54	0	0.0	8	2	8	8	2	8	8	2	8		false	
rf1	11773	01	1	/ZPOOL/data/projects/rf1-sra-linux2/bids/sub-11773/ses-01/func/sub-11773_ses-01_task-sharedreward_run-1_events.tsv	/ZPOOL/data/projects/sharedreward-aging/derivatives/harmonized/events/rf1/sub-11773/ses-01/func/sub-11773_ses-01_task-sharedreward_run-1_desc-fullTrial_events.tsv	54	54	0	0.0	8	2	8	8	2	8	8	2	8		false	
rf1	11773	01	2	/ZPOOL/data/projects/rf1-sra-linux2/bids/sub-11773/ses-01/func/sub-11773_ses-01_task-sharedreward_run-2_events.tsv	/ZPOOL/data/projects/sharedreward-aging/derivatives/harmonized/events/rf1/sub-11773/ses-01/func/sub-11773_ses-01_task-sharedreward_run-2_desc-fullTrial_events.tsv	54	54	0	0.0	8	2	8	8	2	8	8	2	8		false	
rf1	11774	01	1	/ZPOOL/data/projects/rf1-sra-linux2/bids/sub-11774/ses-01/func/sub-11774_ses-01_task-sharedreward_run-1_events.tsv	/ZPOOL/data/projects/sharedreward-aging/derivatives/harmonized/events/rf1/sub-11774/ses-01/func/sub-11774_ses-01_task-sharedreward_run-1_desc-fullTrial_events.tsv	54	54	0	0.0	8	2	8	8	2	8	8	2	8		false	
rf1	11774	01	2	/ZPOOL/data/projects/rf1-sra-linux2/bids/sub-11774/ses-01/func/sub-11774_ses-01_task-sharedreward_run-2_events.tsv	/ZPOOL/data/projects/sharedreward-aging/derivatives/harmonized/events/rf1/sub-11774/ses-01/func/sub-11774_ses-01_task-sharedreward_run-2_desc-fullTrial_events.tsv	54	54	0	0.0	8	2	8	8	2	8	8	2	8		false	
rf1	11784	01	1	/ZPOOL/data/projects/rf1-sra-linux2/bids/sub-11784/ses-01/func/sub-11784_ses-01_task-sharedreward_run-1_events.tsv	/ZPOOL/data/projects/sharedreward-aging/derivatives/harmonized/events/rf1/sub-11784/ses-01/func/sub-11784_ses-01_task-sharedreward_run-1_desc-fullTrial_events.tsv	54	54	0	0.0	8	2	8	8	2	8	8	2	8		false	
rf1	11784	01	2	/ZPOOL/data/projects/rf1-sra-linux2/bids/sub-11784/ses-01/func/sub-11784_ses-01_task-sharedreward_run-2_events.tsv	/ZPOOL/data/projects/sharedreward-aging/derivatives/harmonized/events/rf1/sub-11784/ses-01/func/sub-11784_ses-01_task-sharedreward_run-2_desc-fullTrial_events.tsv	54	54	0	0.0	8	2	8	8	2	8	8	2	8		false	
rf1	11787	01	1	/ZPOOL/data/projects/rf1-sra-linux2/bids/sub-11787/ses-01/func/sub-11787_ses-01_task-sharedreward_run-1_events.tsv	/ZPOOL/data/projects/sharedreward-aging/derivatives/harmonized/events/rf1/sub-11787/ses-01/func/sub-11787_ses-01_task-sharedreward_run-1_desc-fullTrial_events.tsv	54	53	1	0.018518518518518517	7	2	8	8	2	8	8	2	8		false	
rf1	11787	01	2	/ZPOOL/data/projects/rf1-sra-linux2/bids/sub-11787/ses-01/func/sub-11787_ses-01_task-sharedreward_run-2_events.tsv	/ZPOOL/data/projects/sharedreward-aging/derivatives/harmonized/events/rf1/sub-11787/ses-01/func/sub-11787_ses-01_task-sharedreward_run-2_desc-fullTrial_events.tsv	54	54	0	0.0	8	2	8	8	2	8	8	2	8		false	
rf1	11788	01	1	/ZPOOL/data/projects/rf1-sra-linux2/bids/sub-11788/ses-01/func/sub-11788_ses-01_task-sharedreward_run-1_events.tsv	/ZPOOL/data/projects/sharedreward-aging/derivatives/harmonized/events/rf1/sub-11788/ses-01/func/sub-11788_ses-01_task-sharedreward_run-1_desc-fullTrial_events.tsv	54	53	1	0.018518518518518517	8	2	7	8	2	8	8	2	8		false	
rf1	11788	01	2	/ZPOOL/data/projects/rf1-sra-linux2/bids/sub-11788/ses-01/func/sub-11788_ses-01_task-sharedreward_run-2_events.tsv	/ZPOOL/data/projects/sharedreward-aging/derivatives/harmonized/events/rf1/sub-11788/ses-01/func/sub-11788_ses-01_task-sharedreward_run-2_desc-fullTrial_events.tsv	54	54	0	0.0	8	2	8	8	2	8	8	2	8		false	
rf1	11789	01	1	/ZPOOL/data/projects/rf1-sra-linux2/bids/sub-11789/ses-01/func/sub-11789_ses-01_task-sharedreward_run-1_events.tsv	/ZPOOL/data/projects/sharedreward-aging/derivatives/harmonized/events/rf1/sub-11789/ses-01/func/sub-11789_ses-01_task-sharedreward_run-1_desc-fullTrial_events.tsv	54	54	0	0.0	8	2	8	8	2	8	8	2	8		false	
rf1	11789	01	2	/ZPOOL/data/projects/rf1-sra-linux2/bids/sub-11789/ses-01/func/sub-11789_ses-01_task-sharedreward_run-2_events.tsv	/ZPOOL/data/projects/sharedreward-aging/derivatives/harmonized/events/rf1/sub-11789/ses-01/func/sub-11789_ses-01_task-sharedreward_run-2_desc-fullTrial_events.tsv	54	54	0	0.0	8	2	8	8	2	8	8	2	8		false	
rf1	11790	01	1	/ZPOOL/data/projects/rf1-sra-linux2/bids/sub-11790/ses-01/func/sub-11790_ses-01_task-sharedreward_run-1_events.tsv	/ZPOOL/data/projects/sharedreward-aging/derivatives/harmonized/events/rf1/sub-11790/ses-01/func/sub-11790_ses-01_task-sharedreward_run-1_desc-fullTrial_events.tsv	54	51	3	0.05555555555555555	8	2	7	8	2	7	8	2	7		false	
rf1	11790	01	2	/ZPOOL/data/projects/rf1-sra-linux2/bids/sub-11790/ses-01/func/sub-11790_ses-01_task-sharedreward_run-2_events.tsv	/ZPOOL/data/projects/sharedreward-aging/derivatives/harmonized/events/rf1/sub-11790/ses-01/func/sub-11790_ses-01_task-sharedreward_run-2_desc-fullTrial_events.tsv	54	48	6	0.1111111111111111	7	2	7	7	1	8	6	2	8		false	
rf1	11793	01	1	/ZPOOL/data/projects/rf1-sra-linux2/bids/sub-11793/ses-01/func/sub-11793_ses-01_task-sharedreward_run-1_events.tsv	/ZPOOL/data/projects/sharedreward-aging/derivatives/harmonized/events/rf1/sub-11793/ses-01/func/sub-11793_ses-01_task-sharedreward_run-1_desc-fullTrial_events.tsv	54	53	1	0.018518518518518517	8	2	7	8	2	8	8	2	8		false	
rf1	11793	01	2	/ZPOOL/data/projects/rf1-sra-linux2/bids/sub-11793/ses-01/func/sub-11793_ses-01_task-sharedreward_run-2_events.tsv	/ZPOOL/data/projects/sharedreward-aging/derivatives/harmonized/events/rf1/sub-11793/ses-01/func/sub-11793_ses-01_task-sharedreward_run-2_desc-fullTrial_events.tsv	54	54	0	0.0	8	2	8	8	2	8	8	2	8		false	
rf1	11795	01	1	/ZPOOL/data/projects/rf1-sra-linux2/bids/sub-11795/ses-01/func/sub-11795_ses-01_task-sharedreward_run-1_events.tsv	/ZPOOL/data/projects/sharedreward-aging/derivatives/harmonized/events/rf1/sub-11795/ses-01/func/sub-11795_ses-01_task-sharedreward_run-1_desc-fullTrial_events.tsv	54	52	2	0.037037037037037035	8	2	8	8	2	8	8	1	7		false	
rf1	11795	01	2	/ZPOOL/data/projects/rf1-sra-linux2/bids/sub-11795/ses-01/func/sub-11795_ses-01_task-sharedreward_run-2_events.tsv	/ZPOOL/data/projects/sharedreward-aging/derivatives/harmonized/events/rf1/sub-11795/ses-01/func/sub-11795_ses-01_task-sharedreward_run-2_desc-fullTrial_events.tsv	54	53	1	0.018518518518518517	8	2	8	8	2	8	8	1	8		false	
rf1	11815	01	1	/ZPOOL/data/projects/rf1-sra-linux2/bids/sub-11815/ses-01/func/sub-11815_ses-01_task-sharedreward_run-1_events.tsv	/ZPOOL/data/projects/sharedreward-aging/derivatives/harmonized/events/rf1/sub-11815/ses-01/func/sub-11815_ses-01_task-sharedreward_run-1_desc-fullTrial_events.tsv	54	54	0	0.0	8	2	8	8	2	8	8	2	8		false	
rf1	11815	01	2	/ZPOOL/data/projects/rf1-sra-linux2/bids/sub-11815/ses-01/func/sub-11815_ses-01_task-sharedreward_run-2_events.tsv	/ZPOOL/data/projects/sharedreward-aging/derivatives/harmonized/events/rf1/sub-11815/ses-01/func/sub-11815_ses-01_task-sharedreward_run-2_desc-fullTrial_events.tsv	54	54	0	0.0	8	2	8	8	2	8	8	2	8		false	
rf1	11822	01	1	/ZPOOL/data/projects/rf1-sra-linux2/bids/sub-11822/ses-01/func/sub-11822_ses-01_task-sharedreward_run-1_events.tsv	/ZPOOL/data/projects/sharedreward-aging/derivatives/harmonized/events/rf1/sub-11822/ses-01/func/sub-11822_ses-01_task-sharedreward_run-1_desc-fullTrial_events.tsv	54	54	0	0.0	8	2	8	8	2	8	8	2	8		false	
rf1	11822	01	2	/ZPOOL/data/projects/rf1-sra-linux2/bids/sub-11822/ses-01/func/sub-11822_ses-01_task-sharedreward_run-2_events.tsv	/ZPOOL/data/projects/sharedreward-aging/derivatives/harmonized/events/rf1/sub-11822/ses-01/func/sub-11822_ses-01_task-sharedreward_run-2_desc-fullTrial_events.tsv	54	53	1	0.018518518518518517	7	2	8	8	2	8	8	2	8		false	
rf1	11823	01	1	/ZPOOL/data/projects/rf1-sra-linux2/bids/sub-11823/ses-01/func/sub-11823_ses-01_task-sharedreward_run-1_events.tsv	/ZPOOL/data/projects/sharedreward-aging/derivatives/harmonized/events/rf1/sub-11823/ses-01/func/sub-11823_ses-01_task-sharedreward_run-1_desc-fullTrial_events.tsv	54	54	0	0.0	8	2	8	8	2	8	8	2	8		false	
rf1	11823	01	2	/ZPOOL/data/projects/rf1-sra-linux2/bids/sub-11823/ses-01/func/sub-11823_ses-01_task-sharedreward_run-2_events.tsv	/ZPOOL/data/projects/sharedreward-aging/derivatives/harmonized/events/rf1/sub-11823/ses-01/func/sub-11823_ses-01_task-sharedreward_run-2_desc-fullTrial_events.tsv	54	54	0	0.0	8	2	8	8	2	8	8	2	8		false	
rf1	11824	01	1	/ZPOOL/data/projects/rf1-sra-linux2/bids/sub-11824/ses-01/func/sub-11824_ses-01_task-sharedreward_run-1_events.tsv	/ZPOOL/data/projects/sharedreward-aging/derivatives/harmonized/events/rf1/sub-11824/ses-01/func/sub-11824_ses-01_task-sharedreward_run-1_desc-fullTrial_events.tsv	54	53	1	0.018518518518518517	7	2	8	8	2	8	8	2	8		false	
rf1	11824	01	2	/ZPOOL/data/projects/rf1-sra-linux2/bids/sub-11824/ses-01/func/sub-11824_ses-01_task-sharedreward_run-2_events.tsv	/ZPOOL/data/projects/sharedreward-aging/derivatives/harmonized/events/rf1/sub-11824/ses-01/func/sub-11824_ses-01_task-sharedreward_run-2_desc-fullTrial_events.tsv	54	43	11	0.2037037037037037	6	1	7	7	2	6	7	1	6		false	
rf1	11828	01	1	/ZPOOL/data/projects/rf1-sra-linux2/bids/sub-11828/ses-01/func/sub-11828_ses-01_task-sharedreward_run-1_events.tsv	/ZPOOL/data/projects/sharedreward-aging/derivatives/harmonized/events/rf1/sub-11828/ses-01/func/sub-11828_ses-01_task-sharedreward_run-1_desc-fullTrial_events.tsv	54	53	1	0.018518518518518517	8	2	7	8	2	8	8	2	8		false	
rf1	11828	01	2	/ZPOOL/data/projects/rf1-sra-linux2/bids/sub-11828/ses-01/func/sub-11828_ses-01_task-sharedreward_run-2_events.tsv	/ZPOOL/data/projects/sharedreward-aging/derivatives/harmonized/events/rf1/sub-11828/ses-01/func/sub-11828_ses-01_task-sharedreward_run-2_desc-fullTrial_events.tsv	54	54	0	0.0	8	2	8	8	2	8	8	2	8		false	
rf1	11829	01	1	/ZPOOL/data/projects/rf1-sra-linux2/bids/sub-11829/ses-01/func/sub-11829_ses-01_task-sharedreward_run-1_events.tsv	/ZPOOL/data/projects/sharedreward-aging/derivatives/harmonized/events/rf1/sub-11829/ses-01/func/sub-11829_ses-01_task-sharedreward_run-1_desc-fullTrial_events.tsv	54	34	20	0.37037037037037035	4	1	4	5	2	5	5	2	6		true	missed_trials_gt_25pct
rf1	11829	01	2	/ZPOOL/data/projects/rf1-sra-linux2/bids/sub-11829/ses-01/func/sub-11829_ses-01_task-sharedreward_run-2_events.tsv	/ZPOOL/data/projects/sharedreward-aging/derivatives/harmonized/events/rf1/sub-11829/ses-01/func/sub-11829_ses-01_task-sharedreward_run-2_desc-fullTrial_events.tsv	54	54	0	0.0	8	2	8	8	2	8	8	2	8		false	
rf1	11840	01	1	/ZPOOL/data/projects/rf1-sra-linux2/bids/sub-11840/ses-01/func/sub-11840_ses-01_task-sharedreward_run-1_events.tsv	/ZPOOL/data/projects/sharedreward-aging/derivatives/harmonized/events/rf1/sub-11840/ses-01/func/sub-11840_ses-01_task-sharedreward_run-1_desc-fullTrial_events.tsv	54	53	1	0.018518518518518517	8	2	8	8	2	8	8	2	7		false	
rf1	11840	01	2	/ZPOOL/data/projects/rf1-sra-linux2/bids/sub-11840/ses-01/func/sub-11840_ses-01_task-sharedreward_run-2_events.tsv	/ZPOOL/data/projects/sharedreward-aging/derivatives/harmonized/events/rf1/sub-11840/ses-01/func/sub-11840_ses-01_task-sharedreward_run-2_desc-fullTrial_events.tsv	54	53	1	0.018518518518518517	8	1	8	8	2	8	8	2	8		false	
rf1	11847	01	1	/ZPOOL/data/projects/rf1-sra-linux2/bids/sub-11847/ses-01/func/sub-11847_ses-01_task-sharedreward_run-1_events.tsv	/ZPOOL/data/projects/sharedreward-aging/derivatives/harmonized/events/rf1/sub-11847/ses-01/func/sub-11847_ses-01_task-sharedreward_run-1_desc-fullTrial_events.tsv	54	53	1	0.018518518518518517	8	2	8	7	2	8	8	2	8		false	
rf1	11847	01	2	/ZPOOL/data/projects/rf1-sra-linux2/bids/sub-11847/ses-01/func/sub-11847_ses-01_task-sharedreward_run-2_events.tsv	/ZPOOL/data/projects/sharedreward-aging/derivatives/harmonized/events/rf1/sub-11847/ses-01/func/sub-11847_ses-01_task-sharedreward_run-2_desc-fullTrial_events.tsv	54	51	3	0.05555555555555555	8	2	7	8	1	7	8	2	8		false	
rf1	11853	01	1	/ZPOOL/data/projects/rf1-sra-linux2/bids/sub-11853/ses-01/func/sub-11853_ses-01_task-sharedreward_run-1_events.tsv	/ZPOOL/data/projects/sharedreward-aging/derivatives/harmonized/events/rf1/sub-11853/ses-01/func/sub-11853_ses-01_task-sharedreward_run-1_desc-fullTrial_events.tsv	54	53	1	0.018518518518518517	8	2	7	8	2	8	8	2	8		false	
rf1	11853	01	2	/ZPOOL/data/projects/rf1-sra-linux2/bids/sub-11853/ses-01/func/sub-11853_ses-01_task-sharedreward_run-2_events.tsv	/ZPOOL/data/projects/sharedreward-aging/derivatives/harmonized/events/rf1/sub-11853/ses-01/func/sub-11853_ses-01_task-sharedreward_run-2_desc-fullTrial_events.tsv	54	54	0	0.0	8	2	8	8	2	8	8	2	8		false	
rf1	11854	01	1	/ZPOOL/data/projects/rf1-sra-linux2/bids/sub-11854/ses-01/func/sub-11854_ses-01_task-sharedreward_run-1_events.tsv	/ZPOOL/data/projects/sharedreward-aging/derivatives/harmonized/events/rf1/sub-11854/ses-01/func/sub-11854_ses-01_task-sharedreward_run-1_desc-fullTrial_events.tsv	54	54	0	0.0	8	2	8	8	2	8	8	2	8		false	
rf1	11854	01	2	/ZPOOL/data/projects/rf1-sra-linux2/bids/sub-11854/ses-01/func/sub-11854_ses-01_task-sharedreward_run-2_events.tsv	/ZPOOL/data/projects/sharedreward-aging/derivatives/harmonized/events/rf1/sub-11854/ses-01/func/sub-11854_ses-01_task-sharedreward_run-2_desc-fullTrial_events.tsv	54	53	1	0.018518518518518517	7	2	8	8	2	8	8	2	8		false	
rf1	11861	01	1	/ZPOOL/data/projects/rf1-sra-linux2/bids/sub-11861/ses-01/func/sub-11861_ses-01_task-sharedreward_run-1_events.tsv	/ZPOOL/data/projects/sharedreward-aging/derivatives/harmonized/events/rf1/sub-11861/ses-01/func/sub-11861_ses-01_task-sharedreward_run-1_desc-fullTrial_events.tsv	54	54	0	0.0	8	2	8	8	2	8	8	2	8		false	
rf1	11861	01	2	/ZPOOL/data/projects/rf1-sra-linux2/bids/sub-11861/ses-01/func/sub-11861_ses-01_task-sharedreward_run-2_events.tsv	/ZPOOL/data/projects/sharedreward-aging/derivatives/harmonized/events/rf1/sub-11861/ses-01/func/sub-11861_ses-01_task-sharedreward_run-2_desc-fullTrial_events.tsv	54	54	0	0.0	8	2	8	8	2	8	8	2	8		false	
rf1	11866	01	1	/ZPOOL/data/projects/rf1-sra-linux2/bids/sub-11866/ses-01/func/sub-11866_ses-01_task-sharedreward_run-1_events.tsv	/ZPOOL/data/projects/sharedreward-aging/derivatives/harmonized/events/rf1/sub-11866/ses-01/func/sub-11866_ses-01_task-sharedreward_run-1_desc-fullTrial_events.tsv	54	54	0	0.0	8	2	8	8	2	8	8	2	8		false	
rf1	11866	01	2	/ZPOOL/data/projects/rf1-sra-linux2/bids/sub-11866/ses-01/func/sub-11866_ses-01_task-sharedreward_run-2_events.tsv	/ZPOOL/data/projects/sharedreward-aging/derivatives/harmonized/events/rf1/sub-11866/ses-01/func/sub-11866_ses-01_task-sharedreward_run-2_desc-fullTrial_events.tsv	54	54	0	0.0	8	2	8	8	2	8	8	2	8		false	
rf1	11867	01	1	/ZPOOL/data/projects/rf1-sra-linux2/bids/sub-11867/ses-01/func/sub-11867_ses-01_task-sharedreward_run-1_events.tsv	/ZPOOL/data/projects/sharedreward-aging/derivatives/harmonized/events/rf1/sub-11867/ses-01/func/sub-11867_ses-01_task-sharedreward_run-1_desc-fullTrial_events.tsv	54	52	2	0.037037037037037035	8	2	7	8	2	8	7	2	8		false	
rf1	11867	01	2	/ZPOOL/data/projects/rf1-sra-linux2/bids/sub-11867/ses-01/func/sub-11867_ses-01_task-sharedreward_run-2_events.tsv	/ZPOOL/data/projects/sharedreward-aging/derivatives/harmonized/events/rf1/sub-11867/ses-01/func/sub-11867_ses-01_task-sharedreward_run-2_desc-fullTrial_events.tsv	54	51	3	0.05555555555555555	8	2	8	6	2	7	8	2	8		false	
rf1	11870	01	1	/ZPOOL/data/projects/rf1-sra-linux2/bids/sub-11870/ses-01/func/sub-11870_ses-01_task-sharedreward_run-1_events.tsv	/ZPOOL/data/projects/sharedreward-aging/derivatives/harmonized/events/rf1/sub-11870/ses-01/func/sub-11870_ses-01_task-sharedreward_run-1_desc-fullTrial_events.tsv	54	51	3	0.05555555555555555	8	2	6	8	2	8	8	2	7		false	
rf1	11870	01	2	/ZPOOL/data/projects/rf1-sra-linux2/bids/sub-11870/ses-01/func/sub-11870_ses-01_task-sharedreward_run-2_events.tsv	/ZPOOL/data/projects/sharedreward-aging/derivatives/harmonized/events/rf1/sub-11870/ses-01/func/sub-11870_ses-01_task-sharedreward_run-2_desc-fullTrial_events.tsv	54	51	3	0.05555555555555555	7	1	8	8	1	8	8	2	8		false	
rf1	11872	01	1	/ZPOOL/data/projects/rf1-sra-linux2/bids/sub-11872/ses-01/func/sub-11872_ses-01_task-sharedreward_run-1_events.tsv	/ZPOOL/data/projects/sharedreward-aging/derivatives/harmonized/events/rf1/sub-11872/ses-01/func/sub-11872_ses-01_task-sharedreward_run-1_desc-fullTrial_events.tsv	54	53	1	0.018518518518518517	8	2	8	8	1	8	8	2	8		false	
rf1	11872	01	2	/ZPOOL/data/projects/rf1-sra-linux2/bids/sub-11872/ses-01/func/sub-11872_ses-01_task-sharedreward_run-2_events.tsv	/ZPOOL/data/projects/sharedreward-aging/derivatives/harmonized/events/rf1/sub-11872/ses-01/func/sub-11872_ses-01_task-sharedreward_run-2_desc-fullTrial_events.tsv	54	54	0	0.0	8	2	8	8	2	8	8	2	8		false	
rf1	11876	01	1	/ZPOOL/data/projects/rf1-sra-linux2/bids/sub-11876/ses-01/func/sub-11876_ses-01_task-sharedreward_run-1_events.tsv	/ZPOOL/data/projects/sharedreward-aging/derivatives/harmonized/events/rf1/sub-11876/ses-01/func/sub-11876_ses-01_task-sharedreward_run-1_desc-fullTrial_events.tsv	54	54	0	0.0	8	2	8	8	2	8	8	2	8		false	
rf1	11876	01	2	/ZPOOL/data/projects/rf1-sra-linux2/bids/sub-11876/ses-01/func/sub-11876_ses-01_task-sharedreward_run-2_events.tsv	/ZPOOL/data/projects/sharedreward-aging/derivatives/harmonized/events/rf1/sub-11876/ses-01/func/sub-11876_ses-01_task-sharedreward_run-2_desc-fullTrial_events.tsv	54	54	0	0.0	8	2	8	8	2	8	8	2	8		false	
rf1	11877	01	1	/ZPOOL/data/projects/rf1-sra-linux2/bids/sub-11877/ses-01/func/sub-11877_ses-01_task-sharedreward_run-1_events.tsv	/ZPOOL/data/projects/sharedreward-aging/derivatives/harmonized/events/rf1/sub-11877/ses-01/func/sub-11877_ses-01_task-sharedreward_run-1_desc-fullTrial_events.tsv	54	48	6	0.1111111111111111	7	2	6	7	2	7	8	2	7		false	
rf1	11877	01	2	/ZPOOL/data/projects/rf1-sra-linux2/bids/sub-11877/ses-01/func/sub-11877_ses-01_task-sharedreward_run-2_events.tsv	/ZPOOL/data/projects/sharedreward-aging/derivatives/harmonized/events/rf1/sub-11877/ses-01/func/sub-11877_ses-01_task-sharedreward_run-2_desc-fullTrial_events.tsv	54	52	2	0.037037037037037035	8	2	8	8	2	8	7	2	7		false	
rf1	11881	01	1	/ZPOOL/data/projects/rf1-sra-linux2/bids/sub-11881/ses-01/func/sub-11881_ses-01_task-sharedreward_run-1_events.tsv	/ZPOOL/data/projects/sharedreward-aging/derivatives/harmonized/events/rf1/sub-11881/ses-01/func/sub-11881_ses-01_task-sharedreward_run-1_desc-fullTrial_events.tsv	54	54	0	0.0	8	2	8	8	2	8	8	2	8		false	
rf1	11881	01	2	/ZPOOL/data/projects/rf1-sra-linux2/bids/sub-11881/ses-01/func/sub-11881_ses-01_task-sharedreward_run-2_events.tsv	/ZPOOL/data/projects/sharedreward-aging/derivatives/harmonized/events/rf1/sub-11881/ses-01/func/sub-11881_ses-01_task-sharedreward_run-2_desc-fullTrial_events.tsv	54	52	2	0.037037037037037035	8	1	7	8	2	8	8	2	8		false	
rf1	11885	01	1	/ZPOOL/data/projects/rf1-sra-linux2/bids/sub-11885/ses-01/func/sub-11885_ses-01_task-sharedreward_run-1_events.tsv	/ZPOOL/data/projects/sharedreward-aging/derivatives/harmonized/events/rf1/sub-11885/ses-01/func/sub-11885_ses-01_task-sharedreward_run-1_desc-fullTrial_events.tsv	54	54	0	0.0	8	2	8	8	2	8	8	2	8		false	
rf1	11885	01	2	/ZPOOL/data/projects/rf1-sra-linux2/bids/sub-11885/ses-01/func/sub-11885_ses-01_task-sharedreward_run-2_events.tsv	/ZPOOL/data/projects/sharedreward-aging/derivatives/harmonized/events/rf1/sub-11885/ses-01/func/sub-11885_ses-01_task-sharedreward_run-2_desc-fullTrial_events.tsv	54	53	1	0.018518518518518517	7	2	8	8	2	8	8	2	8		false	
rf1	11891	01	1	/ZPOOL/data/projects/rf1-sra-linux2/bids/sub-11891/ses-01/func/sub-11891_ses-01_task-sharedreward_run-1_events.tsv	/ZPOOL/data/projects/sharedreward-aging/derivatives/harmonized/events/rf1/sub-11891/ses-01/func/sub-11891_ses-01_task-sharedreward_run-1_desc-fullTrial_events.tsv	54	54	0	0.0	8	2	8	8	2	8	8	2	8		false	
rf1	11891	01	2	/ZPOOL/data/projects/rf1-sra-linux2/bids/sub-11891/ses-01/func/sub-11891_ses-01_task-sharedreward_run-2_events.tsv	/ZPOOL/data/projects/sharedreward-aging/derivatives/harmonized/events/rf1/sub-11891/ses-01/func/sub-11891_ses-01_task-sharedreward_run-2_desc-fullTrial_events.tsv	54	54	0	0.0	8	2	8	8	2	8	8	2	8		false	
rf1	11897	01	1	/ZPOOL/data/projects/rf1-sra-linux2/bids/sub-11897/ses-01/func/sub-11897_ses-01_task-sharedreward_run-1_events.tsv	/ZPOOL/data/projects/sharedreward-aging/derivatives/harmonized/events/rf1/sub-11897/ses-01/func/sub-11897_ses-01_task-sharedreward_run-1_desc-fullTrial_events.tsv	54	52	2	0.037037037037037035	7	2	8	7	2	8	8	2	8		false	
rf1	11897	01	2	/ZPOOL/data/projects/rf1-sra-linux2/bids/sub-11897/ses-01/func/sub-11897_ses-01_task-sharedreward_run-2_events.tsv	/ZPOOL/data/projects/sharedreward-aging/derivatives/harmonized/events/rf1/sub-11897/ses-01/func/sub-11897_ses-01_task-sharedreward_run-2_desc-fullTrial_events.tsv	54	54	0	0.0	8	2	8	8	2	8	8	2	8		false	
rf1	11900	01	1	/ZPOOL/data/projects/rf1-sra-linux2/bids/sub-11900/ses-01/func/sub-11900_ses-01_task-sharedreward_run-1_events.tsv	/ZPOOL/data/projects/sharedreward-aging/derivatives/harmonized/events/rf1/sub-11900/ses-01/func/sub-11900_ses-01_task-sharedreward_run-1_desc-fullTrial_events.tsv	54	54	0	0.0	8	2	8	8	2	8	8	2	8		false	
rf1	11900	01	2	/ZPOOL/data/projects/rf1-sra-linux2/bids/sub-11900/ses-01/func/sub-11900_ses-01_task-sharedreward_run-2_events.tsv	/ZPOOL/data/projects/sharedreward-aging/derivatives/harmonized/events/rf1/sub-11900/ses-01/func/sub-11900_ses-01_task-sharedreward_run-2_desc-fullTrial_events.tsv	54	54	0	0.0	8	2	8	8	2	8	8	2	8		false	
rf1	11902	01	1	/ZPOOL/data/projects/rf1-sra-linux2/bids/sub-11902/ses-01/func/sub-11902_ses-01_task-sharedreward_run-1_events.tsv	/ZPOOL/data/projects/sharedreward-aging/derivatives/harmonized/events/rf1/sub-11902/ses-01/func/sub-11902_ses-01_task-sharedreward_run-1_desc-fullTrial_events.tsv	54	50	4	0.07407407407407407	7	2	8	6	2	8	8	2	7		false	
rf1	11902	01	2	/ZPOOL/data/projects/rf1-sra-linux2/bids/sub-11902/ses-01/func/sub-11902_ses-01_task-sharedreward_run-2_events.tsv	/ZPOOL/data/projects/sharedreward-aging/derivatives/harmonized/events/rf1/sub-11902/ses-01/func/sub-11902_ses-01_task-sharedreward_run-2_desc-fullTrial_events.tsv	54	37	17	0.3148148148148148	5	1	8	4	1	6	6	1	5		true	missed_trials_gt_25pct
rf1	11909	01	1	/ZPOOL/data/projects/rf1-sra-linux2/bids/sub-11909/ses-01/func/sub-11909_ses-01_task-sharedreward_run-1_events.tsv	/ZPOOL/data/projects/sharedreward-aging/derivatives/harmonized/events/rf1/sub-11909/ses-01/func/sub-11909_ses-01_task-sharedreward_run-1_desc-fullTrial_events.tsv	54	51	3	0.05555555555555555	8	2	7	8	1	7	8	2	8		false	
rf1	11909	01	2	/ZPOOL/data/projects/rf1-sra-linux2/bids/sub-11909/ses-01/func/sub-11909_ses-01_task-sharedreward_run-2_events.tsv	/ZPOOL/data/projects/sharedreward-aging/derivatives/harmonized/events/rf1/sub-11909/ses-01/func/sub-11909_ses-01_task-sharedreward_run-2_desc-fullTrial_events.tsv	54	53	1	0.018518518518518517	7	2	8	8	2	8	8	2	8		false	
rf1	11913	01	1	/ZPOOL/data/projects/rf1-sra-linux2/bids/sub-11913/ses-01/func/sub-11913_ses-01_task-sharedreward_run-1_events.tsv	/ZPOOL/data/projects/sharedreward-aging/derivatives/harmonized/events/rf1/sub-11913/ses-01/func/sub-11913_ses-01_task-sharedreward_run-1_desc-fullTrial_events.tsv	54	53	1	0.018518518518518517	8	2	8	8	1	8	8	2	8		false	
rf1	11913	01	2	/ZPOOL/data/projects/rf1-sra-linux2/bids/sub-11913/ses-01/func/sub-11913_ses-01_task-sharedreward_run-2_events.tsv	/ZPOOL/data/projects/sharedreward-aging/derivatives/harmonized/events/rf1/sub-11913/ses-01/func/sub-11913_ses-01_task-sharedreward_run-2_desc-fullTrial_events.tsv	54	54	0	0.0	8	2	8	8	2	8	8	2	8		false	
rf1	11914	01	1	/ZPOOL/data/projects/rf1-sra-linux2/bids/sub-11914/ses-01/func/sub-11914_ses-01_task-sharedreward_run-1_events.tsv	/ZPOOL/data/projects/sharedreward-aging/derivatives/harmonized/events/rf1/sub-11914/ses-01/func/sub-11914_ses-01_task-sharedreward_run-1_desc-fullTrial_events.tsv	54	54	0	0.0	8	2	8	8	2	8	8	2	8		false	
rf1	11914	01	2	/ZPOOL/data/projects/rf1-sra-linux2/bids/sub-11914/ses-01/func/sub-11914_ses-01_task-sharedreward_run-2_events.tsv	/ZPOOL/data/projects/sharedreward-aging/derivatives/harmonized/events/rf1/sub-11914/ses-01/func/sub-11914_ses-01_task-sharedreward_run-2_desc-fullTrial_events.tsv	54	54	0	0.0	8	2	8	8	2	8	8	2	8		false	
rf1	11920	01	1	/ZPOOL/data/projects/rf1-sra-linux2/bids/sub-11920/ses-01/func/sub-11920_ses-01_task-sharedreward_run-1_events.tsv	/ZPOOL/data/projects/sharedreward-aging/derivatives/harmonized/events/rf1/sub-11920/ses-01/func/sub-11920_ses-01_task-sharedreward_run-1_desc-fullTrial_events.tsv	54	43	11	0.2037037037037037	7	2	5	7	2	6	5	2	7		false	
rf1	11920	01	2	/ZPOOL/data/projects/rf1-sra-linux2/bids/sub-11920/ses-01/func/sub-11920_ses-01_task-sharedreward_run-2_events.tsv	/ZPOOL/data/projects/sharedreward-aging/derivatives/harmonized/events/rf1/sub-11920/ses-01/func/sub-11920_ses-01_task-sharedreward_run-2_desc-fullTrial_events.tsv	54	31	23	0.42592592592592593	5	1	5	4	2	5	3	2	4		true	missed_trials_gt_25pct
rf1	11922	01	1	/ZPOOL/data/projects/rf1-sra-linux2/bids/sub-11922/ses-01/func/sub-11922_ses-01_task-sharedreward_run-1_events.tsv	/ZPOOL/data/projects/sharedreward-aging/derivatives/harmonized/events/rf1/sub-11922/ses-01/func/sub-11922_ses-01_task-sharedreward_run-1_desc-fullTrial_events.tsv	54	54	0	0.0	8	2	8	8	2	8	8	2	8		false	
rf1	11922	01	2	/ZPOOL/data/projects/rf1-sra-linux2/bids/sub-11922/ses-01/func/sub-11922_ses-01_task-sharedreward_run-2_events.tsv	/ZPOOL/data/projects/sharedreward-aging/derivatives/harmonized/events/rf1/sub-11922/ses-01/func/sub-11922_ses-01_task-sharedreward_run-2_desc-fullTrial_events.tsv	54	54	0	0.0	8	2	8	8	2	8	8	2	8		false	
rf1	11923	01	1	/ZPOOL/data/projects/rf1-sra-linux2/bids/sub-11923/ses-01/func/sub-11923_ses-01_task-sharedreward_run-1_events.tsv	/ZPOOL/data/projects/sharedreward-aging/derivatives/harmonized/events/rf1/sub-11923/ses-01/func/sub-11923_ses-01_task-sharedreward_run-1_desc-fullTrial_events.tsv	54	54	0	0.0	8	2	8	8	2	8	8	2	8		false	
rf1	11923	01	2	/ZPOOL/data/projects/rf1-sra-linux2/bids/sub-11923/ses-01/func/sub-11923_ses-01_task-sharedreward_run-2_events.tsv	/ZPOOL/data/projects/sharedreward-aging/derivatives/harmonized/events/rf1/sub-11923/ses-01/func/sub-11923_ses-01_task-sharedreward_run-2_desc-fullTrial_events.tsv	54	54	0	0.0	8	2	8	8	2	8	8	2	8		false	
rf1	11924	01	1	/ZPOOL/data/projects/rf1-sra-linux2/bids/sub-11924/ses-01/func/sub-11924_ses-01_task-sharedreward_run-1_events.tsv	/ZPOOL/data/projects/sharedreward-aging/derivatives/harmonized/events/rf1/sub-11924/ses-01/func/sub-11924_ses-01_task-sharedreward_run-1_desc-fullTrial_events.tsv	54	53	1	0.018518518518518517	8	2	8	8	2	8	8	2	7		false	
rf1	11924	01	2	/ZPOOL/data/projects/rf1-sra-linux2/bids/sub-11924/ses-01/func/sub-11924_ses-01_task-sharedreward_run-2_events.tsv	/ZPOOL/data/projects/sharedreward-aging/derivatives/harmonized/events/rf1/sub-11924/ses-01/func/sub-11924_ses-01_task-sharedreward_run-2_desc-fullTrial_events.tsv	54	54	0	0.0	8	2	8	8	2	8	8	2	8		false	
rf1	11926	01	1	/ZPOOL/data/projects/rf1-sra-linux2/bids/sub-11926/ses-01/func/sub-11926_ses-01_task-sharedreward_run-1_events.tsv	/ZPOOL/data/projects/sharedreward-aging/derivatives/harmonized/events/rf1/sub-11926/ses-01/func/sub-11926_ses-01_task-sharedreward_run-1_desc-fullTrial_events.tsv	54	53	1	0.018518518518518517	8	2	7	8	2	8	8	2	8		false	
rf1	11926	01	2	/ZPOOL/data/projects/rf1-sra-linux2/bids/sub-11926/ses-01/func/sub-11926_ses-01_task-sharedreward_run-2_events.tsv	/ZPOOL/data/projects/sharedreward-aging/derivatives/harmonized/events/rf1/sub-11926/ses-01/func/sub-11926_ses-01_task-sharedreward_run-2_desc-fullTrial_events.tsv	54	53	1	0.018518518518518517	8	2	8	8	2	8	8	2	7		false	
rf1	11928	01	1	/ZPOOL/data/projects/rf1-sra-linux2/bids/sub-11928/ses-01/func/sub-11928_ses-01_task-sharedreward_run-1_events.tsv	/ZPOOL/data/projects/sharedreward-aging/derivatives/harmonized/events/rf1/sub-11928/ses-01/func/sub-11928_ses-01_task-sharedreward_run-1_desc-fullTrial_events.tsv	54	54	0	0.0	8	2	8	8	2	8	8	2	8		false	
rf1	11928	01	2	/ZPOOL/data/projects/rf1-sra-linux2/bids/sub-11928/ses-01/func/sub-11928_ses-01_task-sharedreward_run-2_events.tsv	/ZPOOL/data/projects/sharedreward-aging/derivatives/harmonized/events/rf1/sub-11928/ses-01/func/sub-11928_ses-01_task-sharedreward_run-2_desc-fullTrial_events.tsv	54	53	1	0.018518518518518517	8	2	7	8	2	8	8	2	8		false	
rf1	11929	01	1	/ZPOOL/data/projects/rf1-sra-linux2/bids/sub-11929/ses-01/func/sub-11929_ses-01_task-sharedreward_run-1_events.tsv	/ZPOOL/data/projects/sharedreward-aging/derivatives/harmonized/events/rf1/sub-11929/ses-01/func/sub-11929_ses-01_task-sharedreward_run-1_desc-fullTrial_events.tsv	54	54	0	0.0	8	2	8	8	2	8	8	2	8		false	
rf1	11929	01	2	/ZPOOL/data/projects/rf1-sra-linux2/bids/sub-11929/ses-01/func/sub-11929_ses-01_task-sharedreward_run-2_events.tsv	/ZPOOL/data/projects/sharedreward-aging/derivatives/harmonized/events/rf1/sub-11929/ses-01/func/sub-11929_ses-01_task-sharedreward_run-2_desc-fullTrial_events.tsv	54	54	0	0.0	8	2	8	8	2	8	8	2	8		false	
rf1	11931	01	1	/ZPOOL/data/projects/rf1-sra-linux2/bids/sub-11931/ses-01/func/sub-11931_ses-01_task-sharedreward_run-1_events.tsv	/ZPOOL/data/projects/sharedreward-aging/derivatives/harmonized/events/rf1/sub-11931/ses-01/func/sub-11931_ses-01_task-sharedreward_run-1_desc-fullTrial_events.tsv	54	54	0	0.0	8	2	8	8	2	8	8	2	8		false	
rf1	11931	01	2	/ZPOOL/data/projects/rf1-sra-linux2/bids/sub-11931/ses-01/func/sub-11931_ses-01_task-sharedreward_run-2_events.tsv	/ZPOOL/data/projects/sharedreward-aging/derivatives/harmonized/events/rf1/sub-11931/ses-01/func/sub-11931_ses-01_task-sharedreward_run-2_desc-fullTrial_events.tsv	54	54	0	0.0	8	2	8	8	2	8	8	2	8		false	
rf1	11935	01	1	/ZPOOL/data/projects/rf1-sra-linux2/bids/sub-11935/ses-01/func/sub-11935_ses-01_task-sharedreward_run-1_events.tsv	/ZPOOL/data/projects/sharedreward-aging/derivatives/harmonized/events/rf1/sub-11935/ses-01/func/sub-11935_ses-01_task-sharedreward_run-1_desc-fullTrial_events.tsv	54	54	0	0.0	8	2	8	8	2	8	8	2	8		false	
rf1	11935	01	2	/ZPOOL/data/projects/rf1-sra-linux2/bids/sub-11935/ses-01/func/sub-11935_ses-01_task-sharedreward_run-2_events.tsv	/ZPOOL/data/projects/sharedreward-aging/derivatives/harmonized/events/rf1/sub-11935/ses-01/func/sub-11935_ses-01_task-sharedreward_run-2_desc-fullTrial_events.tsv	54	53	1	0.018518518518518517	8	2	8	8	2	8	7	2	8		false	
rf1	11939	01	1	/ZPOOL/data/projects/rf1-sra-linux2/bids/sub-11939/ses-01/func/sub-11939_ses-01_task-sharedreward_run-1_events.tsv	/ZPOOL/data/projects/sharedreward-aging/derivatives/harmonized/events/rf1/sub-11939/ses-01/func/sub-11939_ses-01_task-sharedreward_run-1_desc-fullTrial_events.tsv	54	53	1	0.018518518518518517	8	2	8	7	2	8	8	2	8		false	
rf1	11939	01	2	/ZPOOL/data/projects/rf1-sra-linux2/bids/sub-11939/ses-01/func/sub-11939_ses-01_task-sharedreward_run-2_events.tsv	/ZPOOL/data/projects/sharedreward-aging/derivatives/harmonized/events/rf1/sub-11939/ses-01/func/sub-11939_ses-01_task-sharedreward_run-2_desc-fullTrial_events.tsv	54	54	0	0.0	8	2	8	8	2	8	8	2	8		false	
rf1	11943	01	1	/ZPOOL/data/projects/rf1-sra-linux2/bids/sub-11943/ses-01/func/sub-11943_ses-01_task-sharedreward_run-1_events.tsv	/ZPOOL/data/projects/sharedreward-aging/derivatives/harmonized/events/rf1/sub-11943/ses-01/func/sub-11943_ses-01_task-sharedreward_run-1_desc-fullTrial_events.tsv	54	54	0	0.0	8	2	8	8	2	8	8	2	8		false	
rf1	11943	01	2	/ZPOOL/data/projects/rf1-sra-linux2/bids/sub-11943/ses-01/func/sub-11943_ses-01_task-sharedreward_run-2_events.tsv	/ZPOOL/data/projects/sharedreward-aging/derivatives/harmonized/events/rf1/sub-11943/ses-01/func/sub-11943_ses-01_task-sharedreward_run-2_desc-fullTrial_events.tsv	54	54	0	0.0	8	2	8	8	2	8	8	2	8		false	
rf1	11949	01	1	/ZPOOL/data/projects/rf1-sra-linux2/bids/sub-11949/ses-01/func/sub-11949_ses-01_task-sharedreward_run-1_events.tsv	/ZPOOL/data/projects/sharedreward-aging/derivatives/harmonized/events/rf1/sub-11949/ses-01/func/sub-11949_ses-01_task-sharedreward_run-1_desc-fullTrial_events.tsv	54	54	0	0.0	8	2	8	8	2	8	8	2	8		false	
rf1	11949	01	2	/ZPOOL/data/projects/rf1-sra-linux2/bids/sub-11949/ses-01/func/sub-11949_ses-01_task-sharedreward_run-2_events.tsv	/ZPOOL/data/projects/sharedreward-aging/derivatives/harmonized/events/rf1/sub-11949/ses-01/func/sub-11949_ses-01_task-sharedreward_run-2_desc-fullTrial_events.tsv	54	54	0	0.0	8	2	8	8	2	8	8	2	8		false	
rf1	11960	01	1	/ZPOOL/data/projects/rf1-sra-linux2/bids/sub-11960/ses-01/func/sub-11960_ses-01_task-sharedreward_run-1_events.tsv	/ZPOOL/data/projects/sharedreward-aging/derivatives/harmonized/events/rf1/sub-11960/ses-01/func/sub-11960_ses-01_task-sharedreward_run-1_desc-fullTrial_events.tsv	54	54	0	0.0	8	2	8	8	2	8	8	2	8		false	
rf1	11960	01	2	/ZPOOL/data/projects/rf1-sra-linux2/bids/sub-11960/ses-01/func/sub-11960_ses-01_task-sharedreward_run-2_events.tsv	/ZPOOL/data/projects/sharedreward-aging/derivatives/harmonized/events/rf1/sub-11960/ses-01/func/sub-11960_ses-01_task-sharedreward_run-2_desc-fullTrial_events.tsv	54	54	0	0.0	8	2	8	8	2	8	8	2	8		false	
rf1	11974	01	1	/ZPOOL/data/projects/rf1-sra-linux2/bids/sub-11974/ses-01/func/sub-11974_ses-01_task-sharedreward_run-1_events.tsv	/ZPOOL/data/projects/sharedreward-aging/derivatives/harmonized/events/rf1/sub-11974/ses-01/func/sub-11974_ses-01_task-sharedreward_run-1_desc-fullTrial_events.tsv	54	54	0	0.0	8	2	8	8	2	8	8	2	8		false	
rf1	11974	01	2	/ZPOOL/data/projects/rf1-sra-linux2/bids/sub-11974/ses-01/func/sub-11974_ses-01_task-sharedreward_run-2_events.tsv	/ZPOOL/data/projects/sharedreward-aging/derivatives/harmonized/events/rf1/sub-11974/ses-01/func/sub-11974_ses-01_task-sharedreward_run-2_desc-fullTrial_events.tsv	54	49	5	0.09259259259259259	7	2	6	7	2	8	7	2	8		false	
rf1	11976	01	1	/ZPOOL/data/projects/rf1-sra-linux2/bids/sub-11976/ses-01/func/sub-11976_ses-01_task-sharedreward_run-1_events.tsv	/ZPOOL/data/projects/sharedreward-aging/derivatives/harmonized/events/rf1/sub-11976/ses-01/func/sub-11976_ses-01_task-sharedreward_run-1_desc-fullTrial_events.tsv	54	54	0	0.0	8	2	8	8	2	8	8	2	8		false	
rf1	11976	01	2	/ZPOOL/data/projects/rf1-sra-linux2/bids/sub-11976/ses-01/func/sub-11976_ses-01_task-sharedreward_run-2_events.tsv	/ZPOOL/data/projects/sharedreward-aging/derivatives/harmonized/events/rf1/sub-11976/ses-01/func/sub-11976_ses-01_task-sharedreward_run-2_desc-fullTrial_events.tsv	54	54	0	0.0	8	2	8	8	2	8	8	2	8		false	
rf1	11982	01	1	/ZPOOL/data/projects/rf1-sra-linux2/bids/sub-11982/ses-01/func/sub-11982_ses-01_task-sharedreward_run-1_events.tsv	/ZPOOL/data/projects/sharedreward-aging/derivatives/harmonized/events/rf1/sub-11982/ses-01/func/sub-11982_ses-01_task-sharedreward_run-1_desc-fullTrial_events.tsv	54	54	0	0.0	8	2	8	8	2	8	8	2	8		false	
rf1	11982	01	2	/ZPOOL/data/projects/rf1-sra-linux2/bids/sub-11982/ses-01/func/sub-11982_ses-01_task-sharedreward_run-2_events.tsv	/ZPOOL/data/projects/sharedreward-aging/derivatives/harmonized/events/rf1/sub-11982/ses-01/func/sub-11982_ses-01_task-sharedreward_run-2_desc-fullTrial_events.tsv	54	53	1	0.018518518518518517	8	1	8	8	2	8	8	2	8		false	
rf1	11984	01	2	/ZPOOL/data/projects/rf1-sra-linux2/bids/sub-11984/ses-01/func/sub-11984_ses-01_task-sharedreward_run-2_events.tsv	/ZPOOL/data/projects/sharedreward-aging/derivatives/harmonized/events/rf1/sub-11984/ses-01/func/sub-11984_ses-01_task-sharedreward_run-2_desc-fullTrial_events.tsv	54	53	1	0.018518518518518517	7	2	8	8	2	8	8	2	8		false	
rf1	12008	01	1	/ZPOOL/data/projects/rf1-sra-linux2/bids/sub-12008/ses-01/func/sub-12008_ses-01_task-sharedreward_run-1_events.tsv	/ZPOOL/data/projects/sharedreward-aging/derivatives/harmonized/events/rf1/sub-12008/ses-01/func/sub-12008_ses-01_task-sharedreward_run-1_desc-fullTrial_events.tsv	54	54	0	0.0	8	2	8	8	2	8	8	2	8		false	
rf1	12008	01	2	/ZPOOL/data/projects/rf1-sra-linux2/bids/sub-12008/ses-01/func/sub-12008_ses-01_task-sharedreward_run-2_events.tsv	/ZPOOL/data/projects/sharedreward-aging/derivatives/harmonized/events/rf1/sub-12008/ses-01/func/sub-12008_ses-01_task-sharedreward_run-2_desc-fullTrial_events.tsv	54	52	2	0.037037037037037035	6	2	8	8	2	8	8	2	8		false	
rf1	12011	01	1	/ZPOOL/data/projects/rf1-sra-linux2/bids/sub-12011/ses-01/func/sub-12011_ses-01_task-sharedreward_run-1_events.tsv	/ZPOOL/data/projects/sharedreward-aging/derivatives/harmonized/events/rf1/sub-12011/ses-01/func/sub-12011_ses-01_task-sharedreward_run-1_desc-fullTrial_events.tsv	54	54	0	0.0	8	2	8	8	2	8	8	2	8		false	
rf1	12011	01	2	/ZPOOL/data/projects/rf1-sra-linux2/bids/sub-12011/ses-01/func/sub-12011_ses-01_task-sharedreward_run-2_events.tsv	/ZPOOL/data/projects/sharedreward-aging/derivatives/harmonized/events/rf1/sub-12011/ses-01/func/sub-12011_ses-01_task-sharedreward_run-2_desc-fullTrial_events.tsv	54	53	1	0.018518518518518517	8	2	8	8	2	8	8	2	7		false	
rf1	12013	01	1	/ZPOOL/data/projects/rf1-sra-linux2/bids/sub-12013/ses-01/func/sub-12013_ses-01_task-sharedreward_run-1_events.tsv	/ZPOOL/data/projects/sharedreward-aging/derivatives/harmonized/events/rf1/sub-12013/ses-01/func/sub-12013_ses-01_task-sharedreward_run-1_desc-fullTrial_events.tsv	54	53	1	0.018518518518518517	8	2	8	7	2	8	8	2	8		false	
rf1	12013	01	2	/ZPOOL/data/projects/rf1-sra-linux2/bids/sub-12013/ses-01/func/sub-12013_ses-01_task-sharedreward_run-2_events.tsv	/ZPOOL/data/projects/sharedreward-aging/derivatives/harmonized/events/rf1/sub-12013/ses-01/func/sub-12013_ses-01_task-sharedreward_run-2_desc-fullTrial_events.tsv	54	54	0	0.0	8	2	8	8	2	8	8	2	8		false	
rf1	12018	01	1	/ZPOOL/data/projects/rf1-sra-linux2/bids/sub-12018/ses-01/func/sub-12018_ses-01_task-sharedreward_run-1_events.tsv	/ZPOOL/data/projects/sharedreward-aging/derivatives/harmonized/events/rf1/sub-12018/ses-01/func/sub-12018_ses-01_task-sharedreward_run-1_desc-fullTrial_events.tsv	54	53	1	0.018518518518518517	8	2	8	7	2	8	8	2	8		false	
rf1	12018	01	2	/ZPOOL/data/projects/rf1-sra-linux2/bids/sub-12018/ses-01/func/sub-12018_ses-01_task-sharedreward_run-2_events.tsv	/ZPOOL/data/projects/sharedreward-aging/derivatives/harmonized/events/rf1/sub-12018/ses-01/func/sub-12018_ses-01_task-sharedreward_run-2_desc-fullTrial_events.tsv	54	51	3	0.05555555555555555	8	2	8	8	1	8	7	2	7		false	
rf1	12020	01	2	/ZPOOL/data/projects/rf1-sra-linux2/bids/sub-12020/ses-01/func/sub-12020_ses-01_task-sharedreward_run-2_events.tsv	/ZPOOL/data/projects/sharedreward-aging/derivatives/harmonized/events/rf1/sub-12020/ses-01/func/sub-12020_ses-01_task-sharedreward_run-2_desc-fullTrial_events.tsv	54	53	1	0.018518518518518517	8	2	8	8	2	8	8	1	8		false	
rf1	12021	01	1	/ZPOOL/data/projects/rf1-sra-linux2/bids/sub-12021/ses-01/func/sub-12021_ses-01_task-sharedreward_run-1_events.tsv	/ZPOOL/data/projects/sharedreward-aging/derivatives/harmonized/events/rf1/sub-12021/ses-01/func/sub-12021_ses-01_task-sharedreward_run-1_desc-fullTrial_events.tsv	54	54	0	0.0	8	2	8	8	2	8	8	2	8		false	
rf1	12021	01	2	/ZPOOL/data/projects/rf1-sra-linux2/bids/sub-12021/ses-01/func/sub-12021_ses-01_task-sharedreward_run-2_events.tsv	/ZPOOL/data/projects/sharedreward-aging/derivatives/harmonized/events/rf1/sub-12021/ses-01/func/sub-12021_ses-01_task-sharedreward_run-2_desc-fullTrial_events.tsv	54	53	1	0.018518518518518517	8	2	8	8	2	8	7	2	8		false	
rf1	12031	01	1	/ZPOOL/data/projects/rf1-sra-linux2/bids/sub-12031/ses-01/func/sub-12031_ses-01_task-sharedreward_run-1_events.tsv	/ZPOOL/data/projects/sharedreward-aging/derivatives/harmonized/events/rf1/sub-12031/ses-01/func/sub-12031_ses-01_task-sharedreward_run-1_desc-fullTrial_events.tsv	54	53	1	0.018518518518518517	8	2	8	8	2	8	8	1	8		false	
rf1	12031	01	2	/ZPOOL/data/projects/rf1-sra-linux2/bids/sub-12031/ses-01/func/sub-12031_ses-01_task-sharedreward_run-2_events.tsv	/ZPOOL/data/projects/sharedreward-aging/derivatives/harmonized/events/rf1/sub-12031/ses-01/func/sub-12031_ses-01_task-sharedreward_run-2_desc-fullTrial_events.tsv	54	54	0	0.0	8	2	8	8	2	8	8	2	8		false	
rf1	12033	01	1	/ZPOOL/data/projects/rf1-sra-linux2/bids/sub-12033/ses-01/func/sub-12033_ses-01_task-sharedreward_run-1_events.tsv	/ZPOOL/data/projects/sharedreward-aging/derivatives/harmonized/events/rf1/sub-12033/ses-01/func/sub-12033_ses-01_task-sharedreward_run-1_desc-fullTrial_events.tsv	54	54	0	0.0	8	2	8	8	2	8	8	2	8		false	
rf1	12033	01	2	/ZPOOL/data/projects/rf1-sra-linux2/bids/sub-12033/ses-01/func/sub-12033_ses-01_task-sharedreward_run-2_events.tsv	/ZPOOL/data/projects/sharedreward-aging/derivatives/harmonized/events/rf1/sub-12033/ses-01/func/sub-12033_ses-01_task-sharedreward_run-2_desc-fullTrial_events.tsv	54	54	0	0.0	8	2	8	8	2	8	8	2	8		false	
rf1	12036	01	1	/ZPOOL/data/projects/rf1-sra-linux2/bids/sub-12036/ses-01/func/sub-12036_ses-01_task-sharedreward_run-1_events.tsv	/ZPOOL/data/projects/sharedreward-aging/derivatives/harmonized/events/rf1/sub-12036/ses-01/func/sub-12036_ses-01_task-sharedreward_run-1_desc-fullTrial_events.tsv	54	53	1	0.018518518518518517	7	2	8	8	2	8	8	2	8		false	
rf1	12037	01	1	/ZPOOL/data/projects/rf1-sra-linux2/bids/sub-12037/ses-01/func/sub-12037_ses-01_task-sharedreward_run-1_events.tsv	/ZPOOL/data/projects/sharedreward-aging/derivatives/harmonized/events/rf1/sub-12037/ses-01/func/sub-12037_ses-01_task-sharedreward_run-1_desc-fullTrial_events.tsv	54	54	0	0.0	8	2	8	8	2	8	8	2	8		false	
rf1	12038	01	1	/ZPOOL/data/projects/rf1-sra-linux2/bids/sub-12038/ses-01/func/sub-12038_ses-01_task-sharedreward_run-1_events.tsv	/ZPOOL/data/projects/sharedreward-aging/derivatives/harmonized/events/rf1/sub-12038/ses-01/func/sub-12038_ses-01_task-sharedreward_run-1_desc-fullTrial_events.tsv	54	54	0	0.0	8	2	8	8	2	8	8	2	8		false	
rf1	12038	01	2	/ZPOOL/data/projects/rf1-sra-linux2/bids/sub-12038/ses-01/func/sub-12038_ses-01_task-sharedreward_run-2_events.tsv	/ZPOOL/data/projects/sharedreward-aging/derivatives/harmonized/events/rf1/sub-12038/ses-01/func/sub-12038_ses-01_task-sharedreward_run-2_desc-fullTrial_events.tsv	54	46	8	0.14814814814814814	8	2	7	5	2	6	6	2	8		false	
rf1	12039	01	1	/ZPOOL/data/projects/rf1-sra-linux2/bids/sub-12039/ses-01/func/sub-12039_ses-01_task-sharedreward_run-1_events.tsv	/ZPOOL/data/projects/sharedreward-aging/derivatives/harmonized/events/rf1/sub-12039/ses-01/func/sub-12039_ses-01_task-sharedreward_run-1_desc-fullTrial_events.tsv	54	53	1	0.018518518518518517	8	2	8	8	2	8	8	2	7		false	
rf1	12039	01	2	/ZPOOL/data/projects/rf1-sra-linux2/bids/sub-12039/ses-01/func/sub-12039_ses-01_task-sharedreward_run-2_events.tsv	/ZPOOL/data/projects/sharedreward-aging/derivatives/harmonized/events/rf1/sub-12039/ses-01/func/sub-12039_ses-01_task-sharedreward_run-2_desc-fullTrial_events.tsv	54	54	0	0.0	8	2	8	8	2	8	8	2	8		false	
rf1	12041	01	1	/ZPOOL/data/projects/rf1-sra-linux2/bids/sub-12041/ses-01/func/sub-12041_ses-01_task-sharedreward_run-1_events.tsv	/ZPOOL/data/projects/sharedreward-aging/derivatives/harmonized/events/rf1/sub-12041/ses-01/func/sub-12041_ses-01_task-sharedreward_run-1_desc-fullTrial_events.tsv	34	20	14	0.4117647058823529	5	1	1	2	1	4	2	1	3		true	missed_trials_gt_25pct
rf1	12047	01	1	/ZPOOL/data/projects/rf1-sra-linux2/bids/sub-12047/ses-01/func/sub-12047_ses-01_task-sharedreward_run-1_events.tsv	/ZPOOL/data/projects/sharedreward-aging/derivatives/harmonized/events/rf1/sub-12047/ses-01/func/sub-12047_ses-01_task-sharedreward_run-1_desc-fullTrial_events.tsv	54	52	2	0.037037037037037035	7	2	8	8	2	7	8	2	8		false	
rf1	12047	01	2	/ZPOOL/data/projects/rf1-sra-linux2/bids/sub-12047/ses-01/func/sub-12047_ses-01_task-sharedreward_run-2_events.tsv	/ZPOOL/data/projects/sharedreward-aging/derivatives/harmonized/events/rf1/sub-12047/ses-01/func/sub-12047_ses-01_task-sharedreward_run-2_desc-fullTrial_events.tsv	54	48	6	0.1111111111111111	7	2	7	8	2	8	5	2	7		false	
rf1	12049	01	1	/ZPOOL/data/projects/rf1-sra-linux2/bids/sub-12049/ses-01/func/sub-12049_ses-01_task-sharedreward_run-1_events.tsv	/ZPOOL/data/projects/sharedreward-aging/derivatives/harmonized/events/rf1/sub-12049/ses-01/func/sub-12049_ses-01_task-sharedreward_run-1_desc-fullTrial_events.tsv	54	53	1	0.018518518518518517	7	2	8	8	2	8	8	2	8		false	
rf1	12049	01	2	/ZPOOL/data/projects/rf1-sra-linux2/bids/sub-12049/ses-01/func/sub-12049_ses-01_task-sharedreward_run-2_events.tsv	/ZPOOL/data/projects/sharedreward-aging/derivatives/harmonized/events/rf1/sub-12049/ses-01/func/sub-12049_ses-01_task-sharedreward_run-2_desc-fullTrial_events.tsv	54	52	2	0.037037037037037035	7	2	8	8	2	8	8	1	8		false	
rf1	12051	01	1	/ZPOOL/data/projects/rf1-sra-linux2/bids/sub-12051/ses-01/func/sub-12051_ses-01_task-sharedreward_run-1_events.tsv	/ZPOOL/data/projects/sharedreward-aging/derivatives/harmonized/events/rf1/sub-12051/ses-01/func/sub-12051_ses-01_task-sharedreward_run-1_desc-fullTrial_events.tsv	54	54	0	0.0	8	2	8	8	2	8	8	2	8		false	
rf1	12051	01	2	/ZPOOL/data/projects/rf1-sra-linux2/bids/sub-12051/ses-01/func/sub-12051_ses-01_task-sharedreward_run-2_events.tsv	/ZPOOL/data/projects/sharedreward-aging/derivatives/harmonized/events/rf1/sub-12051/ses-01/func/sub-12051_ses-01_task-sharedreward_run-2_desc-fullTrial_events.tsv	54	54	0	0.0	8	2	8	8	2	8	8	2	8		false	
rf1	12054	01	1	/ZPOOL/data/projects/rf1-sra-linux2/bids/sub-12054/ses-01/func/sub-12054_ses-01_task-sharedreward_run-1_events.tsv	/ZPOOL/data/projects/sharedreward-aging/derivatives/harmonized/events/rf1/sub-12054/ses-01/func/sub-12054_ses-01_task-sharedreward_run-1_desc-fullTrial_events.tsv	54	54	0	0.0	8	2	8	8	2	8	8	2	8		false	
rf1	12054	01	2	/ZPOOL/data/projects/rf1-sra-linux2/bids/sub-12054/ses-01/func/sub-12054_ses-01_task-sharedreward_run-2_events.tsv	/ZPOOL/data/projects/sharedreward-aging/derivatives/harmonized/events/rf1/sub-12054/ses-01/func/sub-12054_ses-01_task-sharedreward_run-2_desc-fullTrial_events.tsv	54	54	0	0.0	8	2	8	8	2	8	8	2	8		false	
rf1	12055	01	1	/ZPOOL/data/projects/rf1-sra-linux2/bids/sub-12055/ses-01/func/sub-12055_ses-01_task-sharedreward_run-1_events.tsv	/ZPOOL/data/projects/sharedreward-aging/derivatives/harmonized/events/rf1/sub-12055/ses-01/func/sub-12055_ses-01_task-sharedreward_run-1_desc-fullTrial_events.tsv	54	53	1	0.018518518518518517	8	2	8	7	2	8	8	2	8		false	
rf1	12055	01	2	/ZPOOL/data/projects/rf1-sra-linux2/bids/sub-12055/ses-01/func/sub-12055_ses-01_task-sharedreward_run-2_events.tsv	/ZPOOL/data/projects/sharedreward-aging/derivatives/harmonized/events/rf1/sub-12055/ses-01/func/sub-12055_ses-01_task-sharedreward_run-2_desc-fullTrial_events.tsv	54	54	0	0.0	8	2	8	8	2	8	8	2	8		false	
rf1	12057	01	1	/ZPOOL/data/projects/rf1-sra-linux2/bids/sub-12057/ses-01/func/sub-12057_ses-01_task-sharedreward_run-1_events.tsv	/ZPOOL/data/projects/sharedreward-aging/derivatives/harmonized/events/rf1/sub-12057/ses-01/func/sub-12057_ses-01_task-sharedreward_run-1_desc-fullTrial_events.tsv	54	54	0	0.0	8	2	8	8	2	8	8	2	8		false	
rf1	12057	01	2	/ZPOOL/data/projects/rf1-sra-linux2/bids/sub-12057/ses-01/func/sub-12057_ses-01_task-sharedreward_run-2_events.tsv	/ZPOOL/data/projects/sharedreward-aging/derivatives/harmonized/events/rf1/sub-12057/ses-01/func/sub-12057_ses-01_task-sharedreward_run-2_desc-fullTrial_events.tsv	54	54	0	0.0	8	2	8	8	2	8	8	2	8		false	
