dataset	subject	session	run	stage	input_bold	input_mask	voxel_size_x	voxel_size_y	voxel_size_z	n_volumes	tr_seconds	classic_fwhm_x	classic_fwhm_y	classic_fwhm_z	classic_fwhm_combined	acf_a	acf_b	acf_c	acf_effective_fwhm	afni_version
ds003745	104		01	post_resample_preblur	/ZPOOL/data/projects/sharedreward-aging/derivatives/harmonized/sub-104/func/sub-104_task-sharedreward_run-01_space-MNI152NLin6Asym_desc-rf1Grid_bold.nii.gz	/ZPOOL/data/projects/sharedreward-aging/derivatives/harmonized/sub-104/func/sub-104_task-sharedreward_run-01_space-MNI152NLin6Asym_desc-rf1Grid_mask.nii.gz	2.7	2.7	2.97	202	2.02	3.75825	3.68524	3.85446	3.76535	0.894015	2.1155	20.3259	5.28241	Precompiled binary linux_ubuntu_24_64: Aug  4 2026 (Version AFNI_26.2.03 'Gordian III')
ds003745	104		01	pre_resample	/ZPOOL/data/projects/sharedreward-aging/derivatives/fmriprep/sub-104/func/sub-104_task-sharedreward_run-01_space-MNI152NLin6Asym_desc-preproc_bold.nii.gz	/ZPOOL/data/projects/sharedreward-aging/derivatives/fmriprep/sub-104/func/sub-104_task-sharedreward_run-01_space-MNI152NLin6Asym_desc-brain_mask.nii.gz	2.973	2.973	3.22	202	2.02	3.52076	3.40991	3.61279	3.5135	0.885215	1.96133	16.0291	4.76496	Precompiled binary linux_ubuntu_24_64: Aug  4 2026 (Version AFNI_26.2.03 'Gordian III')
ds003745	104		02	post_resample_preblur	/ZPOOL/data/projects/sharedreward-aging/derivatives/harmonized/sub-104/func/sub-104_task-sharedreward_run-02_space-MNI152NLin6Asym_desc-rf1Grid_bold.nii.gz	/ZPOOL/data/projects/sharedreward-aging/derivatives/harmonized/sub-104/func/sub-104_task-sharedreward_run-02_space-MNI152NLin6Asym_desc-rf1Grid_mask.nii.gz	2.7	2.7	2.97	202	2.02	3.80562	3.71515	3.86398	3.79442	0.885252	2.12197	20.7423	5.34456	Precompiled binary linux_ubuntu_24_64: Aug  4 2026 (Version AFNI_26.2.03 'Gordian III')
ds003745	104		02	pre_resample	/ZPOOL/data/projects/sharedreward-aging/derivatives/fmriprep/sub-104/func/sub-104_task-sharedreward_run-02_space-MNI152NLin6Asym_desc-preproc_bold.nii.gz	/ZPOOL/data/projects/sharedreward-aging/derivatives/fmriprep/sub-104/func/sub-104_task-sharedreward_run-02_space-MNI152NLin6Asym_desc-brain_mask.nii.gz	2.973	2.973	3.22	202	2.02	3.56807	3.44368	3.62238	3.54392	0.877313	1.96669	16.3877	4.81303	Precompiled binary linux_ubuntu_24_64: Aug  4 2026 (Version AFNI_26.2.03 'Gordian III')
ds003745	105		01	post_resample_preblur	/ZPOOL/data/projects/sharedreward-aging/derivatives/harmonized/sub-105/func/sub-105_task-sharedreward_run-01_space-MNI152NLin6Asym_desc-rf1Grid_bold.nii.gz	/ZPOOL/data/projects/sharedreward-aging/derivatives/harmonized/sub-105/func/sub-105_task-sharedreward_run-01_space-MNI152NLin6Asym_desc-rf1Grid_mask.nii.gz	2.7	2.7	2.97	202	2.02	3.57866	3.52768	3.76241	3.62153	0.908695	2.06673	18.6387	5.05992	Precompiled binary linux_ubuntu_24_64: Aug  4 2026 (Version AFNI_26.2.03 'Gordian III')
ds003745	105		01	pre_resample	/ZPOOL/data/projects/sharedreward-aging/derivatives/fmriprep/sub-105/func/sub-105_task-sharedreward_run-01_space-MNI152NLin6Asym_desc-preproc_bold.nii.gz	/ZPOOL/data/projects/sharedreward-aging/derivatives/fmriprep/sub-105/func/sub-105_task-sharedreward_run-01_space-MNI152NLin6Asym_desc-brain_mask.nii.gz	2.973	2.973	3.22	202	2.02	3.32101	3.22847	3.52663	3.35641	0.898737	1.90566	14.3915	4.56289	Precompiled binary linux_ubuntu_24_64: Aug  4 2026 (Version AFNI_26.2.03 'Gordian III')
ds003745	105		02	post_resample_preblur	/ZPOOL/data/projects/sharedreward-aging/derivatives/harmonized/sub-105/func/sub-105_task-sharedreward_run-02_space-MNI152NLin6Asym_desc-rf1Grid_bold.nii.gz	/ZPOOL/data/projects/sharedreward-aging/derivatives/harmonized/sub-105/func/sub-105_task-sharedreward_run-02_space-MNI152NLin6Asym_desc-rf1Grid_mask.nii.gz	2.7	2.7	2.97	202	2.02	3.61271	3.58064	3.81282	3.6673	0.897487	2.08301	19.1468	5.15949	Precompiled binary linux_ubuntu_24_64: Aug  4 2026 (Version AFNI_26.2.03 'Gordian III')
ds003745	105		02	pre_resample	/ZPOOL/data/projects/sharedreward-aging/derivatives/fmriprep/sub-105/func/sub-105_task-sharedreward_run-02_space-MNI152NLin6Asym_desc-preproc_bold.nii.gz	/ZPOOL/data/projects/sharedreward-aging/derivatives/fmriprep/sub-105/func/sub-105_task-sharedreward_run-02_space-MNI152NLin6Asym_desc-brain_mask.nii.gz	2.973	2.973	3.22	202	2.02	3.35987	3.28757	3.57969	3.40681	0.887639	1.9237	14.8631	4.65174	Precompiled binary linux_ubuntu_24_64: Aug  4 2026 (Version AFNI_26.2.03 'Gordian III')
ds003745	106		01	post_resample_preblur	/ZPOOL/data/projects/sharedreward-aging/derivatives/harmonized/sub-106/func/sub-106_task-sharedreward_run-01_space-MNI152NLin6Asym_desc-rf1Grid_bold.nii.gz	/ZPOOL/data/projects/sharedreward-aging/derivatives/harmonized/sub-106/func/sub-106_task-sharedreward_run-01_space-MNI152NLin6Asym_desc-rf1Grid_mask.nii.gz	2.7	2.7	2.97	202	2.02	3.80433	3.63171	3.78177	3.73848	0.895043	2.10818	20.438	5.25573	Precompiled binary linux_ubuntu_24_64: Aug  4 2026 (Version AFNI_26.2.03 'Gordian III')
ds003745	106		01	pre_resample	/ZPOOL/data/projects/sharedreward-aging/derivatives/fmriprep/sub-106/func/sub-106_task-sharedreward_run-01_space-MNI152NLin6Asym_desc-preproc_bold.nii.gz	/ZPOOL/data/projects/sharedreward-aging/derivatives/fmriprep/sub-106/func/sub-106_task-sharedreward_run-01_space-MNI152NLin6Asym_desc-brain_mask.nii.gz	2.973	2.973	3.22	202	2.02	3.5634	3.35508	3.51743	3.47748	0.888728	1.94974	16.0887	4.72255	Precompiled binary linux_ubuntu_24_64: Aug  4 2026 (Version AFNI_26.2.03 'Gordian III')
ds003745	106		02	post_resample_preblur	/ZPOOL/data/projects/sharedreward-aging/derivatives/harmonized/sub-106/func/sub-106_task-sharedreward_run-02_space-MNI152NLin6Asym_desc-rf1Grid_bold.nii.gz	/ZPOOL/data/projects/sharedreward-aging/derivatives/harmonized/sub-106/func/sub-106_task-sharedreward_run-02_space-MNI152NLin6Asym_desc-rf1Grid_mask.nii.gz	2.7	2.7	2.97	202	2.02	3.81565	3.6678	3.80601	3.76254	0.891283	2.11838	20.7302	5.30605	Precompiled binary linux_ubuntu_24_64: Aug  4 2026 (Version AFNI_26.2.03 'Gordian III')
ds003745	106		02	pre_resample	/ZPOOL/data/projects/sharedreward-aging/derivatives/fmriprep/sub-106/func/sub-106_task-sharedreward_run-02_space-MNI152NLin6Asym_desc-preproc_bold.nii.gz	/ZPOOL/data/projects/sharedreward-aging/derivatives/fmriprep/sub-106/func/sub-106_task-sharedreward_run-02_space-MNI152NLin6Asym_desc-brain_mask.nii.gz	2.973	2.973	3.22	202	2.02	3.57551	3.3944	3.5455	3.50423	0.884869	1.96219	16.3523	4.77118	Precompiled binary linux_ubuntu_24_64: Aug  4 2026 (Version AFNI_26.2.03 'Gordian III')
ds003745	107		01	post_resample_preblur	/ZPOOL/data/projects/sharedreward-aging/derivatives/harmonized/sub-107/func/sub-107_task-sharedreward_run-01_space-MNI152NLin6Asym_desc-rf1Grid_bold.nii.gz	/ZPOOL/data/projects/sharedreward-aging/derivatives/harmonized/sub-107/func/sub-107_task-sharedreward_run-01_space-MNI152NLin6Asym_desc-rf1Grid_mask.nii.gz	2.7	2.7	2.97	202	2.02	3.57261	3.63305	3.8493	3.68309	0.888521	2.07497	19.182	5.17365	Precompiled binary linux_ubuntu_24_64: Aug  4 2026 (Version AFNI_26.2.03 'Gordian III')
ds003745	107		01	pre_resample	/ZPOOL/data/projects/sharedreward-aging/derivatives/fmriprep/sub-107/func/sub-107_task-sharedreward_run-01_space-MNI152NLin6Asym_desc-preproc_bold.nii.gz	/ZPOOL/data/projects/sharedreward-aging/derivatives/fmriprep/sub-107/func/sub-107_task-sharedreward_run-01_space-MNI152NLin6Asym_desc-brain_mask.nii.gz	2.973	2.973	3.22	202	2.02	3.28233	3.33388	3.58142	3.39674	0.878379	1.89668	14.7001	4.61928	Precompiled binary linux_ubuntu_24_64: Aug  4 2026 (Version AFNI_26.2.03 'Gordian III')
ds003745	107		02	post_resample_preblur	/ZPOOL/data/projects/sharedreward-aging/derivatives/harmonized/sub-107/func/sub-107_task-sharedreward_run-02_space-MNI152NLin6Asym_desc-rf1Grid_bold.nii.gz	/ZPOOL/data/projects/sharedreward-aging/derivatives/harmonized/sub-107/func/sub-107_task-sharedreward_run-02_space-MNI152NLin6Asym_desc-rf1Grid_mask.nii.gz	2.7	2.7	2.97	202	2.02	3.5398	3.61307	3.85397	3.66653	0.897679	2.08007	18.8909	5.14805	Precompiled binary linux_ubuntu_24_64: Aug  4 2026 (Version AFNI_26.2.03 'Gordian III')
ds003745	107		02	pre_resample	/ZPOOL/data/projects/sharedreward-aging/derivatives/fmriprep/sub-107/func/sub-107_task-sharedreward_run-02_space-MNI152NLin6Asym_desc-preproc_bold.nii.gz	/ZPOOL/data/projects/sharedreward-aging/derivatives/fmriprep/sub-107/func/sub-107_task-sharedreward_run-02_space-MNI152NLin6Asym_desc-brain_mask.nii.gz	2.973	2.973	3.22	202	2.02	3.25145	3.31812	3.5907	3.38363	0.887554	1.90721	14.488	4.60845	Precompiled binary linux_ubuntu_24_64: Aug  4 2026 (Version AFNI_26.2.03 'Gordian III')
ds003745	108		01	post_resample_preblur	/ZPOOL/data/projects/sharedreward-aging/derivatives/harmonized/sub-108/func/sub-108_task-sharedreward_run-01_space-MNI152NLin6Asym_desc-rf1Grid_bold.nii.gz	/ZPOOL/data/projects/sharedreward-aging/derivatives/harmonized/sub-108/func/sub-108_task-sharedreward_run-01_space-MNI152NLin6Asym_desc-rf1Grid_mask.nii.gz	2.7	2.7	2.97	202	2.02	3.91354	3.82908	4.08648	3.94159	0.895788	2.22081	22.367	5.53672	Precompiled binary linux_ubuntu_24_64: Aug  4 2026 (Version AFNI_26.2.03 'Gordian III')
ds003745	108		01	pre_resample	/ZPOOL/data/projects/sharedreward-aging/derivatives/fmriprep/sub-108/func/sub-108_task-sharedreward_run-01_space-MNI152NLin6Asym_desc-preproc_bold.nii.gz	/ZPOOL/data/projects/sharedreward-aging/derivatives/fmriprep/sub-108/func/sub-108_task-sharedreward_run-01_space-MNI152NLin6Asym_desc-brain_mask.nii.gz	2.973	2.973	3.22	202	2.02	3.69332	3.5838	3.88869	3.71982	0.887755	2.09589	17.7059	5.1243	Precompiled binary linux_ubuntu_24_64: Aug  4 2026 (Version AFNI_26.2.03 'Gordian III')
ds003745	108		02	post_resample_preblur	/ZPOOL/data/projects/sharedreward-aging/derivatives/harmonized/sub-108/func/sub-108_task-sharedreward_run-02_space-MNI152NLin6Asym_desc-rf1Grid_bold.nii.gz	/ZPOOL/data/projects/sharedreward-aging/derivatives/harmonized/sub-108/func/sub-108_task-sharedreward_run-02_space-MNI152NLin6Asym_desc-rf1Grid_mask.nii.gz	2.7	2.7	2.97	202	2.02	3.82413	3.84701	4.03503	3.90093	0.893567	2.18895	21.7866	5.50171	Precompiled binary linux_ubuntu_24_64: Aug  4 2026 (Version AFNI_26.2.03 'Gordian III')
ds003745	108		02	pre_resample	/ZPOOL/data/projects/sharedreward-aging/derivatives/fmriprep/sub-108/func/sub-108_task-sharedreward_run-02_space-MNI152NLin6Asym_desc-preproc_bold.nii.gz	/ZPOOL/data/projects/sharedreward-aging/derivatives/fmriprep/sub-108/func/sub-108_task-sharedreward_run-02_space-MNI152NLin6Asym_desc-brain_mask.nii.gz	2.973	2.973	3.22	202	2.02	3.587	3.60786	3.83181	3.67391	0.886084	2.05924	17.3319	5.02828	Precompiled binary linux_ubuntu_24_64: Aug  4 2026 (Version AFNI_26.2.03 'Gordian III')
ds003745	109		01	post_resample_preblur	/ZPOOL/data/projects/sharedreward-aging/derivatives/harmonized/sub-109/func/sub-109_task-sharedreward_run-01_space-MNI152NLin6Asym_desc-rf1Grid_bold.nii.gz	/ZPOOL/data/projects/sharedreward-aging/derivatives/harmonized/sub-109/func/sub-109_task-sharedreward_run-01_space-MNI152NLin6Asym_desc-rf1Grid_mask.nii.gz	2.7	2.7	2.97	202	2.02	3.78338	3.64376	3.90564	3.77608	0.890013	2.13118	20.3787	5.34969	Precompiled binary linux_ubuntu_24_64: Aug  4 2026 (Version AFNI_26.2.03 'Gordian III')
ds003745	109		01	pre_resample	/ZPOOL/data/projects/sharedreward-aging/derivatives/fmriprep/sub-109/func/sub-109_task-sharedreward_run-01_space-MNI152NLin6Asym_desc-preproc_bold.nii.gz	/ZPOOL/data/projects/sharedreward-aging/derivatives/fmriprep/sub-109/func/sub-109_task-sharedreward_run-01_space-MNI152NLin6Asym_desc-brain_mask.nii.gz	2.973	2.973	3.22	202	2.02	3.56503	3.36125	3.68196	3.53358	0.882072	1.98596	16.1064	4.84093	Precompiled binary linux_ubuntu_24_64: Aug  4 2026 (Version AFNI_26.2.03 'Gordian III')
ds003745	109		02	post_resample_preblur	/ZPOOL/data/projects/sharedreward-aging/derivatives/harmonized/sub-109/func/sub-109_task-sharedreward_run-02_space-MNI152NLin6Asym_desc-rf1Grid_bold.nii.gz	/ZPOOL/data/projects/sharedreward-aging/derivatives/harmonized/sub-109/func/sub-109_task-sharedreward_run-02_space-MNI152NLin6Asym_desc-rf1Grid_mask.nii.gz	2.7	2.7	2.97	202	2.02	3.83683	3.73956	3.92304	3.83241	0.865703	2.12456	21.1493	5.44442	Precompiled binary linux_ubuntu_24_64: Aug  4 2026 (Version AFNI_26.2.03 'Gordian III')
ds003745	109		02	pre_resample	/ZPOOL/data/projects/sharedreward-aging/derivatives/fmriprep/sub-109/func/sub-109_task-sharedreward_run-02_space-MNI152NLin6Asym_desc-preproc_bold.nii.gz	/ZPOOL/data/projects/sharedreward-aging/derivatives/fmriprep/sub-109/func/sub-109_task-sharedreward_run-02_space-MNI152NLin6Asym_desc-brain_mask.nii.gz	2.973	2.973	3.22	202	2.02	3.61685	3.46378	3.70703	3.59447	0.857847	1.97396	16.7831	4.91533	Precompiled binary linux_ubuntu_24_64: Aug  4 2026 (Version AFNI_26.2.03 'Gordian III')
ds003745	110		01	post_resample_preblur	/ZPOOL/data/projects/sharedreward-aging/derivatives/harmonized/sub-110/func/sub-110_task-sharedreward_run-01_space-MNI152NLin6Asym_desc-rf1Grid_bold.nii.gz	/ZPOOL/data/projects/sharedreward-aging/derivatives/harmonized/sub-110/func/sub-110_task-sharedreward_run-01_space-MNI152NLin6Asym_desc-rf1Grid_mask.nii.gz	2.7	2.7	2.97	202	2.02	3.55907	3.50491	3.68961	3.5837	0.903075	2.03546	18.4233	4.98815	Precompiled binary linux_ubuntu_24_64: Aug  4 2026 (Version AFNI_26.2.03 'Gordian III')
ds003745	110		01	pre_resample	/ZPOOL/data/projects/sharedreward-aging/derivatives/fmriprep/sub-110/func/sub-110_task-sharedreward_run-01_space-MNI152NLin6Asym_desc-preproc_bold.nii.gz	/ZPOOL/data/projects/sharedreward-aging/derivatives/fmriprep/sub-110/func/sub-110_task-sharedreward_run-01_space-MNI152NLin6Asym_desc-brain_mask.nii.gz	2.973	2.973	3.22	202	2.02	3.28516	3.17948	3.41726	3.29253	0.891824	1.85024	14.0268	4.45392	Precompiled binary linux_ubuntu_24_64: Aug  4 2026 (Version AFNI_26.2.03 'Gordian III')
ds003745	110		02	post_resample_preblur	/ZPOOL/data/projects/sharedreward-aging/derivatives/harmonized/sub-110/func/sub-110_task-sharedreward_run-02_space-MNI152NLin6Asym_desc-rf1Grid_bold.nii.gz	/ZPOOL/data/projects/sharedreward-aging/derivatives/harmonized/sub-110/func/sub-110_task-sharedreward_run-02_space-MNI152NLin6Asym_desc-rf1Grid_mask.nii.gz	2.7	2.7	2.97	202	2.02	3.58514	3.53478	3.57663	3.56545	0.899433	2.00859	18.6612	4.92513	Precompiled binary linux_ubuntu_24_64: Aug  4 2026 (Version AFNI_26.2.03 'Gordian III')
ds003745	110		02	pre_resample	/ZPOOL/data/projects/sharedreward-aging/derivatives/fmriprep/sub-110/func/sub-110_task-sharedreward_run-02_space-MNI152NLin6Asym_desc-preproc_bold.nii.gz	/ZPOOL/data/projects/sharedreward-aging/derivatives/fmriprep/sub-110/func/sub-110_task-sharedreward_run-02_space-MNI152NLin6Asym_desc-brain_mask.nii.gz	2.973	2.973	3.22	202	2.02	3.31684	3.20928	3.27932	3.26818	0.888193	1.81297	14.2498	4.3838	Precompiled binary linux_ubuntu_24_64: Aug  4 2026 (Version AFNI_26.2.03 'Gordian III')
ds003745	111		01	post_resample_preblur	/ZPOOL/data/projects/sharedreward-aging/derivatives/harmonized/sub-111/func/sub-111_task-sharedreward_run-01_space-MNI152NLin6Asym_desc-rf1Grid_bold.nii.gz	/ZPOOL/data/projects/sharedreward-aging/derivatives/harmonized/sub-111/func/sub-111_task-sharedreward_run-01_space-MNI152NLin6Asym_desc-rf1Grid_mask.nii.gz	2.7	2.7	2.97	202	2.02	3.71913	3.5609	3.78875	3.68835	0.857633	2.03202	19.52	5.1815	Precompiled binary linux_ubuntu_24_64: Aug  4 2026 (Version AFNI_26.2.03 'Gordian III')
ds003745	111		01	pre_resample	/ZPOOL/data/projects/sharedreward-aging/derivatives/fmriprep/sub-111/func/sub-111_task-sharedreward_run-01_space-MNI152NLin6Asym_desc-preproc_bold.nii.gz	/ZPOOL/data/projects/sharedreward-aging/derivatives/fmriprep/sub-111/func/sub-111_task-sharedreward_run-01_space-MNI152NLin6Asym_desc-brain_mask.nii.gz	2.973	2.973	3.22	202	2.02	3.42119	3.20926	3.48707	3.3704	0.847073	1.8158	14.7282	4.54817	Precompiled binary linux_ubuntu_24_64: Aug  4 2026 (Version AFNI_26.2.03 'Gordian III')
ds003745	111		02	post_resample_preblur	/ZPOOL/data/projects/sharedreward-aging/derivatives/harmonized/sub-111/func/sub-111_task-sharedreward_run-02_space-MNI152NLin6Asym_desc-rf1Grid_bold.nii.gz	/ZPOOL/data/projects/sharedreward-aging/derivatives/harmonized/sub-111/func/sub-111_task-sharedreward_run-02_space-MNI152NLin6Asym_desc-rf1Grid_mask.nii.gz	2.7	2.7	2.97	202	2.02	3.74538	3.58905	3.69052	3.67441	0.861634	2.02131	19.7955	5.1333	Precompiled binary linux_ubuntu_24_64: Aug  4 2026 (Version AFNI_26.2.03 'Gordian III')
ds003745	111		02	pre_resample	/ZPOOL/data/projects/sharedreward-aging/derivatives/fmriprep/sub-111/func/sub-111_task-sharedreward_run-02_space-MNI152NLin6Asym_desc-preproc_bold.nii.gz	/ZPOOL/data/projects/sharedreward-aging/derivatives/fmriprep/sub-111/func/sub-111_task-sharedreward_run-02_space-MNI152NLin6Asym_desc-brain_mask.nii.gz	2.973	2.973	3.22	202	2.02	3.44213	3.23442	3.38621	3.3531	0.851682	1.80215	14.9208	4.50129	Precompiled binary linux_ubuntu_24_64: Aug  4 2026 (Version AFNI_26.2.03 'Gordian III')
ds003745	112		01	post_resample_preblur	/ZPOOL/data/projects/sharedreward-aging/derivatives/harmonized/sub-112/func/sub-112_task-sharedreward_run-01_space-MNI152NLin6Asym_desc-rf1Grid_bold.nii.gz	/ZPOOL/data/projects/sharedreward-aging/derivatives/harmonized/sub-112/func/sub-112_task-sharedreward_run-01_space-MNI152NLin6Asym_desc-rf1Grid_mask.nii.gz	2.7	2.7	2.97	202	2.02	3.70266	3.47878	3.77666	3.65048	0.905202	2.07856	19.0316	5.11256	Precompiled binary linux_ubuntu_24_64: Aug  4 2026 (Version AFNI_26.2.03 'Gordian III')
ds003745	112		01	pre_resample	/ZPOOL/data/projects/sharedreward-aging/derivatives/fmriprep/sub-112/func/sub-112_task-sharedreward_run-01_space-MNI152NLin6Asym_desc-preproc_bold.nii.gz	/ZPOOL/data/projects/sharedreward-aging/derivatives/fmriprep/sub-112/func/sub-112_task-sharedreward_run-01_space-MNI152NLin6Asym_desc-brain_mask.nii.gz	2.973	2.973	3.22	202	2.02	3.44665	3.14898	3.4979	3.36092	0.89593	1.903	14.6004	4.56845	Precompiled binary linux_ubuntu_24_64: Aug  4 2026 (Version AFNI_26.2.03 'Gordian III')
ds003745	112		02	post_resample_preblur	/ZPOOL/data/projects/sharedreward-aging/derivatives/harmonized/sub-112/func/sub-112_task-sharedreward_run-02_space-MNI152NLin6Asym_desc-rf1Grid_bold.nii.gz	/ZPOOL/data/projects/sharedreward-aging/derivatives/harmonized/sub-112/func/sub-112_task-sharedreward_run-02_space-MNI152NLin6Asym_desc-rf1Grid_mask.nii.gz	2.7	2.7	2.97	202	2.02	3.74408	3.53183	3.82347	3.69772	0.889075	2.08545	19.5267	5.20578	Precompiled binary linux_ubuntu_24_64: Aug  4 2026 (Version AFNI_26.2.03 'Gordian III')
ds003745	112		02	pre_resample	/ZPOOL/data/projects/sharedreward-aging/derivatives/fmriprep/sub-112/func/sub-112_task-sharedreward_run-02_space-MNI152NLin6Asym_desc-preproc_bold.nii.gz	/ZPOOL/data/projects/sharedreward-aging/derivatives/fmriprep/sub-112/func/sub-112_task-sharedreward_run-02_space-MNI152NLin6Asym_desc-brain_mask.nii.gz	2.973	2.973	3.22	202	2.02	3.48679	3.20109	3.55125	3.40958	0.880307	1.90864	15.0109	4.64398	Precompiled binary linux_ubuntu_24_64: Aug  4 2026 (Version AFNI_26.2.03 'Gordian III')
ds003745	113		01	post_resample_preblur	/ZPOOL/data/projects/sharedreward-aging/derivatives/harmonized/sub-113/func/sub-113_task-sharedreward_run-01_space-MNI152NLin6Asym_desc-rf1Grid_bold.nii.gz	/ZPOOL/data/projects/sharedreward-aging/derivatives/harmonized/sub-113/func/sub-113_task-sharedreward_run-01_space-MNI152NLin6Asym_desc-rf1Grid_mask.nii.gz	2.7	2.7	2.97	202	2.02	4.04446	3.67331	3.78121	3.82986	0.869241	2.11998	19.2594	5.39945	Precompiled binary linux_ubuntu_24_64: Aug  4 2026 (Version AFNI_26.2.03 'Gordian III')
ds003745	113		01	pre_resample	/ZPOOL/data/projects/sharedreward-aging/derivatives/fmriprep/sub-113/func/sub-113_task-sharedreward_run-01_space-MNI152NLin6Asym_desc-preproc_bold.nii.gz	/ZPOOL/data/projects/sharedreward-aging/derivatives/fmriprep/sub-113/func/sub-113_task-sharedreward_run-01_space-MNI152NLin6Asym_desc-brain_mask.nii.gz	2.973	2.973	3.22	202	2.02	3.85373	3.4056	3.51394	3.5861	0.868429	1.97066	17.6576	4.87062	Precompiled binary linux_ubuntu_24_64: Aug  4 2026 (Version AFNI_26.2.03 'Gordian III')
ds003745	113		02	post_resample_preblur	/ZPOOL/data/projects/sharedreward-aging/derivatives/harmonized/sub-113/func/sub-113_task-sharedreward_run-02_space-MNI152NLin6Asym_desc-rf1Grid_bold.nii.gz	/ZPOOL/data/projects/sharedreward-aging/derivatives/harmonized/sub-113/func/sub-113_task-sharedreward_run-02_space-MNI152NLin6Asym_desc-rf1Grid_mask.nii.gz	2.7	2.7	2.97	202	2.02	4.03868	3.66853	3.79069	3.82957	0.869438	2.12882	19.4255	5.42155	Precompiled binary linux_ubuntu_24_64: Aug  4 2026 (Version AFNI_26.2.03 'Gordian III')
ds003745	113		02	pre_resample	/ZPOOL/data/projects/sharedreward-aging/derivatives/fmriprep/sub-113/func/sub-113_task-sharedreward_run-02_space-MNI152NLin6Asym_desc-preproc_bold.nii.gz	/ZPOOL/data/projects/sharedreward-aging/derivatives/fmriprep/sub-113/func/sub-113_task-sharedreward_run-02_space-MNI152NLin6Asym_desc-brain_mask.nii.gz	2.973	2.973	3.22	202	2.02	3.85518	3.40882	3.54217	3.59727	0.868783	1.98713	17.7371	4.91255	Precompiled binary linux_ubuntu_24_64: Aug  4 2026 (Version AFNI_26.2.03 'Gordian III')
ds003745	115		01	post_resample_preblur	/ZPOOL/data/projects/sharedreward-aging/derivatives/harmonized/sub-115/func/sub-115_task-sharedreward_run-01_space-MNI152NLin6Asym_desc-rf1Grid_bold.nii.gz	/ZPOOL/data/projects/sharedreward-aging/derivatives/harmonized/sub-115/func/sub-115_task-sharedreward_run-01_space-MNI152NLin6Asym_desc-rf1Grid_mask.nii.gz	2.7	2.7	2.97	202	2.02	3.76593	3.72144	3.85119	3.77914	0.891542	2.13297	20.7354	5.35076	Precompiled binary linux_ubuntu_24_64: Aug  4 2026 (Version AFNI_26.2.03 'Gordian III')
ds003745	115		01	pre_resample	/ZPOOL/data/projects/sharedreward-aging/derivatives/fmriprep/sub-115/func/sub-115_task-sharedreward_run-01_space-MNI152NLin6Asym_desc-preproc_bold.nii.gz	/ZPOOL/data/projects/sharedreward-aging/derivatives/fmriprep/sub-115/func/sub-115_task-sharedreward_run-01_space-MNI152NLin6Asym_desc-brain_mask.nii.gz	2.973	2.973	3.22	202	2.02	3.52791	3.44439	3.59804	3.52289	0.883546	1.97934	16.348	4.82012	Precompiled binary linux_ubuntu_24_64: Aug  4 2026 (Version AFNI_26.2.03 'Gordian III')
ds003745	115		02	post_resample_preblur	/ZPOOL/data/projects/sharedreward-aging/derivatives/harmonized/sub-115/func/sub-115_task-sharedreward_run-02_space-MNI152NLin6Asym_desc-rf1Grid_bold.nii.gz	/ZPOOL/data/projects/sharedreward-aging/derivatives/harmonized/sub-115/func/sub-115_task-sharedreward_run-02_space-MNI152NLin6Asym_desc-rf1Grid_mask.nii.gz	2.7	2.7	2.97	202	2.02	3.78479	3.7265	3.84977	3.78669	0.892062	2.13814	20.8461	5.3654	Precompiled binary linux_ubuntu_24_64: Aug  4 2026 (Version AFNI_26.2.03 'Gordian III')
ds003745	115		02	pre_resample	/ZPOOL/data/projects/sharedreward-aging/derivatives/fmriprep/sub-115/func/sub-115_task-sharedreward_run-02_space-MNI152NLin6Asym_desc-preproc_bold.nii.gz	/ZPOOL/data/projects/sharedreward-aging/derivatives/fmriprep/sub-115/func/sub-115_task-sharedreward_run-02_space-MNI152NLin6Asym_desc-brain_mask.nii.gz	2.973	2.973	3.22	202	2.02	3.54801	3.44869	3.59326	3.52947	0.884536	1.98489	16.4454	4.83125	Precompiled binary linux_ubuntu_24_64: Aug  4 2026 (Version AFNI_26.2.03 'Gordian III')
ds003745	116		01	post_resample_preblur	/ZPOOL/data/projects/sharedreward-aging/derivatives/harmonized/sub-116/func/sub-116_task-sharedreward_run-01_space-MNI152NLin6Asym_desc-rf1Grid_bold.nii.gz	/ZPOOL/data/projects/sharedreward-aging/derivatives/harmonized/sub-116/func/sub-116_task-sharedreward_run-01_space-MNI152NLin6Asym_desc-rf1Grid_mask.nii.gz	2.7	2.7	2.97	202	2.02	3.81055	3.57832	3.76365	3.71614	0.906967	2.10758	20.0862	5.1999	Precompiled binary linux_ubuntu_24_64: Aug  4 2026 (Version AFNI_26.2.03 'Gordian III')
ds003745	116		01	pre_resample	/ZPOOL/data/projects/sharedreward-aging/derivatives/fmriprep/sub-116/func/sub-116_task-sharedreward_run-01_space-MNI152NLin6Asym_desc-preproc_bold.nii.gz	/ZPOOL/data/projects/sharedreward-aging/derivatives/fmriprep/sub-116/func/sub-116_task-sharedreward_run-01_space-MNI152NLin6Asym_desc-brain_mask.nii.gz	2.973	2.973	3.22	202	2.02	3.5762	3.26614	3.49859	3.44442	0.897842	1.94324	15.6477	4.66793	Precompiled binary linux_ubuntu_24_64: Aug  4 2026 (Version AFNI_26.2.03 'Gordian III')
ds003745	116		02	post_resample_preblur	/ZPOOL/data/projects/sharedreward-aging/derivatives/harmonized/sub-116/func/sub-116_task-sharedreward_run-02_space-MNI152NLin6Asym_desc-rf1Grid_bold.nii.gz	/ZPOOL/data/projects/sharedreward-aging/derivatives/harmonized/sub-116/func/sub-116_task-sharedreward_run-02_space-MNI152NLin6Asym_desc-rf1Grid_mask.nii.gz	2.7	2.7	2.97	202	2.02	3.79923	3.6425	3.73267	3.72425	0.900057	2.09813	20.4225	5.20253	Precompiled binary linux_ubuntu_24_64: Aug  4 2026 (Version AFNI_26.2.03 'Gordian III')
ds003745	116		02	pre_resample	/ZPOOL/data/projects/sharedreward-aging/derivatives/fmriprep/sub-116/func/sub-116_task-sharedreward_run-02_space-MNI152NLin6Asym_desc-preproc_bold.nii.gz	/ZPOOL/data/projects/sharedreward-aging/derivatives/fmriprep/sub-116/func/sub-116_task-sharedreward_run-02_space-MNI152NLin6Asym_desc-brain_mask.nii.gz	2.973	2.973	3.22	202	2.02	3.55998	3.33688	3.46304	3.45209	0.891257	1.93134	15.9512	4.6659	Precompiled binary linux_ubuntu_24_64: Aug  4 2026 (Version AFNI_26.2.03 'Gordian III')
ds003745	117		01	post_resample_preblur	/ZPOOL/data/projects/sharedreward-aging/derivatives/harmonized/sub-117/func/sub-117_task-sharedreward_run-01_space-MNI152NLin6Asym_desc-rf1Grid_bold.nii.gz	/ZPOOL/data/projects/sharedreward-aging/derivatives/harmonized/sub-117/func/sub-117_task-sharedreward_run-01_space-MNI152NLin6Asym_desc-rf1Grid_mask.nii.gz	2.7	2.7	2.97	202	2.02	3.99478	3.8101	3.97578	3.92601	0.847183	2.15665	21.2787	5.52088	Precompiled binary linux_ubuntu_24_64: Aug  4 2026 (Version AFNI_26.2.03 'Gordian III')
ds003745	117		01	pre_resample	/ZPOOL/data/projects/sharedreward-aging/derivatives/fmriprep/sub-117/func/sub-117_task-sharedreward_run-01_space-MNI152NLin6Asym_desc-preproc_bold.nii.gz	/ZPOOL/data/projects/sharedreward-aging/derivatives/fmriprep/sub-117/func/sub-117_task-sharedreward_run-01_space-MNI152NLin6Asym_desc-brain_mask.nii.gz	2.973	2.973	3.22	202	2.02	3.78649	3.5384	3.75302	3.69098	0.843872	2.0125	18.0048	5.09026	Precompiled binary linux_ubuntu_24_64: Aug  4 2026 (Version AFNI_26.2.03 'Gordian III')
ds003745	117		02	post_resample_preblur	/ZPOOL/data/projects/sharedreward-aging/derivatives/harmonized/sub-117/func/sub-117_task-sharedreward_run-02_space-MNI152NLin6Asym_desc-rf1Grid_bold.nii.gz	/ZPOOL/data/projects/sharedreward-aging/derivatives/harmonized/sub-117/func/sub-117_task-sharedreward_run-02_space-MNI152NLin6Asym_desc-rf1Grid_mask.nii.gz	2.7	2.7	2.97	202	2.02	3.96694	3.76899	3.92359	3.88557	0.858269	2.14693	20.7134	5.50938	Precompiled binary linux_ubuntu_24_64: Aug  4 2026 (Version AFNI_26.2.03 'Gordian III')
ds003745	117		02	pre_resample	/ZPOOL/data/projects/sharedreward-aging/derivatives/fmriprep/sub-117/func/sub-117_task-sharedreward_run-02_space-MNI152NLin6Asym_desc-preproc_bold.nii.gz	/ZPOOL/data/projects/sharedreward-aging/derivatives/fmriprep/sub-117/func/sub-117_task-sharedreward_run-02_space-MNI152NLin6Asym_desc-brain_mask.nii.gz	2.973	2.973	3.22	202	2.02	3.75574	3.49713	3.69615	3.64798	0.855806	2.00375	17.6311	5.01071	Precompiled binary linux_ubuntu_24_64: Aug  4 2026 (Version AFNI_26.2.03 'Gordian III')
ds003745	118		01	post_resample_preblur	/ZPOOL/data/projects/sharedreward-aging/derivatives/harmonized/sub-118/func/sub-118_task-sharedreward_run-01_space-MNI152NLin6Asym_desc-rf1Grid_bold.nii.gz	/ZPOOL/data/projects/sharedreward-aging/derivatives/harmonized/sub-118/func/sub-118_task-sharedreward_run-01_space-MNI152NLin6Asym_desc-rf1Grid_mask.nii.gz	2.7	2.7	2.97	202	2.02	3.84621	3.86871	3.82481	3.84653	0.869734	2.14045	19.5371	5.45981	Precompiled binary linux_ubuntu_24_64: Aug  4 2026 (Version AFNI_26.2.03 'Gordian III')
ds003745	118		01	pre_resample	/ZPOOL/data/projects/sharedreward-aging/derivatives/fmriprep/sub-118/func/sub-118_task-sharedreward_run-01_space-MNI152NLin6Asym_desc-preproc_bold.nii.gz	/ZPOOL/data/projects/sharedreward-aging/derivatives/fmriprep/sub-118/func/sub-118_task-sharedreward_run-01_space-MNI152NLin6Asym_desc-brain_mask.nii.gz	2.973	2.973	3.22	202	2.02	3.61359	3.61511	3.57336	3.60063	0.852121	1.97191	13.8195	4.89656	Precompiled binary linux_ubuntu_24_64: Aug  4 2026 (Version AFNI_26.2.03 'Gordian III')
ds003745	118		02	post_resample_preblur	/ZPOOL/data/projects/sharedreward-aging/derivatives/harmonized/sub-118/func/sub-118_task-sharedreward_run-02_space-MNI152NLin6Asym_desc-rf1Grid_bold.nii.gz	/ZPOOL/data/projects/sharedreward-aging/derivatives/harmonized/sub-118/func/sub-118_task-sharedreward_run-02_space-MNI152NLin6Asym_desc-rf1Grid_mask.nii.gz	2.7	2.7	2.97	202	2.02	4.05565	4.07181	3.93028	4.01874	0.838398	2.20006	16.617	5.9109	Precompiled binary linux_ubuntu_24_64: Aug  4 2026 (Version AFNI_26.2.03 'Gordian III')
ds003745	118		02	pre_resample	/ZPOOL/data/projects/sharedreward-aging/derivatives/fmriprep/sub-118/func/sub-118_task-sharedreward_run-02_space-MNI152NLin6Asym_desc-preproc_bold.nii.gz	/ZPOOL/data/projects/sharedreward-aging/derivatives/fmriprep/sub-118/func/sub-118_task-sharedreward_run-02_space-MNI152NLin6Asym_desc-brain_mask.nii.gz	2.973	2.973	3.22	202	2.02	3.8165	3.8101	3.67454	3.76647	0.80196	2.00407	11.3964	5.12206	Precompiled binary linux_ubuntu_24_64: Aug  4 2026 (Version AFNI_26.2.03 'Gordian III')
ds003745	120		01	post_resample_preblur	/ZPOOL/data/projects/sharedreward-aging/derivatives/harmonized/sub-120/func/sub-120_task-sharedreward_run-01_space-MNI152NLin6Asym_desc-rf1Grid_bold.nii.gz	/ZPOOL/data/projects/sharedreward-aging/derivatives/harmonized/sub-120/func/sub-120_task-sharedreward_run-01_space-MNI152NLin6Asym_desc-rf1Grid_mask.nii.gz	2.7	2.7	2.97	202	2.02	3.87731	3.77513	3.71728	3.78933	0.856679	2.06486	21.382	5.30225	Precompiled binary linux_ubuntu_24_64: Aug  4 2026 (Version AFNI_26.2.03 'Gordian III')
ds003745	120		01	pre_resample	/ZPOOL/data/projects/sharedreward-aging/derivatives/fmriprep/sub-120/func/sub-120_task-sharedreward_run-01_space-MNI152NLin6Asym_desc-preproc_bold.nii.gz	/ZPOOL/data/projects/sharedreward-aging/derivatives/fmriprep/sub-120/func/sub-120_task-sharedreward_run-01_space-MNI152NLin6Asym_desc-brain_mask.nii.gz	2.973	2.973	3.22	202	2.02	3.58045	3.44487	3.37193	3.46468	0.83082	1.82736	13.2738	4.6172	Precompiled binary linux_ubuntu_24_64: Aug  4 2026 (Version AFNI_26.2.03 'Gordian III')
ds003745	120		02	post_resample_preblur	/ZPOOL/data/projects/sharedreward-aging/derivatives/harmonized/sub-120/func/sub-120_task-sharedreward_run-02_space-MNI152NLin6Asym_desc-rf1Grid_bold.nii.gz	/ZPOOL/data/projects/sharedreward-aging/derivatives/harmonized/sub-120/func/sub-120_task-sharedreward_run-02_space-MNI152NLin6Asym_desc-rf1Grid_mask.nii.gz	2.7	2.7	2.97	202	2.02	3.96292	3.70408	3.39289	3.67921	0.842428	1.94895	21.3586	5.01655	Precompiled binary linux_ubuntu_24_64: Aug  4 2026 (Version AFNI_26.2.03 'Gordian III')
ds003745	120		02	pre_resample	/ZPOOL/data/projects/sharedreward-aging/derivatives/fmriprep/sub-120/func/sub-120_task-sharedreward_run-02_space-MNI152NLin6Asym_desc-preproc_bold.nii.gz	/ZPOOL/data/projects/sharedreward-aging/derivatives/fmriprep/sub-120/func/sub-120_task-sharedreward_run-02_space-MNI152NLin6Asym_desc-brain_mask.nii.gz	2.973	2.973	3.22	202	2.02	3.63318	3.32835	3.04946	3.32848	0.814301	1.68198	12.8086	4.35289	Precompiled binary linux_ubuntu_24_64: Aug  4 2026 (Version AFNI_26.2.03 'Gordian III')
ds003745	121		01	post_resample_preblur	/ZPOOL/data/projects/sharedreward-aging/derivatives/harmonized/sub-121/func/sub-121_task-sharedreward_run-01_space-MNI152NLin6Asym_desc-rf1Grid_bold.nii.gz	/ZPOOL/data/projects/sharedreward-aging/derivatives/harmonized/sub-121/func/sub-121_task-sharedreward_run-01_space-MNI152NLin6Asym_desc-rf1Grid_mask.nii.gz	2.7	2.7	2.97	202	2.02	3.65303	3.53962	3.91972	3.70074	0.925928	2.13618	19.1159	5.20324	Precompiled binary linux_ubuntu_24_64: Aug  4 2026 (Version AFNI_26.2.03 'Gordian III')
ds003745	121		01	pre_resample	/ZPOOL/data/projects/sharedreward-aging/derivatives/fmriprep/sub-121/func/sub-121_task-sharedreward_run-01_space-MNI152NLin6Asym_desc-preproc_bold.nii.gz	/ZPOOL/data/projects/sharedreward-aging/derivatives/fmriprep/sub-121/func/sub-121_task-sharedreward_run-01_space-MNI152NLin6Asym_desc-brain_mask.nii.gz	2.973	2.973	3.22	202	2.02	3.42425	3.26814	3.70888	3.46234	0.916851	2.00237	15.0502	4.74135	Precompiled binary linux_ubuntu_24_64: Aug  4 2026 (Version AFNI_26.2.03 'Gordian III')
ds003745	121		02	post_resample_preblur	/ZPOOL/data/projects/sharedreward-aging/derivatives/harmonized/sub-121/func/sub-121_task-sharedreward_run-02_space-MNI152NLin6Asym_desc-rf1Grid_bold.nii.gz	/ZPOOL/data/projects/sharedreward-aging/derivatives/harmonized/sub-121/func/sub-121_task-sharedreward_run-02_space-MNI152NLin6Asym_desc-rf1Grid_mask.nii.gz	2.7	2.7	2.97	202	2.02	3.66317	3.57657	3.9061	3.71269	0.922141	2.13605	19.3615	5.21983	Precompiled binary linux_ubuntu_24_64: Aug  4 2026 (Version AFNI_26.2.03 'Gordian III')
ds003745	121		02	pre_resample	/ZPOOL/data/projects/sharedreward-aging/derivatives/fmriprep/sub-121/func/sub-121_task-sharedreward_run-02_space-MNI152NLin6Asym_desc-preproc_bold.nii.gz	/ZPOOL/data/projects/sharedreward-aging/derivatives/fmriprep/sub-121/func/sub-121_task-sharedreward_run-02_space-MNI152NLin6Asym_desc-brain_mask.nii.gz	2.973	2.973	3.22	202	2.02	3.43497	3.31044	3.6937	3.47608	0.913298	2.00127	15.2726	4.75324	Precompiled binary linux_ubuntu_24_64: Aug  4 2026 (Version AFNI_26.2.03 'Gordian III')
ds003745	122		01	post_resample_preblur	/ZPOOL/data/projects/sharedreward-aging/derivatives/harmonized/sub-122/func/sub-122_task-sharedreward_run-01_space-MNI152NLin6Asym_desc-rf1Grid_bold.nii.gz	/ZPOOL/data/projects/sharedreward-aging/derivatives/harmonized/sub-122/func/sub-122_task-sharedreward_run-01_space-MNI152NLin6Asym_desc-rf1Grid_mask.nii.gz	2.7	2.7	2.97	202	2.02	3.55123	3.69293	3.95914	3.73064	0.899647	2.12223	19.4161	5.27301	Precompiled binary linux_ubuntu_24_64: Aug  4 2026 (Version AFNI_26.2.03 'Gordian III')
ds003745	122		01	pre_resample	/ZPOOL/data/projects/sharedreward-aging/derivatives/fmriprep/sub-122/func/sub-122_task-sharedreward_run-01_space-MNI152NLin6Asym_desc-preproc_bold.nii.gz	/ZPOOL/data/projects/sharedreward-aging/derivatives/fmriprep/sub-122/func/sub-122_task-sharedreward_run-01_space-MNI152NLin6Asym_desc-brain_mask.nii.gz	2.973	2.973	3.22	202	2.02	3.27864	3.4382	3.75944	3.48644	0.890468	1.97877	15.1723	4.78139	Precompiled binary linux_ubuntu_24_64: Aug  4 2026 (Version AFNI_26.2.03 'Gordian III')
ds003745	122		02	post_resample_preblur	/ZPOOL/data/projects/sharedreward-aging/derivatives/harmonized/sub-122/func/sub-122_task-sharedreward_run-02_space-MNI152NLin6Asym_desc-rf1Grid_bold.nii.gz	/ZPOOL/data/projects/sharedreward-aging/derivatives/harmonized/sub-122/func/sub-122_task-sharedreward_run-02_space-MNI152NLin6Asym_desc-rf1Grid_mask.nii.gz	2.7	2.7	2.97	202	2.02	3.54511	3.68312	3.96364	3.7266	0.903461	2.12341	19.2976	5.25949	Precompiled binary linux_ubuntu_24_64: Aug  4 2026 (Version AFNI_26.2.03 'Gordian III')
ds003745	122		02	pre_resample	/ZPOOL/data/projects/sharedreward-aging/derivatives/fmriprep/sub-122/func/sub-122_task-sharedreward_run-02_space-MNI152NLin6Asym_desc-preproc_bold.nii.gz	/ZPOOL/data/projects/sharedreward-aging/derivatives/fmriprep/sub-122/func/sub-122_task-sharedreward_run-02_space-MNI152NLin6Asym_desc-brain_mask.nii.gz	2.973	2.973	3.22	202	2.02	3.27097	3.42755	3.75637	3.47917	0.894455	1.97928	15.0661	4.76655	Precompiled binary linux_ubuntu_24_64: Aug  4 2026 (Version AFNI_26.2.03 'Gordian III')
ds003745	124		01	post_resample_preblur	/ZPOOL/data/projects/sharedreward-aging/derivatives/harmonized/sub-124/func/sub-124_task-sharedreward_run-01_space-MNI152NLin6Asym_desc-rf1Grid_bold.nii.gz	/ZPOOL/data/projects/sharedreward-aging/derivatives/harmonized/sub-124/func/sub-124_task-sharedreward_run-01_space-MNI152NLin6Asym_desc-rf1Grid_mask.nii.gz	2.7	2.7	2.97	202	2.02	3.77676	3.65828	3.86503	3.76573	0.900775	2.12331	20.2999	5.27681	Precompiled binary linux_ubuntu_24_64: Aug  4 2026 (Version AFNI_26.2.03 'Gordian III')
ds003745	124		01	pre_resample	/ZPOOL/data/projects/sharedreward-aging/derivatives/fmriprep/sub-124/func/sub-124_task-sharedreward_run-01_space-MNI152NLin6Asym_desc-preproc_bold.nii.gz	/ZPOOL/data/projects/sharedreward-aging/derivatives/fmriprep/sub-124/func/sub-124_task-sharedreward_run-01_space-MNI152NLin6Asym_desc-brain_mask.nii.gz	2.973	2.973	3.22	202	2.02	3.56448	3.39236	3.65115	3.53435	0.890929	1.98347	16.155	4.79994	Precompiled binary linux_ubuntu_24_64: Aug  4 2026 (Version AFNI_26.2.03 'Gordian III')
ds003745	124		02	post_resample_preblur	/ZPOOL/data/projects/sharedreward-aging/derivatives/harmonized/sub-124/func/sub-124_task-sharedreward_run-02_space-MNI152NLin6Asym_desc-rf1Grid_bold.nii.gz	/ZPOOL/data/projects/sharedreward-aging/derivatives/harmonized/sub-124/func/sub-124_task-sharedreward_run-02_space-MNI152NLin6Asym_desc-rf1Grid_mask.nii.gz	2.7	2.7	2.97	202	2.02	3.79865	3.68282	3.91723	3.79836	0.895725	2.13818	20.5497	5.34728	Precompiled binary linux_ubuntu_24_64: Aug  4 2026 (Version AFNI_26.2.03 'Gordian III')
ds003745	124		02	pre_resample	/ZPOOL/data/projects/sharedreward-aging/derivatives/fmriprep/sub-124/func/sub-124_task-sharedreward_run-02_space-MNI152NLin6Asym_desc-preproc_bold.nii.gz	/ZPOOL/data/projects/sharedreward-aging/derivatives/fmriprep/sub-124/func/sub-124_task-sharedreward_run-02_space-MNI152NLin6Asym_desc-brain_mask.nii.gz	2.973	2.973	3.22	202	2.02	3.58637	3.42067	3.70771	3.56964	0.886359	2.00071	16.3787	4.86431	Precompiled binary linux_ubuntu_24_64: Aug  4 2026 (Version AFNI_26.2.03 'Gordian III')
ds003745	125		01	post_resample_preblur	/ZPOOL/data/projects/sharedreward-aging/derivatives/harmonized/sub-125/func/sub-125_task-sharedreward_run-01_space-MNI152NLin6Asym_desc-rf1Grid_bold.nii.gz	/ZPOOL/data/projects/sharedreward-aging/derivatives/harmonized/sub-125/func/sub-125_task-sharedreward_run-01_space-MNI152NLin6Asym_desc-rf1Grid_mask.nii.gz	2.7	2.7	2.97	202	2.02	3.8221	3.6515	3.77341	3.74831	0.914707	2.13277	20.6365	5.24744	Precompiled binary linux_ubuntu_24_64: Aug  4 2026 (Version AFNI_26.2.03 'Gordian III')
ds003745	125		01	pre_resample	/ZPOOL/data/projects/sharedreward-aging/derivatives/fmriprep/sub-125/func/sub-125_task-sharedreward_run-01_space-MNI152NLin6Asym_desc-preproc_bold.nii.gz	/ZPOOL/data/projects/sharedreward-aging/derivatives/fmriprep/sub-125/func/sub-125_task-sharedreward_run-01_space-MNI152NLin6Asym_desc-brain_mask.nii.gz	2.973	2.973	3.22	202	2.02	3.61583	3.39526	3.53545	3.51433	0.906306	1.99419	16.5006	4.76998	Precompiled binary linux_ubuntu_24_64: Aug  4 2026 (Version AFNI_26.2.03 'Gordian III')
ds003745	125		02	post_resample_preblur	/ZPOOL/data/projects/sharedreward-aging/derivatives/harmonized/sub-125/func/sub-125_task-sharedreward_run-02_space-MNI152NLin6Asym_desc-rf1Grid_bold.nii.gz	/ZPOOL/data/projects/sharedreward-aging/derivatives/harmonized/sub-125/func/sub-125_task-sharedreward_run-02_space-MNI152NLin6Asym_desc-rf1Grid_mask.nii.gz	2.7	2.7	2.97	202	2.02	3.8353	3.68878	3.81561	3.77934	0.910593	2.14926	20.9403	5.31848	Precompiled binary linux_ubuntu_24_64: Aug  4 2026 (Version AFNI_26.2.03 'Gordian III')
ds003745	125		02	pre_resample	/ZPOOL/data/projects/sharedreward-aging/derivatives/fmriprep/sub-125/func/sub-125_task-sharedreward_run-02_space-MNI152NLin6Asym_desc-preproc_bold.nii.gz	/ZPOOL/data/projects/sharedreward-aging/derivatives/fmriprep/sub-125/func/sub-125_task-sharedreward_run-02_space-MNI152NLin6Asym_desc-brain_mask.nii.gz	2.973	2.973	3.22	202	2.02	3.62765	3.43345	3.58115	3.54644	0.902939	2.01331	16.7573	4.83414	Precompiled binary linux_ubuntu_24_64: Aug  4 2026 (Version AFNI_26.2.03 'Gordian III')
ds003745	126		01	post_resample_preblur	/ZPOOL/data/projects/sharedreward-aging/derivatives/harmonized/sub-126/func/sub-126_task-sharedreward_run-01_space-MNI152NLin6Asym_desc-rf1Grid_bold.nii.gz	/ZPOOL/data/projects/sharedreward-aging/derivatives/harmonized/sub-126/func/sub-126_task-sharedreward_run-01_space-MNI152NLin6Asym_desc-rf1Grid_mask.nii.gz	2.7	2.7	2.97	202	2.02	3.91875	3.88894	3.46402	3.75134	0.83753	2.00548	15.9081	5.14958	Precompiled binary linux_ubuntu_24_64: Aug  4 2026 (Version AFNI_26.2.03 'Gordian III')
ds003745	126		01	pre_resample	/ZPOOL/data/projects/sharedreward-aging/derivatives/fmriprep/sub-126/func/sub-126_task-sharedreward_run-01_space-MNI152NLin6Asym_desc-preproc_bold.nii.gz	/ZPOOL/data/projects/sharedreward-aging/derivatives/fmriprep/sub-126/func/sub-126_task-sharedreward_run-01_space-MNI152NLin6Asym_desc-brain_mask.nii.gz	2.973	2.973	3.22	202	2.02	3.66705	3.60257	3.15842	3.46843	0.832773	1.80403	14.3133	4.57144	Precompiled binary linux_ubuntu_24_64: Aug  4 2026 (Version AFNI_26.2.03 'Gordian III')
ds003745	126		02	post_resample_preblur	/ZPOOL/data/projects/sharedreward-aging/derivatives/harmonized/sub-126/func/sub-126_task-sharedreward_run-02_space-MNI152NLin6Asym_desc-rf1Grid_bold.nii.gz	/ZPOOL/data/projects/sharedreward-aging/derivatives/harmonized/sub-126/func/sub-126_task-sharedreward_run-02_space-MNI152NLin6Asym_desc-rf1Grid_mask.nii.gz	2.7	2.7	2.97	202	2.02	3.83363	3.89231	3.70819	3.8106	0.850255	2.07382	18.2218	5.33071	Precompiled binary linux_ubuntu_24_64: Aug  4 2026 (Version AFNI_26.2.03 'Gordian III')
ds003745	126		02	pre_resample	/ZPOOL/data/projects/sharedreward-aging/derivatives/fmriprep/sub-126/func/sub-126_task-sharedreward_run-02_space-MNI152NLin6Asym_desc-preproc_bold.nii.gz	/ZPOOL/data/projects/sharedreward-aging/derivatives/fmriprep/sub-126/func/sub-126_task-sharedreward_run-02_space-MNI152NLin6Asym_desc-brain_mask.nii.gz	2.973	2.973	3.22	202	2.02	3.56877	3.6222	3.41825	3.53534	0.836028	1.87902	14.0179	4.73134	Precompiled binary linux_ubuntu_24_64: Aug  4 2026 (Version AFNI_26.2.03 'Gordian III')
ds003745	127		01	post_resample_preblur	/ZPOOL/data/projects/sharedreward-aging/derivatives/harmonized/sub-127/func/sub-127_task-sharedreward_run-01_space-MNI152NLin6Asym_desc-rf1Grid_bold.nii.gz	/ZPOOL/data/projects/sharedreward-aging/derivatives/harmonized/sub-127/func/sub-127_task-sharedreward_run-01_space-MNI152NLin6Asym_desc-rf1Grid_mask.nii.gz	2.7	2.7	2.97	202	2.02	3.76472	3.67158	3.92402	3.78534	0.851016	2.0765	20.3752	5.35685	Precompiled binary linux_ubuntu_24_64: Aug  4 2026 (Version AFNI_26.2.03 'Gordian III')
ds003745	127		01	pre_resample	/ZPOOL/data/projects/sharedreward-aging/derivatives/fmriprep/sub-127/func/sub-127_task-sharedreward_run-01_space-MNI152NLin6Asym_desc-preproc_bold.nii.gz	/ZPOOL/data/projects/sharedreward-aging/derivatives/fmriprep/sub-127/func/sub-127_task-sharedreward_run-01_space-MNI152NLin6Asym_desc-brain_mask.nii.gz	2.973	2.973	3.22	202	2.02	3.5079	3.37528	3.67799	3.51822	0.841218	1.90328	15.8843	4.79508	Precompiled binary linux_ubuntu_24_64: Aug  4 2026 (Version AFNI_26.2.03 'Gordian III')
ds003745	127		02	post_resample_preblur	/ZPOOL/data/projects/sharedreward-aging/derivatives/harmonized/sub-127/func/sub-127_task-sharedreward_run-02_space-MNI152NLin6Asym_desc-rf1Grid_bold.nii.gz	/ZPOOL/data/projects/sharedreward-aging/derivatives/harmonized/sub-127/func/sub-127_task-sharedreward_run-02_space-MNI152NLin6Asym_desc-rf1Grid_mask.nii.gz	2.7	2.7	2.97	202	2.02	3.68477	3.6147	3.85783	3.71771	0.864502	2.05539	19.6671	5.22326	Precompiled binary linux_ubuntu_24_64: Aug  4 2026 (Version AFNI_26.2.03 'Gordian III')
ds003745	127		02	pre_resample	/ZPOOL/data/projects/sharedreward-aging/derivatives/fmriprep/sub-127/func/sub-127_task-sharedreward_run-02_space-MNI152NLin6Asym_desc-preproc_bold.nii.gz	/ZPOOL/data/projects/sharedreward-aging/derivatives/fmriprep/sub-127/func/sub-127_task-sharedreward_run-02_space-MNI152NLin6Asym_desc-brain_mask.nii.gz	2.973	2.973	3.22	202	2.02	3.42003	3.31054	3.60147	3.44194	0.854174	1.87604	15.2084	4.66818	Precompiled binary linux_ubuntu_24_64: Aug  4 2026 (Version AFNI_26.2.03 'Gordian III')
ds003745	128		01	post_resample_preblur	/ZPOOL/data/projects/sharedreward-aging/derivatives/harmonized/sub-128/func/sub-128_task-sharedreward_run-01_space-MNI152NLin6Asym_desc-rf1Grid_bold.nii.gz	/ZPOOL/data/projects/sharedreward-aging/derivatives/harmonized/sub-128/func/sub-128_task-sharedreward_run-01_space-MNI152NLin6Asym_desc-rf1Grid_mask.nii.gz	2.7	2.7	2.97	202	2.02	3.69032	3.6065	3.81361	3.7025	0.876033	2.07886	19.7227	5.24434	Precompiled binary linux_ubuntu_24_64: Aug  4 2026 (Version AFNI_26.2.03 'Gordian III')
ds003745	128		01	pre_resample	/ZPOOL/data/projects/sharedreward-aging/derivatives/fmriprep/sub-128/func/sub-128_task-sharedreward_run-01_space-MNI152NLin6Asym_desc-preproc_bold.nii.gz	/ZPOOL/data/projects/sharedreward-aging/derivatives/fmriprep/sub-128/func/sub-128_task-sharedreward_run-01_space-MNI152NLin6Asym_desc-brain_mask.nii.gz	2.973	2.973	3.22	202	2.02	3.43932	3.32695	3.59897	3.45328	0.867508	1.91856	15.4277	4.72189	Precompiled binary linux_ubuntu_24_64: Aug  4 2026 (Version AFNI_26.2.03 'Gordian III')
ds003745	128		02	post_resample_preblur	/ZPOOL/data/projects/sharedreward-aging/derivatives/harmonized/sub-128/func/sub-128_task-sharedreward_run-02_space-MNI152NLin6Asym_desc-rf1Grid_bold.nii.gz	/ZPOOL/data/projects/sharedreward-aging/derivatives/harmonized/sub-128/func/sub-128_task-sharedreward_run-02_space-MNI152NLin6Asym_desc-rf1Grid_mask.nii.gz	2.7	2.7	2.97	202	2.02	3.73356	3.66904	3.85604	3.75208	0.866042	2.09083	20.2466	5.33084	Precompiled binary linux_ubuntu_24_64: Aug  4 2026 (Version AFNI_26.2.03 'Gordian III')
ds003745	128		02	pre_resample	/ZPOOL/data/projects/sharedreward-aging/derivatives/fmriprep/sub-128/func/sub-128_task-sharedreward_run-02_space-MNI152NLin6Asym_desc-preproc_bold.nii.gz	/ZPOOL/data/projects/sharedreward-aging/derivatives/fmriprep/sub-128/func/sub-128_task-sharedreward_run-02_space-MNI152NLin6Asym_desc-brain_mask.nii.gz	2.973	2.973	3.22	202	2.02	3.48937	3.39488	3.64178	3.50721	0.857907	1.93274	15.9396	4.80099	Precompiled binary linux_ubuntu_24_64: Aug  4 2026 (Version AFNI_26.2.03 'Gordian III')
ds003745	129		01	post_resample_preblur	/ZPOOL/data/projects/sharedreward-aging/derivatives/harmonized/sub-129/func/sub-129_task-sharedreward_run-01_space-MNI152NLin6Asym_desc-rf1Grid_bold.nii.gz	/ZPOOL/data/projects/sharedreward-aging/derivatives/harmonized/sub-129/func/sub-129_task-sharedreward_run-01_space-MNI152NLin6Asym_desc-rf1Grid_mask.nii.gz	2.7	2.7	2.97	202	2.02	3.95214	3.87305	3.70907	3.84341	0.848349	2.11874	18.514	5.47354	Precompiled binary linux_ubuntu_24_64: Aug  4 2026 (Version AFNI_26.2.03 'Gordian III')
ds003745	129		01	pre_resample	/ZPOOL/data/projects/sharedreward-aging/derivatives/fmriprep/sub-129/func/sub-129_task-sharedreward_run-01_space-MNI152NLin6Asym_desc-preproc_bold.nii.gz	/ZPOOL/data/projects/sharedreward-aging/derivatives/fmriprep/sub-129/func/sub-129_task-sharedreward_run-01_space-MNI152NLin6Asym_desc-brain_mask.nii.gz	2.973	2.973	3.22	202	2.02	3.72888	3.61192	3.48315	3.60658	0.834669	1.95293	14.2402	4.92415	Precompiled binary linux_ubuntu_24_64: Aug  4 2026 (Version AFNI_26.2.03 'Gordian III')
ds003745	129		02	post_resample_preblur	/ZPOOL/data/projects/sharedreward-aging/derivatives/harmonized/sub-129/func/sub-129_task-sharedreward_run-02_space-MNI152NLin6Asym_desc-rf1Grid_bold.nii.gz	/ZPOOL/data/projects/sharedreward-aging/derivatives/harmonized/sub-129/func/sub-129_task-sharedreward_run-02_space-MNI152NLin6Asym_desc-rf1Grid_mask.nii.gz	2.7	2.7	2.97	202	2.02	3.98933	3.906	3.6275	3.83778	0.852495	2.12346	17.6936	5.46391	Precompiled binary linux_ubuntu_24_64: Aug  4 2026 (Version AFNI_26.2.03 'Gordian III')
ds003745	129		02	pre_resample	/ZPOOL/data/projects/sharedreward-aging/derivatives/fmriprep/sub-129/func/sub-129_task-sharedreward_run-02_space-MNI152NLin6Asym_desc-preproc_bold.nii.gz	/ZPOOL/data/projects/sharedreward-aging/derivatives/fmriprep/sub-129/func/sub-129_task-sharedreward_run-02_space-MNI152NLin6Asym_desc-brain_mask.nii.gz	2.973	2.973	3.22	202	2.02	3.77537	3.64652	3.40884	3.60702	0.836194	1.95519	13.5426	4.91216	Precompiled binary linux_ubuntu_24_64: Aug  4 2026 (Version AFNI_26.2.03 'Gordian III')
ds003745	130		01	post_resample_preblur	/ZPOOL/data/projects/sharedreward-aging/derivatives/harmonized/sub-130/func/sub-130_task-sharedreward_run-01_space-MNI152NLin6Asym_desc-rf1Grid_bold.nii.gz	/ZPOOL/data/projects/sharedreward-aging/derivatives/harmonized/sub-130/func/sub-130_task-sharedreward_run-01_space-MNI152NLin6Asym_desc-rf1Grid_mask.nii.gz	2.7	2.7	2.97	202	2.02	3.73841	3.66495	3.68892	3.6973	0.90186	2.08562	20.1062	5.1545	Precompiled binary linux_ubuntu_24_64: Aug  4 2026 (Version AFNI_26.2.03 'Gordian III')
ds003745	130		01	pre_resample	/ZPOOL/data/projects/sharedreward-aging/derivatives/fmriprep/sub-130/func/sub-130_task-sharedreward_run-01_space-MNI152NLin6Asym_desc-preproc_bold.nii.gz	/ZPOOL/data/projects/sharedreward-aging/derivatives/fmriprep/sub-130/func/sub-130_task-sharedreward_run-01_space-MNI152NLin6Asym_desc-brain_mask.nii.gz	2.973	2.973	3.22	202	2.02	3.49249	3.39288	3.46965	3.45141	0.892462	1.9312	15.8176	4.6599	Precompiled binary linux_ubuntu_24_64: Aug  4 2026 (Version AFNI_26.2.03 'Gordian III')
ds003745	130		02	post_resample_preblur	/ZPOOL/data/projects/sharedreward-aging/derivatives/harmonized/sub-130/func/sub-130_task-sharedreward_run-02_space-MNI152NLin6Asym_desc-rf1Grid_bold.nii.gz	/ZPOOL/data/projects/sharedreward-aging/derivatives/harmonized/sub-130/func/sub-130_task-sharedreward_run-02_space-MNI152NLin6Asym_desc-rf1Grid_mask.nii.gz	2.7	2.7	2.97	202	2.02	3.78307	3.61334	3.74961	3.71461	0.894922	2.0872	20.0922	5.18932	Precompiled binary linux_ubuntu_24_64: Aug  4 2026 (Version AFNI_26.2.03 'Gordian III')
ds003745	130		02	pre_resample	/ZPOOL/data/projects/sharedreward-aging/derivatives/fmriprep/sub-130/func/sub-130_task-sharedreward_run-02_space-MNI152NLin6Asym_desc-preproc_bold.nii.gz	/ZPOOL/data/projects/sharedreward-aging/derivatives/fmriprep/sub-130/func/sub-130_task-sharedreward_run-02_space-MNI152NLin6Asym_desc-brain_mask.nii.gz	2.973	2.973	3.22	202	2.02	3.54615	3.32759	3.51921	3.46293	0.885042	1.92831	15.7856	4.681	Precompiled binary linux_ubuntu_24_64: Aug  4 2026 (Version AFNI_26.2.03 'Gordian III')
ds003745	131		01	post_resample_preblur	/ZPOOL/data/projects/sharedreward-aging/derivatives/harmonized/sub-131/func/sub-131_task-sharedreward_run-01_space-MNI152NLin6Asym_desc-rf1Grid_bold.nii.gz	/ZPOOL/data/projects/sharedreward-aging/derivatives/harmonized/sub-131/func/sub-131_task-sharedreward_run-01_space-MNI152NLin6Asym_desc-rf1Grid_mask.nii.gz	2.7	2.7	2.97	202	2.02	3.68939	3.4958	3.33953	3.50533	0.916004	1.98022	19.0512	4.77779	Precompiled binary linux_ubuntu_24_64: Aug  4 2026 (Version AFNI_26.2.03 'Gordian III')
ds003745	131		01	pre_resample	/ZPOOL/data/projects/sharedreward-aging/derivatives/fmriprep/sub-131/func/sub-131_task-sharedreward_run-01_space-MNI152NLin6Asym_desc-preproc_bold.nii.gz	/ZPOOL/data/projects/sharedreward-aging/derivatives/fmriprep/sub-131/func/sub-131_task-sharedreward_run-01_space-MNI152NLin6Asym_desc-brain_mask.nii.gz	2.973	2.973	3.22	202	2.02	3.44176	3.18774	3.04725	3.22149	0.905345	1.79419	14.7476	4.28515	Precompiled binary linux_ubuntu_24_64: Aug  4 2026 (Version AFNI_26.2.03 'Gordian III')
ds003745	131		02	post_resample_preblur	/ZPOOL/data/projects/sharedreward-aging/derivatives/harmonized/sub-131/func/sub-131_task-sharedreward_run-02_space-MNI152NLin6Asym_desc-rf1Grid_bold.nii.gz	/ZPOOL/data/projects/sharedreward-aging/derivatives/harmonized/sub-131/func/sub-131_task-sharedreward_run-02_space-MNI152NLin6Asym_desc-rf1Grid_mask.nii.gz	2.7	2.7	2.97	202	2.02	3.67698	3.49453	3.45894	3.54221	0.905086	1.9926	18.9287	4.85683	Precompiled binary linux_ubuntu_24_64: Aug  4 2026 (Version AFNI_26.2.03 'Gordian III')
ds003745	131		02	pre_resample	/ZPOOL/data/projects/sharedreward-aging/derivatives/fmriprep/sub-131/func/sub-131_task-sharedreward_run-02_space-MNI152NLin6Asym_desc-preproc_bold.nii.gz	/ZPOOL/data/projects/sharedreward-aging/derivatives/fmriprep/sub-131/func/sub-131_task-sharedreward_run-02_space-MNI152NLin6Asym_desc-brain_mask.nii.gz	2.973	2.973	3.22	202	2.02	3.41042	3.17255	3.19058	3.25608	0.89446	1.80353	14.5227	4.34256	Precompiled binary linux_ubuntu_24_64: Aug  4 2026 (Version AFNI_26.2.03 'Gordian III')
ds003745	132		01	post_resample_preblur	/ZPOOL/data/projects/sharedreward-aging/derivatives/harmonized/sub-132/func/sub-132_task-sharedreward_run-01_space-MNI152NLin6Asym_desc-rf1Grid_bold.nii.gz	/ZPOOL/data/projects/sharedreward-aging/derivatives/harmonized/sub-132/func/sub-132_task-sharedreward_run-01_space-MNI152NLin6Asym_desc-rf1Grid_mask.nii.gz	2.7	2.7	2.97	202	2.02	3.61109	3.39397	3.77184	3.58894	0.910218	2.04345	18.0894	4.9808	Precompiled binary linux_ubuntu_24_64: Aug  4 2026 (Version AFNI_26.2.03 'Gordian III')
ds003745	132		01	pre_resample	/ZPOOL/data/projects/sharedreward-aging/derivatives/fmriprep/sub-132/func/sub-132_task-sharedreward_run-01_space-MNI152NLin6Asym_desc-preproc_bold.nii.gz	/ZPOOL/data/projects/sharedreward-aging/derivatives/fmriprep/sub-132/func/sub-132_task-sharedreward_run-01_space-MNI152NLin6Asym_desc-brain_mask.nii.gz	2.973	2.973	3.22	202	2.02	3.36276	3.0771	3.54476	3.32257	0.898519	1.88095	13.9204	4.50084	Precompiled binary linux_ubuntu_24_64: Aug  4 2026 (Version AFNI_26.2.03 'Gordian III')
ds003745	132		02	post_resample_preblur	/ZPOOL/data/projects/sharedreward-aging/derivatives/harmonized/sub-132/func/sub-132_task-sharedreward_run-02_space-MNI152NLin6Asym_desc-rf1Grid_bold.nii.gz	/ZPOOL/data/projects/sharedreward-aging/derivatives/harmonized/sub-132/func/sub-132_task-sharedreward_run-02_space-MNI152NLin6Asym_desc-rf1Grid_mask.nii.gz	2.7	2.7	2.97	202	2.02	3.62298	3.39499	3.75043	3.58642	0.907341	2.03501	18.1572	4.96778	Precompiled binary linux_ubuntu_24_64: Aug  4 2026 (Version AFNI_26.2.03 'Gordian III')
ds003745	132		02	pre_resample	/ZPOOL/data/projects/sharedreward-aging/derivatives/fmriprep/sub-132/func/sub-132_task-sharedreward_run-02_space-MNI152NLin6Asym_desc-preproc_bold.nii.gz	/ZPOOL/data/projects/sharedreward-aging/derivatives/fmriprep/sub-132/func/sub-132_task-sharedreward_run-02_space-MNI152NLin6Asym_desc-brain_mask.nii.gz	2.973	2.973	3.22	202	2.02	3.36803	3.07332	3.51346	3.31314	0.895585	1.86692	13.9238	4.47838	Precompiled binary linux_ubuntu_24_64: Aug  4 2026 (Version AFNI_26.2.03 'Gordian III')
ds003745	133		01	post_resample_preblur	/ZPOOL/data/projects/sharedreward-aging/derivatives/harmonized/sub-133/func/sub-133_task-sharedreward_run-01_space-MNI152NLin6Asym_desc-rf1Grid_bold.nii.gz	/ZPOOL/data/projects/sharedreward-aging/derivatives/harmonized/sub-133/func/sub-133_task-sharedreward_run-01_space-MNI152NLin6Asym_desc-rf1Grid_mask.nii.gz	2.7	2.7	2.97	202	2.02	3.90473	3.71553	4.0613	3.89128	0.87729	2.18223	21.4251	5.52225	Precompiled binary linux_ubuntu_24_64: Aug  4 2026 (Version AFNI_26.2.03 'Gordian III')
ds003745	133		01	pre_resample	/ZPOOL/data/projects/sharedreward-aging/derivatives/fmriprep/sub-133/func/sub-133_task-sharedreward_run-01_space-MNI152NLin6Asym_desc-preproc_bold.nii.gz	/ZPOOL/data/projects/sharedreward-aging/derivatives/fmriprep/sub-133/func/sub-133_task-sharedreward_run-01_space-MNI152NLin6Asym_desc-brain_mask.nii.gz	2.973	2.973	3.22	202	2.02	3.69163	3.4493	3.86418	3.66439	0.870395	2.05245	17.1124	5.07383	Precompiled binary linux_ubuntu_24_64: Aug  4 2026 (Version AFNI_26.2.03 'Gordian III')
ds003745	133		02	post_resample_preblur	/ZPOOL/data/projects/sharedreward-aging/derivatives/harmonized/sub-133/func/sub-133_task-sharedreward_run-02_space-MNI152NLin6Asym_desc-rf1Grid_bold.nii.gz	/ZPOOL/data/projects/sharedreward-aging/derivatives/harmonized/sub-133/func/sub-133_task-sharedreward_run-02_space-MNI152NLin6Asym_desc-rf1Grid_mask.nii.gz	2.7	2.7	2.97	202	2.02	3.86353	3.70341	4.01639	3.859	0.884538	2.16965	21.1091	5.48668	Precompiled binary linux_ubuntu_24_64: Aug  4 2026 (Version AFNI_26.2.03 'Gordian III')
ds003745	133		02	pre_resample	/ZPOOL/data/projects/sharedreward-aging/derivatives/fmriprep/sub-133/func/sub-133_task-sharedreward_run-02_space-MNI152NLin6Asym_desc-preproc_bold.nii.gz	/ZPOOL/data/projects/sharedreward-aging/derivatives/fmriprep/sub-133/func/sub-133_task-sharedreward_run-02_space-MNI152NLin6Asym_desc-brain_mask.nii.gz	2.973	2.973	3.22	202	2.02	3.65021	3.43833	3.81733	3.63196	0.877167	2.03915	16.8443	5.00714	Precompiled binary linux_ubuntu_24_64: Aug  4 2026 (Version AFNI_26.2.03 'Gordian III')
ds003745	134		01	post_resample_preblur	/ZPOOL/data/projects/sharedreward-aging/derivatives/harmonized/sub-134/func/sub-134_task-sharedreward_run-01_space-MNI152NLin6Asym_desc-rf1Grid_bold.nii.gz	/ZPOOL/data/projects/sharedreward-aging/derivatives/harmonized/sub-134/func/sub-134_task-sharedreward_run-01_space-MNI152NLin6Asym_desc-rf1Grid_mask.nii.gz	2.7	2.7	2.97	202	2.02	3.82499	3.68394	3.59921	3.70155	0.891402	2.08975	20.7593	5.21666	Precompiled binary linux_ubuntu_24_64: Aug  4 2026 (Version AFNI_26.2.03 'Gordian III')
ds003745	134		01	pre_resample	/ZPOOL/data/projects/sharedreward-aging/derivatives/fmriprep/sub-134/func/sub-134_task-sharedreward_run-01_space-MNI152NLin6Asym_desc-preproc_bold.nii.gz	/ZPOOL/data/projects/sharedreward-aging/derivatives/fmriprep/sub-134/func/sub-134_task-sharedreward_run-01_space-MNI152NLin6Asym_desc-brain_mask.nii.gz	2.973	2.973	3.22	202	2.02	3.5751	3.40366	3.33675	3.43705	0.858704	1.88762	11.8259	4.63217	Precompiled binary linux_ubuntu_24_64: Aug  4 2026 (Version AFNI_26.2.03 'Gordian III')
ds003745	134		02	post_resample_preblur	/ZPOOL/data/projects/sharedreward-aging/derivatives/harmonized/sub-134/func/sub-134_task-sharedreward_run-02_space-MNI152NLin6Asym_desc-rf1Grid_bold.nii.gz	/ZPOOL/data/projects/sharedreward-aging/derivatives/harmonized/sub-134/func/sub-134_task-sharedreward_run-02_space-MNI152NLin6Asym_desc-rf1Grid_mask.nii.gz	2.7	2.7	2.97	202	2.02	3.85663	3.69527	3.61455	3.7208	0.884864	2.08627	20.9608	5.23629	Precompiled binary linux_ubuntu_24_64: Aug  4 2026 (Version AFNI_26.2.03 'Gordian III')
ds003745	134		02	pre_resample	/ZPOOL/data/projects/sharedreward-aging/derivatives/fmriprep/sub-134/func/sub-134_task-sharedreward_run-02_space-MNI152NLin6Asym_desc-preproc_bold.nii.gz	/ZPOOL/data/projects/sharedreward-aging/derivatives/fmriprep/sub-134/func/sub-134_task-sharedreward_run-02_space-MNI152NLin6Asym_desc-brain_mask.nii.gz	2.973	2.973	3.22	202	2.02	3.60201	3.40316	3.34495	3.4483	0.853465	1.8801	12.1926	4.63911	Precompiled binary linux_ubuntu_24_64: Aug  4 2026 (Version AFNI_26.2.03 'Gordian III')
ds003745	135		01	post_resample_preblur	/ZPOOL/data/projects/sharedreward-aging/derivatives/harmonized/sub-135/func/sub-135_task-sharedreward_run-01_space-MNI152NLin6Asym_desc-rf1Grid_bold.nii.gz	/ZPOOL/data/projects/sharedreward-aging/derivatives/harmonized/sub-135/func/sub-135_task-sharedreward_run-01_space-MNI152NLin6Asym_desc-rf1Grid_mask.nii.gz	2.7	2.7	2.97	202	2.02	3.8427	3.73739	3.61416	3.73024	0.885834	2.07471	21.1185	5.19723	Precompiled binary linux_ubuntu_24_64: Aug  4 2026 (Version AFNI_26.2.03 'Gordian III')
ds003745	135		01	pre_resample	/ZPOOL/data/projects/sharedreward-aging/derivatives/fmriprep/sub-135/func/sub-135_task-sharedreward_run-01_space-MNI152NLin6Asym_desc-preproc_bold.nii.gz	/ZPOOL/data/projects/sharedreward-aging/derivatives/fmriprep/sub-135/func/sub-135_task-sharedreward_run-01_space-MNI152NLin6Asym_desc-brain_mask.nii.gz	2.973	2.973	3.22	202	2.02	3.59904	3.45504	3.34958	3.46638	0.866683	1.89124	14.0238	4.64288	Precompiled binary linux_ubuntu_24_64: Aug  4 2026 (Version AFNI_26.2.03 'Gordian III')
ds003745	135		02	post_resample_preblur	/ZPOOL/data/projects/sharedreward-aging/derivatives/harmonized/sub-135/func/sub-135_task-sharedreward_run-02_space-MNI152NLin6Asym_desc-rf1Grid_bold.nii.gz	/ZPOOL/data/projects/sharedreward-aging/derivatives/harmonized/sub-135/func/sub-135_task-sharedreward_run-02_space-MNI152NLin6Asym_desc-rf1Grid_mask.nii.gz	2.7	2.7	2.97	202	2.02	3.92925	3.79071	3.58914	3.7671	0.866211	2.08475	17.2908	5.28391	Precompiled binary linux_ubuntu_24_64: Aug  4 2026 (Version AFNI_26.2.03 'Gordian III')
ds003745	135		02	pre_resample	/ZPOOL/data/projects/sharedreward-aging/derivatives/fmriprep/sub-135/func/sub-135_task-sharedreward_run-02_space-MNI152NLin6Asym_desc-preproc_bold.nii.gz	/ZPOOL/data/projects/sharedreward-aging/derivatives/fmriprep/sub-135/func/sub-135_task-sharedreward_run-02_space-MNI152NLin6Asym_desc-brain_mask.nii.gz	2.973	2.973	3.22	202	2.02	3.72105	3.5333	3.35465	3.53317	0.849766	1.9158	13.2095	4.75553	Precompiled binary linux_ubuntu_24_64: Aug  4 2026 (Version AFNI_26.2.03 'Gordian III')
ds003745	136		01	post_resample_preblur	/ZPOOL/data/projects/sharedreward-aging/derivatives/harmonized/sub-136/func/sub-136_task-sharedreward_run-01_space-MNI152NLin6Asym_desc-rf1Grid_bold.nii.gz	/ZPOOL/data/projects/sharedreward-aging/derivatives/harmonized/sub-136/func/sub-136_task-sharedreward_run-01_space-MNI152NLin6Asym_desc-rf1Grid_mask.nii.gz	2.7	2.7	2.97	202	2.02	3.62568	3.52642	3.90935	3.68363	0.905292	2.09437	18.7818	5.15891	Precompiled binary linux_ubuntu_24_64: Aug  4 2026 (Version AFNI_26.2.03 'Gordian III')
ds003745	136		01	pre_resample	/ZPOOL/data/projects/sharedreward-aging/derivatives/fmriprep/sub-136/func/sub-136_task-sharedreward_run-01_space-MNI152NLin6Asym_desc-preproc_bold.nii.gz	/ZPOOL/data/projects/sharedreward-aging/derivatives/fmriprep/sub-136/func/sub-136_task-sharedreward_run-01_space-MNI152NLin6Asym_desc-brain_mask.nii.gz	2.973	2.973	3.22	202	2.02	3.36903	3.23187	3.6897	3.42492	0.89442	1.94169	14.5399	4.66784	Precompiled binary linux_ubuntu_24_64: Aug  4 2026 (Version AFNI_26.2.03 'Gordian III')
ds003745	136		02	post_resample_preblur	/ZPOOL/data/projects/sharedreward-aging/derivatives/harmonized/sub-136/func/sub-136_task-sharedreward_run-02_space-MNI152NLin6Asym_desc-rf1Grid_bold.nii.gz	/ZPOOL/data/projects/sharedreward-aging/derivatives/harmonized/sub-136/func/sub-136_task-sharedreward_run-02_space-MNI152NLin6Asym_desc-rf1Grid_mask.nii.gz	2.7	2.7	2.97	202	2.02	3.6352	3.51557	3.91719	3.68553	0.90211	2.09344	18.7687	5.16939	Precompiled binary linux_ubuntu_24_64: Aug  4 2026 (Version AFNI_26.2.03 'Gordian III')
ds003745	136		02	pre_resample	/ZPOOL/data/projects/sharedreward-aging/derivatives/fmriprep/sub-136/func/sub-136_task-sharedreward_run-02_space-MNI152NLin6Asym_desc-preproc_bold.nii.gz	/ZPOOL/data/projects/sharedreward-aging/derivatives/fmriprep/sub-136/func/sub-136_task-sharedreward_run-02_space-MNI152NLin6Asym_desc-brain_mask.nii.gz	2.973	2.973	3.22	202	2.02	3.38244	3.21924	3.70322	3.42916	0.891281	1.94145	14.5468	4.67897	Precompiled binary linux_ubuntu_24_64: Aug  4 2026 (Version AFNI_26.2.03 'Gordian III')
ds003745	137		01	post_resample_preblur	/ZPOOL/data/projects/sharedreward-aging/derivatives/harmonized/sub-137/func/sub-137_task-sharedreward_run-01_space-MNI152NLin6Asym_desc-rf1Grid_bold.nii.gz	/ZPOOL/data/projects/sharedreward-aging/derivatives/harmonized/sub-137/func/sub-137_task-sharedreward_run-01_space-MNI152NLin6Asym_desc-rf1Grid_mask.nii.gz	2.7	2.7	2.97	202	2.02	3.67545	3.61384	3.67667	3.6552	0.899331	2.05298	19.5832	5.06314	Precompiled binary linux_ubuntu_24_64: Aug  4 2026 (Version AFNI_26.2.03 'Gordian III')
ds003745	137		01	pre_resample	/ZPOOL/data/projects/sharedreward-aging/derivatives/fmriprep/sub-137/func/sub-137_task-sharedreward_run-01_space-MNI152NLin6Asym_desc-preproc_bold.nii.gz	/ZPOOL/data/projects/sharedreward-aging/derivatives/fmriprep/sub-137/func/sub-137_task-sharedreward_run-01_space-MNI152NLin6Asym_desc-brain_mask.nii.gz	2.973	2.973	3.22	202	2.02	3.44499	3.33616	3.42627	3.40214	0.889472	1.89194	15.4172	4.5725	Precompiled binary linux_ubuntu_24_64: Aug  4 2026 (Version AFNI_26.2.03 'Gordian III')
ds003745	137		02	post_resample_preblur	/ZPOOL/data/projects/sharedreward-aging/derivatives/harmonized/sub-137/func/sub-137_task-sharedreward_run-02_space-MNI152NLin6Asym_desc-rf1Grid_bold.nii.gz	/ZPOOL/data/projects/sharedreward-aging/derivatives/harmonized/sub-137/func/sub-137_task-sharedreward_run-02_space-MNI152NLin6Asym_desc-rf1Grid_mask.nii.gz	2.7	2.7	2.97	202	2.02	3.67817	3.60115	3.69453	3.65772	0.897675	2.05323	19.4975	5.0704	Precompiled binary linux_ubuntu_24_64: Aug  4 2026 (Version AFNI_26.2.03 'Gordian III')
ds003745	137		02	pre_resample	/ZPOOL/data/projects/sharedreward-aging/derivatives/fmriprep/sub-137/func/sub-137_task-sharedreward_run-02_space-MNI152NLin6Asym_desc-preproc_bold.nii.gz	/ZPOOL/data/projects/sharedreward-aging/derivatives/fmriprep/sub-137/func/sub-137_task-sharedreward_run-02_space-MNI152NLin6Asym_desc-brain_mask.nii.gz	2.973	2.973	3.22	202	2.02	3.44801	3.3233	3.44889	3.40622	0.887829	1.89305	15.3464	4.58079	Precompiled binary linux_ubuntu_24_64: Aug  4 2026 (Version AFNI_26.2.03 'Gordian III')
ds003745	138		01	post_resample_preblur	/ZPOOL/data/projects/sharedreward-aging/derivatives/harmonized/sub-138/func/sub-138_task-sharedreward_run-01_space-MNI152NLin6Asym_desc-rf1Grid_bold.nii.gz	/ZPOOL/data/projects/sharedreward-aging/derivatives/harmonized/sub-138/func/sub-138_task-sharedreward_run-01_space-MNI152NLin6Asym_desc-rf1Grid_mask.nii.gz	2.7	2.7	2.97	202	2.02	3.69648	3.58126	3.40127	3.55758	0.885367	1.97272	19.4605	4.88367	Precompiled binary linux_ubuntu_24_64: Aug  4 2026 (Version AFNI_26.2.03 'Gordian III')
ds003745	138		01	pre_resample	/ZPOOL/data/projects/sharedreward-aging/derivatives/fmriprep/sub-138/func/sub-138_task-sharedreward_run-01_space-MNI152NLin6Asym_desc-preproc_bold.nii.gz	/ZPOOL/data/projects/sharedreward-aging/derivatives/fmriprep/sub-138/func/sub-138_task-sharedreward_run-01_space-MNI152NLin6Asym_desc-brain_mask.nii.gz	2.973	2.973	3.22	202	2.02	3.43829	3.27283	3.12262	3.27538	0.848912	1.74337	11.0969	4.32848	Precompiled binary linux_ubuntu_24_64: Aug  4 2026 (Version AFNI_26.2.03 'Gordian III')
ds003745	138		02	post_resample_preblur	/ZPOOL/data/projects/sharedreward-aging/derivatives/harmonized/sub-138/func/sub-138_task-sharedreward_run-02_space-MNI152NLin6Asym_desc-rf1Grid_bold.nii.gz	/ZPOOL/data/projects/sharedreward-aging/derivatives/harmonized/sub-138/func/sub-138_task-sharedreward_run-02_space-MNI152NLin6Asym_desc-rf1Grid_mask.nii.gz	2.7	2.7	2.97	202	2.02	3.84683	3.61406	3.44179	3.63045	0.869676	2.00145	20.4085	5.04235	Precompiled binary linux_ubuntu_24_64: Aug  4 2026 (Version AFNI_26.2.03 'Gordian III')
ds003745	138		02	pre_resample	/ZPOOL/data/projects/sharedreward-aging/derivatives/fmriprep/sub-138/func/sub-138_task-sharedreward_run-02_space-MNI152NLin6Asym_desc-preproc_bold.nii.gz	/ZPOOL/data/projects/sharedreward-aging/derivatives/fmriprep/sub-138/func/sub-138_task-sharedreward_run-02_space-MNI152NLin6Asym_desc-brain_mask.nii.gz	2.973	2.973	3.22	202	2.02	3.62438	3.31479	3.17846	3.36746	0.821063	1.76627	10.7318	4.46531	Precompiled binary linux_ubuntu_24_64: Aug  4 2026 (Version AFNI_26.2.03 'Gordian III')
ds003745	140		01	post_resample_preblur	/ZPOOL/data/projects/sharedreward-aging/derivatives/harmonized/sub-140/func/sub-140_task-sharedreward_run-01_space-MNI152NLin6Asym_desc-rf1Grid_bold.nii.gz	/ZPOOL/data/projects/sharedreward-aging/derivatives/harmonized/sub-140/func/sub-140_task-sharedreward_run-01_space-MNI152NLin6Asym_desc-rf1Grid_mask.nii.gz	2.7	2.7	2.97	202	2.02	3.57452	3.57993	3.91232	3.68561	0.905766	2.10142	18.9355	5.17948	Precompiled binary linux_ubuntu_24_64: Aug  4 2026 (Version AFNI_26.2.03 'Gordian III')
ds003745	140		01	pre_resample	/ZPOOL/data/projects/sharedreward-aging/derivatives/fmriprep/sub-140/func/sub-140_task-sharedreward_run-01_space-MNI152NLin6Asym_desc-preproc_bold.nii.gz	/ZPOOL/data/projects/sharedreward-aging/derivatives/fmriprep/sub-140/func/sub-140_task-sharedreward_run-01_space-MNI152NLin6Asym_desc-brain_mask.nii.gz	2.973	2.973	3.22	202	2.02	3.31674	3.31175	3.70066	3.43834	0.896387	1.95484	14.7864	4.69533	Precompiled binary linux_ubuntu_24_64: Aug  4 2026 (Version AFNI_26.2.03 'Gordian III')
ds003745	140		02	post_resample_preblur	/ZPOOL/data/projects/sharedreward-aging/derivatives/harmonized/sub-140/func/sub-140_task-sharedreward_run-02_space-MNI152NLin6Asym_desc-rf1Grid_bold.nii.gz	/ZPOOL/data/projects/sharedreward-aging/derivatives/harmonized/sub-140/func/sub-140_task-sharedreward_run-02_space-MNI152NLin6Asym_desc-rf1Grid_mask.nii.gz	2.7	2.7	2.97	202	2.02	3.56181	3.57159	3.85133	3.65916	0.918813	2.09794	18.8013	5.11366	Precompiled binary linux_ubuntu_24_64: Aug  4 2026 (Version AFNI_26.2.03 'Gordian III')
ds003745	140		02	pre_resample	/ZPOOL/data/projects/sharedreward-aging/derivatives/fmriprep/sub-140/func/sub-140_task-sharedreward_run-02_space-MNI152NLin6Asym_desc-preproc_bold.nii.gz	/ZPOOL/data/projects/sharedreward-aging/derivatives/fmriprep/sub-140/func/sub-140_task-sharedreward_run-02_space-MNI152NLin6Asym_desc-brain_mask.nii.gz	2.973	2.973	3.22	202	2.02	3.29587	3.29938	3.62958	3.40476	0.909365	1.94888	14.6161	4.6314	Precompiled binary linux_ubuntu_24_64: Aug  4 2026 (Version AFNI_26.2.03 'Gordian III')
ds003745	141		01	post_resample_preblur	/ZPOOL/data/projects/sharedreward-aging/derivatives/harmonized/sub-141/func/sub-141_task-sharedreward_run-01_space-MNI152NLin6Asym_desc-rf1Grid_bold.nii.gz	/ZPOOL/data/projects/sharedreward-aging/derivatives/harmonized/sub-141/func/sub-141_task-sharedreward_run-01_space-MNI152NLin6Asym_desc-rf1Grid_mask.nii.gz	2.7	2.7	2.97	202	2.02	3.4724	3.37738	3.71521	3.51883	0.910131	2.01207	17.3558	4.88433	Precompiled binary linux_ubuntu_24_64: Aug  4 2026 (Version AFNI_26.2.03 'Gordian III')
ds003745	141		01	pre_resample	/ZPOOL/data/projects/sharedreward-aging/derivatives/fmriprep/sub-141/func/sub-141_task-sharedreward_run-01_space-MNI152NLin6Asym_desc-preproc_bold.nii.gz	/ZPOOL/data/projects/sharedreward-aging/derivatives/fmriprep/sub-141/func/sub-141_task-sharedreward_run-01_space-MNI152NLin6Asym_desc-brain_mask.nii.gz	2.973	2.973	3.22	202	2.02	3.19343	3.0571	3.46687	3.23471	0.897394	1.83286	13.1501	4.38674	Precompiled binary linux_ubuntu_24_64: Aug  4 2026 (Version AFNI_26.2.03 'Gordian III')
ds003745	141		02	post_resample_preblur	/ZPOOL/data/projects/sharedreward-aging/derivatives/harmonized/sub-141/func/sub-141_task-sharedreward_run-02_space-MNI152NLin6Asym_desc-rf1Grid_bold.nii.gz	/ZPOOL/data/projects/sharedreward-aging/derivatives/harmonized/sub-141/func/sub-141_task-sharedreward_run-02_space-MNI152NLin6Asym_desc-rf1Grid_mask.nii.gz	2.7	2.7	2.97	202	2.02	3.49113	3.38817	3.74068	3.53694	0.90722	2.0206	17.5048	4.92179	Precompiled binary linux_ubuntu_24_64: Aug  4 2026 (Version AFNI_26.2.03 'Gordian III')
ds003745	141		02	pre_resample	/ZPOOL/data/projects/sharedreward-aging/derivatives/fmriprep/sub-141/func/sub-141_task-sharedreward_run-02_space-MNI152NLin6Asym_desc-preproc_bold.nii.gz	/ZPOOL/data/projects/sharedreward-aging/derivatives/fmriprep/sub-141/func/sub-141_task-sharedreward_run-02_space-MNI152NLin6Asym_desc-brain_mask.nii.gz	2.973	2.973	3.22	202	2.02	3.2085	3.06474	3.48963	3.24956	0.894979	1.84069	13.2417	4.41373	Precompiled binary linux_ubuntu_24_64: Aug  4 2026 (Version AFNI_26.2.03 'Gordian III')
ds003745	142		01	post_resample_preblur	/ZPOOL/data/projects/sharedreward-aging/derivatives/harmonized/sub-142/func/sub-142_task-sharedreward_run-01_space-MNI152NLin6Asym_desc-rf1Grid_bold.nii.gz	/ZPOOL/data/projects/sharedreward-aging/derivatives/harmonized/sub-142/func/sub-142_task-sharedreward_run-01_space-MNI152NLin6Asym_desc-rf1Grid_mask.nii.gz	2.7	2.7	2.97	202	2.02	3.81083	3.6954	3.69635	3.7338	0.899774	2.11926	20.837	5.27166	Precompiled binary linux_ubuntu_24_64: Aug  4 2026 (Version AFNI_26.2.03 'Gordian III')
ds003745	142		01	pre_resample	/ZPOOL/data/projects/sharedreward-aging/derivatives/fmriprep/sub-142/func/sub-142_task-sharedreward_run-01_space-MNI152NLin6Asym_desc-preproc_bold.nii.gz	/ZPOOL/data/projects/sharedreward-aging/derivatives/fmriprep/sub-142/func/sub-142_task-sharedreward_run-01_space-MNI152NLin6Asym_desc-brain_mask.nii.gz	2.973	2.973	3.22	202	2.02	3.58124	3.42264	3.45169	3.48451	0.892942	1.9647	16.4842	4.74681	Precompiled binary linux_ubuntu_24_64: Aug  4 2026 (Version AFNI_26.2.03 'Gordian III')
ds003745	142		02	post_resample_preblur	/ZPOOL/data/projects/sharedreward-aging/derivatives/harmonized/sub-142/func/sub-142_task-sharedreward_run-02_space-MNI152NLin6Asym_desc-rf1Grid_bold.nii.gz	/ZPOOL/data/projects/sharedreward-aging/derivatives/harmonized/sub-142/func/sub-142_task-sharedreward_run-02_space-MNI152NLin6Asym_desc-rf1Grid_mask.nii.gz	2.7	2.7	2.97	202	2.02	3.82069	3.73132	3.62595	3.72514	0.901242	2.12384	21.1462	5.28115	Precompiled binary linux_ubuntu_24_64: Aug  4 2026 (Version AFNI_26.2.03 'Gordian III')
ds003745	142		02	pre_resample	/ZPOOL/data/projects/sharedreward-aging/derivatives/fmriprep/sub-142/func/sub-142_task-sharedreward_run-02_space-MNI152NLin6Asym_desc-preproc_bold.nii.gz	/ZPOOL/data/projects/sharedreward-aging/derivatives/fmriprep/sub-142/func/sub-142_task-sharedreward_run-02_space-MNI152NLin6Asym_desc-brain_mask.nii.gz	2.973	2.973	3.22	202	2.02	3.604	3.47566	3.39724	3.49126	0.890158	1.97199	15.4521	4.76783	Precompiled binary linux_ubuntu_24_64: Aug  4 2026 (Version AFNI_26.2.03 'Gordian III')
ds003745	143		01	post_resample_preblur	/ZPOOL/data/projects/sharedreward-aging/derivatives/harmonized/sub-143/func/sub-143_task-sharedreward_run-01_space-MNI152NLin6Asym_desc-rf1Grid_bold.nii.gz	/ZPOOL/data/projects/sharedreward-aging/derivatives/harmonized/sub-143/func/sub-143_task-sharedreward_run-01_space-MNI152NLin6Asym_desc-rf1Grid_mask.nii.gz	2.7	2.7	2.97	202	2.02	3.80183	3.59071	3.94353	3.77589	0.896505	2.12807	20.1627	5.30968	Precompiled binary linux_ubuntu_24_64: Aug  4 2026 (Version AFNI_26.2.03 'Gordian III')
ds003745	143		01	pre_resample	/ZPOOL/data/projects/sharedreward-aging/derivatives/fmriprep/sub-143/func/sub-143_task-sharedreward_run-01_space-MNI152NLin6Asym_desc-preproc_bold.nii.gz	/ZPOOL/data/projects/sharedreward-aging/derivatives/fmriprep/sub-143/func/sub-143_task-sharedreward_run-01_space-MNI152NLin6Asym_desc-brain_mask.nii.gz	2.973	2.973	3.22	202	2.02	3.59165	3.31977	3.7207	3.54005	0.887321	1.98773	16.0325	4.82404	Precompiled binary linux_ubuntu_24_64: Aug  4 2026 (Version AFNI_26.2.03 'Gordian III')
ds003745	143		02	post_resample_preblur	/ZPOOL/data/projects/sharedreward-aging/derivatives/harmonized/sub-143/func/sub-143_task-sharedreward_run-02_space-MNI152NLin6Asym_desc-rf1Grid_bold.nii.gz	/ZPOOL/data/projects/sharedreward-aging/derivatives/harmonized/sub-143/func/sub-143_task-sharedreward_run-02_space-MNI152NLin6Asym_desc-rf1Grid_mask.nii.gz	2.7	2.7	2.97	202	2.02	3.79505	3.60189	3.9394	3.77624	0.898726	2.13225	20.2103	5.31328	Precompiled binary linux_ubuntu_24_64: Aug  4 2026 (Version AFNI_26.2.03 'Gordian III')
ds003745	143		02	pre_resample	/ZPOOL/data/projects/sharedreward-aging/derivatives/fmriprep/sub-143/func/sub-143_task-sharedreward_run-02_space-MNI152NLin6Asym_desc-preproc_bold.nii.gz	/ZPOOL/data/projects/sharedreward-aging/derivatives/fmriprep/sub-143/func/sub-143_task-sharedreward_run-02_space-MNI152NLin6Asym_desc-brain_mask.nii.gz	2.973	2.973	3.22	202	2.02	3.586	3.33619	3.71387	3.54184	0.890017	1.99281	16.0936	4.827	Precompiled binary linux_ubuntu_24_64: Aug  4 2026 (Version AFNI_26.2.03 'Gordian III')
ds003745	144		01	post_resample_preblur	/ZPOOL/data/projects/sharedreward-aging/derivatives/harmonized/sub-144/func/sub-144_task-sharedreward_run-01_space-MNI152NLin6Asym_desc-rf1Grid_bold.nii.gz	/ZPOOL/data/projects/sharedreward-aging/derivatives/harmonized/sub-144/func/sub-144_task-sharedreward_run-01_space-MNI152NLin6Asym_desc-rf1Grid_mask.nii.gz	2.7	2.7	2.97	202	2.02	3.75263	3.48214	3.8077	3.67803	0.897536	2.06609	19.2316	5.10829	Precompiled binary linux_ubuntu_24_64: Aug  4 2026 (Version AFNI_26.2.03 'Gordian III')
ds003745	144		01	pre_resample	/ZPOOL/data/projects/sharedreward-aging/derivatives/fmriprep/sub-144/func/sub-144_task-sharedreward_run-01_space-MNI152NLin6Asym_desc-preproc_bold.nii.gz	/ZPOOL/data/projects/sharedreward-aging/derivatives/fmriprep/sub-144/func/sub-144_task-sharedreward_run-01_space-MNI152NLin6Asym_desc-brain_mask.nii.gz	2.973	2.973	3.22	202	2.02	3.50978	3.16182	3.54576	3.40128	0.887148	1.89552	14.8759	4.58526	Precompiled binary linux_ubuntu_24_64: Aug  4 2026 (Version AFNI_26.2.03 'Gordian III')
ds003745	144		02	post_resample_preblur	/ZPOOL/data/projects/sharedreward-aging/derivatives/harmonized/sub-144/func/sub-144_task-sharedreward_run-02_space-MNI152NLin6Asym_desc-rf1Grid_bold.nii.gz	/ZPOOL/data/projects/sharedreward-aging/derivatives/harmonized/sub-144/func/sub-144_task-sharedreward_run-02_space-MNI152NLin6Asym_desc-rf1Grid_mask.nii.gz	2.7	2.7	2.97	202	2.02	3.73549	3.51232	3.81602	3.68568	0.903457	2.07651	19.2799	5.11513	Precompiled binary linux_ubuntu_24_64: Aug  4 2026 (Version AFNI_26.2.03 'Gordian III')
ds003745	144		02	pre_resample	/ZPOOL/data/projects/sharedreward-aging/derivatives/fmriprep/sub-144/func/sub-144_task-sharedreward_run-02_space-MNI152NLin6Asym_desc-preproc_bold.nii.gz	/ZPOOL/data/projects/sharedreward-aging/derivatives/fmriprep/sub-144/func/sub-144_task-sharedreward_run-02_space-MNI152NLin6Asym_desc-brain_mask.nii.gz	2.973	2.973	3.22	202	2.02	3.4917	3.20223	3.55323	3.41223	0.893519	1.9108	14.9602	4.59916	Precompiled binary linux_ubuntu_24_64: Aug  4 2026 (Version AFNI_26.2.03 'Gordian III')
ds003745	145		01	post_resample_preblur	/ZPOOL/data/projects/sharedreward-aging/derivatives/harmonized/sub-145/func/sub-145_task-sharedreward_run-01_space-MNI152NLin6Asym_desc-rf1Grid_bold.nii.gz	/ZPOOL/data/projects/sharedreward-aging/derivatives/harmonized/sub-145/func/sub-145_task-sharedreward_run-01_space-MNI152NLin6Asym_desc-rf1Grid_mask.nii.gz	2.7	2.7	2.97	202	2.02	3.56504	3.6774	3.42708	3.55503	0.853305	1.92254	19.2792	4.8744	Precompiled binary linux_ubuntu_24_64: Aug  4 2026 (Version AFNI_26.2.03 'Gordian III')
ds003745	145		01	pre_resample	/ZPOOL/data/projects/sharedreward-aging/derivatives/fmriprep/sub-145/func/sub-145_task-sharedreward_run-01_space-MNI152NLin6Asym_desc-preproc_bold.nii.gz	/ZPOOL/data/projects/sharedreward-aging/derivatives/fmriprep/sub-145/func/sub-145_task-sharedreward_run-01_space-MNI152NLin6Asym_desc-brain_mask.nii.gz	2.973	2.973	3.22	202	2.02	3.21033	3.33001	3.16611	3.23475	0.830092	1.67351	12.6548	4.27508	Precompiled binary linux_ubuntu_24_64: Aug  4 2026 (Version AFNI_26.2.03 'Gordian III')
ds003745	145		02	post_resample_preblur	/ZPOOL/data/projects/sharedreward-aging/derivatives/harmonized/sub-145/func/sub-145_task-sharedreward_run-02_space-MNI152NLin6Asym_desc-rf1Grid_bold.nii.gz	/ZPOOL/data/projects/sharedreward-aging/derivatives/harmonized/sub-145/func/sub-145_task-sharedreward_run-02_space-MNI152NLin6Asym_desc-rf1Grid_mask.nii.gz	2.7	2.7	2.97	202	2.02	3.75949	3.91079	3.3641	3.67074	0.851948	1.97384	21.5029	5.04766	Precompiled binary linux_ubuntu_24_64: Aug  4 2026 (Version AFNI_26.2.03 'Gordian III')
ds003745	145		02	pre_resample	/ZPOOL/data/projects/sharedreward-aging/derivatives/fmriprep/sub-145/func/sub-145_task-sharedreward_run-02_space-MNI152NLin6Asym_desc-preproc_bold.nii.gz	/ZPOOL/data/projects/sharedreward-aging/derivatives/fmriprep/sub-145/func/sub-145_task-sharedreward_run-02_space-MNI152NLin6Asym_desc-brain_mask.nii.gz	2.973	2.973	3.22	202	2.02	3.38608	3.54395	3.06601	3.32598	0.816233	1.70198	11.8017	4.3687	Precompiled binary linux_ubuntu_24_64: Aug  4 2026 (Version AFNI_26.2.03 'Gordian III')
ds003745	147		01	post_resample_preblur	/ZPOOL/data/projects/sharedreward-aging/derivatives/harmonized/sub-147/func/sub-147_task-sharedreward_run-01_space-MNI152NLin6Asym_desc-rf1Grid_bold.nii.gz	/ZPOOL/data/projects/sharedreward-aging/derivatives/harmonized/sub-147/func/sub-147_task-sharedreward_run-01_space-MNI152NLin6Asym_desc-rf1Grid_mask.nii.gz	2.7	2.7	2.97	202	2.02	3.73857	3.7386	3.67587	3.71756	0.923916	2.11998	20.6232	5.16831	Precompiled binary linux_ubuntu_24_64: Aug  4 2026 (Version AFNI_26.2.03 'Gordian III')
ds003745	147		01	pre_resample	/ZPOOL/data/projects/sharedreward-aging/derivatives/fmriprep/sub-147/func/sub-147_task-sharedreward_run-01_space-MNI152NLin6Asym_desc-preproc_bold.nii.gz	/ZPOOL/data/projects/sharedreward-aging/derivatives/fmriprep/sub-147/func/sub-147_task-sharedreward_run-01_space-MNI152NLin6Asym_desc-brain_mask.nii.gz	2.973	2.973	3.22	202	2.02	3.52909	3.51403	3.4335	3.49195	0.915846	1.98253	16.6256	4.70443	Precompiled binary linux_ubuntu_24_64: Aug  4 2026 (Version AFNI_26.2.03 'Gordian III')
ds003745	147		02	post_resample_preblur	/ZPOOL/data/projects/sharedreward-aging/derivatives/harmonized/sub-147/func/sub-147_task-sharedreward_run-02_space-MNI152NLin6Asym_desc-rf1Grid_bold.nii.gz	/ZPOOL/data/projects/sharedreward-aging/derivatives/harmonized/sub-147/func/sub-147_task-sharedreward_run-02_space-MNI152NLin6Asym_desc-rf1Grid_mask.nii.gz	2.7	2.7	2.97	202	2.02	3.75385	3.81471	3.75131	3.77318	0.91342	2.14525	21.1516	5.29451	Precompiled binary linux_ubuntu_24_64: Aug  4 2026 (Version AFNI_26.2.03 'Gordian III')
ds003745	147		02	pre_resample	/ZPOOL/data/projects/sharedreward-aging/derivatives/fmriprep/sub-147/func/sub-147_task-sharedreward_run-02_space-MNI152NLin6Asym_desc-preproc_bold.nii.gz	/ZPOOL/data/projects/sharedreward-aging/derivatives/fmriprep/sub-147/func/sub-147_task-sharedreward_run-02_space-MNI152NLin6Asym_desc-brain_mask.nii.gz	2.973	2.973	3.22	202	2.02	3.5491	3.60651	3.53213	3.56244	0.90626	2.01577	17.1641	4.8301	Precompiled binary linux_ubuntu_24_64: Aug  4 2026 (Version AFNI_26.2.03 'Gordian III')
ds003745	149		01	post_resample_preblur	/ZPOOL/data/projects/sharedreward-aging/derivatives/harmonized/sub-149/func/sub-149_task-sharedreward_run-01_space-MNI152NLin6Asym_desc-rf1Grid_bold.nii.gz	/ZPOOL/data/projects/sharedreward-aging/derivatives/harmonized/sub-149/func/sub-149_task-sharedreward_run-01_space-MNI152NLin6Asym_desc-rf1Grid_mask.nii.gz	2.7	2.7	2.97	202	2.02	4.03342	3.82901	3.79741	3.88522	0.877624	2.18096	19.3967	5.51493	Precompiled binary linux_ubuntu_24_64: Aug  4 2026 (Version AFNI_26.2.03 'Gordian III')
ds003745	149		01	pre_resample	/ZPOOL/data/projects/sharedreward-aging/derivatives/fmriprep/sub-149/func/sub-149_task-sharedreward_run-01_space-MNI152NLin6Asym_desc-preproc_bold.nii.gz	/ZPOOL/data/projects/sharedreward-aging/derivatives/fmriprep/sub-149/func/sub-149_task-sharedreward_run-01_space-MNI152NLin6Asym_desc-brain_mask.nii.gz	2.973	2.973	3.22	202	2.02	3.84851	3.59055	3.58727	3.67343	0.870926	2.04697	15.9801	5.04537	Precompiled binary linux_ubuntu_24_64: Aug  4 2026 (Version AFNI_26.2.03 'Gordian III')
ds003745	149		02	post_resample_preblur	/ZPOOL/data/projects/sharedreward-aging/derivatives/harmonized/sub-149/func/sub-149_task-sharedreward_run-02_space-MNI152NLin6Asym_desc-rf1Grid_bold.nii.gz	/ZPOOL/data/projects/sharedreward-aging/derivatives/harmonized/sub-149/func/sub-149_task-sharedreward_run-02_space-MNI152NLin6Asym_desc-rf1Grid_mask.nii.gz	2.7	2.7	2.97	202	2.02	3.97202	3.8722	3.86715	3.90349	0.871106	2.18141	20.1351	5.5256	Precompiled binary linux_ubuntu_24_64: Aug  4 2026 (Version AFNI_26.2.03 'Gordian III')
ds003745	149		02	pre_resample	/ZPOOL/data/projects/sharedreward-aging/derivatives/fmriprep/sub-149/func/sub-149_task-sharedreward_run-02_space-MNI152NLin6Asym_desc-preproc_bold.nii.gz	/ZPOOL/data/projects/sharedreward-aging/derivatives/fmriprep/sub-149/func/sub-149_task-sharedreward_run-02_space-MNI152NLin6Asym_desc-brain_mask.nii.gz	2.973	2.973	3.22	202	2.02	3.79276	3.64623	3.66208	3.69978	0.872071	2.06133	18.5402	5.10346	Precompiled binary linux_ubuntu_24_64: Aug  4 2026 (Version AFNI_26.2.03 'Gordian III')
ds003745	150		01	post_resample_preblur	/ZPOOL/data/projects/sharedreward-aging/derivatives/harmonized/sub-150/func/sub-150_task-sharedreward_run-01_space-MNI152NLin6Asym_desc-rf1Grid_bold.nii.gz	/ZPOOL/data/projects/sharedreward-aging/derivatives/harmonized/sub-150/func/sub-150_task-sharedreward_run-01_space-MNI152NLin6Asym_desc-rf1Grid_mask.nii.gz	2.7	2.7	2.97	202	2.02	4.00952	3.74296	3.98199	3.90963	0.905764	2.21359	21.2222	5.51321	Precompiled binary linux_ubuntu_24_64: Aug  4 2026 (Version AFNI_26.2.03 'Gordian III')
ds003745	150		01	pre_resample	/ZPOOL/data/projects/sharedreward-aging/derivatives/fmriprep/sub-150/func/sub-150_task-sharedreward_run-01_space-MNI152NLin6Asym_desc-preproc_bold.nii.gz	/ZPOOL/data/projects/sharedreward-aging/derivatives/fmriprep/sub-150/func/sub-150_task-sharedreward_run-01_space-MNI152NLin6Asym_desc-brain_mask.nii.gz	2.973	2.973	3.22	202	2.02	3.81673	3.48173	3.75205	3.6806	0.900553	2.08036	17.819	5.02917	Precompiled binary linux_ubuntu_24_64: Aug  4 2026 (Version AFNI_26.2.03 'Gordian III')
ds003745	150		02	post_resample_preblur	/ZPOOL/data/projects/sharedreward-aging/derivatives/harmonized/sub-150/func/sub-150_task-sharedreward_run-02_space-MNI152NLin6Asym_desc-rf1Grid_bold.nii.gz	/ZPOOL/data/projects/sharedreward-aging/derivatives/harmonized/sub-150/func/sub-150_task-sharedreward_run-02_space-MNI152NLin6Asym_desc-rf1Grid_mask.nii.gz	2.7	2.7	2.97	202	2.02	3.99203	3.72666	3.88287	3.86564	0.904582	2.18059	20.1906	5.43954	Precompiled binary linux_ubuntu_24_64: Aug  4 2026 (Version AFNI_26.2.03 'Gordian III')
ds003745	150		02	pre_resample	/ZPOOL/data/projects/sharedreward-aging/derivatives/fmriprep/sub-150/func/sub-150_task-sharedreward_run-02_space-MNI152NLin6Asym_desc-preproc_bold.nii.gz	/ZPOOL/data/projects/sharedreward-aging/derivatives/fmriprep/sub-150/func/sub-150_task-sharedreward_run-02_space-MNI152NLin6Asym_desc-brain_mask.nii.gz	2.973	2.973	3.22	202	2.02	3.7929	3.45874	3.6473	3.63039	0.900769	2.04112	17.5711	4.92126	Precompiled binary linux_ubuntu_24_64: Aug  4 2026 (Version AFNI_26.2.03 'Gordian III')
ds003745	151		01	post_resample_preblur	/ZPOOL/data/projects/sharedreward-aging/derivatives/harmonized/sub-151/func/sub-151_task-sharedreward_run-01_space-MNI152NLin6Asym_desc-rf1Grid_bold.nii.gz	/ZPOOL/data/projects/sharedreward-aging/derivatives/harmonized/sub-151/func/sub-151_task-sharedreward_run-01_space-MNI152NLin6Asym_desc-rf1Grid_mask.nii.gz	2.7	2.7	2.97	202	2.02	3.75869	3.49983	3.68976	3.64777	0.907035	2.08514	19.5228	5.12767	Precompiled binary linux_ubuntu_24_64: Aug  4 2026 (Version AFNI_26.2.03 'Gordian III')
ds003745	151		01	pre_resample	/ZPOOL/data/projects/sharedreward-aging/derivatives/fmriprep/sub-151/func/sub-151_task-sharedreward_run-01_space-MNI152NLin6Asym_desc-preproc_bold.nii.gz	/ZPOOL/data/projects/sharedreward-aging/derivatives/fmriprep/sub-151/func/sub-151_task-sharedreward_run-01_space-MNI152NLin6Asym_desc-brain_mask.nii.gz	2.973	2.973	3.22	202	2.02	3.54153	3.24293	3.47266	3.41663	0.900786	1.93906	15.5043	4.64542	Precompiled binary linux_ubuntu_24_64: Aug  4 2026 (Version AFNI_26.2.03 'Gordian III')
ds003745	151		02	post_resample_preblur	/ZPOOL/data/projects/sharedreward-aging/derivatives/harmonized/sub-151/func/sub-151_task-sharedreward_run-02_space-MNI152NLin6Asym_desc-rf1Grid_bold.nii.gz	/ZPOOL/data/projects/sharedreward-aging/derivatives/harmonized/sub-151/func/sub-151_task-sharedreward_run-02_space-MNI152NLin6Asym_desc-rf1Grid_mask.nii.gz	2.7	2.7	2.97	202	2.02	3.73944	3.49755	3.63799	3.62363	0.913786	2.08178	19.4507	5.08869	Precompiled binary linux_ubuntu_24_64: Aug  4 2026 (Version AFNI_26.2.03 'Gordian III')
ds003745	151		02	pre_resample	/ZPOOL/data/projects/sharedreward-aging/derivatives/fmriprep/sub-151/func/sub-151_task-sharedreward_run-02_space-MNI152NLin6Asym_desc-preproc_bold.nii.gz	/ZPOOL/data/projects/sharedreward-aging/derivatives/fmriprep/sub-151/func/sub-151_task-sharedreward_run-02_space-MNI152NLin6Asym_desc-brain_mask.nii.gz	2.973	2.973	3.22	202	2.02	3.52984	3.25091	3.41717	3.39737	0.907822	1.93776	15.5123	4.616	Precompiled binary linux_ubuntu_24_64: Aug  4 2026 (Version AFNI_26.2.03 'Gordian III')
ds003745	152		01	post_resample_preblur	/ZPOOL/data/projects/sharedreward-aging/derivatives/harmonized/sub-152/func/sub-152_task-sharedreward_run-01_space-MNI152NLin6Asym_desc-rf1Grid_bold.nii.gz	/ZPOOL/data/projects/sharedreward-aging/derivatives/harmonized/sub-152/func/sub-152_task-sharedreward_run-01_space-MNI152NLin6Asym_desc-rf1Grid_mask.nii.gz	2.7	2.7	2.97	202	2.02	3.70342	3.69493	3.46069	3.6179	0.915289	2.07411	20.1902	5.06275	Precompiled binary linux_ubuntu_24_64: Aug  4 2026 (Version AFNI_26.2.03 'Gordian III')
ds003745	152		01	pre_resample	/ZPOOL/data/projects/sharedreward-aging/derivatives/fmriprep/sub-152/func/sub-152_task-sharedreward_run-01_space-MNI152NLin6Asym_desc-preproc_bold.nii.gz	/ZPOOL/data/projects/sharedreward-aging/derivatives/fmriprep/sub-152/func/sub-152_task-sharedreward_run-01_space-MNI152NLin6Asym_desc-brain_mask.nii.gz	2.973	2.973	3.22	202	2.02	3.49194	3.47192	3.26245	3.40717	0.907376	1.93632	16.2781	4.6191	Precompiled binary linux_ubuntu_24_64: Aug  4 2026 (Version AFNI_26.2.03 'Gordian III')
ds003745	152		02	post_resample_preblur	/ZPOOL/data/projects/sharedreward-aging/derivatives/harmonized/sub-152/func/sub-152_task-sharedreward_run-02_space-MNI152NLin6Asym_desc-rf1Grid_bold.nii.gz	/ZPOOL/data/projects/sharedreward-aging/derivatives/harmonized/sub-152/func/sub-152_task-sharedreward_run-02_space-MNI152NLin6Asym_desc-rf1Grid_mask.nii.gz	2.7	2.7	2.97	202	2.02	3.73725	3.75434	3.4909	3.65882	0.905579	2.07421	20.5992	5.10629	Precompiled binary linux_ubuntu_24_64: Aug  4 2026 (Version AFNI_26.2.03 'Gordian III')
ds003745	152		02	pre_resample	/ZPOOL/data/projects/sharedreward-aging/derivatives/fmriprep/sub-152/func/sub-152_task-sharedreward_run-02_space-MNI152NLin6Asym_desc-preproc_bold.nii.gz	/ZPOOL/data/projects/sharedreward-aging/derivatives/fmriprep/sub-152/func/sub-152_task-sharedreward_run-02_space-MNI152NLin6Asym_desc-brain_mask.nii.gz	2.973	2.973	3.22	202	2.02	3.51129	3.52469	3.27501	3.43505	0.897597	1.92692	16.5211	4.63478	Precompiled binary linux_ubuntu_24_64: Aug  4 2026 (Version AFNI_26.2.03 'Gordian III')
ds003745	153		01	post_resample_preblur	/ZPOOL/data/projects/sharedreward-aging/derivatives/harmonized/sub-153/func/sub-153_task-sharedreward_run-01_space-MNI152NLin6Asym_desc-rf1Grid_bold.nii.gz	/ZPOOL/data/projects/sharedreward-aging/derivatives/harmonized/sub-153/func/sub-153_task-sharedreward_run-01_space-MNI152NLin6Asym_desc-rf1Grid_mask.nii.gz	2.7	2.7	2.97	202	2.02	3.40801	3.36045	3.81409	3.52178	0.895479	1.99648	16.8541	4.89357	Precompiled binary linux_ubuntu_24_64: Aug  4 2026 (Version AFNI_26.2.03 'Gordian III')
ds003745	153		01	pre_resample	/ZPOOL/data/projects/sharedreward-aging/derivatives/fmriprep/sub-153/func/sub-153_task-sharedreward_run-01_space-MNI152NLin6Asym_desc-preproc_bold.nii.gz	/ZPOOL/data/projects/sharedreward-aging/derivatives/fmriprep/sub-153/func/sub-153_task-sharedreward_run-01_space-MNI152NLin6Asym_desc-brain_mask.nii.gz	2.973	2.973	3.22	202	2.02	3.0806	3.001	3.54099	3.19896	0.881973	1.79079	12.3738	4.33748	Precompiled binary linux_ubuntu_24_64: Aug  4 2026 (Version AFNI_26.2.03 'Gordian III')
ds003745	153		02	post_resample_preblur	/ZPOOL/data/projects/sharedreward-aging/derivatives/harmonized/sub-153/func/sub-153_task-sharedreward_run-02_space-MNI152NLin6Asym_desc-rf1Grid_bold.nii.gz	/ZPOOL/data/projects/sharedreward-aging/derivatives/harmonized/sub-153/func/sub-153_task-sharedreward_run-02_space-MNI152NLin6Asym_desc-rf1Grid_mask.nii.gz	2.7	2.7	2.97	202	2.02	3.42805	3.33956	3.7135	3.49012	0.897178	1.97343	16.841	4.82013	Precompiled binary linux_ubuntu_24_64: Aug  4 2026 (Version AFNI_26.2.03 'Gordian III')
ds003745	153		02	pre_resample	/ZPOOL/data/projects/sharedreward-aging/derivatives/fmriprep/sub-153/func/sub-153_task-sharedreward_run-02_space-MNI152NLin6Asym_desc-preproc_bold.nii.gz	/ZPOOL/data/projects/sharedreward-aging/derivatives/fmriprep/sub-153/func/sub-153_task-sharedreward_run-02_space-MNI152NLin6Asym_desc-brain_mask.nii.gz	2.973	2.973	3.22	202	2.02	3.09634	2.96791	3.42661	3.15783	0.883942	1.75785	12.31	4.25881	Precompiled binary linux_ubuntu_24_64: Aug  4 2026 (Version AFNI_26.2.03 'Gordian III')
ds003745	154		01	post_resample_preblur	/ZPOOL/data/projects/sharedreward-aging/derivatives/harmonized/sub-154/func/sub-154_task-sharedreward_run-01_space-MNI152NLin6Asym_desc-rf1Grid_bold.nii.gz	/ZPOOL/data/projects/sharedreward-aging/derivatives/harmonized/sub-154/func/sub-154_task-sharedreward_run-01_space-MNI152NLin6Asym_desc-rf1Grid_mask.nii.gz	2.7	2.7	2.97	202	2.02	3.94749	3.80732	4.07772	3.94263	0.904194	2.24979	22.4393	5.54564	Precompiled binary linux_ubuntu_24_64: Aug  4 2026 (Version AFNI_26.2.03 'Gordian III')
ds003745	154		01	pre_resample	/ZPOOL/data/projects/sharedreward-aging/derivatives/fmriprep/sub-154/func/sub-154_task-sharedreward_run-01_space-MNI152NLin6Asym_desc-preproc_bold.nii.gz	/ZPOOL/data/projects/sharedreward-aging/derivatives/fmriprep/sub-154/func/sub-154_task-sharedreward_run-01_space-MNI152NLin6Asym_desc-brain_mask.nii.gz	2.973	2.973	3.22	202	2.02	3.76403	3.57516	3.90885	3.74685	0.898805	2.14463	18.1142	5.21655	Precompiled binary linux_ubuntu_24_64: Aug  4 2026 (Version AFNI_26.2.03 'Gordian III')
ds003745	154		02	post_resample_preblur	/ZPOOL/data/projects/sharedreward-aging/derivatives/harmonized/sub-154/func/sub-154_task-sharedreward_run-02_space-MNI152NLin6Asym_desc-rf1Grid_bold.nii.gz	/ZPOOL/data/projects/sharedreward-aging/derivatives/harmonized/sub-154/func/sub-154_task-sharedreward_run-02_space-MNI152NLin6Asym_desc-rf1Grid_mask.nii.gz	2.7	2.7	2.97	202	2.02	4.02587	3.84418	4.04737	3.97142	0.896023	2.24849	21.9793	5.54129	Precompiled binary linux_ubuntu_24_64: Aug  4 2026 (Version AFNI_26.2.03 'Gordian III')
ds003745	154		02	pre_resample	/ZPOOL/data/projects/sharedreward-aging/derivatives/fmriprep/sub-154/func/sub-154_task-sharedreward_run-02_space-MNI152NLin6Asym_desc-preproc_bold.nii.gz	/ZPOOL/data/projects/sharedreward-aging/derivatives/fmriprep/sub-154/func/sub-154_task-sharedreward_run-02_space-MNI152NLin6Asym_desc-brain_mask.nii.gz	2.973	2.973	3.22	202	2.02	3.84183	3.60662	3.86999	3.77094	0.893008	2.14041	18.568	5.23273	Precompiled binary linux_ubuntu_24_64: Aug  4 2026 (Version AFNI_26.2.03 'Gordian III')
ds003745	155		01	post_resample_preblur	/ZPOOL/data/projects/sharedreward-aging/derivatives/harmonized/sub-155/func/sub-155_task-sharedreward_run-01_space-MNI152NLin6Asym_desc-rf1Grid_bold.nii.gz	/ZPOOL/data/projects/sharedreward-aging/derivatives/harmonized/sub-155/func/sub-155_task-sharedreward_run-01_space-MNI152NLin6Asym_desc-rf1Grid_mask.nii.gz	2.7	2.7	2.97	202	2.02	3.61745	3.58048	3.79044	3.66166	0.932581	2.1154	19.1244	5.112	Precompiled binary linux_ubuntu_24_64: Aug  4 2026 (Version AFNI_26.2.03 'Gordian III')
ds003745	155		01	pre_resample	/ZPOOL/data/projects/sharedreward-aging/derivatives/fmriprep/sub-155/func/sub-155_task-sharedreward_run-01_space-MNI152NLin6Asym_desc-preproc_bold.nii.gz	/ZPOOL/data/projects/sharedreward-aging/derivatives/fmriprep/sub-155/func/sub-155_task-sharedreward_run-01_space-MNI152NLin6Asym_desc-brain_mask.nii.gz	2.973	2.973	3.22	202	2.02	3.36712	3.29657	3.57209	3.40995	0.922969	1.97163	14.8977	4.64048	Precompiled binary linux_ubuntu_24_64: Aug  4 2026 (Version AFNI_26.2.03 'Gordian III')
ds003745	155		02	post_resample_preblur	/ZPOOL/data/projects/sharedreward-aging/derivatives/harmonized/sub-155/func/sub-155_task-sharedreward_run-02_space-MNI152NLin6Asym_desc-rf1Grid_bold.nii.gz	/ZPOOL/data/projects/sharedreward-aging/derivatives/harmonized/sub-155/func/sub-155_task-sharedreward_run-02_space-MNI152NLin6Asym_desc-rf1Grid_mask.nii.gz	2.7	2.7	2.97	202	2.02	3.61776	3.59417	3.85673	3.68767	0.923693	2.12522	19.2508	5.17931	Precompiled binary linux_ubuntu_24_64: Aug  4 2026 (Version AFNI_26.2.03 'Gordian III')
ds003745	155		02	pre_resample	/ZPOOL/data/projects/sharedreward-aging/derivatives/fmriprep/sub-155/func/sub-155_task-sharedreward_run-02_space-MNI152NLin6Asym_desc-preproc_bold.nii.gz	/ZPOOL/data/projects/sharedreward-aging/derivatives/fmriprep/sub-155/func/sub-155_task-sharedreward_run-02_space-MNI152NLin6Asym_desc-brain_mask.nii.gz	2.973	2.973	3.22	202	2.02	3.3665	3.31301	3.64056	3.43708	0.914382	1.98337	15.008	4.70194	Precompiled binary linux_ubuntu_24_64: Aug  4 2026 (Version AFNI_26.2.03 'Gordian III')
ds003745	156		01	post_resample_preblur	/ZPOOL/data/projects/sharedreward-aging/derivatives/harmonized/sub-156/func/sub-156_task-sharedreward_run-01_space-MNI152NLin6Asym_desc-rf1Grid_bold.nii.gz	/ZPOOL/data/projects/sharedreward-aging/derivatives/harmonized/sub-156/func/sub-156_task-sharedreward_run-01_space-MNI152NLin6Asym_desc-rf1Grid_mask.nii.gz	2.7	2.7	2.97	202	2.02	3.88734	3.72744	3.78979	3.80095	0.928525	2.17247	21.2885	5.31491	Precompiled binary linux_ubuntu_24_64: Aug  4 2026 (Version AFNI_26.2.03 'Gordian III')
ds003745	156		01	pre_resample	/ZPOOL/data/projects/sharedreward-aging/derivatives/fmriprep/sub-156/func/sub-156_task-sharedreward_run-01_space-MNI152NLin6Asym_desc-preproc_bold.nii.gz	/ZPOOL/data/projects/sharedreward-aging/derivatives/fmriprep/sub-156/func/sub-156_task-sharedreward_run-01_space-MNI152NLin6Asym_desc-brain_mask.nii.gz	2.973	2.973	3.22	202	2.02	3.69281	3.48313	3.58224	3.58504	0.919836	2.04716	17.1765	4.85902	Precompiled binary linux_ubuntu_24_64: Aug  4 2026 (Version AFNI_26.2.03 'Gordian III')
ds003745	156		02	post_resample_preblur	/ZPOOL/data/projects/sharedreward-aging/derivatives/harmonized/sub-156/func/sub-156_task-sharedreward_run-02_space-MNI152NLin6Asym_desc-rf1Grid_bold.nii.gz	/ZPOOL/data/projects/sharedreward-aging/derivatives/harmonized/sub-156/func/sub-156_task-sharedreward_run-02_space-MNI152NLin6Asym_desc-rf1Grid_mask.nii.gz	2.7	2.7	2.97	202	2.02	3.93749	3.68793	3.71239	3.77762	0.932254	2.16128	21.3397	5.26385	Precompiled binary linux_ubuntu_24_64: Aug  4 2026 (Version AFNI_26.2.03 'Gordian III')
ds003745	156		02	pre_resample	/ZPOOL/data/projects/sharedreward-aging/derivatives/fmriprep/sub-156/func/sub-156_task-sharedreward_run-02_space-MNI152NLin6Asym_desc-preproc_bold.nii.gz	/ZPOOL/data/projects/sharedreward-aging/derivatives/fmriprep/sub-156/func/sub-156_task-sharedreward_run-02_space-MNI152NLin6Asym_desc-brain_mask.nii.gz	2.973	2.973	3.22	202	2.02	3.74636	3.44068	3.4965	3.55874	0.922632	2.0316	17.2247	4.80762	Precompiled binary linux_ubuntu_24_64: Aug  4 2026 (Version AFNI_26.2.03 'Gordian III')
ds003745	157		01	post_resample_preblur	/ZPOOL/data/projects/sharedreward-aging/derivatives/harmonized/sub-157/func/sub-157_task-sharedreward_run-01_space-MNI152NLin6Asym_desc-rf1Grid_bold.nii.gz	/ZPOOL/data/projects/sharedreward-aging/derivatives/harmonized/sub-157/func/sub-157_task-sharedreward_run-01_space-MNI152NLin6Asym_desc-rf1Grid_mask.nii.gz	2.7	2.7	2.97	202	2.02	3.47433	3.45928	3.72198	3.54985	0.901132	2.00652	17.6568	4.90586	Precompiled binary linux_ubuntu_24_64: Aug  4 2026 (Version AFNI_26.2.03 'Gordian III')
ds003745	157		01	pre_resample	/ZPOOL/data/projects/sharedreward-aging/derivatives/fmriprep/sub-157/func/sub-157_task-sharedreward_run-01_space-MNI152NLin6Asym_desc-preproc_bold.nii.gz	/ZPOOL/data/projects/sharedreward-aging/derivatives/fmriprep/sub-157/func/sub-157_task-sharedreward_run-01_space-MNI152NLin6Asym_desc-brain_mask.nii.gz	2.973	2.973	3.22	202	2.02	3.16058	3.10893	3.43116	3.23052	0.888819	1.80446	13.1515	4.35249	Precompiled binary linux_ubuntu_24_64: Aug  4 2026 (Version AFNI_26.2.03 'Gordian III')
ds003745	157		02	post_resample_preblur	/ZPOOL/data/projects/sharedreward-aging/derivatives/harmonized/sub-157/func/sub-157_task-sharedreward_run-02_space-MNI152NLin6Asym_desc-rf1Grid_bold.nii.gz	/ZPOOL/data/projects/sharedreward-aging/derivatives/harmonized/sub-157/func/sub-157_task-sharedreward_run-02_space-MNI152NLin6Asym_desc-rf1Grid_mask.nii.gz	2.7	2.7	2.97	202	2.02	3.54513	3.55359	3.64357	3.58049	0.89834	2.01265	18.4864	4.94049	Precompiled binary linux_ubuntu_24_64: Aug  4 2026 (Version AFNI_26.2.03 'Gordian III')
ds003745	157		02	pre_resample	/ZPOOL/data/projects/sharedreward-aging/derivatives/fmriprep/sub-157/func/sub-157_task-sharedreward_run-02_space-MNI152NLin6Asym_desc-preproc_bold.nii.gz	/ZPOOL/data/projects/sharedreward-aging/derivatives/fmriprep/sub-157/func/sub-157_task-sharedreward_run-02_space-MNI152NLin6Asym_desc-brain_mask.nii.gz	2.973	2.973	3.22	202	2.02	3.23245	3.2222	3.33611	3.26318	0.887809	1.80688	13.8892	4.36832	Precompiled binary linux_ubuntu_24_64: Aug  4 2026 (Version AFNI_26.2.03 'Gordian III')
ds003745	158		01	post_resample_preblur	/ZPOOL/data/projects/sharedreward-aging/derivatives/harmonized/sub-158/func/sub-158_task-sharedreward_run-01_space-MNI152NLin6Asym_desc-rf1Grid_bold.nii.gz	/ZPOOL/data/projects/sharedreward-aging/derivatives/harmonized/sub-158/func/sub-158_task-sharedreward_run-01_space-MNI152NLin6Asym_desc-rf1Grid_mask.nii.gz	2.7	2.7	2.97	202	2.02	3.64231	3.45869	3.75269	3.61585	0.904274	2.0554	18.5446	5.04351	Precompiled binary linux_ubuntu_24_64: Aug  4 2026 (Version AFNI_26.2.03 'Gordian III')
ds003745	158		01	pre_resample	/ZPOOL/data/projects/sharedreward-aging/derivatives/fmriprep/sub-158/func/sub-158_task-sharedreward_run-01_space-MNI152NLin6Asym_desc-preproc_bold.nii.gz	/ZPOOL/data/projects/sharedreward-aging/derivatives/fmriprep/sub-158/func/sub-158_task-sharedreward_run-01_space-MNI152NLin6Asym_desc-brain_mask.nii.gz	2.973	2.973	3.22	202	2.02	3.36804	3.10508	3.46932	3.31053	0.892088	1.864	13.4479	4.47957	Precompiled binary linux_ubuntu_24_64: Aug  4 2026 (Version AFNI_26.2.03 'Gordian III')
ds003745	158		02	post_resample_preblur	/ZPOOL/data/projects/sharedreward-aging/derivatives/harmonized/sub-158/func/sub-158_task-sharedreward_run-02_space-MNI152NLin6Asym_desc-rf1Grid_bold.nii.gz	/ZPOOL/data/projects/sharedreward-aging/derivatives/harmonized/sub-158/func/sub-158_task-sharedreward_run-02_space-MNI152NLin6Asym_desc-rf1Grid_mask.nii.gz	2.7	2.7	2.97	202	2.02	3.65329	3.51556	3.69107	3.61918	0.893023	2.02785	18.7891	5.00951	Precompiled binary linux_ubuntu_24_64: Aug  4 2026 (Version AFNI_26.2.03 'Gordian III')
ds003745	158		02	pre_resample	/ZPOOL/data/projects/sharedreward-aging/derivatives/fmriprep/sub-158/func/sub-158_task-sharedreward_run-02_space-MNI152NLin6Asym_desc-preproc_bold.nii.gz	/ZPOOL/data/projects/sharedreward-aging/derivatives/fmriprep/sub-158/func/sub-158_task-sharedreward_run-02_space-MNI152NLin6Asym_desc-brain_mask.nii.gz	2.973	2.973	3.22	202	2.02	3.37668	3.16496	3.41329	3.31648	0.875919	1.82233	12.8643	4.43446	Precompiled binary linux_ubuntu_24_64: Aug  4 2026 (Version AFNI_26.2.03 'Gordian III')
ds003745	159		01	post_resample_preblur	/ZPOOL/data/projects/sharedreward-aging/derivatives/harmonized/sub-159/func/sub-159_task-sharedreward_run-01_space-MNI152NLin6Asym_desc-rf1Grid_bold.nii.gz	/ZPOOL/data/projects/sharedreward-aging/derivatives/harmonized/sub-159/func/sub-159_task-sharedreward_run-01_space-MNI152NLin6Asym_desc-rf1Grid_mask.nii.gz	2.7	2.7	2.97	202	2.02	3.95185	3.73704	3.87104	3.85228	0.864975	2.12803	20.0494	5.44908	Precompiled binary linux_ubuntu_24_64: Aug  4 2026 (Version AFNI_26.2.03 'Gordian III')
ds003745	159		01	pre_resample	/ZPOOL/data/projects/sharedreward-aging/derivatives/fmriprep/sub-159/func/sub-159_task-sharedreward_run-01_space-MNI152NLin6Asym_desc-preproc_bold.nii.gz	/ZPOOL/data/projects/sharedreward-aging/derivatives/fmriprep/sub-159/func/sub-159_task-sharedreward_run-01_space-MNI152NLin6Asym_desc-brain_mask.nii.gz	2.973	2.973	3.22	202	2.02	3.73067	3.44304	3.59692	3.58828	0.862777	1.96882	17.1838	4.88531	Precompiled binary linux_ubuntu_24_64: Aug  4 2026 (Version AFNI_26.2.03 'Gordian III')
ds003745	159		02	post_resample_preblur	/ZPOOL/data/projects/sharedreward-aging/derivatives/harmonized/sub-159/func/sub-159_task-sharedreward_run-02_space-MNI152NLin6Asym_desc-rf1Grid_bold.nii.gz	/ZPOOL/data/projects/sharedreward-aging/derivatives/harmonized/sub-159/func/sub-159_task-sharedreward_run-02_space-MNI152NLin6Asym_desc-rf1Grid_mask.nii.gz	2.7	2.7	2.97	202	2.02	3.96881	3.72314	3.86387	3.85062	0.865816	2.12751	19.9439	5.44358	Precompiled binary linux_ubuntu_24_64: Aug  4 2026 (Version AFNI_26.2.03 'Gordian III')
ds003745	159		02	pre_resample	/ZPOOL/data/projects/sharedreward-aging/derivatives/fmriprep/sub-159/func/sub-159_task-sharedreward_run-02_space-MNI152NLin6Asym_desc-preproc_bold.nii.gz	/ZPOOL/data/projects/sharedreward-aging/derivatives/fmriprep/sub-159/func/sub-159_task-sharedreward_run-02_space-MNI152NLin6Asym_desc-brain_mask.nii.gz	2.973	2.973	3.22	202	2.02	3.74526	3.4257	3.58468	3.58284	0.864128	1.96684	17.1516	4.87427	Precompiled binary linux_ubuntu_24_64: Aug  4 2026 (Version AFNI_26.2.03 'Gordian III')
rf1	10317	01	1	pre_resample	/ZPOOL/data/projects/rf1-sra-linux2/derivatives/fmriprep/sub-10317/ses-01/func/sub-10317_ses-01_task-sharedreward_run-1_part-mag_space-MNI152NLin6Asym_desc-preproc_bold.nii.gz	/ZPOOL/data/projects/rf1-sra-linux2/derivatives/fmriprep/sub-10317/ses-01/func/sub-10317_ses-01_task-sharedreward_run-1_part-mag_space-MNI152NLin6Asym_desc-brain_mask.nii.gz	2.7	2.7	2.97	255	1.615	3.10765	3.34564	3.12056	3.18944	0.982124	1.89858	15.4188	4.30433	Precompiled binary linux_ubuntu_24_64: Aug  4 2026 (Version AFNI_26.2.03 'Gordian III')
rf1	10317	01	2	pre_resample	/ZPOOL/data/projects/rf1-sra-linux2/derivatives/fmriprep/sub-10317/ses-01/func/sub-10317_ses-01_task-sharedreward_run-2_part-mag_space-MNI152NLin6Asym_desc-preproc_bold.nii.gz	/ZPOOL/data/projects/rf1-sra-linux2/derivatives/fmriprep/sub-10317/ses-01/func/sub-10317_ses-01_task-sharedreward_run-2_part-mag_space-MNI152NLin6Asym_desc-brain_mask.nii.gz	2.7	2.7	2.97	255	1.615	3.00199	3.31724	3.14031	3.15055	0.983267	1.87726	14.7577	4.24431	Precompiled binary linux_ubuntu_24_64: Aug  4 2026 (Version AFNI_26.2.03 'Gordian III')
rf1	10369	01	1	pre_resample	/ZPOOL/data/projects/rf1-sra-linux2/derivatives/fmriprep/sub-10369/ses-01/func/sub-10369_ses-01_task-sharedreward_run-1_part-mag_space-MNI152NLin6Asym_desc-preproc_bold.nii.gz	/ZPOOL/data/projects/rf1-sra-linux2/derivatives/fmriprep/sub-10369/ses-01/func/sub-10369_ses-01_task-sharedreward_run-1_part-mag_space-MNI152NLin6Asym_desc-brain_mask.nii.gz	2.7	2.7	2.97	255	1.615	2.97725	3.19065	3.24171	3.13441	0.983543	1.87315	14.0572	4.23198	Precompiled binary linux_ubuntu_24_64: Aug  4 2026 (Version AFNI_26.2.03 'Gordian III')
rf1	10369	01	2	pre_resample	/ZPOOL/data/projects/rf1-sra-linux2/derivatives/fmriprep/sub-10369/ses-01/func/sub-10369_ses-01_task-sharedreward_run-2_part-mag_space-MNI152NLin6Asym_desc-preproc_bold.nii.gz	/ZPOOL/data/projects/rf1-sra-linux2/derivatives/fmriprep/sub-10369/ses-01/func/sub-10369_ses-01_task-sharedreward_run-2_part-mag_space-MNI152NLin6Asym_desc-brain_mask.nii.gz	2.7	2.7	2.97	255	1.615	2.99605	3.18458	3.23142	3.13568	0.982194	1.87227	14.1162	4.23399	Precompiled binary linux_ubuntu_24_64: Aug  4 2026 (Version AFNI_26.2.03 'Gordian III')
rf1	10402	01	1	pre_resample	/ZPOOL/data/projects/rf1-sra-linux2/derivatives/fmriprep/sub-10402/ses-01/func/sub-10402_ses-01_task-sharedreward_run-1_part-mag_space-MNI152NLin6Asym_desc-preproc_bold.nii.gz	/ZPOOL/data/projects/rf1-sra-linux2/derivatives/fmriprep/sub-10402/ses-01/func/sub-10402_ses-01_task-sharedreward_run-1_part-mag_space-MNI152NLin6Asym_desc-brain_mask.nii.gz	2.7	2.7	2.97	255	1.615	3.02418	3.06312	2.96746	3.018	0.985793	1.79984	13.7117	4.04049	Precompiled binary linux_ubuntu_24_64: Aug  4 2026 (Version AFNI_26.2.03 'Gordian III')
rf1	10402	01	2	pre_resample	/ZPOOL/data/projects/rf1-sra-linux2/derivatives/fmriprep/sub-10402/ses-01/func/sub-10402_ses-01_task-sharedreward_run-2_part-mag_space-MNI152NLin6Asym_desc-preproc_bold.nii.gz	/ZPOOL/data/projects/rf1-sra-linux2/derivatives/fmriprep/sub-10402/ses-01/func/sub-10402_ses-01_task-sharedreward_run-2_part-mag_space-MNI152NLin6Asym_desc-brain_mask.nii.gz	2.7	2.7	2.97	255	1.615	3.05309	3.05991	3.03886	3.05061	0.981633	1.81655	13.8289	4.09438	Precompiled binary linux_ubuntu_24_64: Aug  4 2026 (Version AFNI_26.2.03 'Gordian III')
rf1	10418	01	1	pre_resample	/ZPOOL/data/projects/rf1-sra-linux2/derivatives/fmriprep/sub-10418/ses-01/func/sub-10418_ses-01_task-sharedreward_run-1_part-mag_space-MNI152NLin6Asym_desc-preproc_bold.nii.gz	/ZPOOL/data/projects/rf1-sra-linux2/derivatives/fmriprep/sub-10418/ses-01/func/sub-10418_ses-01_task-sharedreward_run-1_part-mag_space-MNI152NLin6Asym_desc-brain_mask.nii.gz	2.7	2.7	2.97	255	1.615	3.00779	3.23764	3.57563	3.26545	0.985675	1.9666	14.4399	4.47408	Precompiled binary linux_ubuntu_24_64: Aug  4 2026 (Version AFNI_26.2.03 'Gordian III')
rf1	10418	01	2	pre_resample	/ZPOOL/data/projects/rf1-sra-linux2/derivatives/fmriprep/sub-10418/ses-01/func/sub-10418_ses-01_task-sharedreward_run-2_part-mag_space-MNI152NLin6Asym_desc-preproc_bold.nii.gz	/ZPOOL/data/projects/rf1-sra-linux2/derivatives/fmriprep/sub-10418/ses-01/func/sub-10418_ses-01_task-sharedreward_run-2_part-mag_space-MNI152NLin6Asym_desc-brain_mask.nii.gz	2.7	2.7	2.97	255	1.615	3.07847	3.26564	3.58176	3.30217	0.980045	1.97937	14.9	4.52832	Precompiled binary linux_ubuntu_24_64: Aug  4 2026 (Version AFNI_26.2.03 'Gordian III')
rf1	10462	01	1	pre_resample	/ZPOOL/data/projects/rf1-sra-linux2/derivatives/fmriprep/sub-10462/ses-01/func/sub-10462_ses-01_task-sharedreward_run-1_part-mag_space-MNI152NLin6Asym_desc-preproc_bold.nii.gz	/ZPOOL/data/projects/rf1-sra-linux2/derivatives/fmriprep/sub-10462/ses-01/func/sub-10462_ses-01_task-sharedreward_run-1_part-mag_space-MNI152NLin6Asym_desc-brain_mask.nii.gz	2.7	2.7	2.97	255	1.615	2.74147	2.93603	3.06361	2.91067	0.986296	1.74982	11.9248	3.91712	Precompiled binary linux_ubuntu_24_64: Aug  4 2026 (Version AFNI_26.2.03 'Gordian III')
rf1	10478	01	1	pre_resample	/ZPOOL/data/projects/rf1-sra-linux2/derivatives/fmriprep/sub-10478/ses-01/func/sub-10478_ses-01_task-sharedreward_run-1_part-mag_space-MNI152NLin6Asym_desc-preproc_bold.nii.gz	/ZPOOL/data/projects/rf1-sra-linux2/derivatives/fmriprep/sub-10478/ses-01/func/sub-10478_ses-01_task-sharedreward_run-1_part-mag_space-MNI152NLin6Asym_desc-brain_mask.nii.gz	2.7	2.7	2.97	255	1.615	2.79975	3.53425	3.27643	3.18865	0.981414	1.8994	14.6596	4.30783	Precompiled binary linux_ubuntu_24_64: Aug  4 2026 (Version AFNI_26.2.03 'Gordian III')
rf1	10478	01	2	pre_resample	/ZPOOL/data/projects/rf1-sra-linux2/derivatives/fmriprep/sub-10478/ses-01/func/sub-10478_ses-01_task-sharedreward_run-2_part-mag_space-MNI152NLin6Asym_desc-preproc_bold.nii.gz	/ZPOOL/data/projects/rf1-sra-linux2/derivatives/fmriprep/sub-10478/ses-01/func/sub-10478_ses-01_task-sharedreward_run-2_part-mag_space-MNI152NLin6Asym_desc-brain_mask.nii.gz	2.7	2.7	2.97	255	1.615	2.82733	3.56947	3.26527	3.20602	0.975035	1.89698	14.9247	4.32248	Precompiled binary linux_ubuntu_24_64: Aug  4 2026 (Version AFNI_26.2.03 'Gordian III')
rf1	10486	01	1	pre_resample	/ZPOOL/data/projects/rf1-sra-linux2/derivatives/fmriprep/sub-10486/ses-01/func/sub-10486_ses-01_task-sharedreward_run-1_part-mag_space-MNI152NLin6Asym_desc-preproc_bold.nii.gz	/ZPOOL/data/projects/rf1-sra-linux2/derivatives/fmriprep/sub-10486/ses-01/func/sub-10486_ses-01_task-sharedreward_run-1_part-mag_space-MNI152NLin6Asym_desc-brain_mask.nii.gz	2.7	2.7	2.97	255	1.615	3.1684	3.3529	3.45289	3.32262	0.972805	1.96982	15.698	4.52769	Precompiled binary linux_ubuntu_24_64: Aug  4 2026 (Version AFNI_26.2.03 'Gordian III')
rf1	10486	01	2	pre_resample	/ZPOOL/data/projects/rf1-sra-linux2/derivatives/fmriprep/sub-10486/ses-01/func/sub-10486_ses-01_task-sharedreward_run-2_part-mag_space-MNI152NLin6Asym_desc-preproc_bold.nii.gz	/ZPOOL/data/projects/rf1-sra-linux2/derivatives/fmriprep/sub-10486/ses-01/func/sub-10486_ses-01_task-sharedreward_run-2_part-mag_space-MNI152NLin6Asym_desc-brain_mask.nii.gz	2.7	2.7	2.97	255	1.615	3.20524	3.35174	3.48844	3.34648	0.977503	1.98968	15.8984	4.56708	Precompiled binary linux_ubuntu_24_64: Aug  4 2026 (Version AFNI_26.2.03 'Gordian III')
rf1	10529	01	1	pre_resample	/ZPOOL/data/projects/rf1-sra-linux2/derivatives/fmriprep/sub-10529/ses-01/func/sub-10529_ses-01_task-sharedreward_run-1_part-mag_space-MNI152NLin6Asym_desc-preproc_bold.nii.gz	/ZPOOL/data/projects/rf1-sra-linux2/derivatives/fmriprep/sub-10529/ses-01/func/sub-10529_ses-01_task-sharedreward_run-1_part-mag_space-MNI152NLin6Asym_desc-brain_mask.nii.gz	2.7	2.7	2.97	255	1.615	3.00264	3.33819	3.28877	3.20639	0.993928	1.92895	14.7899	4.34613	Precompiled binary linux_ubuntu_24_64: Aug  4 2026 (Version AFNI_26.2.03 'Gordian III')
rf1	10529	01	2	pre_resample	/ZPOOL/data/projects/rf1-sra-linux2/derivatives/fmriprep/sub-10529/ses-01/func/sub-10529_ses-01_task-sharedreward_run-2_part-mag_space-MNI152NLin6Asym_desc-preproc_bold.nii.gz	/ZPOOL/data/projects/rf1-sra-linux2/derivatives/fmriprep/sub-10529/ses-01/func/sub-10529_ses-01_task-sharedreward_run-2_part-mag_space-MNI152NLin6Asym_desc-brain_mask.nii.gz	2.7	2.7	2.97	255	1.615	2.96301	3.33191	3.28995	3.19059	0.992281	1.91882	14.6083	4.32434	Precompiled binary linux_ubuntu_24_64: Aug  4 2026 (Version AFNI_26.2.03 'Gordian III')
rf1	10541	01	1	pre_resample	/ZPOOL/data/projects/rf1-sra-linux2/derivatives/fmriprep/sub-10541/ses-01/func/sub-10541_ses-01_task-sharedreward_run-1_part-mag_space-MNI152NLin6Asym_desc-preproc_bold.nii.gz	/ZPOOL/data/projects/rf1-sra-linux2/derivatives/fmriprep/sub-10541/ses-01/func/sub-10541_ses-01_task-sharedreward_run-1_part-mag_space-MNI152NLin6Asym_desc-brain_mask.nii.gz	2.7	2.7	2.97	255	1.615	3.09911	3.27769	3.0614	3.14467	0.972655	1.87178	15.0664	4.26464	Precompiled binary linux_ubuntu_24_64: Aug  4 2026 (Version AFNI_26.2.03 'Gordian III')
rf1	10541	01	2	pre_resample	/ZPOOL/data/projects/rf1-sra-linux2/derivatives/fmriprep/sub-10541/ses-01/func/sub-10541_ses-01_task-sharedreward_run-2_part-mag_space-MNI152NLin6Asym_desc-preproc_bold.nii.gz	/ZPOOL/data/projects/rf1-sra-linux2/derivatives/fmriprep/sub-10541/ses-01/func/sub-10541_ses-01_task-sharedreward_run-2_part-mag_space-MNI152NLin6Asym_desc-brain_mask.nii.gz	2.7	2.7	2.97	255	1.615	3.15257	3.25276	2.96761	3.12206	0.969605	1.84223	15.1777	4.19886	Precompiled binary linux_ubuntu_24_64: Aug  4 2026 (Version AFNI_26.2.03 'Gordian III')
rf1	10559	01	1	pre_resample	/ZPOOL/data/projects/rf1-sra-linux2/derivatives/fmriprep/sub-10559/ses-01/func/sub-10559_ses-01_task-sharedreward_run-1_part-mag_space-MNI152NLin6Asym_desc-preproc_bold.nii.gz	/ZPOOL/data/projects/rf1-sra-linux2/derivatives/fmriprep/sub-10559/ses-01/func/sub-10559_ses-01_task-sharedreward_run-1_part-mag_space-MNI152NLin6Asym_desc-brain_mask.nii.gz	2.7	2.7	2.97	255	1.615	2.96653	3.31966	3.38698	3.21898	0.978721	1.91056	14.5735	4.34582	Precompiled binary linux_ubuntu_24_64: Aug  4 2026 (Version AFNI_26.2.03 'Gordian III')
rf1	10559	01	2	pre_resample	/ZPOOL/data/projects/rf1-sra-linux2/derivatives/fmriprep/sub-10559/ses-01/func/sub-10559_ses-01_task-sharedreward_run-2_part-mag_space-MNI152NLin6Asym_desc-preproc_bold.nii.gz	/ZPOOL/data/projects/rf1-sra-linux2/derivatives/fmriprep/sub-10559/ses-01/func/sub-10559_ses-01_task-sharedreward_run-2_part-mag_space-MNI152NLin6Asym_desc-brain_mask.nii.gz	2.7	2.7	2.97	255	1.615	3.03706	3.35497	3.39525	3.2584	0.963597	1.9129	15.047	4.40268	Precompiled binary linux_ubuntu_24_64: Aug  4 2026 (Version AFNI_26.2.03 'Gordian III')
rf1	10572	01	1	pre_resample	/ZPOOL/data/projects/rf1-sra-linux2/derivatives/fmriprep/sub-10572/ses-01/func/sub-10572_ses-01_task-sharedreward_run-1_part-mag_space-MNI152NLin6Asym_desc-preproc_bold.nii.gz	/ZPOOL/data/projects/rf1-sra-linux2/derivatives/fmriprep/sub-10572/ses-01/func/sub-10572_ses-01_task-sharedreward_run-1_part-mag_space-MNI152NLin6Asym_desc-brain_mask.nii.gz	2.7	2.7	2.97	255	1.615	3.41517	3.68871	3.47555	3.52455	0.973414	2.09346	18.6448	4.8845	Precompiled binary linux_ubuntu_24_64: Aug  4 2026 (Version AFNI_26.2.03 'Gordian III')
rf1	10572	01	2	pre_resample	/ZPOOL/data/projects/rf1-sra-linux2/derivatives/fmriprep/sub-10572/ses-01/func/sub-10572_ses-01_task-sharedreward_run-2_part-mag_space-MNI152NLin6Asym_desc-preproc_bold.nii.gz	/ZPOOL/data/projects/rf1-sra-linux2/derivatives/fmriprep/sub-10572/ses-01/func/sub-10572_ses-01_task-sharedreward_run-2_part-mag_space-MNI152NLin6Asym_desc-brain_mask.nii.gz	2.7	2.7	2.97	255	1.615	3.34914	3.70057	3.63114	3.55698	0.975467	2.11747	18.3353	4.9478	Precompiled binary linux_ubuntu_24_64: Aug  4 2026 (Version AFNI_26.2.03 'Gordian III')
rf1	10581	01	1	pre_resample	/ZPOOL/data/projects/rf1-sra-linux2/derivatives/fmriprep/sub-10581/ses-01/func/sub-10581_ses-01_task-sharedreward_run-1_part-mag_space-MNI152NLin6Asym_desc-preproc_bold.nii.gz	/ZPOOL/data/projects/rf1-sra-linux2/derivatives/fmriprep/sub-10581/ses-01/func/sub-10581_ses-01_task-sharedreward_run-1_part-mag_space-MNI152NLin6Asym_desc-brain_mask.nii.gz	2.7	2.7	2.97	255	1.615	3.42939	3.63699	4.6064	3.85869	0.982254	2.33043	18.4621	5.54135	Precompiled binary linux_ubuntu_24_64: Aug  4 2026 (Version AFNI_26.2.03 'Gordian III')
rf1	10581	01	2	pre_resample	/ZPOOL/data/projects/rf1-sra-linux2/derivatives/fmriprep/sub-10581/ses-01/func/sub-10581_ses-01_task-sharedreward_run-2_part-mag_space-MNI152NLin6Asym_desc-preproc_bold.nii.gz	/ZPOOL/data/projects/rf1-sra-linux2/derivatives/fmriprep/sub-10581/ses-01/func/sub-10581_ses-01_task-sharedreward_run-2_part-mag_space-MNI152NLin6Asym_desc-brain_mask.nii.gz	2.7	2.7	2.97	255	1.615	3.45236	3.6601	4.56545	3.86394	0.982056	2.33258	18.7069	5.54501	Precompiled binary linux_ubuntu_24_64: Aug  4 2026 (Version AFNI_26.2.03 'Gordian III')
rf1	10584	01	1	pre_resample	/ZPOOL/data/projects/rf1-sra-linux2/derivatives/fmriprep/sub-10584/ses-01/func/sub-10584_ses-01_task-sharedreward_run-1_part-mag_space-MNI152NLin6Asym_desc-preproc_bold.nii.gz	/ZPOOL/data/projects/rf1-sra-linux2/derivatives/fmriprep/sub-10584/ses-01/func/sub-10584_ses-01_task-sharedreward_run-1_part-mag_space-MNI152NLin6Asym_desc-brain_mask.nii.gz	2.7	2.7	2.97	255	1.615	2.89055	3.19213	3.12258	3.06567	0.991898	1.84192	13.6771	4.12644	Precompiled binary linux_ubuntu_24_64: Aug  4 2026 (Version AFNI_26.2.03 'Gordian III')
rf1	10585	01	1	pre_resample	/ZPOOL/data/projects/rf1-sra-linux2/derivatives/fmriprep/sub-10585/ses-01/func/sub-10585_ses-01_task-sharedreward_run-1_part-mag_space-MNI152NLin6Asym_desc-preproc_bold.nii.gz	/ZPOOL/data/projects/rf1-sra-linux2/derivatives/fmriprep/sub-10585/ses-01/func/sub-10585_ses-01_task-sharedreward_run-1_part-mag_space-MNI152NLin6Asym_desc-brain_mask.nii.gz	2.7	2.7	2.97	255	1.615	3.01583	3.29344	3.59341	3.29246	0.988814	1.98204	14.713	4.50655	Precompiled binary linux_ubuntu_24_64: Aug  4 2026 (Version AFNI_26.2.03 'Gordian III')
rf1	10585	01	2	pre_resample	/ZPOOL/data/projects/rf1-sra-linux2/derivatives/fmriprep/sub-10585/ses-01/func/sub-10585_ses-01_task-sharedreward_run-2_part-mag_space-MNI152NLin6Asym_desc-preproc_bold.nii.gz	/ZPOOL/data/projects/rf1-sra-linux2/derivatives/fmriprep/sub-10585/ses-01/func/sub-10585_ses-01_task-sharedreward_run-2_part-mag_space-MNI152NLin6Asym_desc-brain_mask.nii.gz	2.7	2.7	2.97	255	1.615	3.05551	3.2916	3.64717	3.32263	0.987317	1.99849	14.8911	4.55728	Precompiled binary linux_ubuntu_24_64: Aug  4 2026 (Version AFNI_26.2.03 'Gordian III')
rf1	10589	01	1	pre_resample	/ZPOOL/data/projects/rf1-sra-linux2/derivatives/fmriprep/sub-10589/ses-01/func/sub-10589_ses-01_task-sharedreward_run-1_part-mag_space-MNI152NLin6Asym_desc-preproc_bold.nii.gz	/ZPOOL/data/projects/rf1-sra-linux2/derivatives/fmriprep/sub-10589/ses-01/func/sub-10589_ses-01_task-sharedreward_run-1_part-mag_space-MNI152NLin6Asym_desc-brain_mask.nii.gz	2.7	2.7	2.97	255	1.615	2.99994	3.22471	3.32924	3.18163	0.992793	1.91549	14.3415	4.31378	Precompiled binary linux_ubuntu_24_64: Aug  4 2026 (Version AFNI_26.2.03 'Gordian III')
rf1	10589	01	2	pre_resample	/ZPOOL/data/projects/rf1-sra-linux2/derivatives/fmriprep/sub-10589/ses-01/func/sub-10589_ses-01_task-sharedreward_run-2_part-mag_space-MNI152NLin6Asym_desc-preproc_bold.nii.gz	/ZPOOL/data/projects/rf1-sra-linux2/derivatives/fmriprep/sub-10589/ses-01/func/sub-10589_ses-01_task-sharedreward_run-2_part-mag_space-MNI152NLin6Asym_desc-brain_mask.nii.gz	2.7	2.7	2.97	255	1.615	3.03946	3.23361	3.32285	3.19643	0.989983	1.91838	14.5655	4.33047	Precompiled binary linux_ubuntu_24_64: Aug  4 2026 (Version AFNI_26.2.03 'Gordian III')
rf1	10590	01	1	pre_resample	/ZPOOL/data/projects/rf1-sra-linux2/derivatives/fmriprep/sub-10590/ses-01/func/sub-10590_ses-01_task-sharedreward_run-1_part-mag_space-MNI152NLin6Asym_desc-preproc_bold.nii.gz	/ZPOOL/data/projects/rf1-sra-linux2/derivatives/fmriprep/sub-10590/ses-01/func/sub-10590_ses-01_task-sharedreward_run-1_part-mag_space-MNI152NLin6Asym_desc-brain_mask.nii.gz	2.7	2.7	2.97	255	1.615	2.93716	3.24077	3.04903	3.07312	0.98433	1.82993	14.0956	4.11979	Precompiled binary linux_ubuntu_24_64: Aug  4 2026 (Version AFNI_26.2.03 'Gordian III')
rf1	10590	01	2	pre_resample	/ZPOOL/data/projects/rf1-sra-linux2/derivatives/fmriprep/sub-10590/ses-01/func/sub-10590_ses-01_task-sharedreward_run-2_part-mag_space-MNI152NLin6Asym_desc-preproc_bold.nii.gz	/ZPOOL/data/projects/rf1-sra-linux2/derivatives/fmriprep/sub-10590/ses-01/func/sub-10590_ses-01_task-sharedreward_run-2_part-mag_space-MNI152NLin6Asym_desc-brain_mask.nii.gz	2.7	2.7	2.97	255	1.615	2.95638	3.23086	3.07429	3.08514	0.982762	1.83612	14.1399	4.14017	Precompiled binary linux_ubuntu_24_64: Aug  4 2026 (Version AFNI_26.2.03 'Gordian III')
rf1	10596	01	1	pre_resample	/ZPOOL/data/projects/rf1-sra-linux2/derivatives/fmriprep/sub-10596/ses-01/func/sub-10596_ses-01_task-sharedreward_run-1_part-mag_space-MNI152NLin6Asym_desc-preproc_bold.nii.gz	/ZPOOL/data/projects/rf1-sra-linux2/derivatives/fmriprep/sub-10596/ses-01/func/sub-10596_ses-01_task-sharedreward_run-1_part-mag_space-MNI152NLin6Asym_desc-brain_mask.nii.gz	2.7	2.7	2.97	255	1.615	2.97061	3.44469	3.53596	3.30751	0.975986	1.97285	15.1573	4.5243	Precompiled binary linux_ubuntu_24_64: Aug  4 2026 (Version AFNI_26.2.03 'Gordian III')
rf1	10596	01	2	pre_resample	/ZPOOL/data/projects/rf1-sra-linux2/derivatives/fmriprep/sub-10596/ses-01/func/sub-10596_ses-01_task-sharedreward_run-2_part-mag_space-MNI152NLin6Asym_desc-preproc_bold.nii.gz	/ZPOOL/data/projects/rf1-sra-linux2/derivatives/fmriprep/sub-10596/ses-01/func/sub-10596_ses-01_task-sharedreward_run-2_part-mag_space-MNI152NLin6Asym_desc-brain_mask.nii.gz	2.7	2.7	2.97	255	1.615	2.98811	3.47148	3.55596	3.32881	0.972864	1.9825	15.3477	4.56194	Precompiled binary linux_ubuntu_24_64: Aug  4 2026 (Version AFNI_26.2.03 'Gordian III')
rf1	10603	01	1	pre_resample	/ZPOOL/data/projects/rf1-sra-linux2/derivatives/fmriprep/sub-10603/ses-01/func/sub-10603_ses-01_task-sharedreward_run-1_part-mag_space-MNI152NLin6Asym_desc-preproc_bold.nii.gz	/ZPOOL/data/projects/rf1-sra-linux2/derivatives/fmriprep/sub-10603/ses-01/func/sub-10603_ses-01_task-sharedreward_run-1_part-mag_space-MNI152NLin6Asym_desc-brain_mask.nii.gz	2.7	2.7	2.97	255	1.615	3.07382	3.40804	3.61914	3.35941	0.971329	2.00042	15.4637	4.61751	Precompiled binary linux_ubuntu_24_64: Aug  4 2026 (Version AFNI_26.2.03 'Gordian III')
rf1	10606	01	1	pre_resample	/ZPOOL/data/projects/rf1-sra-linux2/derivatives/fmriprep/sub-10606/ses-01/func/sub-10606_ses-01_task-sharedreward_run-1_part-mag_space-MNI152NLin6Asym_desc-preproc_bold.nii.gz	/ZPOOL/data/projects/rf1-sra-linux2/derivatives/fmriprep/sub-10606/ses-01/func/sub-10606_ses-01_task-sharedreward_run-1_part-mag_space-MNI152NLin6Asym_desc-brain_mask.nii.gz	2.7	2.7	2.97	255	1.615	3.03067	3.28366	3.14299	3.15074	0.981022	1.87207	14.7385	4.23801	Precompiled binary linux_ubuntu_24_64: Aug  4 2026 (Version AFNI_26.2.03 'Gordian III')
rf1	10606	01	2	pre_resample	/ZPOOL/data/projects/rf1-sra-linux2/derivatives/fmriprep/sub-10606/ses-01/func/sub-10606_ses-01_task-sharedreward_run-2_part-mag_space-MNI152NLin6Asym_desc-preproc_bold.nii.gz	/ZPOOL/data/projects/rf1-sra-linux2/derivatives/fmriprep/sub-10606/ses-01/func/sub-10606_ses-01_task-sharedreward_run-2_part-mag_space-MNI152NLin6Asym_desc-brain_mask.nii.gz	2.7	2.7	2.97	255	1.615	3.02267	3.26627	3.14814	3.14412	0.982594	1.87126	14.6322	4.23079	Precompiled binary linux_ubuntu_24_64: Aug  4 2026 (Version AFNI_26.2.03 'Gordian III')
rf1	10608	01	1	pre_resample	/ZPOOL/data/projects/rf1-sra-linux2/derivatives/fmriprep/sub-10608/ses-01/func/sub-10608_ses-01_task-sharedreward_run-1_part-mag_space-MNI152NLin6Asym_desc-preproc_bold.nii.gz	/ZPOOL/data/projects/rf1-sra-linux2/derivatives/fmriprep/sub-10608/ses-01/func/sub-10608_ses-01_task-sharedreward_run-1_part-mag_space-MNI152NLin6Asym_desc-brain_mask.nii.gz	2.7	2.7	2.97	255	1.615	3.26801	3.49506	3.38145	3.38024	0.993546	2.0168	11.7665	4.58595	Precompiled binary linux_ubuntu_24_64: Aug  4 2026 (Version AFNI_26.2.03 'Gordian III')
rf1	10608	01	2	pre_resample	/ZPOOL/data/projects/rf1-sra-linux2/derivatives/fmriprep/sub-10608/ses-01/func/sub-10608_ses-01_task-sharedreward_run-2_part-mag_space-MNI152NLin6Asym_desc-preproc_bold.nii.gz	/ZPOOL/data/projects/rf1-sra-linux2/derivatives/fmriprep/sub-10608/ses-01/func/sub-10608_ses-01_task-sharedreward_run-2_part-mag_space-MNI152NLin6Asym_desc-brain_mask.nii.gz	2.7	2.7	2.97	255	1.615	3.29569	3.50566	3.40208	3.40006	0.989217	2.02235	17.0969	4.61961	Precompiled binary linux_ubuntu_24_64: Aug  4 2026 (Version AFNI_26.2.03 'Gordian III')
rf1	10617	01	1	pre_resample	/ZPOOL/data/projects/rf1-sra-linux2/derivatives/fmriprep/sub-10617/ses-01/func/sub-10617_ses-01_task-sharedreward_run-1_part-mag_space-MNI152NLin6Asym_desc-preproc_bold.nii.gz	/ZPOOL/data/projects/rf1-sra-linux2/derivatives/fmriprep/sub-10617/ses-01/func/sub-10617_ses-01_task-sharedreward_run-1_part-mag_space-MNI152NLin6Asym_desc-brain_mask.nii.gz	2.7	2.7	2.97	255	1.615	2.91328	3.38177	3.50189	3.25544	0.99177	1.96327	14.5879	4.44539	Precompiled binary linux_ubuntu_24_64: Aug  4 2026 (Version AFNI_26.2.03 'Gordian III')
rf1	10636	01	1	pre_resample	/ZPOOL/data/projects/rf1-sra-linux2/derivatives/fmriprep/sub-10636/ses-01/func/sub-10636_ses-01_task-sharedreward_run-1_part-mag_space-MNI152NLin6Asym_desc-preproc_bold.nii.gz	/ZPOOL/data/projects/rf1-sra-linux2/derivatives/fmriprep/sub-10636/ses-01/func/sub-10636_ses-01_task-sharedreward_run-1_part-mag_space-MNI152NLin6Asym_desc-brain_mask.nii.gz	2.7	2.7	2.97	255	1.615	3.09867	3.6036	3.44109	3.37445	0.97631	1.9943	16.5076	4.58504	Precompiled binary linux_ubuntu_24_64: Aug  4 2026 (Version AFNI_26.2.03 'Gordian III')
rf1	10636	01	2	pre_resample	/ZPOOL/data/projects/rf1-sra-linux2/derivatives/fmriprep/sub-10636/ses-01/func/sub-10636_ses-01_task-sharedreward_run-2_part-mag_space-MNI152NLin6Asym_desc-preproc_bold.nii.gz	/ZPOOL/data/projects/rf1-sra-linux2/derivatives/fmriprep/sub-10636/ses-01/func/sub-10636_ses-01_task-sharedreward_run-2_part-mag_space-MNI152NLin6Asym_desc-brain_mask.nii.gz	2.7	2.7	2.97	255	1.615	3.13561	3.64676	3.31655	3.35974	0.961929	1.96307	16.8891	4.5494	Precompiled binary linux_ubuntu_24_64: Aug  4 2026 (Version AFNI_26.2.03 'Gordian III')
rf1	10638	01	1	pre_resample	/ZPOOL/data/projects/rf1-sra-linux2/derivatives/fmriprep/sub-10638/ses-01/func/sub-10638_ses-01_task-sharedreward_run-1_part-mag_space-MNI152NLin6Asym_desc-preproc_bold.nii.gz	/ZPOOL/data/projects/rf1-sra-linux2/derivatives/fmriprep/sub-10638/ses-01/func/sub-10638_ses-01_task-sharedreward_run-1_part-mag_space-MNI152NLin6Asym_desc-brain_mask.nii.gz	2.7	2.7	2.97	255	1.615	3.07672	3.5861	3.37389	3.33898	0.993972	1.99787	15.2178	4.53377	Precompiled binary linux_ubuntu_24_64: Aug  4 2026 (Version AFNI_26.2.03 'Gordian III')
rf1	10638	01	2	pre_resample	/ZPOOL/data/projects/rf1-sra-linux2/derivatives/fmriprep/sub-10638/ses-01/func/sub-10638_ses-01_task-sharedreward_run-2_part-mag_space-MNI152NLin6Asym_desc-preproc_bold.nii.gz	/ZPOOL/data/projects/rf1-sra-linux2/derivatives/fmriprep/sub-10638/ses-01/func/sub-10638_ses-01_task-sharedreward_run-2_part-mag_space-MNI152NLin6Asym_desc-brain_mask.nii.gz	2.7	2.7	2.97	255	1.615	3.09831	3.60872	3.38095	3.35613	0.989115	2.00253	16.5521	4.56388	Precompiled binary linux_ubuntu_24_64: Aug  4 2026 (Version AFNI_26.2.03 'Gordian III')
rf1	10640	01	1	pre_resample	/ZPOOL/data/projects/rf1-sra-linux2/derivatives/fmriprep/sub-10640/ses-01/func/sub-10640_ses-01_task-sharedreward_run-1_part-mag_space-MNI152NLin6Asym_desc-preproc_bold.nii.gz	/ZPOOL/data/projects/rf1-sra-linux2/derivatives/fmriprep/sub-10640/ses-01/func/sub-10640_ses-01_task-sharedreward_run-1_part-mag_space-MNI152NLin6Asym_desc-brain_mask.nii.gz	2.7	2.7	2.97	255	1.615	3.06019	3.29802	3.30226	3.21814	0.950655	1.87389	14.8855	4.34215	Precompiled binary linux_ubuntu_24_64: Aug  4 2026 (Version AFNI_26.2.03 'Gordian III')
rf1	10640	01	2	pre_resample	/ZPOOL/data/projects/rf1-sra-linux2/derivatives/fmriprep/sub-10640/ses-01/func/sub-10640_ses-01_task-sharedreward_run-2_part-mag_space-MNI152NLin6Asym_desc-preproc_bold.nii.gz	/ZPOOL/data/projects/rf1-sra-linux2/derivatives/fmriprep/sub-10640/ses-01/func/sub-10640_ses-01_task-sharedreward_run-2_part-mag_space-MNI152NLin6Asym_desc-brain_mask.nii.gz	2.7	2.7	2.97	255	1.615	3.08952	3.33239	3.33094	3.24891	0.944458	1.88274	15.1682	4.38743	Precompiled binary linux_ubuntu_24_64: Aug  4 2026 (Version AFNI_26.2.03 'Gordian III')
rf1	10641	01	1	pre_resample	/ZPOOL/data/projects/rf1-sra-linux2/derivatives/fmriprep/sub-10641/ses-01/func/sub-10641_ses-01_task-sharedreward_run-1_part-mag_space-MNI152NLin6Asym_desc-preproc_bold.nii.gz	/ZPOOL/data/projects/rf1-sra-linux2/derivatives/fmriprep/sub-10641/ses-01/func/sub-10641_ses-01_task-sharedreward_run-1_part-mag_space-MNI152NLin6Asym_desc-brain_mask.nii.gz	2.7	2.7	2.97	255	1.615	3.11751	3.39782	3.40576	3.30426	0.986363	1.97741	15.6953	4.5028	Precompiled binary linux_ubuntu_24_64: Aug  4 2026 (Version AFNI_26.2.03 'Gordian III')
rf1	10642	01	1	pre_resample	/ZPOOL/data/projects/rf1-sra-linux2/derivatives/fmriprep/sub-10642/ses-01/func/sub-10642_ses-01_task-sharedreward_run-1_part-mag_space-MNI152NLin6Asym_desc-preproc_bold.nii.gz	/ZPOOL/data/projects/rf1-sra-linux2/derivatives/fmriprep/sub-10642/ses-01/func/sub-10642_ses-01_task-sharedreward_run-1_part-mag_space-MNI152NLin6Asym_desc-brain_mask.nii.gz	2.7	2.7	2.97	255	1.615	3.33113	3.77324	3.38698	3.49172	0.955737	2.05571	18.6811	4.84042	Precompiled binary linux_ubuntu_24_64: Aug  4 2026 (Version AFNI_26.2.03 'Gordian III')
rf1	10642	01	2	pre_resample	/ZPOOL/data/projects/rf1-sra-linux2/derivatives/fmriprep/sub-10642/ses-01/func/sub-10642_ses-01_task-sharedreward_run-2_part-mag_space-MNI152NLin6Asym_desc-preproc_bold.nii.gz	/ZPOOL/data/projects/rf1-sra-linux2/derivatives/fmriprep/sub-10642/ses-01/func/sub-10642_ses-01_task-sharedreward_run-2_part-mag_space-MNI152NLin6Asym_desc-brain_mask.nii.gz	2.7	2.7	2.97	255	1.615	3.39879	3.86621	3.44258	3.56313	0.948686	2.08609	19.4759	4.9599	Precompiled binary linux_ubuntu_24_64: Aug  4 2026 (Version AFNI_26.2.03 'Gordian III')
rf1	10644	01	1	pre_resample	/ZPOOL/data/projects/rf1-sra-linux2/derivatives/fmriprep/sub-10644/ses-01/func/sub-10644_ses-01_task-sharedreward_run-1_part-mag_space-MNI152NLin6Asym_desc-preproc_bold.nii.gz	/ZPOOL/data/projects/rf1-sra-linux2/derivatives/fmriprep/sub-10644/ses-01/func/sub-10644_ses-01_task-sharedreward_run-1_part-mag_space-MNI152NLin6Asym_desc-brain_mask.nii.gz	2.7	2.7	2.97	255	1.615	3.23344	3.23402	3.18532	3.21751	0.993993	1.9264	15.4114	4.33938	Precompiled binary linux_ubuntu_24_64: Aug  4 2026 (Version AFNI_26.2.03 'Gordian III')
rf1	10644	01	2	pre_resample	/ZPOOL/data/projects/rf1-sra-linux2/derivatives/fmriprep/sub-10644/ses-01/func/sub-10644_ses-01_task-sharedreward_run-2_part-mag_space-MNI152NLin6Asym_desc-preproc_bold.nii.gz	/ZPOOL/data/projects/rf1-sra-linux2/derivatives/fmriprep/sub-10644/ses-01/func/sub-10644_ses-01_task-sharedreward_run-2_part-mag_space-MNI152NLin6Asym_desc-brain_mask.nii.gz	2.7	2.7	2.97	255	1.615	3.26581	3.24869	3.23271	3.24904	0.993979	1.94472	14.7998	4.38819	Precompiled binary linux_ubuntu_24_64: Aug  4 2026 (Version AFNI_26.2.03 'Gordian III')
rf1	10647	01	1	pre_resample	/ZPOOL/data/projects/rf1-sra-linux2/derivatives/fmriprep/sub-10647/ses-01/func/sub-10647_ses-01_task-sharedreward_run-1_part-mag_space-MNI152NLin6Asym_desc-preproc_bold.nii.gz	/ZPOOL/data/projects/rf1-sra-linux2/derivatives/fmriprep/sub-10647/ses-01/func/sub-10647_ses-01_task-sharedreward_run-1_part-mag_space-MNI152NLin6Asym_desc-brain_mask.nii.gz	2.7	2.7	2.97	255	1.615	3.03246	3.4804	3.55833	3.34881	0.940141	1.96384	15.6157	4.6248	Precompiled binary linux_ubuntu_24_64: Aug  4 2026 (Version AFNI_26.2.03 'Gordian III')
rf1	10647	01	2	pre_resample	/ZPOOL/data/projects/rf1-sra-linux2/derivatives/fmriprep/sub-10647/ses-01/func/sub-10647_ses-01_task-sharedreward_run-2_part-mag_space-MNI152NLin6Asym_desc-preproc_bold.nii.gz	/ZPOOL/data/projects/rf1-sra-linux2/derivatives/fmriprep/sub-10647/ses-01/func/sub-10647_ses-01_task-sharedreward_run-2_part-mag_space-MNI152NLin6Asym_desc-brain_mask.nii.gz	2.7	2.7	2.97	255	1.615	3.04236	3.51409	3.496	3.34348	0.937461	1.95426	15.8382	4.6087	Precompiled binary linux_ubuntu_24_64: Aug  4 2026 (Version AFNI_26.2.03 'Gordian III')
rf1	10649	01	1	pre_resample	/ZPOOL/data/projects/rf1-sra-linux2/derivatives/fmriprep/sub-10649/ses-01/func/sub-10649_ses-01_task-sharedreward_run-1_part-mag_space-MNI152NLin6Asym_desc-preproc_bold.nii.gz	/ZPOOL/data/projects/rf1-sra-linux2/derivatives/fmriprep/sub-10649/ses-01/func/sub-10649_ses-01_task-sharedreward_run-1_part-mag_space-MNI152NLin6Asym_desc-brain_mask.nii.gz	2.7	2.7	2.97	255	1.615	3.08493	3.50509	3.37718	3.31767	0.989195	1.98071	15.9928	4.50263	Precompiled binary linux_ubuntu_24_64: Aug  4 2026 (Version AFNI_26.2.03 'Gordian III')
rf1	10649	01	2	pre_resample	/ZPOOL/data/projects/rf1-sra-linux2/derivatives/fmriprep/sub-10649/ses-01/func/sub-10649_ses-01_task-sharedreward_run-2_part-mag_space-MNI152NLin6Asym_desc-preproc_bold.nii.gz	/ZPOOL/data/projects/rf1-sra-linux2/derivatives/fmriprep/sub-10649/ses-01/func/sub-10649_ses-01_task-sharedreward_run-2_part-mag_space-MNI152NLin6Asym_desc-brain_mask.nii.gz	2.7	2.7	2.97	255	1.615	3.08621	3.53342	3.25365	3.28597	0.977345	1.94191	16.1121	4.43669	Precompiled binary linux_ubuntu_24_64: Aug  4 2026 (Version AFNI_26.2.03 'Gordian III')
rf1	10652	01	1	pre_resample	/ZPOOL/data/projects/rf1-sra-linux2/derivatives/fmriprep/sub-10652/ses-01/func/sub-10652_ses-01_task-sharedreward_run-1_part-mag_space-MNI152NLin6Asym_desc-preproc_bold.nii.gz	/ZPOOL/data/projects/rf1-sra-linux2/derivatives/fmriprep/sub-10652/ses-01/func/sub-10652_ses-01_task-sharedreward_run-1_part-mag_space-MNI152NLin6Asym_desc-brain_mask.nii.gz	2.7	2.7	2.97	255	1.615	3.19426	3.59457	3.55958	3.4446	0.99397	2.05289	16.9311	4.6899	Precompiled binary linux_ubuntu_24_64: Aug  4 2026 (Version AFNI_26.2.03 'Gordian III')
rf1	10652	01	2	pre_resample	/ZPOOL/data/projects/rf1-sra-linux2/derivatives/fmriprep/sub-10652/ses-01/func/sub-10652_ses-01_task-sharedreward_run-2_part-mag_space-MNI152NLin6Asym_desc-preproc_bold.nii.gz	/ZPOOL/data/projects/rf1-sra-linux2/derivatives/fmriprep/sub-10652/ses-01/func/sub-10652_ses-01_task-sharedreward_run-2_part-mag_space-MNI152NLin6Asym_desc-brain_mask.nii.gz	2.7	2.7	2.97	255	1.615	3.17987	3.58715	3.56372	3.43838	0.993997	2.04739	16.882	4.67402	Precompiled binary linux_ubuntu_24_64: Aug  4 2026 (Version AFNI_26.2.03 'Gordian III')
rf1	10656	01	1	pre_resample	/ZPOOL/data/projects/rf1-sra-linux2/derivatives/fmriprep/sub-10656/ses-01/func/sub-10656_ses-01_task-sharedreward_run-1_part-mag_space-MNI152NLin6Asym_desc-preproc_bold.nii.gz	/ZPOOL/data/projects/rf1-sra-linux2/derivatives/fmriprep/sub-10656/ses-01/func/sub-10656_ses-01_task-sharedreward_run-1_part-mag_space-MNI152NLin6Asym_desc-brain_mask.nii.gz	2.7	2.7	2.97	255	1.615	2.83419	3.26703	3.32093	3.1329	0.980484	1.87353	13.7272	4.24203	Precompiled binary linux_ubuntu_24_64: Aug  4 2026 (Version AFNI_26.2.03 'Gordian III')
rf1	10656	01	2	pre_resample	/ZPOOL/data/projects/rf1-sra-linux2/derivatives/fmriprep/sub-10656/ses-01/func/sub-10656_ses-01_task-sharedreward_run-2_part-mag_space-MNI152NLin6Asym_desc-preproc_bold.nii.gz	/ZPOOL/data/projects/rf1-sra-linux2/derivatives/fmriprep/sub-10656/ses-01/func/sub-10656_ses-01_task-sharedreward_run-2_part-mag_space-MNI152NLin6Asym_desc-brain_mask.nii.gz	2.7	2.7	2.97	255	1.615	2.83316	3.26841	3.28181	3.12061	0.983377	1.86708	13.7247	4.21644	Precompiled binary linux_ubuntu_24_64: Aug  4 2026 (Version AFNI_26.2.03 'Gordian III')
rf1	10657	01	1	pre_resample	/ZPOOL/data/projects/rf1-sra-linux2/derivatives/fmriprep/sub-10657/ses-01/func/sub-10657_ses-01_task-sharedreward_run-1_part-mag_space-MNI152NLin6Asym_desc-preproc_bold.nii.gz	/ZPOOL/data/projects/rf1-sra-linux2/derivatives/fmriprep/sub-10657/ses-01/func/sub-10657_ses-01_task-sharedreward_run-1_part-mag_space-MNI152NLin6Asym_desc-brain_mask.nii.gz	2.7	2.7	2.97	255	1.615	3.05764	3.34675	2.9818	3.12485	0.973778	1.86374	15.1849	4.24043	Precompiled binary linux_ubuntu_24_64: Aug  4 2026 (Version AFNI_26.2.03 'Gordian III')
rf1	10657	01	2	pre_resample	/ZPOOL/data/projects/rf1-sra-linux2/derivatives/fmriprep/sub-10657/ses-01/func/sub-10657_ses-01_task-sharedreward_run-2_part-mag_space-MNI152NLin6Asym_desc-preproc_bold.nii.gz	/ZPOOL/data/projects/rf1-sra-linux2/derivatives/fmriprep/sub-10657/ses-01/func/sub-10657_ses-01_task-sharedreward_run-2_part-mag_space-MNI152NLin6Asym_desc-brain_mask.nii.gz	2.7	2.7	2.97	255	1.615	3.08951	3.36674	3.07058	3.17278	0.972305	1.89162	15.437	4.31823	Precompiled binary linux_ubuntu_24_64: Aug  4 2026 (Version AFNI_26.2.03 'Gordian III')
rf1	10661	01	1	pre_resample	/ZPOOL/data/projects/rf1-sra-linux2/derivatives/fmriprep/sub-10661/ses-01/func/sub-10661_ses-01_task-sharedreward_run-1_part-mag_space-MNI152NLin6Asym_desc-preproc_bold.nii.gz	/ZPOOL/data/projects/rf1-sra-linux2/derivatives/fmriprep/sub-10661/ses-01/func/sub-10661_ses-01_task-sharedreward_run-1_part-mag_space-MNI152NLin6Asym_desc-brain_mask.nii.gz	2.7	2.7	2.97	255	1.615	2.75399	3.12163	3.15351	3.00408	0.988414	1.82777	0.160599	4.04263	Precompiled binary linux_ubuntu_24_64: Aug  4 2026 (Version AFNI_26.2.03 'Gordian III')
rf1	10661	01	2	pre_resample	/ZPOOL/data/projects/rf1-sra-linux2/derivatives/fmriprep/sub-10661/ses-01/func/sub-10661_ses-01_task-sharedreward_run-2_part-mag_space-MNI152NLin6Asym_desc-preproc_bold.nii.gz	/ZPOOL/data/projects/rf1-sra-linux2/derivatives/fmriprep/sub-10661/ses-01/func/sub-10661_ses-01_task-sharedreward_run-2_part-mag_space-MNI152NLin6Asym_desc-brain_mask.nii.gz	2.7	2.7	2.97	255	1.615	2.75968	3.12001	3.17719	3.01314	0.986227	1.83738	0.167167	4.06134	Precompiled binary linux_ubuntu_24_64: Aug  4 2026 (Version AFNI_26.2.03 'Gordian III')
rf1	10663	01	1	pre_resample	/ZPOOL/data/projects/rf1-sra-linux2/derivatives/fmriprep/sub-10663/ses-01/func/sub-10663_ses-01_task-sharedreward_run-1_part-mag_space-MNI152NLin6Asym_desc-preproc_bold.nii.gz	/ZPOOL/data/projects/rf1-sra-linux2/derivatives/fmriprep/sub-10663/ses-01/func/sub-10663_ses-01_task-sharedreward_run-1_part-mag_space-MNI152NLin6Asym_desc-brain_mask.nii.gz	2.7	2.7	2.97	255	1.615	3.10641	3.57211	3.35484	3.33902	0.964365	1.96306	16.4041	4.53966	Precompiled binary linux_ubuntu_24_64: Aug  4 2026 (Version AFNI_26.2.03 'Gordian III')
rf1	10663	01	2	pre_resample	/ZPOOL/data/projects/rf1-sra-linux2/derivatives/fmriprep/sub-10663/ses-01/func/sub-10663_ses-01_task-sharedreward_run-2_part-mag_space-MNI152NLin6Asym_desc-preproc_bold.nii.gz	/ZPOOL/data/projects/rf1-sra-linux2/derivatives/fmriprep/sub-10663/ses-01/func/sub-10663_ses-01_task-sharedreward_run-2_part-mag_space-MNI152NLin6Asym_desc-brain_mask.nii.gz	2.7	2.7	2.97	255	1.615	3.10267	3.57164	3.45253	3.36962	0.958013	1.97693	16.3811	4.60049	Precompiled binary linux_ubuntu_24_64: Aug  4 2026 (Version AFNI_26.2.03 'Gordian III')
rf1	10668	01	1	pre_resample	/ZPOOL/data/projects/rf1-sra-linux2/derivatives/fmriprep/sub-10668/ses-01/func/sub-10668_ses-01_task-sharedreward_run-1_part-mag_space-MNI152NLin6Asym_desc-preproc_bold.nii.gz	/ZPOOL/data/projects/rf1-sra-linux2/derivatives/fmriprep/sub-10668/ses-01/func/sub-10668_ses-01_task-sharedreward_run-1_part-mag_space-MNI152NLin6Asym_desc-brain_mask.nii.gz	2.7	2.7	2.97	255	1.615	3.06899	3.50386	3.50762	3.35365	0.949482	1.97678	15.9485	4.62901	Precompiled binary linux_ubuntu_24_64: Aug  4 2026 (Version AFNI_26.2.03 'Gordian III')
rf1	10673	01	1	pre_resample	/ZPOOL/data/projects/rf1-sra-linux2/derivatives/fmriprep/sub-10673/ses-01/func/sub-10673_ses-01_task-sharedreward_run-1_part-mag_space-MNI152NLin6Asym_desc-preproc_bold.nii.gz	/ZPOOL/data/projects/rf1-sra-linux2/derivatives/fmriprep/sub-10673/ses-01/func/sub-10673_ses-01_task-sharedreward_run-1_part-mag_space-MNI152NLin6Asym_desc-brain_mask.nii.gz	2.7	2.7	2.97	255	1.615	3.07999	3.36872	3.193	3.21172	0.983158	1.91438	15.3926	4.34264	Precompiled binary linux_ubuntu_24_64: Aug  4 2026 (Version AFNI_26.2.03 'Gordian III')
rf1	10673	01	2	pre_resample	/ZPOOL/data/projects/rf1-sra-linux2/derivatives/fmriprep/sub-10673/ses-01/func/sub-10673_ses-01_task-sharedreward_run-2_part-mag_space-MNI152NLin6Asym_desc-preproc_bold.nii.gz	/ZPOOL/data/projects/rf1-sra-linux2/derivatives/fmriprep/sub-10673/ses-01/func/sub-10673_ses-01_task-sharedreward_run-2_part-mag_space-MNI152NLin6Asym_desc-brain_mask.nii.gz	2.7	2.7	2.97	255	1.615	3.06153	3.36117	3.18668	3.20078	0.985365	1.91161	15.269	4.32798	Precompiled binary linux_ubuntu_24_64: Aug  4 2026 (Version AFNI_26.2.03 'Gordian III')
rf1	10674	01	1	pre_resample	/ZPOOL/data/projects/rf1-sra-linux2/derivatives/fmriprep/sub-10674/ses-01/func/sub-10674_ses-01_task-sharedreward_run-1_part-mag_space-MNI152NLin6Asym_desc-preproc_bold.nii.gz	/ZPOOL/data/projects/rf1-sra-linux2/derivatives/fmriprep/sub-10674/ses-01/func/sub-10674_ses-01_task-sharedreward_run-1_part-mag_space-MNI152NLin6Asym_desc-brain_mask.nii.gz	2.7	2.7	2.97	255	1.615	2.85004	2.94668	3.00935	2.93462	0.961322	1.80138	0.173401	3.927	Precompiled binary linux_ubuntu_24_64: Aug  4 2026 (Version AFNI_26.2.03 'Gordian III')
rf1	10674	01	2	pre_resample	/ZPOOL/data/projects/rf1-sra-linux2/derivatives/fmriprep/sub-10674/ses-01/func/sub-10674_ses-01_task-sharedreward_run-2_part-mag_space-MNI152NLin6Asym_desc-preproc_bold.nii.gz	/ZPOOL/data/projects/rf1-sra-linux2/derivatives/fmriprep/sub-10674/ses-01/func/sub-10674_ses-01_task-sharedreward_run-2_part-mag_space-MNI152NLin6Asym_desc-brain_mask.nii.gz	2.7	2.7	2.97	255	1.615	2.92661	3.02423	3.08403	3.01092	0.985528	1.8025	13.0984	4.04714	Precompiled binary linux_ubuntu_24_64: Aug  4 2026 (Version AFNI_26.2.03 'Gordian III')
rf1	10677	01	1	pre_resample	/ZPOOL/data/projects/rf1-sra-linux2/derivatives/fmriprep/sub-10677/ses-01/func/sub-10677_ses-01_task-sharedreward_run-1_part-mag_space-MNI152NLin6Asym_desc-preproc_bold.nii.gz	/ZPOOL/data/projects/rf1-sra-linux2/derivatives/fmriprep/sub-10677/ses-01/func/sub-10677_ses-01_task-sharedreward_run-1_part-mag_space-MNI152NLin6Asym_desc-brain_mask.nii.gz	2.7	2.7	2.97	255	1.615	3.17517	3.41631	3.30799	3.29834	0.985708	1.96279	16.0442	4.46521	Precompiled binary linux_ubuntu_24_64: Aug  4 2026 (Version AFNI_26.2.03 'Gordian III')
rf1	10677	01	2	pre_resample	/ZPOOL/data/projects/rf1-sra-linux2/derivatives/fmriprep/sub-10677/ses-01/func/sub-10677_ses-01_task-sharedreward_run-2_part-mag_space-MNI152NLin6Asym_desc-preproc_bold.nii.gz	/ZPOOL/data/projects/rf1-sra-linux2/derivatives/fmriprep/sub-10677/ses-01/func/sub-10677_ses-01_task-sharedreward_run-2_part-mag_space-MNI152NLin6Asym_desc-brain_mask.nii.gz	2.7	2.7	2.97	255	1.615	3.21011	3.45259	3.49712	3.38422	0.974779	2.00298	16.3664	4.61448	Precompiled binary linux_ubuntu_24_64: Aug  4 2026 (Version AFNI_26.2.03 'Gordian III')
rf1	10685	01	1	pre_resample	/ZPOOL/data/projects/rf1-sra-linux2/derivatives/fmriprep/sub-10685/ses-01/func/sub-10685_ses-01_task-sharedreward_run-1_part-mag_space-MNI152NLin6Asym_desc-preproc_bold.nii.gz	/ZPOOL/data/projects/rf1-sra-linux2/derivatives/fmriprep/sub-10685/ses-01/func/sub-10685_ses-01_task-sharedreward_run-1_part-mag_space-MNI152NLin6Asym_desc-brain_mask.nii.gz	2.7	2.7	2.97	255	1.615	3.18029	3.53909	3.21822	3.3087	0.946058	1.91945	16.6154	4.48543	Precompiled binary linux_ubuntu_24_64: Aug  4 2026 (Version AFNI_26.2.03 'Gordian III')
rf1	10685	01	2	pre_resample	/ZPOOL/data/projects/rf1-sra-linux2/derivatives/fmriprep/sub-10685/ses-01/func/sub-10685_ses-01_task-sharedreward_run-2_part-mag_space-MNI152NLin6Asym_desc-preproc_bold.nii.gz	/ZPOOL/data/projects/rf1-sra-linux2/derivatives/fmriprep/sub-10685/ses-01/func/sub-10685_ses-01_task-sharedreward_run-2_part-mag_space-MNI152NLin6Asym_desc-brain_mask.nii.gz	2.7	2.7	2.97	255	1.615	3.26378	3.6298	3.21021	3.36289	0.940486	1.93802	17.4523	4.55913	Precompiled binary linux_ubuntu_24_64: Aug  4 2026 (Version AFNI_26.2.03 'Gordian III')
rf1	10690	01	1	pre_resample	/ZPOOL/data/projects/rf1-sra-linux2/derivatives/fmriprep/sub-10690/ses-01/func/sub-10690_ses-01_task-sharedreward_run-1_part-mag_space-MNI152NLin6Asym_desc-preproc_bold.nii.gz	/ZPOOL/data/projects/rf1-sra-linux2/derivatives/fmriprep/sub-10690/ses-01/func/sub-10690_ses-01_task-sharedreward_run-1_part-mag_space-MNI152NLin6Asym_desc-brain_mask.nii.gz	2.7	2.7	2.97	255	1.615	3.27465	3.55504	3.53291	3.45182	0.949268	2.01848	17.2283	4.75251	Precompiled binary linux_ubuntu_24_64: Aug  4 2026 (Version AFNI_26.2.03 'Gordian III')
rf1	10690	01	2	pre_resample	/ZPOOL/data/projects/rf1-sra-linux2/derivatives/fmriprep/sub-10690/ses-01/func/sub-10690_ses-01_task-sharedreward_run-2_part-mag_space-MNI152NLin6Asym_desc-preproc_bold.nii.gz	/ZPOOL/data/projects/rf1-sra-linux2/derivatives/fmriprep/sub-10690/ses-01/func/sub-10690_ses-01_task-sharedreward_run-2_part-mag_space-MNI152NLin6Asym_desc-brain_mask.nii.gz	2.7	2.7	2.97	255	1.615	3.30094	3.57928	3.57115	3.48134	0.942501	2.02655	17.4602	4.80195	Precompiled binary linux_ubuntu_24_64: Aug  4 2026 (Version AFNI_26.2.03 'Gordian III')
rf1	10691	01	1	pre_resample	/ZPOOL/data/projects/rf1-sra-linux2/derivatives/fmriprep/sub-10691/ses-01/func/sub-10691_ses-01_task-sharedreward_run-1_part-mag_space-MNI152NLin6Asym_desc-preproc_bold.nii.gz	/ZPOOL/data/projects/rf1-sra-linux2/derivatives/fmriprep/sub-10691/ses-01/func/sub-10691_ses-01_task-sharedreward_run-1_part-mag_space-MNI152NLin6Asym_desc-brain_mask.nii.gz	2.7	2.7	2.97	255	1.615	2.94893	3.3942	3.50433	3.27343	0.981828	1.96108	14.821	4.47203	Precompiled binary linux_ubuntu_24_64: Aug  4 2026 (Version AFNI_26.2.03 'Gordian III')
rf1	10691	01	2	pre_resample	/ZPOOL/data/projects/rf1-sra-linux2/derivatives/fmriprep/sub-10691/ses-01/func/sub-10691_ses-01_task-sharedreward_run-2_part-mag_space-MNI152NLin6Asym_desc-preproc_bold.nii.gz	/ZPOOL/data/projects/rf1-sra-linux2/derivatives/fmriprep/sub-10691/ses-01/func/sub-10691_ses-01_task-sharedreward_run-2_part-mag_space-MNI152NLin6Asym_desc-brain_mask.nii.gz	2.7	2.7	2.97	255	1.615	2.94842	3.37031	3.48161	3.25847	0.984169	1.95575	14.7153	4.4497	Precompiled binary linux_ubuntu_24_64: Aug  4 2026 (Version AFNI_26.2.03 'Gordian III')
rf1	10700	01	1	pre_resample	/ZPOOL/data/projects/rf1-sra-linux2/derivatives/fmriprep/sub-10700/ses-01/func/sub-10700_ses-01_task-sharedreward_run-1_part-mag_space-MNI152NLin6Asym_desc-preproc_bold.nii.gz	/ZPOOL/data/projects/rf1-sra-linux2/derivatives/fmriprep/sub-10700/ses-01/func/sub-10700_ses-01_task-sharedreward_run-1_part-mag_space-MNI152NLin6Asym_desc-brain_mask.nii.gz	2.7	2.7	2.97	255	1.615	2.95601	3.72151	3.44226	3.35807	0.978915	1.99375	16.2441	4.57409	Precompiled binary linux_ubuntu_24_64: Aug  4 2026 (Version AFNI_26.2.03 'Gordian III')
rf1	10700	01	2	pre_resample	/ZPOOL/data/projects/rf1-sra-linux2/derivatives/fmriprep/sub-10700/ses-01/func/sub-10700_ses-01_task-sharedreward_run-2_part-mag_space-MNI152NLin6Asym_desc-preproc_bold.nii.gz	/ZPOOL/data/projects/rf1-sra-linux2/derivatives/fmriprep/sub-10700/ses-01/func/sub-10700_ses-01_task-sharedreward_run-2_part-mag_space-MNI152NLin6Asym_desc-brain_mask.nii.gz	2.7	2.7	2.97	255	1.615	2.88605	3.64754	3.39363	3.29349	0.987461	1.9712	15.5958	4.48197	Precompiled binary linux_ubuntu_24_64: Aug  4 2026 (Version AFNI_26.2.03 'Gordian III')
rf1	10701	01	1	pre_resample	/ZPOOL/data/projects/rf1-sra-linux2/derivatives/fmriprep/sub-10701/ses-01/func/sub-10701_ses-01_task-sharedreward_run-1_part-mag_space-MNI152NLin6Asym_desc-preproc_bold.nii.gz	/ZPOOL/data/projects/rf1-sra-linux2/derivatives/fmriprep/sub-10701/ses-01/func/sub-10701_ses-01_task-sharedreward_run-1_part-mag_space-MNI152NLin6Asym_desc-brain_mask.nii.gz	2.7	2.7	2.97	255	1.615	2.65953	3.19631	2.88881	2.90664	0.986652	1.73702	12.6439	3.88697	Precompiled binary linux_ubuntu_24_64: Aug  4 2026 (Version AFNI_26.2.03 'Gordian III')
rf1	10701	01	2	pre_resample	/ZPOOL/data/projects/rf1-sra-linux2/derivatives/fmriprep/sub-10701/ses-01/func/sub-10701_ses-01_task-sharedreward_run-2_part-mag_space-MNI152NLin6Asym_desc-preproc_bold.nii.gz	/ZPOOL/data/projects/rf1-sra-linux2/derivatives/fmriprep/sub-10701/ses-01/func/sub-10701_ses-01_task-sharedreward_run-2_part-mag_space-MNI152NLin6Asym_desc-brain_mask.nii.gz	2.7	2.7	2.97	255	1.615	2.68961	3.20337	2.88633	2.91887	0.980797	1.73627	12.8017	3.90222	Precompiled binary linux_ubuntu_24_64: Aug  4 2026 (Version AFNI_26.2.03 'Gordian III')
rf1	10713	01	1	pre_resample	/ZPOOL/data/projects/rf1-sra-linux2/derivatives/fmriprep/sub-10713/ses-01/func/sub-10713_ses-01_task-sharedreward_run-1_part-mag_space-MNI152NLin6Asym_desc-preproc_bold.nii.gz	/ZPOOL/data/projects/rf1-sra-linux2/derivatives/fmriprep/sub-10713/ses-01/func/sub-10713_ses-01_task-sharedreward_run-1_part-mag_space-MNI152NLin6Asym_desc-brain_mask.nii.gz	2.7	2.7	2.97	255	1.615	3.34403	3.61247	3.40258	3.45113	0.950232	2.01164	17.8538	4.73128	Precompiled binary linux_ubuntu_24_64: Aug  4 2026 (Version AFNI_26.2.03 'Gordian III')
rf1	10713	01	2	pre_resample	/ZPOOL/data/projects/rf1-sra-linux2/derivatives/fmriprep/sub-10713/ses-01/func/sub-10713_ses-01_task-sharedreward_run-2_part-mag_space-MNI152NLin6Asym_desc-preproc_bold.nii.gz	/ZPOOL/data/projects/rf1-sra-linux2/derivatives/fmriprep/sub-10713/ses-01/func/sub-10713_ses-01_task-sharedreward_run-2_part-mag_space-MNI152NLin6Asym_desc-brain_mask.nii.gz	2.7	2.7	2.97	255	1.615	3.37957	3.61659	3.38644	3.45914	0.950165	2.01651	18.0646	4.7461	Precompiled binary linux_ubuntu_24_64: Aug  4 2026 (Version AFNI_26.2.03 'Gordian III')
rf1	10716	01	1	pre_resample	/ZPOOL/data/projects/rf1-sra-linux2/derivatives/fmriprep/sub-10716/ses-01/func/sub-10716_ses-01_task-sharedreward_run-1_part-mag_space-MNI152NLin6Asym_desc-preproc_bold.nii.gz	/ZPOOL/data/projects/rf1-sra-linux2/derivatives/fmriprep/sub-10716/ses-01/func/sub-10716_ses-01_task-sharedreward_run-1_part-mag_space-MNI152NLin6Asym_desc-brain_mask.nii.gz	2.7	2.7	2.97	255	1.615	2.95913	3.47912	3.2096	3.20894	0.948166	1.87205	15.2043	4.3468	Precompiled binary linux_ubuntu_24_64: Aug  4 2026 (Version AFNI_26.2.03 'Gordian III')
rf1	10716	01	2	pre_resample	/ZPOOL/data/projects/rf1-sra-linux2/derivatives/fmriprep/sub-10716/ses-01/func/sub-10716_ses-01_task-sharedreward_run-2_part-mag_space-MNI152NLin6Asym_desc-preproc_bold.nii.gz	/ZPOOL/data/projects/rf1-sra-linux2/derivatives/fmriprep/sub-10716/ses-01/func/sub-10716_ses-01_task-sharedreward_run-2_part-mag_space-MNI152NLin6Asym_desc-brain_mask.nii.gz	2.7	2.7	2.97	255	1.615	2.97097	3.4817	3.22635	3.21959	0.944517	1.87292	15.281	4.36175	Precompiled binary linux_ubuntu_24_64: Aug  4 2026 (Version AFNI_26.2.03 'Gordian III')
rf1	10718	01	1	pre_resample	/ZPOOL/data/projects/rf1-sra-linux2/derivatives/fmriprep/sub-10718/ses-01/func/sub-10718_ses-01_task-sharedreward_run-1_part-mag_space-MNI152NLin6Asym_desc-preproc_bold.nii.gz	/ZPOOL/data/projects/rf1-sra-linux2/derivatives/fmriprep/sub-10718/ses-01/func/sub-10718_ses-01_task-sharedreward_run-1_part-mag_space-MNI152NLin6Asym_desc-brain_mask.nii.gz	2.7	2.7	2.97	255	1.615	3.49102	3.69547	3.66926	3.61743	0.929824	2.07861	19.0315	5.01133	Precompiled binary linux_ubuntu_24_64: Aug  4 2026 (Version AFNI_26.2.03 'Gordian III')
rf1	10718	01	2	pre_resample	/ZPOOL/data/projects/rf1-sra-linux2/derivatives/fmriprep/sub-10718/ses-01/func/sub-10718_ses-01_task-sharedreward_run-2_part-mag_space-MNI152NLin6Asym_desc-preproc_bold.nii.gz	/ZPOOL/data/projects/rf1-sra-linux2/derivatives/fmriprep/sub-10718/ses-01/func/sub-10718_ses-01_task-sharedreward_run-2_part-mag_space-MNI152NLin6Asym_desc-brain_mask.nii.gz	2.7	2.7	2.97	255	1.615	3.46425	3.66393	3.62365	3.5829	0.932173	2.06564	18.7452	4.96191	Precompiled binary linux_ubuntu_24_64: Aug  4 2026 (Version AFNI_26.2.03 'Gordian III')
rf1	10720	01	1	pre_resample	/ZPOOL/data/projects/rf1-sra-linux2/derivatives/fmriprep/sub-10720/ses-01/func/sub-10720_ses-01_task-sharedreward_run-1_part-mag_space-MNI152NLin6Asym_desc-preproc_bold.nii.gz	/ZPOOL/data/projects/rf1-sra-linux2/derivatives/fmriprep/sub-10720/ses-01/func/sub-10720_ses-01_task-sharedreward_run-1_part-mag_space-MNI152NLin6Asym_desc-brain_mask.nii.gz	2.7	2.7	2.97	255	1.615	3.17928	3.5607	3.73858	3.4849	0.969752	2.06722	16.76	4.81737	Precompiled binary linux_ubuntu_24_64: Aug  4 2026 (Version AFNI_26.2.03 'Gordian III')
rf1	10720	01	2	pre_resample	/ZPOOL/data/projects/rf1-sra-linux2/derivatives/fmriprep/sub-10720/ses-01/func/sub-10720_ses-01_task-sharedreward_run-2_part-mag_space-MNI152NLin6Asym_desc-preproc_bold.nii.gz	/ZPOOL/data/projects/rf1-sra-linux2/derivatives/fmriprep/sub-10720/ses-01/func/sub-10720_ses-01_task-sharedreward_run-2_part-mag_space-MNI152NLin6Asym_desc-brain_mask.nii.gz	2.7	2.7	2.97	255	1.615	3.19749	3.58682	3.74067	3.50071	0.964374	2.06957	16.971	4.84438	Precompiled binary linux_ubuntu_24_64: Aug  4 2026 (Version AFNI_26.2.03 'Gordian III')
rf1	10723	01	1	pre_resample	/ZPOOL/data/projects/rf1-sra-linux2/derivatives/fmriprep/sub-10723/ses-01/func/sub-10723_ses-01_task-sharedreward_run-1_part-mag_space-MNI152NLin6Asym_desc-preproc_bold.nii.gz	/ZPOOL/data/projects/rf1-sra-linux2/derivatives/fmriprep/sub-10723/ses-01/func/sub-10723_ses-01_task-sharedreward_run-1_part-mag_space-MNI152NLin6Asym_desc-brain_mask.nii.gz	2.7	2.7	2.97	255	1.615	2.84042	3.11793	3.11395	3.02125	0.988416	1.81957	13.1328	4.08067	Precompiled binary linux_ubuntu_24_64: Aug  4 2026 (Version AFNI_26.2.03 'Gordian III')
rf1	10723	01	2	pre_resample	/ZPOOL/data/projects/rf1-sra-linux2/derivatives/fmriprep/sub-10723/ses-01/func/sub-10723_ses-01_task-sharedreward_run-2_part-mag_space-MNI152NLin6Asym_desc-preproc_bold.nii.gz	/ZPOOL/data/projects/rf1-sra-linux2/derivatives/fmriprep/sub-10723/ses-01/func/sub-10723_ses-01_task-sharedreward_run-2_part-mag_space-MNI152NLin6Asym_desc-brain_mask.nii.gz	2.7	2.7	2.97	255	1.615	2.85177	3.15829	3.26185	3.08562	0.983874	1.85555	13.3337	4.18494	Precompiled binary linux_ubuntu_24_64: Aug  4 2026 (Version AFNI_26.2.03 'Gordian III')
rf1	10741	01	1	pre_resample	/ZPOOL/data/projects/rf1-sra-linux2/derivatives/fmriprep/sub-10741/ses-01/func/sub-10741_ses-01_task-sharedreward_run-1_part-mag_space-MNI152NLin6Asym_desc-preproc_bold.nii.gz	/ZPOOL/data/projects/rf1-sra-linux2/derivatives/fmriprep/sub-10741/ses-01/func/sub-10741_ses-01_task-sharedreward_run-1_part-mag_space-MNI152NLin6Asym_desc-brain_mask.nii.gz	2.7	2.7	2.97	255	1.615	3.14718	3.44087	3.35136	3.31083	0.979521	1.9644	16.0253	4.49047	Precompiled binary linux_ubuntu_24_64: Aug  4 2026 (Version AFNI_26.2.03 'Gordian III')
rf1	10741	01	2	pre_resample	/ZPOOL/data/projects/rf1-sra-linux2/derivatives/fmriprep/sub-10741/ses-01/func/sub-10741_ses-01_task-sharedreward_run-2_part-mag_space-MNI152NLin6Asym_desc-preproc_bold.nii.gz	/ZPOOL/data/projects/rf1-sra-linux2/derivatives/fmriprep/sub-10741/ses-01/func/sub-10741_ses-01_task-sharedreward_run-2_part-mag_space-MNI152NLin6Asym_desc-brain_mask.nii.gz	2.7	2.7	2.97	255	1.615	3.09963	3.43745	3.28027	3.26953	0.975205	1.93246	15.7743	4.41783	Precompiled binary linux_ubuntu_24_64: Aug  4 2026 (Version AFNI_26.2.03 'Gordian III')
rf1	10748	01	1	pre_resample	/ZPOOL/data/projects/rf1-sra-linux2/derivatives/fmriprep/sub-10748/ses-01/func/sub-10748_ses-01_task-sharedreward_run-1_part-mag_space-MNI152NLin6Asym_desc-preproc_bold.nii.gz	/ZPOOL/data/projects/rf1-sra-linux2/derivatives/fmriprep/sub-10748/ses-01/func/sub-10748_ses-01_task-sharedreward_run-1_part-mag_space-MNI152NLin6Asym_desc-brain_mask.nii.gz	2.7	2.7	2.97	255	1.615	3.09112	3.47688	3.43072	3.32836	0.963435	1.96709	15.9207	4.55288	Precompiled binary linux_ubuntu_24_64: Aug  4 2026 (Version AFNI_26.2.03 'Gordian III')
rf1	10748	01	2	pre_resample	/ZPOOL/data/projects/rf1-sra-linux2/derivatives/fmriprep/sub-10748/ses-01/func/sub-10748_ses-01_task-sharedreward_run-2_part-mag_space-MNI152NLin6Asym_desc-preproc_bold.nii.gz	/ZPOOL/data/projects/rf1-sra-linux2/derivatives/fmriprep/sub-10748/ses-01/func/sub-10748_ses-01_task-sharedreward_run-2_part-mag_space-MNI152NLin6Asym_desc-brain_mask.nii.gz	2.7	2.7	2.97	255	1.615	3.11437	3.49241	3.4183	3.33761	0.955787	1.96236	16.0986	4.56701	Precompiled binary linux_ubuntu_24_64: Aug  4 2026 (Version AFNI_26.2.03 'Gordian III')
rf1	10767	01	1	pre_resample	/ZPOOL/data/projects/rf1-sra-linux2/derivatives/fmriprep/sub-10767/ses-01/func/sub-10767_ses-01_task-sharedreward_run-1_part-mag_space-MNI152NLin6Asym_desc-preproc_bold.nii.gz	/ZPOOL/data/projects/rf1-sra-linux2/derivatives/fmriprep/sub-10767/ses-01/func/sub-10767_ses-01_task-sharedreward_run-1_part-mag_space-MNI152NLin6Asym_desc-brain_mask.nii.gz	2.7	2.7	2.97	255	1.615	3.14029	3.4496	3.47108	3.35018	0.938643	1.95075	16.0106	4.59547	Precompiled binary linux_ubuntu_24_64: Aug  4 2026 (Version AFNI_26.2.03 'Gordian III')
rf1	10767	01	2	pre_resample	/ZPOOL/data/projects/rf1-sra-linux2/derivatives/fmriprep/sub-10767/ses-01/func/sub-10767_ses-01_task-sharedreward_run-2_part-mag_space-MNI152NLin6Asym_desc-preproc_bold.nii.gz	/ZPOOL/data/projects/rf1-sra-linux2/derivatives/fmriprep/sub-10767/ses-01/func/sub-10767_ses-01_task-sharedreward_run-2_part-mag_space-MNI152NLin6Asym_desc-brain_mask.nii.gz	2.7	2.7	2.97	255	1.615	3.13268	3.44401	3.51484	3.35966	0.93503	1.95419	15.9446	4.61774	Precompiled binary linux_ubuntu_24_64: Aug  4 2026 (Version AFNI_26.2.03 'Gordian III')
rf1	10770	01	1	pre_resample	/ZPOOL/data/projects/rf1-sra-linux2/derivatives/fmriprep/sub-10770/ses-01/func/sub-10770_ses-01_task-sharedreward_run-1_part-mag_space-MNI152NLin6Asym_desc-preproc_bold.nii.gz	/ZPOOL/data/projects/rf1-sra-linux2/derivatives/fmriprep/sub-10770/ses-01/func/sub-10770_ses-01_task-sharedreward_run-1_part-mag_space-MNI152NLin6Asym_desc-brain_mask.nii.gz	2.7	2.7	2.97	255	1.615	3.14326	3.13763	3.16239	3.14774	0.968477	1.8593	14.5818	4.24492	Precompiled binary linux_ubuntu_24_64: Aug  4 2026 (Version AFNI_26.2.03 'Gordian III')
rf1	10770	01	2	pre_resample	/ZPOOL/data/projects/rf1-sra-linux2/derivatives/fmriprep/sub-10770/ses-01/func/sub-10770_ses-01_task-sharedreward_run-2_part-mag_space-MNI152NLin6Asym_desc-preproc_bold.nii.gz	/ZPOOL/data/projects/rf1-sra-linux2/derivatives/fmriprep/sub-10770/ses-01/func/sub-10770_ses-01_task-sharedreward_run-2_part-mag_space-MNI152NLin6Asym_desc-brain_mask.nii.gz	2.7	2.7	2.97	255	1.615	3.23597	3.15254	3.1891	3.19236	0.966578	1.88132	15.1017	4.3094	Precompiled binary linux_ubuntu_24_64: Aug  4 2026 (Version AFNI_26.2.03 'Gordian III')
rf1	10777	01	1	pre_resample	/ZPOOL/data/projects/rf1-sra-linux2/derivatives/fmriprep/sub-10777/ses-01/func/sub-10777_ses-01_task-sharedreward_run-1_part-mag_space-MNI152NLin6Asym_desc-preproc_bold.nii.gz	/ZPOOL/data/projects/rf1-sra-linux2/derivatives/fmriprep/sub-10777/ses-01/func/sub-10777_ses-01_task-sharedreward_run-1_part-mag_space-MNI152NLin6Asym_desc-brain_mask.nii.gz	2.7	2.7	2.97	255	1.615	2.96956	3.23659	3.16081	3.12027	0.952453	1.82139	14.2221	4.19887	Precompiled binary linux_ubuntu_24_64: Aug  4 2026 (Version AFNI_26.2.03 'Gordian III')
rf1	10777	01	2	pre_resample	/ZPOOL/data/projects/rf1-sra-linux2/derivatives/fmriprep/sub-10777/ses-01/func/sub-10777_ses-01_task-sharedreward_run-2_part-mag_space-MNI152NLin6Asym_desc-preproc_bold.nii.gz	/ZPOOL/data/projects/rf1-sra-linux2/derivatives/fmriprep/sub-10777/ses-01/func/sub-10777_ses-01_task-sharedreward_run-2_part-mag_space-MNI152NLin6Asym_desc-brain_mask.nii.gz	2.7	2.7	2.97	255	1.615	3.00787	3.27631	3.21613	3.16465	0.94042	1.83109	14.5441	4.26409	Precompiled binary linux_ubuntu_24_64: Aug  4 2026 (Version AFNI_26.2.03 'Gordian III')
rf1	10781	01	1	pre_resample	/ZPOOL/data/projects/rf1-sra-linux2/derivatives/fmriprep/sub-10781/ses-01/func/sub-10781_ses-01_task-sharedreward_run-1_part-mag_space-MNI152NLin6Asym_desc-preproc_bold.nii.gz	/ZPOOL/data/projects/rf1-sra-linux2/derivatives/fmriprep/sub-10781/ses-01/func/sub-10781_ses-01_task-sharedreward_run-1_part-mag_space-MNI152NLin6Asym_desc-brain_mask.nii.gz	2.7	2.7	2.97	255	1.615	2.79075	3.18048	3.23647	3.06263	0.96408	1.81796	13.1672	4.15027	Precompiled binary linux_ubuntu_24_64: Aug  4 2026 (Version AFNI_26.2.03 'Gordian III')
rf1	10781	01	2	pre_resample	/ZPOOL/data/projects/rf1-sra-linux2/derivatives/fmriprep/sub-10781/ses-01/func/sub-10781_ses-01_task-sharedreward_run-2_part-mag_space-MNI152NLin6Asym_desc-preproc_bold.nii.gz	/ZPOOL/data/projects/rf1-sra-linux2/derivatives/fmriprep/sub-10781/ses-01/func/sub-10781_ses-01_task-sharedreward_run-2_part-mag_space-MNI152NLin6Asym_desc-brain_mask.nii.gz	2.7	2.7	2.97	255	1.615	2.80077	3.20398	3.18861	3.0586	0.952025	1.79571	13.2972	4.13273	Precompiled binary linux_ubuntu_24_64: Aug  4 2026 (Version AFNI_26.2.03 'Gordian III')
rf1	10783	01	1	pre_resample	/ZPOOL/data/projects/rf1-sra-linux2/derivatives/fmriprep/sub-10783/ses-01/func/sub-10783_ses-01_task-sharedreward_run-1_part-mag_space-MNI152NLin6Asym_desc-preproc_bold.nii.gz	/ZPOOL/data/projects/rf1-sra-linux2/derivatives/fmriprep/sub-10783/ses-01/func/sub-10783_ses-01_task-sharedreward_run-1_part-mag_space-MNI152NLin6Asym_desc-brain_mask.nii.gz	2.7	2.7	2.97	255	1.615	3.24519	3.52217	3.2908	3.35056	0.940588	1.95387	16.9433	4.6008	Precompiled binary linux_ubuntu_24_64: Aug  4 2026 (Version AFNI_26.2.03 'Gordian III')
rf1	10783	01	2	pre_resample	/ZPOOL/data/projects/rf1-sra-linux2/derivatives/fmriprep/sub-10783/ses-01/func/sub-10783_ses-01_task-sharedreward_run-2_part-mag_space-MNI152NLin6Asym_desc-preproc_bold.nii.gz	/ZPOOL/data/projects/rf1-sra-linux2/derivatives/fmriprep/sub-10783/ses-01/func/sub-10783_ses-01_task-sharedreward_run-2_part-mag_space-MNI152NLin6Asym_desc-brain_mask.nii.gz	2.7	2.7	2.97	255	1.615	3.32332	3.57589	3.36144	3.41844	0.92734	1.97644	17.5786	4.7162	Precompiled binary linux_ubuntu_24_64: Aug  4 2026 (Version AFNI_26.2.03 'Gordian III')
rf1	10785	01	1	pre_resample	/ZPOOL/data/projects/rf1-sra-linux2/derivatives/fmriprep/sub-10785/ses-01/func/sub-10785_ses-01_task-sharedreward_run-1_part-mag_space-MNI152NLin6Asym_desc-preproc_bold.nii.gz	/ZPOOL/data/projects/rf1-sra-linux2/derivatives/fmriprep/sub-10785/ses-01/func/sub-10785_ses-01_task-sharedreward_run-1_part-mag_space-MNI152NLin6Asym_desc-brain_mask.nii.gz	2.7	2.7	2.97	255	1.615	3.19321	3.52552	3.52175	3.40986	0.954486	1.99848	16.6448	4.67451	Precompiled binary linux_ubuntu_24_64: Aug  4 2026 (Version AFNI_26.2.03 'Gordian III')
rf1	10785	01	2	pre_resample	/ZPOOL/data/projects/rf1-sra-linux2/derivatives/fmriprep/sub-10785/ses-01/func/sub-10785_ses-01_task-sharedreward_run-2_part-mag_space-MNI152NLin6Asym_desc-preproc_bold.nii.gz	/ZPOOL/data/projects/rf1-sra-linux2/derivatives/fmriprep/sub-10785/ses-01/func/sub-10785_ses-01_task-sharedreward_run-2_part-mag_space-MNI152NLin6Asym_desc-brain_mask.nii.gz	2.7	2.7	2.97	255	1.615	3.19146	3.49804	3.45344	3.37823	0.958264	1.98072	16.5171	4.61057	Precompiled binary linux_ubuntu_24_64: Aug  4 2026 (Version AFNI_26.2.03 'Gordian III')
rf1	10794	01	1	pre_resample	/ZPOOL/data/projects/rf1-sra-linux2/derivatives/fmriprep/sub-10794/ses-01/func/sub-10794_ses-01_task-sharedreward_run-1_part-mag_space-MNI152NLin6Asym_desc-preproc_bold.nii.gz	/ZPOOL/data/projects/rf1-sra-linux2/derivatives/fmriprep/sub-10794/ses-01/func/sub-10794_ses-01_task-sharedreward_run-1_part-mag_space-MNI152NLin6Asym_desc-brain_mask.nii.gz	2.7	2.7	2.97	255	1.615	2.95991	3.22513	3.19301	3.12374	0.971049	1.85098	14.1454	4.21444	Precompiled binary linux_ubuntu_24_64: Aug  4 2026 (Version AFNI_26.2.03 'Gordian III')
rf1	10794	01	2	pre_resample	/ZPOOL/data/projects/rf1-sra-linux2/derivatives/fmriprep/sub-10794/ses-01/func/sub-10794_ses-01_task-sharedreward_run-2_part-mag_space-MNI152NLin6Asym_desc-preproc_bold.nii.gz	/ZPOOL/data/projects/rf1-sra-linux2/derivatives/fmriprep/sub-10794/ses-01/func/sub-10794_ses-01_task-sharedreward_run-2_part-mag_space-MNI152NLin6Asym_desc-brain_mask.nii.gz	2.7	2.7	2.97	255	1.615	2.91538	3.23893	3.22916	3.12413	0.968138	1.85021	13.9862	4.22133	Precompiled binary linux_ubuntu_24_64: Aug  4 2026 (Version AFNI_26.2.03 'Gordian III')
rf1	10800	01	1	pre_resample	/ZPOOL/data/projects/rf1-sra-linux2/derivatives/fmriprep/sub-10800/ses-01/func/sub-10800_ses-01_task-sharedreward_run-1_part-mag_space-MNI152NLin6Asym_desc-preproc_bold.nii.gz	/ZPOOL/data/projects/rf1-sra-linux2/derivatives/fmriprep/sub-10800/ses-01/func/sub-10800_ses-01_task-sharedreward_run-1_part-mag_space-MNI152NLin6Asym_desc-brain_mask.nii.gz	2.7	2.7	2.97	255	1.615	3.25126	3.66004	3.55968	3.48591	0.956142	2.05281	17.5812	4.82746	Precompiled binary linux_ubuntu_24_64: Aug  4 2026 (Version AFNI_26.2.03 'Gordian III')
rf1	10800	01	2	pre_resample	/ZPOOL/data/projects/rf1-sra-linux2/derivatives/fmriprep/sub-10800/ses-01/func/sub-10800_ses-01_task-sharedreward_run-2_part-mag_space-MNI152NLin6Asym_desc-preproc_bold.nii.gz	/ZPOOL/data/projects/rf1-sra-linux2/derivatives/fmriprep/sub-10800/ses-01/func/sub-10800_ses-01_task-sharedreward_run-2_part-mag_space-MNI152NLin6Asym_desc-brain_mask.nii.gz	2.7	2.7	2.97	255	1.615	3.36478	3.71809	3.48151	3.51843	0.944325	2.04472	18.4027	4.85124	Precompiled binary linux_ubuntu_24_64: Aug  4 2026 (Version AFNI_26.2.03 'Gordian III')
rf1	10801	01	1	pre_resample	/ZPOOL/data/projects/rf1-sra-linux2/derivatives/fmriprep/sub-10801/ses-01/func/sub-10801_ses-01_task-sharedreward_run-1_part-mag_space-MNI152NLin6Asym_desc-preproc_bold.nii.gz	/ZPOOL/data/projects/rf1-sra-linux2/derivatives/fmriprep/sub-10801/ses-01/func/sub-10801_ses-01_task-sharedreward_run-1_part-mag_space-MNI152NLin6Asym_desc-brain_mask.nii.gz	2.7	2.7	2.97	255	1.615	3.41217	3.68188	3.75132	3.61211	0.957001	2.11996	18.5879	5.02663	Precompiled binary linux_ubuntu_24_64: Aug  4 2026 (Version AFNI_26.2.03 'Gordian III')
rf1	10801	01	2	pre_resample	/ZPOOL/data/projects/rf1-sra-linux2/derivatives/fmriprep/sub-10801/ses-01/func/sub-10801_ses-01_task-sharedreward_run-2_part-mag_space-MNI152NLin6Asym_desc-preproc_bold.nii.gz	/ZPOOL/data/projects/rf1-sra-linux2/derivatives/fmriprep/sub-10801/ses-01/func/sub-10801_ses-01_task-sharedreward_run-2_part-mag_space-MNI152NLin6Asym_desc-brain_mask.nii.gz	2.7	2.7	2.97	255	1.615	3.42034	3.69321	3.79266	3.63194	0.949394	2.12343	18.6727	5.0673	Precompiled binary linux_ubuntu_24_64: Aug  4 2026 (Version AFNI_26.2.03 'Gordian III')
rf1	10802	01	1	pre_resample	/ZPOOL/data/projects/rf1-sra-linux2/derivatives/fmriprep/sub-10802/ses-01/func/sub-10802_ses-01_task-sharedreward_run-1_part-mag_space-MNI152NLin6Asym_desc-preproc_bold.nii.gz	/ZPOOL/data/projects/rf1-sra-linux2/derivatives/fmriprep/sub-10802/ses-01/func/sub-10802_ses-01_task-sharedreward_run-1_part-mag_space-MNI152NLin6Asym_desc-brain_mask.nii.gz	2.7	2.7	2.97	255	1.615	2.99502	3.50776	3.55212	3.34174	0.949962	1.95835	15.5427	4.57452	Precompiled binary linux_ubuntu_24_64: Aug  4 2026 (Version AFNI_26.2.03 'Gordian III')
rf1	10802	01	2	pre_resample	/ZPOOL/data/projects/rf1-sra-linux2/derivatives/fmriprep/sub-10802/ses-01/func/sub-10802_ses-01_task-sharedreward_run-2_part-mag_space-MNI152NLin6Asym_desc-preproc_bold.nii.gz	/ZPOOL/data/projects/rf1-sra-linux2/derivatives/fmriprep/sub-10802/ses-01/func/sub-10802_ses-01_task-sharedreward_run-2_part-mag_space-MNI152NLin6Asym_desc-brain_mask.nii.gz	2.7	2.7	2.97	255	1.615	2.94948	3.52417	3.62627	3.3529	0.939708	1.95315	15.353	4.59545	Precompiled binary linux_ubuntu_24_64: Aug  4 2026 (Version AFNI_26.2.03 'Gordian III')
rf1	10803	01	1	pre_resample	/ZPOOL/data/projects/rf1-sra-linux2/derivatives/fmriprep/sub-10803/ses-01/func/sub-10803_ses-01_task-sharedreward_run-1_part-mag_space-MNI152NLin6Asym_desc-preproc_bold.nii.gz	/ZPOOL/data/projects/rf1-sra-linux2/derivatives/fmriprep/sub-10803/ses-01/func/sub-10803_ses-01_task-sharedreward_run-1_part-mag_space-MNI152NLin6Asym_desc-brain_mask.nii.gz	2.7	2.7	2.97	255	1.615	3.15961	3.81567	3.312	3.41794	0.943787	1.97534	17.8037	4.65208	Precompiled binary linux_ubuntu_24_64: Aug  4 2026 (Version AFNI_26.2.03 'Gordian III')
rf1	10804	01	1	pre_resample	/ZPOOL/data/projects/rf1-sra-linux2/derivatives/fmriprep/sub-10804/ses-01/func/sub-10804_ses-01_task-sharedreward_run-1_part-mag_space-MNI152NLin6Asym_desc-preproc_bold.nii.gz	/ZPOOL/data/projects/rf1-sra-linux2/derivatives/fmriprep/sub-10804/ses-01/func/sub-10804_ses-01_task-sharedreward_run-1_part-mag_space-MNI152NLin6Asym_desc-brain_mask.nii.gz	2.7	2.7	2.97	255	1.615	3.13627	3.62408	3.42434	3.38893	0.932765	1.9612	16.7886	4.64937	Precompiled binary linux_ubuntu_24_64: Aug  4 2026 (Version AFNI_26.2.03 'Gordian III')
rf1	10804	01	2	pre_resample	/ZPOOL/data/projects/rf1-sra-linux2/derivatives/fmriprep/sub-10804/ses-01/func/sub-10804_ses-01_task-sharedreward_run-2_part-mag_space-MNI152NLin6Asym_desc-preproc_bold.nii.gz	/ZPOOL/data/projects/rf1-sra-linux2/derivatives/fmriprep/sub-10804/ses-01/func/sub-10804_ses-01_task-sharedreward_run-2_part-mag_space-MNI152NLin6Asym_desc-brain_mask.nii.gz	2.7	2.7	2.97	255	1.615	3.17491	3.6441	3.4745	3.42561	0.929176	1.97873	17.0438	4.71333	Precompiled binary linux_ubuntu_24_64: Aug  4 2026 (Version AFNI_26.2.03 'Gordian III')
rf1	10806	01	1	pre_resample	/ZPOOL/data/projects/rf1-sra-linux2/derivatives/fmriprep/sub-10806/ses-01/func/sub-10806_ses-01_task-sharedreward_run-1_part-mag_space-MNI152NLin6Asym_desc-preproc_bold.nii.gz	/ZPOOL/data/projects/rf1-sra-linux2/derivatives/fmriprep/sub-10806/ses-01/func/sub-10806_ses-01_task-sharedreward_run-1_part-mag_space-MNI152NLin6Asym_desc-brain_mask.nii.gz	2.7	2.7	2.97	255	1.615	3.17779	3.6624	3.29454	3.37206	0.9354	1.93634	17.0977	4.57186	Precompiled binary linux_ubuntu_24_64: Aug  4 2026 (Version AFNI_26.2.03 'Gordian III')
rf1	10806	01	2	pre_resample	/ZPOOL/data/projects/rf1-sra-linux2/derivatives/fmriprep/sub-10806/ses-01/func/sub-10806_ses-01_task-sharedreward_run-2_part-mag_space-MNI152NLin6Asym_desc-preproc_bold.nii.gz	/ZPOOL/data/projects/rf1-sra-linux2/derivatives/fmriprep/sub-10806/ses-01/func/sub-10806_ses-01_task-sharedreward_run-2_part-mag_space-MNI152NLin6Asym_desc-brain_mask.nii.gz	2.7	2.7	2.97	255	1.615	3.19578	3.62556	3.26267	3.35616	0.933554	1.92169	17.0011	4.53798	Precompiled binary linux_ubuntu_24_64: Aug  4 2026 (Version AFNI_26.2.03 'Gordian III')
rf1	10807	01	1	pre_resample	/ZPOOL/data/projects/rf1-sra-linux2/derivatives/fmriprep/sub-10807/ses-01/func/sub-10807_ses-01_task-sharedreward_run-1_part-mag_space-MNI152NLin6Asym_desc-preproc_bold.nii.gz	/ZPOOL/data/projects/rf1-sra-linux2/derivatives/fmriprep/sub-10807/ses-01/func/sub-10807_ses-01_task-sharedreward_run-1_part-mag_space-MNI152NLin6Asym_desc-brain_mask.nii.gz	2.7	2.7	2.97	255	1.615	3.15512	3.40806	3.21612	3.25801	0.94984	1.89115	15.88	4.39381	Precompiled binary linux_ubuntu_24_64: Aug  4 2026 (Version AFNI_26.2.03 'Gordian III')
rf1	10807	01	2	pre_resample	/ZPOOL/data/projects/rf1-sra-linux2/derivatives/fmriprep/sub-10807/ses-01/func/sub-10807_ses-01_task-sharedreward_run-2_part-mag_space-MNI152NLin6Asym_desc-preproc_bold.nii.gz	/ZPOOL/data/projects/rf1-sra-linux2/derivatives/fmriprep/sub-10807/ses-01/func/sub-10807_ses-01_task-sharedreward_run-2_part-mag_space-MNI152NLin6Asym_desc-brain_mask.nii.gz	2.7	2.7	2.97	255	1.615	3.01307	3.40638	3.30884	3.23837	0.947025	1.88124	15.138	4.3746	Precompiled binary linux_ubuntu_24_64: Aug  4 2026 (Version AFNI_26.2.03 'Gordian III')
rf1	10809	01	1	pre_resample	/ZPOOL/data/projects/rf1-sra-linux2/derivatives/fmriprep/sub-10809/ses-01/func/sub-10809_ses-01_task-sharedreward_run-1_part-mag_space-MNI152NLin6Asym_desc-preproc_bold.nii.gz	/ZPOOL/data/projects/rf1-sra-linux2/derivatives/fmriprep/sub-10809/ses-01/func/sub-10809_ses-01_task-sharedreward_run-1_part-mag_space-MNI152NLin6Asym_desc-brain_mask.nii.gz	2.7	2.7	2.97	255	1.615	3.10083	3.35374	3.18347	3.21097	0.950342	1.87684	15.3876	4.35264	Precompiled binary linux_ubuntu_24_64: Aug  4 2026 (Version AFNI_26.2.03 'Gordian III')
rf1	10809	01	2	pre_resample	/ZPOOL/data/projects/rf1-sra-linux2/derivatives/fmriprep/sub-10809/ses-01/func/sub-10809_ses-01_task-sharedreward_run-2_part-mag_space-MNI152NLin6Asym_desc-preproc_bold.nii.gz	/ZPOOL/data/projects/rf1-sra-linux2/derivatives/fmriprep/sub-10809/ses-01/func/sub-10809_ses-01_task-sharedreward_run-2_part-mag_space-MNI152NLin6Asym_desc-brain_mask.nii.gz	2.7	2.7	2.97	255	1.615	3.00878	3.32281	3.08622	3.13647	0.945214	1.82032	14.77	4.22173	Precompiled binary linux_ubuntu_24_64: Aug  4 2026 (Version AFNI_26.2.03 'Gordian III')
rf1	10810	01	1	pre_resample	/ZPOOL/data/projects/rf1-sra-linux2/derivatives/fmriprep/sub-10810/ses-01/func/sub-10810_ses-01_task-sharedreward_run-1_part-mag_space-MNI152NLin6Asym_desc-preproc_bold.nii.gz	/ZPOOL/data/projects/rf1-sra-linux2/derivatives/fmriprep/sub-10810/ses-01/func/sub-10810_ses-01_task-sharedreward_run-1_part-mag_space-MNI152NLin6Asym_desc-brain_mask.nii.gz	2.7	2.7	2.97	255	1.615	3.02172	3.62534	3.21805	3.27893	0.956729	1.92352	16.1813	4.45765	Precompiled binary linux_ubuntu_24_64: Aug  4 2026 (Version AFNI_26.2.03 'Gordian III')
rf1	10810	01	2	pre_resample	/ZPOOL/data/projects/rf1-sra-linux2/derivatives/fmriprep/sub-10810/ses-01/func/sub-10810_ses-01_task-sharedreward_run-2_part-mag_space-MNI152NLin6Asym_desc-preproc_bold.nii.gz	/ZPOOL/data/projects/rf1-sra-linux2/derivatives/fmriprep/sub-10810/ses-01/func/sub-10810_ses-01_task-sharedreward_run-2_part-mag_space-MNI152NLin6Asym_desc-brain_mask.nii.gz	2.7	2.7	2.97	255	1.615	3.05215	3.62877	3.38945	3.34835	0.957177	1.96837	16.355	4.57953	Precompiled binary linux_ubuntu_24_64: Aug  4 2026 (Version AFNI_26.2.03 'Gordian III')
rf1	10812	01	1	pre_resample	/ZPOOL/data/projects/rf1-sra-linux2/derivatives/fmriprep/sub-10812/ses-01/func/sub-10812_ses-01_task-sharedreward_run-1_part-mag_space-MNI152NLin6Asym_desc-preproc_bold.nii.gz	/ZPOOL/data/projects/rf1-sra-linux2/derivatives/fmriprep/sub-10812/ses-01/func/sub-10812_ses-01_task-sharedreward_run-1_part-mag_space-MNI152NLin6Asym_desc-brain_mask.nii.gz	2.7	2.7	2.97	255	1.615	3.42727	3.61836	3.56396	3.53561	0.951895	2.06989	18.2797	4.89577	Precompiled binary linux_ubuntu_24_64: Aug  4 2026 (Version AFNI_26.2.03 'Gordian III')
rf1	10812	01	2	pre_resample	/ZPOOL/data/projects/rf1-sra-linux2/derivatives/fmriprep/sub-10812/ses-01/func/sub-10812_ses-01_task-sharedreward_run-2_part-mag_space-MNI152NLin6Asym_desc-preproc_bold.nii.gz	/ZPOOL/data/projects/rf1-sra-linux2/derivatives/fmriprep/sub-10812/ses-01/func/sub-10812_ses-01_task-sharedreward_run-2_part-mag_space-MNI152NLin6Asym_desc-brain_mask.nii.gz	2.7	2.7	2.97	255	1.615	3.29688	3.5564	3.51113	3.45292	0.959864	2.03358	17.3012	4.75708	Precompiled binary linux_ubuntu_24_64: Aug  4 2026 (Version AFNI_26.2.03 'Gordian III')
rf1	10817	01	1	pre_resample	/ZPOOL/data/projects/rf1-sra-linux2/derivatives/fmriprep/sub-10817/ses-01/func/sub-10817_ses-01_task-sharedreward_run-1_part-mag_space-MNI152NLin6Asym_desc-preproc_bold.nii.gz	/ZPOOL/data/projects/rf1-sra-linux2/derivatives/fmriprep/sub-10817/ses-01/func/sub-10817_ses-01_task-sharedreward_run-1_part-mag_space-MNI152NLin6Asym_desc-brain_mask.nii.gz	2.7	2.7	2.97	255	1.615	3.30869	3.87122	3.57612	3.57799	0.923746	2.04525	18.8265	4.93539	Precompiled binary linux_ubuntu_24_64: Aug  4 2026 (Version AFNI_26.2.03 'Gordian III')
rf1	10817	01	2	pre_resample	/ZPOOL/data/projects/rf1-sra-linux2/derivatives/fmriprep/sub-10817/ses-01/func/sub-10817_ses-01_task-sharedreward_run-2_part-mag_space-MNI152NLin6Asym_desc-preproc_bold.nii.gz	/ZPOOL/data/projects/rf1-sra-linux2/derivatives/fmriprep/sub-10817/ses-01/func/sub-10817_ses-01_task-sharedreward_run-2_part-mag_space-MNI152NLin6Asym_desc-brain_mask.nii.gz	2.7	2.7	2.97	255	1.615	3.42906	3.95317	3.77871	3.71382	0.909595	2.10792	19.8279	5.18831	Precompiled binary linux_ubuntu_24_64: Aug  4 2026 (Version AFNI_26.2.03 'Gordian III')
rf1	10827	01	1	pre_resample	/ZPOOL/data/projects/rf1-sra-linux2/derivatives/fmriprep/sub-10827/ses-01/func/sub-10827_ses-01_task-sharedreward_run-1_part-mag_space-MNI152NLin6Asym_desc-preproc_bold.nii.gz	/ZPOOL/data/projects/rf1-sra-linux2/derivatives/fmriprep/sub-10827/ses-01/func/sub-10827_ses-01_task-sharedreward_run-1_part-mag_space-MNI152NLin6Asym_desc-brain_mask.nii.gz	2.7	2.7	2.97	255	1.615	3.30755	3.43977	3.29029	3.34521	0.939974	1.93644	16.7882	4.55426	Precompiled binary linux_ubuntu_24_64: Aug  4 2026 (Version AFNI_26.2.03 'Gordian III')
rf1	10827	01	2	pre_resample	/ZPOOL/data/projects/rf1-sra-linux2/derivatives/fmriprep/sub-10827/ses-01/func/sub-10827_ses-01_task-sharedreward_run-2_part-mag_space-MNI152NLin6Asym_desc-preproc_bold.nii.gz	/ZPOOL/data/projects/rf1-sra-linux2/derivatives/fmriprep/sub-10827/ses-01/func/sub-10827_ses-01_task-sharedreward_run-2_part-mag_space-MNI152NLin6Asym_desc-brain_mask.nii.gz	2.7	2.7	2.97	255	1.615	3.34546	3.50353	3.32265	3.3896	0.926529	1.94411	17.2817	4.62704	Precompiled binary linux_ubuntu_24_64: Aug  4 2026 (Version AFNI_26.2.03 'Gordian III')
rf1	10831	01	1	pre_resample	/ZPOOL/data/projects/rf1-sra-linux2/derivatives/fmriprep/sub-10831/ses-01/func/sub-10831_ses-01_task-sharedreward_run-1_part-mag_space-MNI152NLin6Asym_desc-preproc_bold.nii.gz	/ZPOOL/data/projects/rf1-sra-linux2/derivatives/fmriprep/sub-10831/ses-01/func/sub-10831_ses-01_task-sharedreward_run-1_part-mag_space-MNI152NLin6Asym_desc-brain_mask.nii.gz	2.7	2.7	2.97	255	1.615	3.31672	3.48759	3.5535	3.45115	0.935804	1.99444	17.0592	4.73324	Precompiled binary linux_ubuntu_24_64: Aug  4 2026 (Version AFNI_26.2.03 'Gordian III')
rf1	10831	01	2	pre_resample	/ZPOOL/data/projects/rf1-sra-linux2/derivatives/fmriprep/sub-10831/ses-01/func/sub-10831_ses-01_task-sharedreward_run-2_part-mag_space-MNI152NLin6Asym_desc-preproc_bold.nii.gz	/ZPOOL/data/projects/rf1-sra-linux2/derivatives/fmriprep/sub-10831/ses-01/func/sub-10831_ses-01_task-sharedreward_run-2_part-mag_space-MNI152NLin6Asym_desc-brain_mask.nii.gz	2.7	2.7	2.97	255	1.615	3.35358	3.47795	3.42022	3.41687	0.933884	1.96722	17.1904	4.66382	Precompiled binary linux_ubuntu_24_64: Aug  4 2026 (Version AFNI_26.2.03 'Gordian III')
rf1	10834	01	1	pre_resample	/ZPOOL/data/projects/rf1-sra-linux2/derivatives/fmriprep/sub-10834/ses-01/func/sub-10834_ses-01_task-sharedreward_run-1_part-mag_space-MNI152NLin6Asym_desc-preproc_bold.nii.gz	/ZPOOL/data/projects/rf1-sra-linux2/derivatives/fmriprep/sub-10834/ses-01/func/sub-10834_ses-01_task-sharedreward_run-1_part-mag_space-MNI152NLin6Asym_desc-brain_mask.nii.gz	2.7	2.7	2.97	255	1.615	2.78957	3.19421	3.26981	3.0771	0.940984	1.79183	13.2084	4.15741	Precompiled binary linux_ubuntu_24_64: Aug  4 2026 (Version AFNI_26.2.03 'Gordian III')
rf1	10834	01	2	pre_resample	/ZPOOL/data/projects/rf1-sra-linux2/derivatives/fmriprep/sub-10834/ses-01/func/sub-10834_ses-01_task-sharedreward_run-2_part-mag_space-MNI152NLin6Asym_desc-preproc_bold.nii.gz	/ZPOOL/data/projects/rf1-sra-linux2/derivatives/fmriprep/sub-10834/ses-01/func/sub-10834_ses-01_task-sharedreward_run-2_part-mag_space-MNI152NLin6Asym_desc-brain_mask.nii.gz	2.7	2.7	2.97	255	1.615	2.78832	3.18275	3.25719	3.06899	0.939046	1.78441	13.1537	4.14493	Precompiled binary linux_ubuntu_24_64: Aug  4 2026 (Version AFNI_26.2.03 'Gordian III')
rf1	10838	01	1	pre_resample	/ZPOOL/data/projects/rf1-sra-linux2/derivatives/fmriprep/sub-10838/ses-01/func/sub-10838_ses-01_task-sharedreward_run-1_part-mag_space-MNI152NLin6Asym_desc-preproc_bold.nii.gz	/ZPOOL/data/projects/rf1-sra-linux2/derivatives/fmriprep/sub-10838/ses-01/func/sub-10838_ses-01_task-sharedreward_run-1_part-mag_space-MNI152NLin6Asym_desc-brain_mask.nii.gz	2.7	2.7	2.97	255	1.615	3.11816	3.70327	3.30409	3.3665	0.942	1.94324	17.0106	4.56647	Precompiled binary linux_ubuntu_24_64: Aug  4 2026 (Version AFNI_26.2.03 'Gordian III')
rf1	10838	01	2	pre_resample	/ZPOOL/data/projects/rf1-sra-linux2/derivatives/fmriprep/sub-10838/ses-01/func/sub-10838_ses-01_task-sharedreward_run-2_part-mag_space-MNI152NLin6Asym_desc-preproc_bold.nii.gz	/ZPOOL/data/projects/rf1-sra-linux2/derivatives/fmriprep/sub-10838/ses-01/func/sub-10838_ses-01_task-sharedreward_run-2_part-mag_space-MNI152NLin6Asym_desc-brain_mask.nii.gz	2.7	2.7	2.97	255	1.615	3.32341	3.84146	3.47647	3.54057	0.907707	2.00293	18.6436	4.87475	Precompiled binary linux_ubuntu_24_64: Aug  4 2026 (Version AFNI_26.2.03 'Gordian III')
rf1	10843	01	1	pre_resample	/ZPOOL/data/projects/rf1-sra-linux2/derivatives/fmriprep/sub-10843/ses-01/func/sub-10843_ses-01_task-sharedreward_run-1_part-mag_space-MNI152NLin6Asym_desc-preproc_bold.nii.gz	/ZPOOL/data/projects/rf1-sra-linux2/derivatives/fmriprep/sub-10843/ses-01/func/sub-10843_ses-01_task-sharedreward_run-1_part-mag_space-MNI152NLin6Asym_desc-brain_mask.nii.gz	2.7	2.7	2.97	255	1.615	3.35484	3.60064	3.46777	3.47297	0.966275	2.04835	17.8749	4.7775	Precompiled binary linux_ubuntu_24_64: Aug  4 2026 (Version AFNI_26.2.03 'Gordian III')
rf1	10843	01	2	pre_resample	/ZPOOL/data/projects/rf1-sra-linux2/derivatives/fmriprep/sub-10843/ses-01/func/sub-10843_ses-01_task-sharedreward_run-2_part-mag_space-MNI152NLin6Asym_desc-preproc_bold.nii.gz	/ZPOOL/data/projects/rf1-sra-linux2/derivatives/fmriprep/sub-10843/ses-01/func/sub-10843_ses-01_task-sharedreward_run-2_part-mag_space-MNI152NLin6Asym_desc-brain_mask.nii.gz	2.7	2.7	2.97	255	1.615	3.37319	3.61646	3.51658	3.50065	0.95891	2.05481	18.0498	4.82416	Precompiled binary linux_ubuntu_24_64: Aug  4 2026 (Version AFNI_26.2.03 'Gordian III')
rf1	10850	01	1	pre_resample	/ZPOOL/data/projects/rf1-sra-linux2/derivatives/fmriprep/sub-10850/ses-01/func/sub-10850_ses-01_task-sharedreward_run-1_part-mag_space-MNI152NLin6Asym_desc-preproc_bold.nii.gz	/ZPOOL/data/projects/rf1-sra-linux2/derivatives/fmriprep/sub-10850/ses-01/func/sub-10850_ses-01_task-sharedreward_run-1_part-mag_space-MNI152NLin6Asym_desc-brain_mask.nii.gz	2.7	2.7	2.97	255	1.615	2.8657	3.31777	3.36765	3.17542	0.939024	1.84784	14.0702	4.30968	Precompiled binary linux_ubuntu_24_64: Aug  4 2026 (Version AFNI_26.2.03 'Gordian III')
rf1	10850	01	2	pre_resample	/ZPOOL/data/projects/rf1-sra-linux2/derivatives/fmriprep/sub-10850/ses-01/func/sub-10850_ses-01_task-sharedreward_run-2_part-mag_space-MNI152NLin6Asym_desc-preproc_bold.nii.gz	/ZPOOL/data/projects/rf1-sra-linux2/derivatives/fmriprep/sub-10850/ses-01/func/sub-10850_ses-01_task-sharedreward_run-2_part-mag_space-MNI152NLin6Asym_desc-brain_mask.nii.gz	2.7	2.7	2.97	255	1.615	2.91317	3.3634	3.4234	3.22503	0.932994	1.86731	14.4611	4.38257	Precompiled binary linux_ubuntu_24_64: Aug  4 2026 (Version AFNI_26.2.03 'Gordian III')
rf1	10854	01	1	pre_resample	/ZPOOL/data/projects/rf1-sra-linux2/derivatives/fmriprep/sub-10854/ses-01/func/sub-10854_ses-01_task-sharedreward_run-1_part-mag_space-MNI152NLin6Asym_desc-preproc_bold.nii.gz	/ZPOOL/data/projects/rf1-sra-linux2/derivatives/fmriprep/sub-10854/ses-01/func/sub-10854_ses-01_task-sharedreward_run-1_part-mag_space-MNI152NLin6Asym_desc-brain_mask.nii.gz	2.7	2.7	2.97	255	1.615	3.28198	3.42979	3.47685	3.39518	0.962458	2.00787	16.6929	4.67258	Precompiled binary linux_ubuntu_24_64: Aug  4 2026 (Version AFNI_26.2.03 'Gordian III')
rf1	10854	01	2	pre_resample	/ZPOOL/data/projects/rf1-sra-linux2/derivatives/fmriprep/sub-10854/ses-01/func/sub-10854_ses-01_task-sharedreward_run-2_part-mag_space-MNI152NLin6Asym_desc-preproc_bold.nii.gz	/ZPOOL/data/projects/rf1-sra-linux2/derivatives/fmriprep/sub-10854/ses-01/func/sub-10854_ses-01_task-sharedreward_run-2_part-mag_space-MNI152NLin6Asym_desc-brain_mask.nii.gz	2.7	2.7	2.97	255	1.615	3.26122	3.45895	3.41772	3.37821	0.962931	1.99698	16.7304	4.64017	Precompiled binary linux_ubuntu_24_64: Aug  4 2026 (Version AFNI_26.2.03 'Gordian III')
rf1	10857	01	1	pre_resample	/ZPOOL/data/projects/rf1-sra-linux2/derivatives/fmriprep/sub-10857/ses-01/func/sub-10857_ses-01_task-sharedreward_run-1_part-mag_space-MNI152NLin6Asym_desc-preproc_bold.nii.gz	/ZPOOL/data/projects/rf1-sra-linux2/derivatives/fmriprep/sub-10857/ses-01/func/sub-10857_ses-01_task-sharedreward_run-1_part-mag_space-MNI152NLin6Asym_desc-brain_mask.nii.gz	2.7	2.7	2.97	255	1.615	3.11773	3.32884	3.22006	3.22106	0.940058	1.87161	15.2979	4.37362	Precompiled binary linux_ubuntu_24_64: Aug  4 2026 (Version AFNI_26.2.03 'Gordian III')
rf1	10857	01	2	pre_resample	/ZPOOL/data/projects/rf1-sra-linux2/derivatives/fmriprep/sub-10857/ses-01/func/sub-10857_ses-01_task-sharedreward_run-2_part-mag_space-MNI152NLin6Asym_desc-preproc_bold.nii.gz	/ZPOOL/data/projects/rf1-sra-linux2/derivatives/fmriprep/sub-10857/ses-01/func/sub-10857_ses-01_task-sharedreward_run-2_part-mag_space-MNI152NLin6Asym_desc-brain_mask.nii.gz	2.7	2.7	2.97	255	1.615	3.08546	3.27884	3.1947	3.18534	0.940455	1.85162	14.9045	4.31838	Precompiled binary linux_ubuntu_24_64: Aug  4 2026 (Version AFNI_26.2.03 'Gordian III')
rf1	10858	01	1	pre_resample	/ZPOOL/data/projects/rf1-sra-linux2/derivatives/fmriprep/sub-10858/ses-01/func/sub-10858_ses-01_task-sharedreward_run-1_part-mag_space-MNI152NLin6Asym_desc-preproc_bold.nii.gz	/ZPOOL/data/projects/rf1-sra-linux2/derivatives/fmriprep/sub-10858/ses-01/func/sub-10858_ses-01_task-sharedreward_run-1_part-mag_space-MNI152NLin6Asym_desc-brain_mask.nii.gz	2.7	2.7	2.97	255	1.615	3.1329	3.25687	3.17	3.18617	0.972312	1.88424	15.0849	4.29824	Precompiled binary linux_ubuntu_24_64: Aug  4 2026 (Version AFNI_26.2.03 'Gordian III')
rf1	10858	01	2	pre_resample	/ZPOOL/data/projects/rf1-sra-linux2/derivatives/fmriprep/sub-10858/ses-01/func/sub-10858_ses-01_task-sharedreward_run-2_part-mag_space-MNI152NLin6Asym_desc-preproc_bold.nii.gz	/ZPOOL/data/projects/rf1-sra-linux2/derivatives/fmriprep/sub-10858/ses-01/func/sub-10858_ses-01_task-sharedreward_run-2_part-mag_space-MNI152NLin6Asym_desc-brain_mask.nii.gz	2.7	2.7	2.97	255	1.615	3.02807	3.20668	3.05499	3.0956	0.969464	1.82709	14.3731	4.15939	Precompiled binary linux_ubuntu_24_64: Aug  4 2026 (Version AFNI_26.2.03 'Gordian III')
rf1	10860	01	1	pre_resample	/ZPOOL/data/projects/rf1-sra-linux2/derivatives/fmriprep/sub-10860/ses-01/func/sub-10860_ses-01_task-sharedreward_run-1_part-mag_space-MNI152NLin6Asym_desc-preproc_bold.nii.gz	/ZPOOL/data/projects/rf1-sra-linux2/derivatives/fmriprep/sub-10860/ses-01/func/sub-10860_ses-01_task-sharedreward_run-1_part-mag_space-MNI152NLin6Asym_desc-brain_mask.nii.gz	2.7	2.7	2.97	255	1.615	2.76383	3.19128	3.15925	3.0317	0.959119	1.78709	13.0929	4.08887	Precompiled binary linux_ubuntu_24_64: Aug  4 2026 (Version AFNI_26.2.03 'Gordian III')
rf1	10860	01	2	pre_resample	/ZPOOL/data/projects/rf1-sra-linux2/derivatives/fmriprep/sub-10860/ses-01/func/sub-10860_ses-01_task-sharedreward_run-2_part-mag_space-MNI152NLin6Asym_desc-preproc_bold.nii.gz	/ZPOOL/data/projects/rf1-sra-linux2/derivatives/fmriprep/sub-10860/ses-01/func/sub-10860_ses-01_task-sharedreward_run-2_part-mag_space-MNI152NLin6Asym_desc-brain_mask.nii.gz	2.7	2.7	2.97	255	1.615	2.83142	3.23396	3.08766	3.04642	0.948244	1.77019	13.5262	4.0828	Precompiled binary linux_ubuntu_24_64: Aug  4 2026 (Version AFNI_26.2.03 'Gordian III')
rf1	10862	01	1	pre_resample	/ZPOOL/data/projects/rf1-sra-linux2/derivatives/fmriprep/sub-10862/ses-01/func/sub-10862_ses-01_task-sharedreward_run-1_part-mag_space-MNI152NLin6Asym_desc-preproc_bold.nii.gz	/ZPOOL/data/projects/rf1-sra-linux2/derivatives/fmriprep/sub-10862/ses-01/func/sub-10862_ses-01_task-sharedreward_run-1_part-mag_space-MNI152NLin6Asym_desc-brain_mask.nii.gz	2.7	2.7	2.97	255	1.615	3.10132	3.41717	3.23769	3.2495	0.96665	1.91205	15.7026	4.39173	Precompiled binary linux_ubuntu_24_64: Aug  4 2026 (Version AFNI_26.2.03 'Gordian III')
rf1	10862	01	2	pre_resample	/ZPOOL/data/projects/rf1-sra-linux2/derivatives/fmriprep/sub-10862/ses-01/func/sub-10862_ses-01_task-sharedreward_run-2_part-mag_space-MNI152NLin6Asym_desc-preproc_bold.nii.gz	/ZPOOL/data/projects/rf1-sra-linux2/derivatives/fmriprep/sub-10862/ses-01/func/sub-10862_ses-01_task-sharedreward_run-2_part-mag_space-MNI152NLin6Asym_desc-brain_mask.nii.gz	2.7	2.7	2.97	255	1.615	3.18266	3.47278	3.3287	3.32594	0.959868	1.94844	16.3687	4.51508	Precompiled binary linux_ubuntu_24_64: Aug  4 2026 (Version AFNI_26.2.03 'Gordian III')
rf1	10863	01	1	pre_resample	/ZPOOL/data/projects/rf1-sra-linux2/derivatives/fmriprep/sub-10863/ses-01/func/sub-10863_ses-01_task-sharedreward_run-1_part-mag_space-MNI152NLin6Asym_desc-preproc_bold.nii.gz	/ZPOOL/data/projects/rf1-sra-linux2/derivatives/fmriprep/sub-10863/ses-01/func/sub-10863_ses-01_task-sharedreward_run-1_part-mag_space-MNI152NLin6Asym_desc-brain_mask.nii.gz	2.7	2.7	2.97	255	1.615	3.05079	3.34415	3.42752	3.27009	0.935084	1.90152	15.1033	4.46951	Precompiled binary linux_ubuntu_24_64: Aug  4 2026 (Version AFNI_26.2.03 'Gordian III')
rf1	10863	01	2	pre_resample	/ZPOOL/data/projects/rf1-sra-linux2/derivatives/fmriprep/sub-10863/ses-01/func/sub-10863_ses-01_task-sharedreward_run-2_part-mag_space-MNI152NLin6Asym_desc-preproc_bold.nii.gz	/ZPOOL/data/projects/rf1-sra-linux2/derivatives/fmriprep/sub-10863/ses-01/func/sub-10863_ses-01_task-sharedreward_run-2_part-mag_space-MNI152NLin6Asym_desc-brain_mask.nii.gz	2.7	2.7	2.97	255	1.615	3.18005	3.37503	3.43319	3.32764	0.93179	1.92704	15.8628	4.55404	Precompiled binary linux_ubuntu_24_64: Aug  4 2026 (Version AFNI_26.2.03 'Gordian III')
rf1	10866	01	1	pre_resample	/ZPOOL/data/projects/rf1-sra-linux2/derivatives/fmriprep/sub-10866/ses-01/func/sub-10866_ses-01_task-sharedreward_run-1_part-mag_space-MNI152NLin6Asym_desc-preproc_bold.nii.gz	/ZPOOL/data/projects/rf1-sra-linux2/derivatives/fmriprep/sub-10866/ses-01/func/sub-10866_ses-01_task-sharedreward_run-1_part-mag_space-MNI152NLin6Asym_desc-brain_mask.nii.gz	2.7	2.7	2.97	255	1.615	3.10757	3.37061	3.23611	3.23631	0.947961	1.89251	15.5086	4.40262	Precompiled binary linux_ubuntu_24_64: Aug  4 2026 (Version AFNI_26.2.03 'Gordian III')
rf1	10866	01	2	pre_resample	/ZPOOL/data/projects/rf1-sra-linux2/derivatives/fmriprep/sub-10866/ses-01/func/sub-10866_ses-01_task-sharedreward_run-2_part-mag_space-MNI152NLin6Asym_desc-preproc_bold.nii.gz	/ZPOOL/data/projects/rf1-sra-linux2/derivatives/fmriprep/sub-10866/ses-01/func/sub-10866_ses-01_task-sharedreward_run-2_part-mag_space-MNI152NLin6Asym_desc-brain_mask.nii.gz	2.7	2.7	2.97	255	1.615	3.11885	3.37266	3.19705	3.22779	0.94593	1.88483	15.5821	4.38945	Precompiled binary linux_ubuntu_24_64: Aug  4 2026 (Version AFNI_26.2.03 'Gordian III')
rf1	10875	01	1	pre_resample	/ZPOOL/data/projects/rf1-sra-linux2/derivatives/fmriprep/sub-10875/ses-01/func/sub-10875_ses-01_task-sharedreward_run-1_part-mag_space-MNI152NLin6Asym_desc-preproc_bold.nii.gz	/ZPOOL/data/projects/rf1-sra-linux2/derivatives/fmriprep/sub-10875/ses-01/func/sub-10875_ses-01_task-sharedreward_run-1_part-mag_space-MNI152NLin6Asym_desc-brain_mask.nii.gz	2.7	2.7	2.97	255	1.615	3.10754	3.36031	3.45735	3.30506	0.954872	1.93579	15.4238	4.4951	Precompiled binary linux_ubuntu_24_64: Aug  4 2026 (Version AFNI_26.2.03 'Gordian III')
rf1	10875	01	2	pre_resample	/ZPOOL/data/projects/rf1-sra-linux2/derivatives/fmriprep/sub-10875/ses-01/func/sub-10875_ses-01_task-sharedreward_run-2_part-mag_space-MNI152NLin6Asym_desc-preproc_bold.nii.gz	/ZPOOL/data/projects/rf1-sra-linux2/derivatives/fmriprep/sub-10875/ses-01/func/sub-10875_ses-01_task-sharedreward_run-2_part-mag_space-MNI152NLin6Asym_desc-brain_mask.nii.gz	2.7	2.7	2.97	255	1.615	3.06295	3.27252	3.23293	3.18816	0.956986	1.86201	14.8157	4.28993	Precompiled binary linux_ubuntu_24_64: Aug  4 2026 (Version AFNI_26.2.03 'Gordian III')
rf1	10881	01	1	pre_resample	/ZPOOL/data/projects/rf1-sra-linux2/derivatives/fmriprep/sub-10881/ses-01/func/sub-10881_ses-01_task-sharedreward_run-1_part-mag_space-MNI152NLin6Asym_desc-preproc_bold.nii.gz	/ZPOOL/data/projects/rf1-sra-linux2/derivatives/fmriprep/sub-10881/ses-01/func/sub-10881_ses-01_task-sharedreward_run-1_part-mag_space-MNI152NLin6Asym_desc-brain_mask.nii.gz	2.7	2.7	2.97	255	1.615	3.62016	3.5198	3.42785	3.52173	0.944838	2.05654	18.8293	4.88535	Precompiled binary linux_ubuntu_24_64: Aug  4 2026 (Version AFNI_26.2.03 'Gordian III')
rf1	10886	01	1	pre_resample	/ZPOOL/data/projects/rf1-sra-linux2/derivatives/fmriprep/sub-10886/ses-01/func/sub-10886_ses-01_task-sharedreward_run-1_part-mag_space-MNI152NLin6Asym_desc-preproc_bold.nii.gz	/ZPOOL/data/projects/rf1-sra-linux2/derivatives/fmriprep/sub-10886/ses-01/func/sub-10886_ses-01_task-sharedreward_run-1_part-mag_space-MNI152NLin6Asym_desc-brain_mask.nii.gz	2.7	2.7	2.97	255	1.615	3.27673	3.47474	2.92061	3.21572	0.938959	1.84007	16.8039	4.30076	Precompiled binary linux_ubuntu_24_64: Aug  4 2026 (Version AFNI_26.2.03 'Gordian III')
rf1	10887	01	1	pre_resample	/ZPOOL/data/projects/rf1-sra-linux2/derivatives/fmriprep/sub-10887/ses-01/func/sub-10887_ses-01_task-sharedreward_run-1_part-mag_space-MNI152NLin6Asym_desc-preproc_bold.nii.gz	/ZPOOL/data/projects/rf1-sra-linux2/derivatives/fmriprep/sub-10887/ses-01/func/sub-10887_ses-01_task-sharedreward_run-1_part-mag_space-MNI152NLin6Asym_desc-brain_mask.nii.gz	2.7	2.7	2.97	255	1.615	3.2018	3.56421	3.55424	3.43585	0.920409	1.96025	16.6848	4.69229	Precompiled binary linux_ubuntu_24_64: Aug  4 2026 (Version AFNI_26.2.03 'Gordian III')
rf1	10887	01	2	pre_resample	/ZPOOL/data/projects/rf1-sra-linux2/derivatives/fmriprep/sub-10887/ses-01/func/sub-10887_ses-01_task-sharedreward_run-2_part-mag_space-MNI152NLin6Asym_desc-preproc_bold.nii.gz	/ZPOOL/data/projects/rf1-sra-linux2/derivatives/fmriprep/sub-10887/ses-01/func/sub-10887_ses-01_task-sharedreward_run-2_part-mag_space-MNI152NLin6Asym_desc-brain_mask.nii.gz	2.7	2.7	2.97	255	1.615	3.35076	3.62355	3.45517	3.47469	0.908711	1.95895	17.7558	4.73933	Precompiled binary linux_ubuntu_24_64: Aug  4 2026 (Version AFNI_26.2.03 'Gordian III')
rf1	10896	01	1	pre_resample	/ZPOOL/data/projects/rf1-sra-linux2/derivatives/fmriprep/sub-10896/ses-01/func/sub-10896_ses-01_task-sharedreward_run-1_part-mag_space-MNI152NLin6Asym_desc-preproc_bold.nii.gz	/ZPOOL/data/projects/rf1-sra-linux2/derivatives/fmriprep/sub-10896/ses-01/func/sub-10896_ses-01_task-sharedreward_run-1_part-mag_space-MNI152NLin6Asym_desc-brain_mask.nii.gz	2.7	2.7	2.97	255	1.615	3.22619	3.52868	3.44979	3.39911	0.935633	1.97323	16.7969	4.6726	Precompiled binary linux_ubuntu_24_64: Aug  4 2026 (Version AFNI_26.2.03 'Gordian III')
rf1	10896	01	2	pre_resample	/ZPOOL/data/projects/rf1-sra-linux2/derivatives/fmriprep/sub-10896/ses-01/func/sub-10896_ses-01_task-sharedreward_run-2_part-mag_space-MNI152NLin6Asym_desc-preproc_bold.nii.gz	/ZPOOL/data/projects/rf1-sra-linux2/derivatives/fmriprep/sub-10896/ses-01/func/sub-10896_ses-01_task-sharedreward_run-2_part-mag_space-MNI152NLin6Asym_desc-brain_mask.nii.gz	2.7	2.7	2.97	255	1.615	3.25907	3.5406	3.39422	3.39602	0.920069	1.94475	16.9994	4.65172	Precompiled binary linux_ubuntu_24_64: Aug  4 2026 (Version AFNI_26.2.03 'Gordian III')
rf1	10897	01	1	pre_resample	/ZPOOL/data/projects/rf1-sra-linux2/derivatives/fmriprep/sub-10897/ses-01/func/sub-10897_ses-01_task-sharedreward_run-1_part-mag_space-MNI152NLin6Asym_desc-preproc_bold.nii.gz	/ZPOOL/data/projects/rf1-sra-linux2/derivatives/fmriprep/sub-10897/ses-01/func/sub-10897_ses-01_task-sharedreward_run-1_part-mag_space-MNI152NLin6Asym_desc-brain_mask.nii.gz	2.7	2.7	2.97	255	1.615	3.23304	3.54093	3.35452	3.3738	0.942213	1.95457	16.8962	4.59665	Precompiled binary linux_ubuntu_24_64: Aug  4 2026 (Version AFNI_26.2.03 'Gordian III')
rf1	10898	01	1	pre_resample	/ZPOOL/data/projects/rf1-sra-linux2/derivatives/fmriprep/sub-10898/ses-01/func/sub-10898_ses-01_task-sharedreward_run-1_part-mag_space-MNI152NLin6Asym_desc-preproc_bold.nii.gz	/ZPOOL/data/projects/rf1-sra-linux2/derivatives/fmriprep/sub-10898/ses-01/func/sub-10898_ses-01_task-sharedreward_run-1_part-mag_space-MNI152NLin6Asym_desc-brain_mask.nii.gz	2.7	2.7	2.97	255	1.615	3.43157	3.64825	3.57956	3.55197	0.943616	2.05882	18.493	4.89571	Precompiled binary linux_ubuntu_24_64: Aug  4 2026 (Version AFNI_26.2.03 'Gordian III')
rf1	10898	01	2	pre_resample	/ZPOOL/data/projects/rf1-sra-linux2/derivatives/fmriprep/sub-10898/ses-01/func/sub-10898_ses-01_task-sharedreward_run-2_part-mag_space-MNI152NLin6Asym_desc-preproc_bold.nii.gz	/ZPOOL/data/projects/rf1-sra-linux2/derivatives/fmriprep/sub-10898/ses-01/func/sub-10898_ses-01_task-sharedreward_run-2_part-mag_space-MNI152NLin6Asym_desc-brain_mask.nii.gz	2.7	2.7	2.97	255	1.615	3.35062	3.58472	3.43767	3.45632	0.945064	2.00251	17.7484	4.72417	Precompiled binary linux_ubuntu_24_64: Aug  4 2026 (Version AFNI_26.2.03 'Gordian III')
rf1	10908	01	1	pre_resample	/ZPOOL/data/projects/rf1-sra-linux2/derivatives/fmriprep/sub-10908/ses-01/func/sub-10908_ses-01_task-sharedreward_run-1_part-mag_space-MNI152NLin6Asym_desc-preproc_bold.nii.gz	/ZPOOL/data/projects/rf1-sra-linux2/derivatives/fmriprep/sub-10908/ses-01/func/sub-10908_ses-01_task-sharedreward_run-1_part-mag_space-MNI152NLin6Asym_desc-brain_mask.nii.gz	2.7	2.7	2.97	255	1.615	3.46957	3.49502	3.44597	3.47013	0.946357	2.01882	17.9305	4.76668	Precompiled binary linux_ubuntu_24_64: Aug  4 2026 (Version AFNI_26.2.03 'Gordian III')
rf1	10908	01	2	pre_resample	/ZPOOL/data/projects/rf1-sra-linux2/derivatives/fmriprep/sub-10908/ses-01/func/sub-10908_ses-01_task-sharedreward_run-2_part-mag_space-MNI152NLin6Asym_desc-preproc_bold.nii.gz	/ZPOOL/data/projects/rf1-sra-linux2/derivatives/fmriprep/sub-10908/ses-01/func/sub-10908_ses-01_task-sharedreward_run-2_part-mag_space-MNI152NLin6Asym_desc-brain_mask.nii.gz	2.7	2.7	2.97	255	1.615	3.43223	3.47997	3.41943	3.44378	0.952143	2.01029	17.6634	4.71974	Precompiled binary linux_ubuntu_24_64: Aug  4 2026 (Version AFNI_26.2.03 'Gordian III')
rf1	10913	01	1	pre_resample	/ZPOOL/data/projects/rf1-sra-linux2/derivatives/fmriprep/sub-10913/ses-01/func/sub-10913_ses-01_task-sharedreward_run-1_part-mag_space-MNI152NLin6Asym_desc-preproc_bold.nii.gz	/ZPOOL/data/projects/rf1-sra-linux2/derivatives/fmriprep/sub-10913/ses-01/func/sub-10913_ses-01_task-sharedreward_run-1_part-mag_space-MNI152NLin6Asym_desc-brain_mask.nii.gz	2.7	2.7	2.97	255	1.615	3.22476	3.4384	3.23625	3.29836	0.936565	1.90442	16.3679	4.47763	Precompiled binary linux_ubuntu_24_64: Aug  4 2026 (Version AFNI_26.2.03 'Gordian III')
rf1	10913	01	2	pre_resample	/ZPOOL/data/projects/rf1-sra-linux2/derivatives/fmriprep/sub-10913/ses-01/func/sub-10913_ses-01_task-sharedreward_run-2_part-mag_space-MNI152NLin6Asym_desc-preproc_bold.nii.gz	/ZPOOL/data/projects/rf1-sra-linux2/derivatives/fmriprep/sub-10913/ses-01/func/sub-10913_ses-01_task-sharedreward_run-2_part-mag_space-MNI152NLin6Asym_desc-brain_mask.nii.gz	2.7	2.7	2.97	255	1.615	3.24133	3.4766	3.38265	3.36547	0.932666	1.94184	16.6147	4.59506	Precompiled binary linux_ubuntu_24_64: Aug  4 2026 (Version AFNI_26.2.03 'Gordian III')
rf1	10918	01	1	pre_resample	/ZPOOL/data/projects/rf1-sra-linux2/derivatives/fmriprep/sub-10918/ses-01/func/sub-10918_ses-01_task-sharedreward_run-1_part-mag_space-MNI152NLin6Asym_desc-preproc_bold.nii.gz	/ZPOOL/data/projects/rf1-sra-linux2/derivatives/fmriprep/sub-10918/ses-01/func/sub-10918_ses-01_task-sharedreward_run-1_part-mag_space-MNI152NLin6Asym_desc-brain_mask.nii.gz	2.7	2.7	2.97	255	1.615	3.17558	3.35084	3.46272	3.3276	0.951367	1.96298	15.7429	4.58314	Precompiled binary linux_ubuntu_24_64: Aug  4 2026 (Version AFNI_26.2.03 'Gordian III')
rf1	10918	01	2	pre_resample	/ZPOOL/data/projects/rf1-sra-linux2/derivatives/fmriprep/sub-10918/ses-01/func/sub-10918_ses-01_task-sharedreward_run-2_part-mag_space-MNI152NLin6Asym_desc-preproc_bold.nii.gz	/ZPOOL/data/projects/rf1-sra-linux2/derivatives/fmriprep/sub-10918/ses-01/func/sub-10918_ses-01_task-sharedreward_run-2_part-mag_space-MNI152NLin6Asym_desc-brain_mask.nii.gz	2.7	2.7	2.97	255	1.615	3.04724	3.3156	3.35429	3.23611	0.950962	1.90707	14.9563	4.4293	Precompiled binary linux_ubuntu_24_64: Aug  4 2026 (Version AFNI_26.2.03 'Gordian III')
rf1	10919	01	1	pre_resample	/ZPOOL/data/projects/rf1-sra-linux2/derivatives/fmriprep/sub-10919/ses-01/func/sub-10919_ses-01_task-sharedreward_run-1_part-mag_space-MNI152NLin6Asym_desc-preproc_bold.nii.gz	/ZPOOL/data/projects/rf1-sra-linux2/derivatives/fmriprep/sub-10919/ses-01/func/sub-10919_ses-01_task-sharedreward_run-1_part-mag_space-MNI152NLin6Asym_desc-brain_mask.nii.gz	2.7	2.7	2.97	255	1.615	3.28489	3.51073	3.38577	3.39254	0.946585	1.97119	17.0583	4.62764	Precompiled binary linux_ubuntu_24_64: Aug  4 2026 (Version AFNI_26.2.03 'Gordian III')
rf1	10919	01	2	pre_resample	/ZPOOL/data/projects/rf1-sra-linux2/derivatives/fmriprep/sub-10919/ses-01/func/sub-10919_ses-01_task-sharedreward_run-2_part-mag_space-MNI152NLin6Asym_desc-preproc_bold.nii.gz	/ZPOOL/data/projects/rf1-sra-linux2/derivatives/fmriprep/sub-10919/ses-01/func/sub-10919_ses-01_task-sharedreward_run-2_part-mag_space-MNI152NLin6Asym_desc-brain_mask.nii.gz	2.7	2.7	2.97	255	1.615	3.34176	3.50561	3.40018	3.41518	0.941946	1.97154	17.2646	4.64637	Precompiled binary linux_ubuntu_24_64: Aug  4 2026 (Version AFNI_26.2.03 'Gordian III')
rf1	10924	01	1	pre_resample	/ZPOOL/data/projects/rf1-sra-linux2/derivatives/fmriprep/sub-10924/ses-01/func/sub-10924_ses-01_task-sharedreward_run-1_part-mag_space-MNI152NLin6Asym_desc-preproc_bold.nii.gz	/ZPOOL/data/projects/rf1-sra-linux2/derivatives/fmriprep/sub-10924/ses-01/func/sub-10924_ses-01_task-sharedreward_run-1_part-mag_space-MNI152NLin6Asym_desc-brain_mask.nii.gz	2.7	2.7	2.97	255	1.615	3.14039	3.52696	3.55887	3.40329	0.953253	1.99858	16.399	4.67844	Precompiled binary linux_ubuntu_24_64: Aug  4 2026 (Version AFNI_26.2.03 'Gordian III')
rf1	10924	01	2	pre_resample	/ZPOOL/data/projects/rf1-sra-linux2/derivatives/fmriprep/sub-10924/ses-01/func/sub-10924_ses-01_task-sharedreward_run-2_part-mag_space-MNI152NLin6Asym_desc-preproc_bold.nii.gz	/ZPOOL/data/projects/rf1-sra-linux2/derivatives/fmriprep/sub-10924/ses-01/func/sub-10924_ses-01_task-sharedreward_run-2_part-mag_space-MNI152NLin6Asym_desc-brain_mask.nii.gz	2.7	2.7	2.97	255	1.615	3.21101	3.56333	3.5605	3.44088	0.937638	1.99874	16.9195	4.73805	Precompiled binary linux_ubuntu_24_64: Aug  4 2026 (Version AFNI_26.2.03 'Gordian III')
rf1	10926	01	1	pre_resample	/ZPOOL/data/projects/rf1-sra-linux2/derivatives/fmriprep/sub-10926/ses-01/func/sub-10926_ses-01_task-sharedreward_run-1_part-mag_space-MNI152NLin6Asym_desc-preproc_bold.nii.gz	/ZPOOL/data/projects/rf1-sra-linux2/derivatives/fmriprep/sub-10926/ses-01/func/sub-10926_ses-01_task-sharedreward_run-1_part-mag_space-MNI152NLin6Asym_desc-brain_mask.nii.gz	2.7	2.7	2.97	255	1.615	3.44113	3.65257	3.4488	3.51282	0.94274	2.03769	18.5113	4.83715	Precompiled binary linux_ubuntu_24_64: Aug  4 2026 (Version AFNI_26.2.03 'Gordian III')
rf1	10926	01	2	pre_resample	/ZPOOL/data/projects/rf1-sra-linux2/derivatives/fmriprep/sub-10926/ses-01/func/sub-10926_ses-01_task-sharedreward_run-2_part-mag_space-MNI152NLin6Asym_desc-preproc_bold.nii.gz	/ZPOOL/data/projects/rf1-sra-linux2/derivatives/fmriprep/sub-10926/ses-01/func/sub-10926_ses-01_task-sharedreward_run-2_part-mag_space-MNI152NLin6Asym_desc-brain_mask.nii.gz	2.7	2.7	2.97	255	1.615	3.41131	3.68849	3.5046	3.53294	0.930039	2.03371	18.5071	4.87502	Precompiled binary linux_ubuntu_24_64: Aug  4 2026 (Version AFNI_26.2.03 'Gordian III')
rf1	10928	01	1	pre_resample	/ZPOOL/data/projects/rf1-sra-linux2/derivatives/fmriprep/sub-10928/ses-01/func/sub-10928_ses-01_task-sharedreward_run-1_part-mag_space-MNI152NLin6Asym_desc-preproc_bold.nii.gz	/ZPOOL/data/projects/rf1-sra-linux2/derivatives/fmriprep/sub-10928/ses-01/func/sub-10928_ses-01_task-sharedreward_run-1_part-mag_space-MNI152NLin6Asym_desc-brain_mask.nii.gz	2.7	2.7	2.97	255	1.615	3.29405	3.50953	3.37622	3.39211	0.952124	1.9793	17.0995	4.63033	Precompiled binary linux_ubuntu_24_64: Aug  4 2026 (Version AFNI_26.2.03 'Gordian III')
rf1	10928	01	2	pre_resample	/ZPOOL/data/projects/rf1-sra-linux2/derivatives/fmriprep/sub-10928/ses-01/func/sub-10928_ses-01_task-sharedreward_run-2_part-mag_space-MNI152NLin6Asym_desc-preproc_bold.nii.gz	/ZPOOL/data/projects/rf1-sra-linux2/derivatives/fmriprep/sub-10928/ses-01/func/sub-10928_ses-01_task-sharedreward_run-2_part-mag_space-MNI152NLin6Asym_desc-brain_mask.nii.gz	2.7	2.7	2.97	255	1.615	3.41538	3.5783	3.57706	3.52274	0.941107	2.04437	18.0441	4.86135	Precompiled binary linux_ubuntu_24_64: Aug  4 2026 (Version AFNI_26.2.03 'Gordian III')
rf1	10929	01	1	pre_resample	/ZPOOL/data/projects/rf1-sra-linux2/derivatives/fmriprep/sub-10929/ses-01/func/sub-10929_ses-01_task-sharedreward_run-1_part-mag_space-MNI152NLin6Asym_desc-preproc_bold.nii.gz	/ZPOOL/data/projects/rf1-sra-linux2/derivatives/fmriprep/sub-10929/ses-01/func/sub-10929_ses-01_task-sharedreward_run-1_part-mag_space-MNI152NLin6Asym_desc-brain_mask.nii.gz	2.7	2.7	2.97	255	1.615	3.17219	3.4352	3.50354	3.36723	0.947172	1.98923	16.174	4.67313	Precompiled binary linux_ubuntu_24_64: Aug  4 2026 (Version AFNI_26.2.03 'Gordian III')
rf1	10929	01	2	pre_resample	/ZPOOL/data/projects/rf1-sra-linux2/derivatives/fmriprep/sub-10929/ses-01/func/sub-10929_ses-01_task-sharedreward_run-2_part-mag_space-MNI152NLin6Asym_desc-preproc_bold.nii.gz	/ZPOOL/data/projects/rf1-sra-linux2/derivatives/fmriprep/sub-10929/ses-01/func/sub-10929_ses-01_task-sharedreward_run-2_part-mag_space-MNI152NLin6Asym_desc-brain_mask.nii.gz	2.7	2.7	2.97	255	1.615	3.17528	3.45071	3.41529	3.34482	0.941821	1.96272	16.2582	4.61834	Precompiled binary linux_ubuntu_24_64: Aug  4 2026 (Version AFNI_26.2.03 'Gordian III')
rf1	10930	01	1	pre_resample	/ZPOOL/data/projects/rf1-sra-linux2/derivatives/fmriprep/sub-10930/ses-01/func/sub-10930_ses-01_task-sharedreward_run-1_part-mag_space-MNI152NLin6Asym_desc-preproc_bold.nii.gz	/ZPOOL/data/projects/rf1-sra-linux2/derivatives/fmriprep/sub-10930/ses-01/func/sub-10930_ses-01_task-sharedreward_run-1_part-mag_space-MNI152NLin6Asym_desc-brain_mask.nii.gz	2.7	2.7	2.97	255	1.615	3.149	3.52815	3.41297	3.35957	0.95454	1.96543	16.4111	4.58086	Precompiled binary linux_ubuntu_24_64: Aug  4 2026 (Version AFNI_26.2.03 'Gordian III')
rf1	10930	01	2	pre_resample	/ZPOOL/data/projects/rf1-sra-linux2/derivatives/fmriprep/sub-10930/ses-01/func/sub-10930_ses-01_task-sharedreward_run-2_part-mag_space-MNI152NLin6Asym_desc-preproc_bold.nii.gz	/ZPOOL/data/projects/rf1-sra-linux2/derivatives/fmriprep/sub-10930/ses-01/func/sub-10930_ses-01_task-sharedreward_run-2_part-mag_space-MNI152NLin6Asym_desc-brain_mask.nii.gz	2.7	2.7	2.97	255	1.615	3.20442	3.55145	3.56049	3.4347	0.956712	2.01673	16.8207	4.71891	Precompiled binary linux_ubuntu_24_64: Aug  4 2026 (Version AFNI_26.2.03 'Gordian III')
rf1	10938	01	1	pre_resample	/ZPOOL/data/projects/rf1-sra-linux2/derivatives/fmriprep/sub-10938/ses-01/func/sub-10938_ses-01_task-sharedreward_run-1_part-mag_space-MNI152NLin6Asym_desc-preproc_bold.nii.gz	/ZPOOL/data/projects/rf1-sra-linux2/derivatives/fmriprep/sub-10938/ses-01/func/sub-10938_ses-01_task-sharedreward_run-1_part-mag_space-MNI152NLin6Asym_desc-brain_mask.nii.gz	2.7	2.7	2.97	255	1.615	3.18158	3.45723	3.41768	3.34992	0.938913	1.94914	16.264	4.59109	Precompiled binary linux_ubuntu_24_64: Aug  4 2026 (Version AFNI_26.2.03 'Gordian III')
rf1	10938	01	2	pre_resample	/ZPOOL/data/projects/rf1-sra-linux2/derivatives/fmriprep/sub-10938/ses-01/func/sub-10938_ses-01_task-sharedreward_run-2_part-mag_space-MNI152NLin6Asym_desc-preproc_bold.nii.gz	/ZPOOL/data/projects/rf1-sra-linux2/derivatives/fmriprep/sub-10938/ses-01/func/sub-10938_ses-01_task-sharedreward_run-2_part-mag_space-MNI152NLin6Asym_desc-brain_mask.nii.gz	2.7	2.7	2.97	255	1.615	3.20695	3.42392	3.26014	3.29572	0.940358	1.91064	16.2066	4.48032	Precompiled binary linux_ubuntu_24_64: Aug  4 2026 (Version AFNI_26.2.03 'Gordian III')
rf1	10940	01	1	pre_resample	/ZPOOL/data/projects/rf1-sra-linux2/derivatives/fmriprep/sub-10940/ses-01/func/sub-10940_ses-01_task-sharedreward_run-1_part-mag_space-MNI152NLin6Asym_desc-preproc_bold.nii.gz	/ZPOOL/data/projects/rf1-sra-linux2/derivatives/fmriprep/sub-10940/ses-01/func/sub-10940_ses-01_task-sharedreward_run-1_part-mag_space-MNI152NLin6Asym_desc-brain_mask.nii.gz	2.7	2.7	2.97	255	1.615	3.06079	3.4745	3.29245	3.27151	0.936177	1.89482	15.6882	4.45036	Precompiled binary linux_ubuntu_24_64: Aug  4 2026 (Version AFNI_26.2.03 'Gordian III')
rf1	10940	01	2	pre_resample	/ZPOOL/data/projects/rf1-sra-linux2/derivatives/fmriprep/sub-10940/ses-01/func/sub-10940_ses-01_task-sharedreward_run-2_part-mag_space-MNI152NLin6Asym_desc-preproc_bold.nii.gz	/ZPOOL/data/projects/rf1-sra-linux2/derivatives/fmriprep/sub-10940/ses-01/func/sub-10940_ses-01_task-sharedreward_run-2_part-mag_space-MNI152NLin6Asym_desc-brain_mask.nii.gz	2.7	2.7	2.97	255	1.615	3.02827	3.45571	3.29126	3.2536	0.943618	1.89469	15.4464	4.42312	Precompiled binary linux_ubuntu_24_64: Aug  4 2026 (Version AFNI_26.2.03 'Gordian III')
rf1	10950	01	1	pre_resample	/ZPOOL/data/projects/rf1-sra-linux2/derivatives/fmriprep/sub-10950/ses-01/func/sub-10950_ses-01_task-sharedreward_run-1_part-mag_space-MNI152NLin6Asym_desc-preproc_bold.nii.gz	/ZPOOL/data/projects/rf1-sra-linux2/derivatives/fmriprep/sub-10950/ses-01/func/sub-10950_ses-01_task-sharedreward_run-1_part-mag_space-MNI152NLin6Asym_desc-brain_mask.nii.gz	2.7	2.7	2.97	255	1.615	3.21197	3.68868	3.4494	3.44452	0.930441	1.98502	17.4512	4.72827	Precompiled binary linux_ubuntu_24_64: Aug  4 2026 (Version AFNI_26.2.03 'Gordian III')
rf1	10950	01	2	pre_resample	/ZPOOL/data/projects/rf1-sra-linux2/derivatives/fmriprep/sub-10950/ses-01/func/sub-10950_ses-01_task-sharedreward_run-2_part-mag_space-MNI152NLin6Asym_desc-preproc_bold.nii.gz	/ZPOOL/data/projects/rf1-sra-linux2/derivatives/fmriprep/sub-10950/ses-01/func/sub-10950_ses-01_task-sharedreward_run-2_part-mag_space-MNI152NLin6Asym_desc-brain_mask.nii.gz	2.7	2.7	2.97	255	1.615	3.33478	3.73819	3.63852	3.5663	0.927803	2.05891	18.3768	4.9577	Precompiled binary linux_ubuntu_24_64: Aug  4 2026 (Version AFNI_26.2.03 'Gordian III')
rf1	10951	01	1	pre_resample	/ZPOOL/data/projects/rf1-sra-linux2/derivatives/fmriprep/sub-10951/ses-01/func/sub-10951_ses-01_task-sharedreward_run-1_part-mag_space-MNI152NLin6Asym_desc-preproc_bold.nii.gz	/ZPOOL/data/projects/rf1-sra-linux2/derivatives/fmriprep/sub-10951/ses-01/func/sub-10951_ses-01_task-sharedreward_run-1_part-mag_space-MNI152NLin6Asym_desc-brain_mask.nii.gz	2.7	2.7	2.97	255	1.615	2.87492	3.39698	3.06341	3.10438	0.932893	1.78132	14.3813	4.163	Precompiled binary linux_ubuntu_24_64: Aug  4 2026 (Version AFNI_26.2.03 'Gordian III')
rf1	10951	01	2	pre_resample	/ZPOOL/data/projects/rf1-sra-linux2/derivatives/fmriprep/sub-10951/ses-01/func/sub-10951_ses-01_task-sharedreward_run-2_part-mag_space-MNI152NLin6Asym_desc-preproc_bold.nii.gz	/ZPOOL/data/projects/rf1-sra-linux2/derivatives/fmriprep/sub-10951/ses-01/func/sub-10951_ses-01_task-sharedreward_run-2_part-mag_space-MNI152NLin6Asym_desc-brain_mask.nii.gz	2.7	2.7	2.97	255	1.615	2.90278	3.44516	3.10876	3.14439	0.921984	1.79097	14.7109	4.22507	Precompiled binary linux_ubuntu_24_64: Aug  4 2026 (Version AFNI_26.2.03 'Gordian III')
rf1	10952	01	1	pre_resample	/ZPOOL/data/projects/rf1-sra-linux2/derivatives/fmriprep/sub-10952/ses-01/func/sub-10952_ses-01_task-sharedreward_run-1_part-mag_space-MNI152NLin6Asym_desc-preproc_bold.nii.gz	/ZPOOL/data/projects/rf1-sra-linux2/derivatives/fmriprep/sub-10952/ses-01/func/sub-10952_ses-01_task-sharedreward_run-1_part-mag_space-MNI152NLin6Asym_desc-brain_mask.nii.gz	2.7	2.7	2.97	255	1.615	3.01142	3.25049	3.37177	3.20769	0.942679	1.87305	14.4358	4.36488	Precompiled binary linux_ubuntu_24_64: Aug  4 2026 (Version AFNI_26.2.03 'Gordian III')
rf1	10952	01	2	pre_resample	/ZPOOL/data/projects/rf1-sra-linux2/derivatives/fmriprep/sub-10952/ses-01/func/sub-10952_ses-01_task-sharedreward_run-2_part-mag_space-MNI152NLin6Asym_desc-preproc_bold.nii.gz	/ZPOOL/data/projects/rf1-sra-linux2/derivatives/fmriprep/sub-10952/ses-01/func/sub-10952_ses-01_task-sharedreward_run-2_part-mag_space-MNI152NLin6Asym_desc-brain_mask.nii.gz	2.7	2.7	2.97	255	1.615	2.99102	3.25518	3.38472	3.20607	0.937941	1.86608	14.3423	4.36205	Precompiled binary linux_ubuntu_24_64: Aug  4 2026 (Version AFNI_26.2.03 'Gordian III')
rf1	10953	01	1	pre_resample	/ZPOOL/data/projects/rf1-sra-linux2/derivatives/fmriprep/sub-10953/ses-01/func/sub-10953_ses-01_task-sharedreward_run-1_part-mag_space-MNI152NLin6Asym_desc-preproc_bold.nii.gz	/ZPOOL/data/projects/rf1-sra-linux2/derivatives/fmriprep/sub-10953/ses-01/func/sub-10953_ses-01_task-sharedreward_run-1_part-mag_space-MNI152NLin6Asym_desc-brain_mask.nii.gz	2.7	2.7	2.97	255	1.615	3.18975	3.43749	3.2433	3.28848	0.944816	1.91107	16.2204	4.46578	Precompiled binary linux_ubuntu_24_64: Aug  4 2026 (Version AFNI_26.2.03 'Gordian III')
rf1	10953	01	2	pre_resample	/ZPOOL/data/projects/rf1-sra-linux2/derivatives/fmriprep/sub-10953/ses-01/func/sub-10953_ses-01_task-sharedreward_run-2_part-mag_space-MNI152NLin6Asym_desc-preproc_bold.nii.gz	/ZPOOL/data/projects/rf1-sra-linux2/derivatives/fmriprep/sub-10953/ses-01/func/sub-10953_ses-01_task-sharedreward_run-2_part-mag_space-MNI152NLin6Asym_desc-brain_mask.nii.gz	2.7	2.7	2.97	255	1.615	3.29231	3.46305	3.2381	3.32979	0.938795	1.9249	16.8424	4.52711	Precompiled binary linux_ubuntu_24_64: Aug  4 2026 (Version AFNI_26.2.03 'Gordian III')
rf1	10954	01	1	pre_resample	/ZPOOL/data/projects/rf1-sra-linux2/derivatives/fmriprep/sub-10954/ses-01/func/sub-10954_ses-01_task-sharedreward_run-1_part-mag_space-MNI152NLin6Asym_desc-preproc_bold.nii.gz	/ZPOOL/data/projects/rf1-sra-linux2/derivatives/fmriprep/sub-10954/ses-01/func/sub-10954_ses-01_task-sharedreward_run-1_part-mag_space-MNI152NLin6Asym_desc-brain_mask.nii.gz	2.7	2.7	2.97	255	1.615	3.8513	3.80589	3.28943	3.63966	0.914035	2.06954	14.609	5.01927	Precompiled binary linux_ubuntu_24_64: Aug  4 2026 (Version AFNI_26.2.03 'Gordian III')
rf1	10954	01	2	pre_resample	/ZPOOL/data/projects/rf1-sra-linux2/derivatives/fmriprep/sub-10954/ses-01/func/sub-10954_ses-01_task-sharedreward_run-2_part-mag_space-MNI152NLin6Asym_desc-preproc_bold.nii.gz	/ZPOOL/data/projects/rf1-sra-linux2/derivatives/fmriprep/sub-10954/ses-01/func/sub-10954_ses-01_task-sharedreward_run-2_part-mag_space-MNI152NLin6Asym_desc-brain_mask.nii.gz	2.7	2.7	2.97	255	1.615	3.76398	3.88438	3.37263	3.66702	0.918111	2.08832	21.5592	5.09982	Precompiled binary linux_ubuntu_24_64: Aug  4 2026 (Version AFNI_26.2.03 'Gordian III')
rf1	10956	01	1	pre_resample	/ZPOOL/data/projects/rf1-sra-linux2/derivatives/fmriprep/sub-10956/ses-01/func/sub-10956_ses-01_task-sharedreward_run-1_part-mag_space-MNI152NLin6Asym_desc-preproc_bold.nii.gz	/ZPOOL/data/projects/rf1-sra-linux2/derivatives/fmriprep/sub-10956/ses-01/func/sub-10956_ses-01_task-sharedreward_run-1_part-mag_space-MNI152NLin6Asym_desc-brain_mask.nii.gz	2.7	2.7	2.97	255	1.615	2.98604	3.40302	3.32618	3.23322	0.938798	1.87908	15.0475	4.39659	Precompiled binary linux_ubuntu_24_64: Aug  4 2026 (Version AFNI_26.2.03 'Gordian III')
rf1	10956	01	2	pre_resample	/ZPOOL/data/projects/rf1-sra-linux2/derivatives/fmriprep/sub-10956/ses-01/func/sub-10956_ses-01_task-sharedreward_run-2_part-mag_space-MNI152NLin6Asym_desc-preproc_bold.nii.gz	/ZPOOL/data/projects/rf1-sra-linux2/derivatives/fmriprep/sub-10956/ses-01/func/sub-10956_ses-01_task-sharedreward_run-2_part-mag_space-MNI152NLin6Asym_desc-brain_mask.nii.gz	2.7	2.7	2.97	255	1.615	3.01031	3.43176	3.38142	3.26896	0.931969	1.89317	15.2841	4.45884	Precompiled binary linux_ubuntu_24_64: Aug  4 2026 (Version AFNI_26.2.03 'Gordian III')
rf1	10958	01	1	pre_resample	/ZPOOL/data/projects/rf1-sra-linux2/derivatives/fmriprep/sub-10958/ses-01/func/sub-10958_ses-01_task-sharedreward_run-1_part-mag_space-MNI152NLin6Asym_desc-preproc_bold.nii.gz	/ZPOOL/data/projects/rf1-sra-linux2/derivatives/fmriprep/sub-10958/ses-01/func/sub-10958_ses-01_task-sharedreward_run-1_part-mag_space-MNI152NLin6Asym_desc-brain_mask.nii.gz	2.7	2.7	2.97	255	1.615	3.13075	3.63836	3.48629	3.41172	0.941781	1.97687	16.7671	4.66013	Precompiled binary linux_ubuntu_24_64: Aug  4 2026 (Version AFNI_26.2.03 'Gordian III')
rf1	10958	01	2	pre_resample	/ZPOOL/data/projects/rf1-sra-linux2/derivatives/fmriprep/sub-10958/ses-01/func/sub-10958_ses-01_task-sharedreward_run-2_part-mag_space-MNI152NLin6Asym_desc-preproc_bold.nii.gz	/ZPOOL/data/projects/rf1-sra-linux2/derivatives/fmriprep/sub-10958/ses-01/func/sub-10958_ses-01_task-sharedreward_run-2_part-mag_space-MNI152NLin6Asym_desc-brain_mask.nii.gz	2.7	2.7	2.97	255	1.615	3.24694	3.69976	3.36263	3.43117	0.926446	1.95829	17.6567	4.66868	Precompiled binary linux_ubuntu_24_64: Aug  4 2026 (Version AFNI_26.2.03 'Gordian III')
rf1	10961	01	1	pre_resample	/ZPOOL/data/projects/rf1-sra-linux2/derivatives/fmriprep/sub-10961/ses-01/func/sub-10961_ses-01_task-sharedreward_run-1_part-mag_space-MNI152NLin6Asym_desc-preproc_bold.nii.gz	/ZPOOL/data/projects/rf1-sra-linux2/derivatives/fmriprep/sub-10961/ses-01/func/sub-10961_ses-01_task-sharedreward_run-1_part-mag_space-MNI152NLin6Asym_desc-brain_mask.nii.gz	2.7	2.7	2.97	255	1.615	3.03647	3.46864	3.41384	3.30058	0.947246	1.93351	15.564	4.51579	Precompiled binary linux_ubuntu_24_64: Aug  4 2026 (Version AFNI_26.2.03 'Gordian III')
rf1	10961	01	2	pre_resample	/ZPOOL/data/projects/rf1-sra-linux2/derivatives/fmriprep/sub-10961/ses-01/func/sub-10961_ses-01_task-sharedreward_run-2_part-mag_space-MNI152NLin6Asym_desc-preproc_bold.nii.gz	/ZPOOL/data/projects/rf1-sra-linux2/derivatives/fmriprep/sub-10961/ses-01/func/sub-10961_ses-01_task-sharedreward_run-2_part-mag_space-MNI152NLin6Asym_desc-brain_mask.nii.gz	2.7	2.7	2.97	255	1.615	3.07852	3.51536	3.42816	3.33522	0.937589	1.93856	15.9823	4.56545	Precompiled binary linux_ubuntu_24_64: Aug  4 2026 (Version AFNI_26.2.03 'Gordian III')
rf1	10964	01	1	pre_resample	/ZPOOL/data/projects/rf1-sra-linux2/derivatives/fmriprep/sub-10964/ses-01/func/sub-10964_ses-01_task-sharedreward_run-1_part-mag_space-MNI152NLin6Asym_desc-preproc_bold.nii.gz	/ZPOOL/data/projects/rf1-sra-linux2/derivatives/fmriprep/sub-10964/ses-01/func/sub-10964_ses-01_task-sharedreward_run-1_part-mag_space-MNI152NLin6Asym_desc-brain_mask.nii.gz	2.7	2.7	2.97	255	1.615	3.37191	3.51106	3.71945	3.53127	0.949942	2.0762	17.5489	4.91962	Precompiled binary linux_ubuntu_24_64: Aug  4 2026 (Version AFNI_26.2.03 'Gordian III')
rf1	10964	01	2	pre_resample	/ZPOOL/data/projects/rf1-sra-linux2/derivatives/fmriprep/sub-10964/ses-01/func/sub-10964_ses-01_task-sharedreward_run-2_part-mag_space-MNI152NLin6Asym_desc-preproc_bold.nii.gz	/ZPOOL/data/projects/rf1-sra-linux2/derivatives/fmriprep/sub-10964/ses-01/func/sub-10964_ses-01_task-sharedreward_run-2_part-mag_space-MNI152NLin6Asym_desc-brain_mask.nii.gz	2.7	2.7	2.97	255	1.615	3.41733	3.58917	3.56767	3.52389	0.949306	2.07087	18.1858	4.90832	Precompiled binary linux_ubuntu_24_64: Aug  4 2026 (Version AFNI_26.2.03 'Gordian III')
rf1	10966	01	1	pre_resample	/ZPOOL/data/projects/rf1-sra-linux2/derivatives/fmriprep/sub-10966/ses-01/func/sub-10966_ses-01_task-sharedreward_run-1_part-mag_space-MNI152NLin6Asym_desc-preproc_bold.nii.gz	/ZPOOL/data/projects/rf1-sra-linux2/derivatives/fmriprep/sub-10966/ses-01/func/sub-10966_ses-01_task-sharedreward_run-1_part-mag_space-MNI152NLin6Asym_desc-brain_mask.nii.gz	2.7	2.7	2.97	255	1.615	3.38514	3.53397	3.43027	3.44923	0.933718	1.99846	17.7056	4.75529	Precompiled binary linux_ubuntu_24_64: Aug  4 2026 (Version AFNI_26.2.03 'Gordian III')
rf1	10966	01	2	pre_resample	/ZPOOL/data/projects/rf1-sra-linux2/derivatives/fmriprep/sub-10966/ses-01/func/sub-10966_ses-01_task-sharedreward_run-2_part-mag_space-MNI152NLin6Asym_desc-preproc_bold.nii.gz	/ZPOOL/data/projects/rf1-sra-linux2/derivatives/fmriprep/sub-10966/ses-01/func/sub-10966_ses-01_task-sharedreward_run-2_part-mag_space-MNI152NLin6Asym_desc-brain_mask.nii.gz	2.7	2.7	2.97	255	1.615	3.47738	3.63404	3.63364	3.58092	0.925282	2.06554	18.6312	4.9887	Precompiled binary linux_ubuntu_24_64: Aug  4 2026 (Version AFNI_26.2.03 'Gordian III')
rf1	10969	01	1	pre_resample	/ZPOOL/data/projects/rf1-sra-linux2/derivatives/fmriprep/sub-10969/ses-01/func/sub-10969_ses-01_task-sharedreward_run-1_part-mag_space-MNI152NLin6Asym_desc-preproc_bold.nii.gz	/ZPOOL/data/projects/rf1-sra-linux2/derivatives/fmriprep/sub-10969/ses-01/func/sub-10969_ses-01_task-sharedreward_run-1_part-mag_space-MNI152NLin6Asym_desc-brain_mask.nii.gz	2.7	2.7	2.97	255	1.615	3.00908	3.49167	3.51965	3.33162	0.956425	1.96177	15.5233	4.56137	Precompiled binary linux_ubuntu_24_64: Aug  4 2026 (Version AFNI_26.2.03 'Gordian III')
rf1	10969	01	2	pre_resample	/ZPOOL/data/projects/rf1-sra-linux2/derivatives/fmriprep/sub-10969/ses-01/func/sub-10969_ses-01_task-sharedreward_run-2_part-mag_space-MNI152NLin6Asym_desc-preproc_bold.nii.gz	/ZPOOL/data/projects/rf1-sra-linux2/derivatives/fmriprep/sub-10969/ses-01/func/sub-10969_ses-01_task-sharedreward_run-2_part-mag_space-MNI152NLin6Asym_desc-brain_mask.nii.gz	2.7	2.7	2.97	255	1.615	3.022	3.49142	3.55328	3.34689	0.948469	1.96351	15.6136	4.59435	Precompiled binary linux_ubuntu_24_64: Aug  4 2026 (Version AFNI_26.2.03 'Gordian III')
rf1	10974	01	1	pre_resample	/ZPOOL/data/projects/rf1-sra-linux2/derivatives/fmriprep/sub-10974/ses-01/func/sub-10974_ses-01_task-sharedreward_run-1_part-mag_space-MNI152NLin6Asym_desc-preproc_bold.nii.gz	/ZPOOL/data/projects/rf1-sra-linux2/derivatives/fmriprep/sub-10974/ses-01/func/sub-10974_ses-01_task-sharedreward_run-1_part-mag_space-MNI152NLin6Asym_desc-brain_mask.nii.gz	2.7	2.7	2.97	255	1.615	3.4214	3.5509	3.47971	3.4836	0.935859	2.02013	17.8654	4.81019	Precompiled binary linux_ubuntu_24_64: Aug  4 2026 (Version AFNI_26.2.03 'Gordian III')
rf1	10974	01	2	pre_resample	/ZPOOL/data/projects/rf1-sra-linux2/derivatives/fmriprep/sub-10974/ses-01/func/sub-10974_ses-01_task-sharedreward_run-2_part-mag_space-MNI152NLin6Asym_desc-preproc_bold.nii.gz	/ZPOOL/data/projects/rf1-sra-linux2/derivatives/fmriprep/sub-10974/ses-01/func/sub-10974_ses-01_task-sharedreward_run-2_part-mag_space-MNI152NLin6Asym_desc-brain_mask.nii.gz	2.7	2.7	2.97	255	1.615	3.35261	3.50343	3.39302	3.41576	0.947665	1.98918	17.3149	4.67518	Precompiled binary linux_ubuntu_24_64: Aug  4 2026 (Version AFNI_26.2.03 'Gordian III')
rf1	10977	01	1	pre_resample	/ZPOOL/data/projects/rf1-sra-linux2/derivatives/fmriprep/sub-10977/ses-01/func/sub-10977_ses-01_task-sharedreward_run-1_part-mag_space-MNI152NLin6Asym_desc-preproc_bold.nii.gz	/ZPOOL/data/projects/rf1-sra-linux2/derivatives/fmriprep/sub-10977/ses-01/func/sub-10977_ses-01_task-sharedreward_run-1_part-mag_space-MNI152NLin6Asym_desc-brain_mask.nii.gz	2.7	2.7	2.97	255	1.615	3.05793	3.26683	3.26084	3.1937	0.966506	1.88515	14.7718	4.3189	Precompiled binary linux_ubuntu_24_64: Aug  4 2026 (Version AFNI_26.2.03 'Gordian III')
rf1	10977	01	2	pre_resample	/ZPOOL/data/projects/rf1-sra-linux2/derivatives/fmriprep/sub-10977/ses-01/func/sub-10977_ses-01_task-sharedreward_run-2_part-mag_space-MNI152NLin6Asym_desc-preproc_bold.nii.gz	/ZPOOL/data/projects/rf1-sra-linux2/derivatives/fmriprep/sub-10977/ses-01/func/sub-10977_ses-01_task-sharedreward_run-2_part-mag_space-MNI152NLin6Asym_desc-brain_mask.nii.gz	2.7	2.7	2.97	255	1.615	2.99564	3.1988	3.18013	3.12349	0.986032	1.86797	14.1991	4.21106	Precompiled binary linux_ubuntu_24_64: Aug  4 2026 (Version AFNI_26.2.03 'Gordian III')
rf1	10979	01	1	pre_resample	/ZPOOL/data/projects/rf1-sra-linux2/derivatives/fmriprep/sub-10979/ses-01/func/sub-10979_ses-01_task-sharedreward_run-1_part-mag_space-MNI152NLin6Asym_desc-preproc_bold.nii.gz	/ZPOOL/data/projects/rf1-sra-linux2/derivatives/fmriprep/sub-10979/ses-01/func/sub-10979_ses-01_task-sharedreward_run-1_part-mag_space-MNI152NLin6Asym_desc-brain_mask.nii.gz	2.7	2.7	2.97	255	1.615	3.0226	3.45843	3.21978	3.2287	0.93224	1.86776	15.4806	4.39127	Precompiled binary linux_ubuntu_24_64: Aug  4 2026 (Version AFNI_26.2.03 'Gordian III')
rf1	10979	01	2	pre_resample	/ZPOOL/data/projects/rf1-sra-linux2/derivatives/fmriprep/sub-10979/ses-01/func/sub-10979_ses-01_task-sharedreward_run-2_part-mag_space-MNI152NLin6Asym_desc-preproc_bold.nii.gz	/ZPOOL/data/projects/rf1-sra-linux2/derivatives/fmriprep/sub-10979/ses-01/func/sub-10979_ses-01_task-sharedreward_run-2_part-mag_space-MNI152NLin6Asym_desc-brain_mask.nii.gz	2.7	2.7	2.97	255	1.615	3.02773	3.45466	3.21677	3.22835	0.933475	1.86983	15.4954	4.39248	Precompiled binary linux_ubuntu_24_64: Aug  4 2026 (Version AFNI_26.2.03 'Gordian III')
rf1	10983	01	1	pre_resample	/ZPOOL/data/projects/rf1-sra-linux2/derivatives/fmriprep/sub-10983/ses-01/func/sub-10983_ses-01_task-sharedreward_run-1_part-mag_space-MNI152NLin6Asym_desc-preproc_bold.nii.gz	/ZPOOL/data/projects/rf1-sra-linux2/derivatives/fmriprep/sub-10983/ses-01/func/sub-10983_ses-01_task-sharedreward_run-1_part-mag_space-MNI152NLin6Asym_desc-brain_mask.nii.gz	2.7	2.7	2.97	255	1.615	3.20142	3.49394	2.99522	3.22376	0.955646	1.87165	16.5011	4.32424	Precompiled binary linux_ubuntu_24_64: Aug  4 2026 (Version AFNI_26.2.03 'Gordian III')
rf1	10983	01	2	pre_resample	/ZPOOL/data/projects/rf1-sra-linux2/derivatives/fmriprep/sub-10983/ses-01/func/sub-10983_ses-01_task-sharedreward_run-2_part-mag_space-MNI152NLin6Asym_desc-preproc_bold.nii.gz	/ZPOOL/data/projects/rf1-sra-linux2/derivatives/fmriprep/sub-10983/ses-01/func/sub-10983_ses-01_task-sharedreward_run-2_part-mag_space-MNI152NLin6Asym_desc-brain_mask.nii.gz	2.7	2.7	2.97	255	1.615	3.19615	3.50148	2.98188	3.21951	0.95324	1.86425	16.4881	4.31312	Precompiled binary linux_ubuntu_24_64: Aug  4 2026 (Version AFNI_26.2.03 'Gordian III')
rf1	10984	01	1	pre_resample	/ZPOOL/data/projects/rf1-sra-linux2/derivatives/fmriprep/sub-10984/ses-01/func/sub-10984_ses-01_task-sharedreward_run-1_part-mag_space-MNI152NLin6Asym_desc-preproc_bold.nii.gz	/ZPOOL/data/projects/rf1-sra-linux2/derivatives/fmriprep/sub-10984/ses-01/func/sub-10984_ses-01_task-sharedreward_run-1_part-mag_space-MNI152NLin6Asym_desc-brain_mask.nii.gz	2.7	2.7	2.97	255	1.615	2.93531	3.25308	3.13997	3.10664	0.954277	1.8137	14.1141	4.1733	Precompiled binary linux_ubuntu_24_64: Aug  4 2026 (Version AFNI_26.2.03 'Gordian III')
rf1	10984	01	2	pre_resample	/ZPOOL/data/projects/rf1-sra-linux2/derivatives/fmriprep/sub-10984/ses-01/func/sub-10984_ses-01_task-sharedreward_run-2_part-mag_space-MNI152NLin6Asym_desc-preproc_bold.nii.gz	/ZPOOL/data/projects/rf1-sra-linux2/derivatives/fmriprep/sub-10984/ses-01/func/sub-10984_ses-01_task-sharedreward_run-2_part-mag_space-MNI152NLin6Asym_desc-brain_mask.nii.gz	2.7	2.7	2.97	255	1.615	3.02401	3.29195	3.09336	3.13441	0.946474	1.81403	14.6975	4.20143	Precompiled binary linux_ubuntu_24_64: Aug  4 2026 (Version AFNI_26.2.03 'Gordian III')
rf1	10998	01	1	pre_resample	/ZPOOL/data/projects/rf1-sra-linux2/derivatives/fmriprep/sub-10998/ses-01/func/sub-10998_ses-01_task-sharedreward_run-1_part-mag_space-MNI152NLin6Asym_desc-preproc_bold.nii.gz	/ZPOOL/data/projects/rf1-sra-linux2/derivatives/fmriprep/sub-10998/ses-01/func/sub-10998_ses-01_task-sharedreward_run-1_part-mag_space-MNI152NLin6Asym_desc-brain_mask.nii.gz	2.7	2.7	2.97	255	1.615	3.09299	3.43767	3.54757	3.3537	0.921657	1.94766	15.7304	4.6471	Precompiled binary linux_ubuntu_24_64: Aug  4 2026 (Version AFNI_26.2.03 'Gordian III')
rf1	10998	01	2	pre_resample	/ZPOOL/data/projects/rf1-sra-linux2/derivatives/fmriprep/sub-10998/ses-01/func/sub-10998_ses-01_task-sharedreward_run-2_part-mag_space-MNI152NLin6Asym_desc-preproc_bold.nii.gz	/ZPOOL/data/projects/rf1-sra-linux2/derivatives/fmriprep/sub-10998/ses-01/func/sub-10998_ses-01_task-sharedreward_run-2_part-mag_space-MNI152NLin6Asym_desc-brain_mask.nii.gz	2.7	2.7	2.97	255	1.615	3.08535	3.44115	3.46546	3.32601	0.925331	1.92981	15.684	4.584	Precompiled binary linux_ubuntu_24_64: Aug  4 2026 (Version AFNI_26.2.03 'Gordian III')
rf1	11005	01	1	pre_resample	/ZPOOL/data/projects/rf1-sra-linux2/derivatives/fmriprep/sub-11005/ses-01/func/sub-11005_ses-01_task-sharedreward_run-1_part-mag_space-MNI152NLin6Asym_desc-preproc_bold.nii.gz	/ZPOOL/data/projects/rf1-sra-linux2/derivatives/fmriprep/sub-11005/ses-01/func/sub-11005_ses-01_task-sharedreward_run-1_part-mag_space-MNI152NLin6Asym_desc-brain_mask.nii.gz	2.7	2.7	2.97	255	1.615	3.25263	3.61287	3.5183	3.45785	0.9292	1.99387	17.3195	4.75766	Precompiled binary linux_ubuntu_24_64: Aug  4 2026 (Version AFNI_26.2.03 'Gordian III')
rf1	11005	01	2	pre_resample	/ZPOOL/data/projects/rf1-sra-linux2/derivatives/fmriprep/sub-11005/ses-01/func/sub-11005_ses-01_task-sharedreward_run-2_part-mag_space-MNI152NLin6Asym_desc-preproc_bold.nii.gz	/ZPOOL/data/projects/rf1-sra-linux2/derivatives/fmriprep/sub-11005/ses-01/func/sub-11005_ses-01_task-sharedreward_run-2_part-mag_space-MNI152NLin6Asym_desc-brain_mask.nii.gz	2.7	2.7	2.97	255	1.615	3.30088	3.67713	3.76937	3.57659	0.86981	1.98325	17.8827	4.96837	Precompiled binary linux_ubuntu_24_64: Aug  4 2026 (Version AFNI_26.2.03 'Gordian III')
rf1	11007	01	1	pre_resample	/ZPOOL/data/projects/rf1-sra-linux2/derivatives/fmriprep/sub-11007/ses-01/func/sub-11007_ses-01_task-sharedreward_run-1_part-mag_space-MNI152NLin6Asym_desc-preproc_bold.nii.gz	/ZPOOL/data/projects/rf1-sra-linux2/derivatives/fmriprep/sub-11007/ses-01/func/sub-11007_ses-01_task-sharedreward_run-1_part-mag_space-MNI152NLin6Asym_desc-brain_mask.nii.gz	2.7	2.7	2.97	255	1.615	3.47264	3.53961	3.34358	3.45098	0.949505	2.0205	18.2125	4.76051	Precompiled binary linux_ubuntu_24_64: Aug  4 2026 (Version AFNI_26.2.03 'Gordian III')
rf1	11007	01	2	pre_resample	/ZPOOL/data/projects/rf1-sra-linux2/derivatives/fmriprep/sub-11007/ses-01/func/sub-11007_ses-01_task-sharedreward_run-2_part-mag_space-MNI152NLin6Asym_desc-preproc_bold.nii.gz	/ZPOOL/data/projects/rf1-sra-linux2/derivatives/fmriprep/sub-11007/ses-01/func/sub-11007_ses-01_task-sharedreward_run-2_part-mag_space-MNI152NLin6Asym_desc-brain_mask.nii.gz	2.7	2.7	2.97	255	1.615	3.53032	3.70214	3.42522	3.55074	0.93389	2.05335	19.2843	4.92067	Precompiled binary linux_ubuntu_24_64: Aug  4 2026 (Version AFNI_26.2.03 'Gordian III')
rf1	11012	01	1	pre_resample	/ZPOOL/data/projects/rf1-sra-linux2/derivatives/fmriprep/sub-11012/ses-01/func/sub-11012_ses-01_task-sharedreward_run-1_part-mag_space-MNI152NLin6Asym_desc-preproc_bold.nii.gz	/ZPOOL/data/projects/rf1-sra-linux2/derivatives/fmriprep/sub-11012/ses-01/func/sub-11012_ses-01_task-sharedreward_run-1_part-mag_space-MNI152NLin6Asym_desc-brain_mask.nii.gz	2.7	2.7	2.97	255	1.615	3.28333	3.47813	3.65582	3.46909	0.945039	2.02463	16.878	4.78471	Precompiled binary linux_ubuntu_24_64: Aug  4 2026 (Version AFNI_26.2.03 'Gordian III')
rf1	11012	01	2	pre_resample	/ZPOOL/data/projects/rf1-sra-linux2/derivatives/fmriprep/sub-11012/ses-01/func/sub-11012_ses-01_task-sharedreward_run-2_part-mag_space-MNI152NLin6Asym_desc-preproc_bold.nii.gz	/ZPOOL/data/projects/rf1-sra-linux2/derivatives/fmriprep/sub-11012/ses-01/func/sub-11012_ses-01_task-sharedreward_run-2_part-mag_space-MNI152NLin6Asym_desc-brain_mask.nii.gz	2.7	2.7	2.97	255	1.615	3.3138	3.46567	3.60383	3.45907	0.942353	2.01261	16.9886	4.76052	Precompiled binary linux_ubuntu_24_64: Aug  4 2026 (Version AFNI_26.2.03 'Gordian III')
rf1	11016	01	1	pre_resample	/ZPOOL/data/projects/rf1-sra-linux2/derivatives/fmriprep/sub-11016/ses-01/func/sub-11016_ses-01_task-sharedreward_run-1_part-mag_space-MNI152NLin6Asym_desc-preproc_bold.nii.gz	/ZPOOL/data/projects/rf1-sra-linux2/derivatives/fmriprep/sub-11016/ses-01/func/sub-11016_ses-01_task-sharedreward_run-1_part-mag_space-MNI152NLin6Asym_desc-brain_mask.nii.gz	2.7	2.7	2.97	255	1.615	3.23105	3.48421	3.64751	3.44997	0.953265	2.03178	16.6647	4.77426	Precompiled binary linux_ubuntu_24_64: Aug  4 2026 (Version AFNI_26.2.03 'Gordian III')
rf1	11016	01	2	pre_resample	/ZPOOL/data/projects/rf1-sra-linux2/derivatives/fmriprep/sub-11016/ses-01/func/sub-11016_ses-01_task-sharedreward_run-2_part-mag_space-MNI152NLin6Asym_desc-preproc_bold.nii.gz	/ZPOOL/data/projects/rf1-sra-linux2/derivatives/fmriprep/sub-11016/ses-01/func/sub-11016_ses-01_task-sharedreward_run-2_part-mag_space-MNI152NLin6Asym_desc-brain_mask.nii.gz	2.7	2.7	2.97	255	1.615	3.21915	3.48706	3.59798	3.43099	0.952897	2.01744	16.5842	4.73408	Precompiled binary linux_ubuntu_24_64: Aug  4 2026 (Version AFNI_26.2.03 'Gordian III')
rf1	11021	01	1	pre_resample	/ZPOOL/data/projects/rf1-sra-linux2/derivatives/fmriprep/sub-11021/ses-01/func/sub-11021_ses-01_task-sharedreward_run-1_part-mag_space-MNI152NLin6Asym_desc-preproc_bold.nii.gz	/ZPOOL/data/projects/rf1-sra-linux2/derivatives/fmriprep/sub-11021/ses-01/func/sub-11021_ses-01_task-sharedreward_run-1_part-mag_space-MNI152NLin6Asym_desc-brain_mask.nii.gz	2.7	2.7	2.97	255	1.615	3.17996	3.54952	3.6005	3.4381	0.949504	2.02308	16.6953	4.76307	Precompiled binary linux_ubuntu_24_64: Aug  4 2026 (Version AFNI_26.2.03 'Gordian III')
rf1	11021	01	2	pre_resample	/ZPOOL/data/projects/rf1-sra-linux2/derivatives/fmriprep/sub-11021/ses-01/func/sub-11021_ses-01_task-sharedreward_run-2_part-mag_space-MNI152NLin6Asym_desc-preproc_bold.nii.gz	/ZPOOL/data/projects/rf1-sra-linux2/derivatives/fmriprep/sub-11021/ses-01/func/sub-11021_ses-01_task-sharedreward_run-2_part-mag_space-MNI152NLin6Asym_desc-brain_mask.nii.gz	2.7	2.7	2.97	255	1.615	3.21206	3.60826	3.58471	3.46348	0.939136	2.02525	17.1615	4.80974	Precompiled binary linux_ubuntu_24_64: Aug  4 2026 (Version AFNI_26.2.03 'Gordian III')
rf1	11030	01	1	pre_resample	/ZPOOL/data/projects/rf1-sra-linux2/derivatives/fmriprep/sub-11030/ses-01/func/sub-11030_ses-01_task-sharedreward_run-1_part-mag_space-MNI152NLin6Asym_desc-preproc_bold.nii.gz	/ZPOOL/data/projects/rf1-sra-linux2/derivatives/fmriprep/sub-11030/ses-01/func/sub-11030_ses-01_task-sharedreward_run-1_part-mag_space-MNI152NLin6Asym_desc-brain_mask.nii.gz	2.7	2.7	2.97	255	1.615	3.1314	3.38365	3.25562	3.25526	0.944217	1.88946	15.6237	4.40782	Precompiled binary linux_ubuntu_24_64: Aug  4 2026 (Version AFNI_26.2.03 'Gordian III')
rf1	11030	01	2	pre_resample	/ZPOOL/data/projects/rf1-sra-linux2/derivatives/fmriprep/sub-11030/ses-01/func/sub-11030_ses-01_task-sharedreward_run-2_part-mag_space-MNI152NLin6Asym_desc-preproc_bold.nii.gz	/ZPOOL/data/projects/rf1-sra-linux2/derivatives/fmriprep/sub-11030/ses-01/func/sub-11030_ses-01_task-sharedreward_run-2_part-mag_space-MNI152NLin6Asym_desc-brain_mask.nii.gz	2.7	2.7	2.97	255	1.615	3.18411	3.44778	3.43129	3.35219	0.933951	1.93911	16.1925	4.58097	Precompiled binary linux_ubuntu_24_64: Aug  4 2026 (Version AFNI_26.2.03 'Gordian III')
rf1	11031	01	1	pre_resample	/ZPOOL/data/projects/rf1-sra-linux2/derivatives/fmriprep/sub-11031/ses-01/func/sub-11031_ses-01_task-sharedreward_run-1_part-mag_space-MNI152NLin6Asym_desc-preproc_bold.nii.gz	/ZPOOL/data/projects/rf1-sra-linux2/derivatives/fmriprep/sub-11031/ses-01/func/sub-11031_ses-01_task-sharedreward_run-1_part-mag_space-MNI152NLin6Asym_desc-brain_mask.nii.gz	2.7	2.7	2.97	255	1.615	3.14154	3.68729	3.60664	3.4699	0.92634	2.01035	17.126	4.81508	Precompiled binary linux_ubuntu_24_64: Aug  4 2026 (Version AFNI_26.2.03 'Gordian III')
rf1	11031	01	2	pre_resample	/ZPOOL/data/projects/rf1-sra-linux2/derivatives/fmriprep/sub-11031/ses-01/func/sub-11031_ses-01_task-sharedreward_run-2_part-mag_space-MNI152NLin6Asym_desc-preproc_bold.nii.gz	/ZPOOL/data/projects/rf1-sra-linux2/derivatives/fmriprep/sub-11031/ses-01/func/sub-11031_ses-01_task-sharedreward_run-2_part-mag_space-MNI152NLin6Asym_desc-brain_mask.nii.gz	2.7	2.7	2.97	255	1.615	3.12196	3.63754	3.57867	3.4381	0.927689	1.99422	16.785	4.76183	Precompiled binary linux_ubuntu_24_64: Aug  4 2026 (Version AFNI_26.2.03 'Gordian III')
rf1	11036	01	1	pre_resample	/ZPOOL/data/projects/rf1-sra-linux2/derivatives/fmriprep/sub-11036/ses-01/func/sub-11036_ses-01_task-sharedreward_run-1_part-mag_space-MNI152NLin6Asym_desc-preproc_bold.nii.gz	/ZPOOL/data/projects/rf1-sra-linux2/derivatives/fmriprep/sub-11036/ses-01/func/sub-11036_ses-01_task-sharedreward_run-1_part-mag_space-MNI152NLin6Asym_desc-brain_mask.nii.gz	2.7	2.7	2.97	255	1.615	3.23455	3.57873	3.57588	3.4592	0.932841	2.01086	17.099	4.79165	Precompiled binary linux_ubuntu_24_64: Aug  4 2026 (Version AFNI_26.2.03 'Gordian III')
rf1	11036	01	2	pre_resample	/ZPOOL/data/projects/rf1-sra-linux2/derivatives/fmriprep/sub-11036/ses-01/func/sub-11036_ses-01_task-sharedreward_run-2_part-mag_space-MNI152NLin6Asym_desc-preproc_bold.nii.gz	/ZPOOL/data/projects/rf1-sra-linux2/derivatives/fmriprep/sub-11036/ses-01/func/sub-11036_ses-01_task-sharedreward_run-2_part-mag_space-MNI152NLin6Asym_desc-brain_mask.nii.gz	2.7	2.7	2.97	255	1.615	3.12929	3.51323	3.40222	3.3443	0.93761	1.94658	16.237	4.58858	Precompiled binary linux_ubuntu_24_64: Aug  4 2026 (Version AFNI_26.2.03 'Gordian III')
rf1	11039	01	1	pre_resample	/ZPOOL/data/projects/rf1-sra-linux2/derivatives/fmriprep/sub-11039/ses-01/func/sub-11039_ses-01_task-sharedreward_run-1_part-mag_space-MNI152NLin6Asym_desc-preproc_bold.nii.gz	/ZPOOL/data/projects/rf1-sra-linux2/derivatives/fmriprep/sub-11039/ses-01/func/sub-11039_ses-01_task-sharedreward_run-1_part-mag_space-MNI152NLin6Asym_desc-brain_mask.nii.gz	2.7	2.7	2.97	255	1.615	3.34196	3.52839	3.30581	3.39067	0.944407	1.97196	17.4707	4.63918	Precompiled binary linux_ubuntu_24_64: Aug  4 2026 (Version AFNI_26.2.03 'Gordian III')
rf1	11039	01	2	pre_resample	/ZPOOL/data/projects/rf1-sra-linux2/derivatives/fmriprep/sub-11039/ses-01/func/sub-11039_ses-01_task-sharedreward_run-2_part-mag_space-MNI152NLin6Asym_desc-preproc_bold.nii.gz	/ZPOOL/data/projects/rf1-sra-linux2/derivatives/fmriprep/sub-11039/ses-01/func/sub-11039_ses-01_task-sharedreward_run-2_part-mag_space-MNI152NLin6Asym_desc-brain_mask.nii.gz	2.7	2.7	2.97	255	1.615	3.36656	3.57143	3.30798	3.41348	0.936213	1.9737	17.8054	4.67579	Precompiled binary linux_ubuntu_24_64: Aug  4 2026 (Version AFNI_26.2.03 'Gordian III')
rf1	11042	01	1	pre_resample	/ZPOOL/data/projects/rf1-sra-linux2/derivatives/fmriprep/sub-11042/ses-01/func/sub-11042_ses-01_task-sharedreward_run-1_part-mag_space-MNI152NLin6Asym_desc-preproc_bold.nii.gz	/ZPOOL/data/projects/rf1-sra-linux2/derivatives/fmriprep/sub-11042/ses-01/func/sub-11042_ses-01_task-sharedreward_run-1_part-mag_space-MNI152NLin6Asym_desc-brain_mask.nii.gz	2.7	2.7	2.97	255	1.615	3.28124	3.7212	3.69735	3.56072	0.93225	2.06498	17.9539	4.95627	Precompiled binary linux_ubuntu_24_64: Aug  4 2026 (Version AFNI_26.2.03 'Gordian III')
rf1	11042	01	2	pre_resample	/ZPOOL/data/projects/rf1-sra-linux2/derivatives/fmriprep/sub-11042/ses-01/func/sub-11042_ses-01_task-sharedreward_run-2_part-mag_space-MNI152NLin6Asym_desc-preproc_bold.nii.gz	/ZPOOL/data/projects/rf1-sra-linux2/derivatives/fmriprep/sub-11042/ses-01/func/sub-11042_ses-01_task-sharedreward_run-2_part-mag_space-MNI152NLin6Asym_desc-brain_mask.nii.gz	2.7	2.7	2.97	255	1.615	3.28784	3.7417	3.7099	3.57367	0.923463	2.05915	18.0904	4.97433	Precompiled binary linux_ubuntu_24_64: Aug  4 2026 (Version AFNI_26.2.03 'Gordian III')
rf1	11053	01	1	pre_resample	/ZPOOL/data/projects/rf1-sra-linux2/derivatives/fmriprep/sub-11053/ses-01/func/sub-11053_ses-01_task-sharedreward_run-1_part-mag_space-MNI152NLin6Asym_desc-preproc_bold.nii.gz	/ZPOOL/data/projects/rf1-sra-linux2/derivatives/fmriprep/sub-11053/ses-01/func/sub-11053_ses-01_task-sharedreward_run-1_part-mag_space-MNI152NLin6Asym_desc-brain_mask.nii.gz	2.7	2.7	2.97	255	1.615	3.0921	3.46565	3.37016	3.30544	0.924166	1.90126	15.8022	4.51088	Precompiled binary linux_ubuntu_24_64: Aug  4 2026 (Version AFNI_26.2.03 'Gordian III')
rf1	11053	01	2	pre_resample	/ZPOOL/data/projects/rf1-sra-linux2/derivatives/fmriprep/sub-11053/ses-01/func/sub-11053_ses-01_task-sharedreward_run-2_part-mag_space-MNI152NLin6Asym_desc-preproc_bold.nii.gz	/ZPOOL/data/projects/rf1-sra-linux2/derivatives/fmriprep/sub-11053/ses-01/func/sub-11053_ses-01_task-sharedreward_run-2_part-mag_space-MNI152NLin6Asym_desc-brain_mask.nii.gz	2.7	2.7	2.97	255	1.615	3.14039	3.50684	3.44606	3.36053	0.92241	1.93456	16.2528	4.6108	Precompiled binary linux_ubuntu_24_64: Aug  4 2026 (Version AFNI_26.2.03 'Gordian III')
rf1	11058	01	1	pre_resample	/ZPOOL/data/projects/rf1-sra-linux2/derivatives/fmriprep/sub-11058/ses-01/func/sub-11058_ses-01_task-sharedreward_run-1_part-mag_space-MNI152NLin6Asym_desc-preproc_bold.nii.gz	/ZPOOL/data/projects/rf1-sra-linux2/derivatives/fmriprep/sub-11058/ses-01/func/sub-11058_ses-01_task-sharedreward_run-1_part-mag_space-MNI152NLin6Asym_desc-brain_mask.nii.gz	2.7	2.7	2.97	255	1.615	3.21148	3.59466	3.36469	3.38664	0.915414	1.94819	15.9751	4.67306	Precompiled binary linux_ubuntu_24_64: Aug  4 2026 (Version AFNI_26.2.03 'Gordian III')
rf1	11058	01	2	pre_resample	/ZPOOL/data/projects/rf1-sra-linux2/derivatives/fmriprep/sub-11058/ses-01/func/sub-11058_ses-01_task-sharedreward_run-2_part-mag_space-MNI152NLin6Asym_desc-preproc_bold.nii.gz	/ZPOOL/data/projects/rf1-sra-linux2/derivatives/fmriprep/sub-11058/ses-01/func/sub-11058_ses-01_task-sharedreward_run-2_part-mag_space-MNI152NLin6Asym_desc-brain_mask.nii.gz	2.7	2.7	2.97	255	1.615	3.2588	3.65573	3.43877	3.44729	0.9154	1.97521	17.5774	4.75856	Precompiled binary linux_ubuntu_24_64: Aug  4 2026 (Version AFNI_26.2.03 'Gordian III')
rf1	11060	01	1	pre_resample	/ZPOOL/data/projects/rf1-sra-linux2/derivatives/fmriprep/sub-11060/ses-01/func/sub-11060_ses-01_task-sharedreward_run-1_part-mag_space-MNI152NLin6Asym_desc-preproc_bold.nii.gz	/ZPOOL/data/projects/rf1-sra-linux2/derivatives/fmriprep/sub-11060/ses-01/func/sub-11060_ses-01_task-sharedreward_run-1_part-mag_space-MNI152NLin6Asym_desc-brain_mask.nii.gz	2.7	2.7	2.97	255	1.615	3.1482	3.5679	3.35675	3.35324	0.932862	1.94687	16.6364	4.60838	Precompiled binary linux_ubuntu_24_64: Aug  4 2026 (Version AFNI_26.2.03 'Gordian III')
rf1	11060	01	2	pre_resample	/ZPOOL/data/projects/rf1-sra-linux2/derivatives/fmriprep/sub-11060/ses-01/func/sub-11060_ses-01_task-sharedreward_run-2_part-mag_space-MNI152NLin6Asym_desc-preproc_bold.nii.gz	/ZPOOL/data/projects/rf1-sra-linux2/derivatives/fmriprep/sub-11060/ses-01/func/sub-11060_ses-01_task-sharedreward_run-2_part-mag_space-MNI152NLin6Asym_desc-brain_mask.nii.gz	2.7	2.7	2.97	255	1.615	3.16791	3.58162	3.35943	3.36542	0.928385	1.94915	16.8115	4.63204	Precompiled binary linux_ubuntu_24_64: Aug  4 2026 (Version AFNI_26.2.03 'Gordian III')
rf1	11063	01	1	pre_resample	/ZPOOL/data/projects/rf1-sra-linux2/derivatives/fmriprep/sub-11063/ses-01/func/sub-11063_ses-01_task-sharedreward_run-1_part-mag_space-MNI152NLin6Asym_desc-preproc_bold.nii.gz	/ZPOOL/data/projects/rf1-sra-linux2/derivatives/fmriprep/sub-11063/ses-01/func/sub-11063_ses-01_task-sharedreward_run-1_part-mag_space-MNI152NLin6Asym_desc-brain_mask.nii.gz	2.7	2.7	2.97	255	1.615	2.99618	3.29662	3.39532	3.22482	0.948438	1.89579	14.6275	4.40647	Precompiled binary linux_ubuntu_24_64: Aug  4 2026 (Version AFNI_26.2.03 'Gordian III')
rf1	11063	01	2	pre_resample	/ZPOOL/data/projects/rf1-sra-linux2/derivatives/fmriprep/sub-11063/ses-01/func/sub-11063_ses-01_task-sharedreward_run-2_part-mag_space-MNI152NLin6Asym_desc-preproc_bold.nii.gz	/ZPOOL/data/projects/rf1-sra-linux2/derivatives/fmriprep/sub-11063/ses-01/func/sub-11063_ses-01_task-sharedreward_run-2_part-mag_space-MNI152NLin6Asym_desc-brain_mask.nii.gz	2.7	2.7	2.97	255	1.615	3.02341	3.34973	3.47844	3.27816	0.942716	1.92435	15.0042	4.50433	Precompiled binary linux_ubuntu_24_64: Aug  4 2026 (Version AFNI_26.2.03 'Gordian III')
rf1	11064	01	1	pre_resample	/ZPOOL/data/projects/rf1-sra-linux2/derivatives/fmriprep/sub-11064/ses-01/func/sub-11064_ses-01_task-sharedreward_run-1_part-mag_space-MNI152NLin6Asym_desc-preproc_bold.nii.gz	/ZPOOL/data/projects/rf1-sra-linux2/derivatives/fmriprep/sub-11064/ses-01/func/sub-11064_ses-01_task-sharedreward_run-1_part-mag_space-MNI152NLin6Asym_desc-brain_mask.nii.gz	2.7	2.7	2.97	255	1.615	3.5748	3.77626	3.1656	3.49615	0.90263	1.95526	19.8317	4.76395	Precompiled binary linux_ubuntu_24_64: Aug  4 2026 (Version AFNI_26.2.03 'Gordian III')
rf1	11064	01	2	pre_resample	/ZPOOL/data/projects/rf1-sra-linux2/derivatives/fmriprep/sub-11064/ses-01/func/sub-11064_ses-01_task-sharedreward_run-2_part-mag_space-MNI152NLin6Asym_desc-preproc_bold.nii.gz	/ZPOOL/data/projects/rf1-sra-linux2/derivatives/fmriprep/sub-11064/ses-01/func/sub-11064_ses-01_task-sharedreward_run-2_part-mag_space-MNI152NLin6Asym_desc-brain_mask.nii.gz	2.7	2.7	2.97	255	1.615	3.54736	3.88238	3.42694	3.61385	0.906942	2.04878	20.1329	5.02129	Precompiled binary linux_ubuntu_24_64: Aug  4 2026 (Version AFNI_26.2.03 'Gordian III')
rf1	11065	01	1	pre_resample	/ZPOOL/data/projects/rf1-sra-linux2/derivatives/fmriprep/sub-11065/ses-01/func/sub-11065_ses-01_task-sharedreward_run-1_part-mag_space-MNI152NLin6Asym_desc-preproc_bold.nii.gz	/ZPOOL/data/projects/rf1-sra-linux2/derivatives/fmriprep/sub-11065/ses-01/func/sub-11065_ses-01_task-sharedreward_run-1_part-mag_space-MNI152NLin6Asym_desc-brain_mask.nii.gz	2.7	2.7	2.97	255	1.615	3.1237	3.58685	3.48949	3.39402	0.923961	1.96425	16.5835	4.6897	Precompiled binary linux_ubuntu_24_64: Aug  4 2026 (Version AFNI_26.2.03 'Gordian III')
rf1	11065	01	2	pre_resample	/ZPOOL/data/projects/rf1-sra-linux2/derivatives/fmriprep/sub-11065/ses-01/func/sub-11065_ses-01_task-sharedreward_run-2_part-mag_space-MNI152NLin6Asym_desc-preproc_bold.nii.gz	/ZPOOL/data/projects/rf1-sra-linux2/derivatives/fmriprep/sub-11065/ses-01/func/sub-11065_ses-01_task-sharedreward_run-2_part-mag_space-MNI152NLin6Asym_desc-brain_mask.nii.gz	2.7	2.7	2.97	255	1.615	3.10304	3.58978	3.44398	3.37265	0.920061	1.94184	16.4671	4.64085	Precompiled binary linux_ubuntu_24_64: Aug  4 2026 (Version AFNI_26.2.03 'Gordian III')
rf1	11066	01	1	pre_resample	/ZPOOL/data/projects/rf1-sra-linux2/derivatives/fmriprep/sub-11066/ses-01/func/sub-11066_ses-01_task-sharedreward_run-1_part-mag_space-MNI152NLin6Asym_desc-preproc_bold.nii.gz	/ZPOOL/data/projects/rf1-sra-linux2/derivatives/fmriprep/sub-11066/ses-01/func/sub-11066_ses-01_task-sharedreward_run-1_part-mag_space-MNI152NLin6Asym_desc-brain_mask.nii.gz	2.7	2.7	2.97	255	1.615	2.94853	3.51755	3.70692	3.3751	0.934215	1.96102	15.2947	4.63658	Precompiled binary linux_ubuntu_24_64: Aug  4 2026 (Version AFNI_26.2.03 'Gordian III')
rf1	11066	01	2	pre_resample	/ZPOOL/data/projects/rf1-sra-linux2/derivatives/fmriprep/sub-11066/ses-01/func/sub-11066_ses-01_task-sharedreward_run-2_part-mag_space-MNI152NLin6Asym_desc-preproc_bold.nii.gz	/ZPOOL/data/projects/rf1-sra-linux2/derivatives/fmriprep/sub-11066/ses-01/func/sub-11066_ses-01_task-sharedreward_run-2_part-mag_space-MNI152NLin6Asym_desc-brain_mask.nii.gz	2.7	2.7	2.97	255	1.615	2.95099	3.51668	3.70761	3.37597	0.930688	1.95581	15.3163	4.63479	Precompiled binary linux_ubuntu_24_64: Aug  4 2026 (Version AFNI_26.2.03 'Gordian III')
rf1	11068	01	1	pre_resample	/ZPOOL/data/projects/rf1-sra-linux2/derivatives/fmriprep/sub-11068/ses-01/func/sub-11068_ses-01_task-sharedreward_run-1_part-mag_space-MNI152NLin6Asym_desc-preproc_bold.nii.gz	/ZPOOL/data/projects/rf1-sra-linux2/derivatives/fmriprep/sub-11068/ses-01/func/sub-11068_ses-01_task-sharedreward_run-1_part-mag_space-MNI152NLin6Asym_desc-brain_mask.nii.gz	2.7	2.7	2.97	255	1.615	3.34633	3.55431	3.48359	3.46032	0.942167	2.00874	17.5378	4.75215	Precompiled binary linux_ubuntu_24_64: Aug  4 2026 (Version AFNI_26.2.03 'Gordian III')
rf1	11068	01	2	pre_resample	/ZPOOL/data/projects/rf1-sra-linux2/derivatives/fmriprep/sub-11068/ses-01/func/sub-11068_ses-01_task-sharedreward_run-2_part-mag_space-MNI152NLin6Asym_desc-preproc_bold.nii.gz	/ZPOOL/data/projects/rf1-sra-linux2/derivatives/fmriprep/sub-11068/ses-01/func/sub-11068_ses-01_task-sharedreward_run-2_part-mag_space-MNI152NLin6Asym_desc-brain_mask.nii.gz	2.7	2.7	2.97	255	1.615	3.33525	3.56651	3.56374	3.48679	0.942675	2.03195	17.5805	4.8174	Precompiled binary linux_ubuntu_24_64: Aug  4 2026 (Version AFNI_26.2.03 'Gordian III')
rf1	11071	01	1	pre_resample	/ZPOOL/data/projects/rf1-sra-linux2/derivatives/fmriprep/sub-11071/ses-01/func/sub-11071_ses-01_task-sharedreward_run-1_part-mag_space-MNI152NLin6Asym_desc-preproc_bold.nii.gz	/ZPOOL/data/projects/rf1-sra-linux2/derivatives/fmriprep/sub-11071/ses-01/func/sub-11071_ses-01_task-sharedreward_run-1_part-mag_space-MNI152NLin6Asym_desc-brain_mask.nii.gz	2.7	2.7	2.97	255	1.615	3.15546	3.22697	3.18177	3.18793	0.960825	1.8838	15.0756	4.33486	Precompiled binary linux_ubuntu_24_64: Aug  4 2026 (Version AFNI_26.2.03 'Gordian III')
rf1	11071	01	2	pre_resample	/ZPOOL/data/projects/rf1-sra-linux2/derivatives/fmriprep/sub-11071/ses-01/func/sub-11071_ses-01_task-sharedreward_run-2_part-mag_space-MNI152NLin6Asym_desc-preproc_bold.nii.gz	/ZPOOL/data/projects/rf1-sra-linux2/derivatives/fmriprep/sub-11071/ses-01/func/sub-11071_ses-01_task-sharedreward_run-2_part-mag_space-MNI152NLin6Asym_desc-brain_mask.nii.gz	2.7	2.7	2.97	255	1.615	3.1772	3.21525	3.07668	3.15583	0.958878	1.85381	15.1127	4.26336	Precompiled binary linux_ubuntu_24_64: Aug  4 2026 (Version AFNI_26.2.03 'Gordian III')
rf1	11072	01	1	pre_resample	/ZPOOL/data/projects/rf1-sra-linux2/derivatives/fmriprep/sub-11072/ses-01/func/sub-11072_ses-01_task-sharedreward_run-1_part-mag_space-MNI152NLin6Asym_desc-preproc_bold.nii.gz	/ZPOOL/data/projects/rf1-sra-linux2/derivatives/fmriprep/sub-11072/ses-01/func/sub-11072_ses-01_task-sharedreward_run-1_part-mag_space-MNI152NLin6Asym_desc-brain_mask.nii.gz	2.7	2.7	2.97	255	1.615	3.23109	3.53041	3.69239	3.47932	0.940663	2.02445	16.8261	4.80031	Precompiled binary linux_ubuntu_24_64: Aug  4 2026 (Version AFNI_26.2.03 'Gordian III')
rf1	11072	01	2	pre_resample	/ZPOOL/data/projects/rf1-sra-linux2/derivatives/fmriprep/sub-11072/ses-01/func/sub-11072_ses-01_task-sharedreward_run-2_part-mag_space-MNI152NLin6Asym_desc-preproc_bold.nii.gz	/ZPOOL/data/projects/rf1-sra-linux2/derivatives/fmriprep/sub-11072/ses-01/func/sub-11072_ses-01_task-sharedreward_run-2_part-mag_space-MNI152NLin6Asym_desc-brain_mask.nii.gz	2.7	2.7	2.97	255	1.615	3.24998	3.56137	3.77657	3.52261	0.935043	2.04548	17.0808	4.88395	Precompiled binary linux_ubuntu_24_64: Aug  4 2026 (Version AFNI_26.2.03 'Gordian III')
rf1	11074	01	1	pre_resample	/ZPOOL/data/projects/rf1-sra-linux2/derivatives/fmriprep/sub-11074/ses-01/func/sub-11074_ses-01_task-sharedreward_run-1_part-mag_space-MNI152NLin6Asym_desc-preproc_bold.nii.gz	/ZPOOL/data/projects/rf1-sra-linux2/derivatives/fmriprep/sub-11074/ses-01/func/sub-11074_ses-01_task-sharedreward_run-1_part-mag_space-MNI152NLin6Asym_desc-brain_mask.nii.gz	2.7	2.7	2.97	255	1.615	2.87826	3.48697	3.2879	3.20749	0.959288	1.8863	14.8491	4.3459	Precompiled binary linux_ubuntu_24_64: Aug  4 2026 (Version AFNI_26.2.03 'Gordian III')
rf1	11074	01	2	pre_resample	/ZPOOL/data/projects/rf1-sra-linux2/derivatives/fmriprep/sub-11074/ses-01/func/sub-11074_ses-01_task-sharedreward_run-2_part-mag_space-MNI152NLin6Asym_desc-preproc_bold.nii.gz	/ZPOOL/data/projects/rf1-sra-linux2/derivatives/fmriprep/sub-11074/ses-01/func/sub-11074_ses-01_task-sharedreward_run-2_part-mag_space-MNI152NLin6Asym_desc-brain_mask.nii.gz	2.7	2.7	2.97	255	1.615	2.90478	3.52471	3.28597	3.22824	0.954492	1.89143	15.1498	4.37635	Precompiled binary linux_ubuntu_24_64: Aug  4 2026 (Version AFNI_26.2.03 'Gordian III')
rf1	11075	01	1	pre_resample	/ZPOOL/data/projects/rf1-sra-linux2/derivatives/fmriprep/sub-11075/ses-01/func/sub-11075_ses-01_task-sharedreward_run-1_part-mag_space-MNI152NLin6Asym_desc-preproc_bold.nii.gz	/ZPOOL/data/projects/rf1-sra-linux2/derivatives/fmriprep/sub-11075/ses-01/func/sub-11075_ses-01_task-sharedreward_run-1_part-mag_space-MNI152NLin6Asym_desc-brain_mask.nii.gz	2.7	2.7	2.97	255	1.615	2.9337	3.26204	3.13239	3.10642	0.950781	1.80872	14.1714	4.17222	Precompiled binary linux_ubuntu_24_64: Aug  4 2026 (Version AFNI_26.2.03 'Gordian III')
rf1	11075	01	2	pre_resample	/ZPOOL/data/projects/rf1-sra-linux2/derivatives/fmriprep/sub-11075/ses-01/func/sub-11075_ses-01_task-sharedreward_run-2_part-mag_space-MNI152NLin6Asym_desc-preproc_bold.nii.gz	/ZPOOL/data/projects/rf1-sra-linux2/derivatives/fmriprep/sub-11075/ses-01/func/sub-11075_ses-01_task-sharedreward_run-2_part-mag_space-MNI152NLin6Asym_desc-brain_mask.nii.gz	2.7	2.7	2.97	255	1.615	2.96088	3.25659	3.19175	3.1338	0.942965	1.81775	14.2655	4.22064	Precompiled binary linux_ubuntu_24_64: Aug  4 2026 (Version AFNI_26.2.03 'Gordian III')
rf1	11076	01	1	pre_resample	/ZPOOL/data/projects/rf1-sra-linux2/derivatives/fmriprep/sub-11076/ses-01/func/sub-11076_ses-01_task-sharedreward_run-1_part-mag_space-MNI152NLin6Asym_desc-preproc_bold.nii.gz	/ZPOOL/data/projects/rf1-sra-linux2/derivatives/fmriprep/sub-11076/ses-01/func/sub-11076_ses-01_task-sharedreward_run-1_part-mag_space-MNI152NLin6Asym_desc-brain_mask.nii.gz	2.7	2.7	2.97	255	1.615	3.16013	3.57404	3.36715	3.36286	0.960048	1.97459	16.6748	4.58753	Precompiled binary linux_ubuntu_24_64: Aug  4 2026 (Version AFNI_26.2.03 'Gordian III')
rf1	11078	01	1	pre_resample	/ZPOOL/data/projects/rf1-sra-linux2/derivatives/fmriprep/sub-11078/ses-01/func/sub-11078_ses-01_task-sharedreward_run-1_part-mag_space-MNI152NLin6Asym_desc-preproc_bold.nii.gz	/ZPOOL/data/projects/rf1-sra-linux2/derivatives/fmriprep/sub-11078/ses-01/func/sub-11078_ses-01_task-sharedreward_run-1_part-mag_space-MNI152NLin6Asym_desc-brain_mask.nii.gz	2.7	2.7	2.97	255	1.615	3.00725	3.58073	3.18539	3.24914	0.948383	1.88464	15.9211	4.38168	Precompiled binary linux_ubuntu_24_64: Aug  4 2026 (Version AFNI_26.2.03 'Gordian III')
rf1	11078	01	2	pre_resample	/ZPOOL/data/projects/rf1-sra-linux2/derivatives/fmriprep/sub-11078/ses-01/func/sub-11078_ses-01_task-sharedreward_run-2_part-mag_space-MNI152NLin6Asym_desc-preproc_bold.nii.gz	/ZPOOL/data/projects/rf1-sra-linux2/derivatives/fmriprep/sub-11078/ses-01/func/sub-11078_ses-01_task-sharedreward_run-2_part-mag_space-MNI152NLin6Asym_desc-brain_mask.nii.gz	2.7	2.7	2.97	255	1.615	3.02321	3.57647	3.15819	3.2443	0.946257	1.87541	15.9692	4.36482	Precompiled binary linux_ubuntu_24_64: Aug  4 2026 (Version AFNI_26.2.03 'Gordian III')
rf1	11083	01	1	pre_resample	/ZPOOL/data/projects/rf1-sra-linux2/derivatives/fmriprep/sub-11083/ses-01/func/sub-11083_ses-01_task-sharedreward_run-1_part-mag_space-MNI152NLin6Asym_desc-preproc_bold.nii.gz	/ZPOOL/data/projects/rf1-sra-linux2/derivatives/fmriprep/sub-11083/ses-01/func/sub-11083_ses-01_task-sharedreward_run-1_part-mag_space-MNI152NLin6Asym_desc-brain_mask.nii.gz	2.7	2.7	2.97	255	1.615	3.55203	3.65153	3.43962	3.54667	0.942785	2.04664	19.1473	4.86527	Precompiled binary linux_ubuntu_24_64: Aug  4 2026 (Version AFNI_26.2.03 'Gordian III')
rf1	11083	01	2	pre_resample	/ZPOOL/data/projects/rf1-sra-linux2/derivatives/fmriprep/sub-11083/ses-01/func/sub-11083_ses-01_task-sharedreward_run-2_part-mag_space-MNI152NLin6Asym_desc-preproc_bold.nii.gz	/ZPOOL/data/projects/rf1-sra-linux2/derivatives/fmriprep/sub-11083/ses-01/func/sub-11083_ses-01_task-sharedreward_run-2_part-mag_space-MNI152NLin6Asym_desc-brain_mask.nii.gz	2.7	2.7	2.97	255	1.615	3.36533	3.58393	3.41184	3.45244	0.944294	1.99609	17.7747	4.70881	Precompiled binary linux_ubuntu_24_64: Aug  4 2026 (Version AFNI_26.2.03 'Gordian III')
rf1	11084	01	1	pre_resample	/ZPOOL/data/projects/rf1-sra-linux2/derivatives/fmriprep/sub-11084/ses-01/func/sub-11084_ses-01_task-sharedreward_run-1_part-mag_space-MNI152NLin6Asym_desc-preproc_bold.nii.gz	/ZPOOL/data/projects/rf1-sra-linux2/derivatives/fmriprep/sub-11084/ses-01/func/sub-11084_ses-01_task-sharedreward_run-1_part-mag_space-MNI152NLin6Asym_desc-brain_mask.nii.gz	2.7	2.7	2.97	255	1.615	3.04832	3.29434	3.24185	3.19306	0.968471	1.88998	14.8862	4.32541	Precompiled binary linux_ubuntu_24_64: Aug  4 2026 (Version AFNI_26.2.03 'Gordian III')
rf1	11084	01	2	pre_resample	/ZPOOL/data/projects/rf1-sra-linux2/derivatives/fmriprep/sub-11084/ses-01/func/sub-11084_ses-01_task-sharedreward_run-2_part-mag_space-MNI152NLin6Asym_desc-preproc_bold.nii.gz	/ZPOOL/data/projects/rf1-sra-linux2/derivatives/fmriprep/sub-11084/ses-01/func/sub-11084_ses-01_task-sharedreward_run-2_part-mag_space-MNI152NLin6Asym_desc-brain_mask.nii.gz	2.7	2.7	2.97	255	1.615	3.09209	3.3177	3.2862	3.23044	0.961015	1.9037	15.204	4.38718	Precompiled binary linux_ubuntu_24_64: Aug  4 2026 (Version AFNI_26.2.03 'Gordian III')
rf1	11085	01	1	pre_resample	/ZPOOL/data/projects/rf1-sra-linux2/derivatives/fmriprep/sub-11085/ses-01/func/sub-11085_ses-01_task-sharedreward_run-1_part-mag_space-MNI152NLin6Asym_desc-preproc_bold.nii.gz	/ZPOOL/data/projects/rf1-sra-linux2/derivatives/fmriprep/sub-11085/ses-01/func/sub-11085_ses-01_task-sharedreward_run-1_part-mag_space-MNI152NLin6Asym_desc-brain_mask.nii.gz	2.7	2.7	2.97	255	1.615	3.33483	3.68301	3.39635	3.46814	0.952534	2.02463	18.1091	4.76071	Precompiled binary linux_ubuntu_24_64: Aug  4 2026 (Version AFNI_26.2.03 'Gordian III')
rf1	11085	01	2	pre_resample	/ZPOOL/data/projects/rf1-sra-linux2/derivatives/fmriprep/sub-11085/ses-01/func/sub-11085_ses-01_task-sharedreward_run-2_part-mag_space-MNI152NLin6Asym_desc-preproc_bold.nii.gz	/ZPOOL/data/projects/rf1-sra-linux2/derivatives/fmriprep/sub-11085/ses-01/func/sub-11085_ses-01_task-sharedreward_run-2_part-mag_space-MNI152NLin6Asym_desc-brain_mask.nii.gz	2.7	2.7	2.97	255	1.615	3.36168	3.69871	3.42445	3.49193	0.951283	2.04081	18.3682	4.81305	Precompiled binary linux_ubuntu_24_64: Aug  4 2026 (Version AFNI_26.2.03 'Gordian III')
rf1	11090	01	1	pre_resample	/ZPOOL/data/projects/rf1-sra-linux2/derivatives/fmriprep/sub-11090/ses-01/func/sub-11090_ses-01_task-sharedreward_run-1_part-mag_space-MNI152NLin6Asym_desc-preproc_bold.nii.gz	/ZPOOL/data/projects/rf1-sra-linux2/derivatives/fmriprep/sub-11090/ses-01/func/sub-11090_ses-01_task-sharedreward_run-1_part-mag_space-MNI152NLin6Asym_desc-brain_mask.nii.gz	2.7	2.7	2.97	255	1.615	3.24302	3.3355	3.34359	3.30706	0.948253	1.93232	15.9642	4.51047	Precompiled binary linux_ubuntu_24_64: Aug  4 2026 (Version AFNI_26.2.03 'Gordian III')
rf1	11090	01	2	pre_resample	/ZPOOL/data/projects/rf1-sra-linux2/derivatives/fmriprep/sub-11090/ses-01/func/sub-11090_ses-01_task-sharedreward_run-2_part-mag_space-MNI152NLin6Asym_desc-preproc_bold.nii.gz	/ZPOOL/data/projects/rf1-sra-linux2/derivatives/fmriprep/sub-11090/ses-01/func/sub-11090_ses-01_task-sharedreward_run-2_part-mag_space-MNI152NLin6Asym_desc-brain_mask.nii.gz	2.7	2.7	2.97	255	1.615	3.22936	3.32897	3.30257	3.2867	0.9438	1.92219	14.5421	4.49272	Precompiled binary linux_ubuntu_24_64: Aug  4 2026 (Version AFNI_26.2.03 'Gordian III')
rf1	11110	01	1	pre_resample	/ZPOOL/data/projects/rf1-sra-linux2/derivatives/fmriprep/sub-11110/ses-01/func/sub-11110_ses-01_task-sharedreward_run-1_part-mag_space-MNI152NLin6Asym_desc-preproc_bold.nii.gz	/ZPOOL/data/projects/rf1-sra-linux2/derivatives/fmriprep/sub-11110/ses-01/func/sub-11110_ses-01_task-sharedreward_run-1_part-mag_space-MNI152NLin6Asym_desc-brain_mask.nii.gz	2.7	2.7	2.97	255	1.615	3.21652	3.24264	3.12572	3.19457	0.963984	1.88692	15.498	4.33361	Precompiled binary linux_ubuntu_24_64: Aug  4 2026 (Version AFNI_26.2.03 'Gordian III')
rf1	11110	01	2	pre_resample	/ZPOOL/data/projects/rf1-sra-linux2/derivatives/fmriprep/sub-11110/ses-01/func/sub-11110_ses-01_task-sharedreward_run-2_part-mag_space-MNI152NLin6Asym_desc-preproc_bold.nii.gz	/ZPOOL/data/projects/rf1-sra-linux2/derivatives/fmriprep/sub-11110/ses-01/func/sub-11110_ses-01_task-sharedreward_run-2_part-mag_space-MNI152NLin6Asym_desc-brain_mask.nii.gz	2.7	2.7	2.97	255	1.615	3.19614	3.26032	3.10019	3.18487	0.962596	1.87893	15.4753	4.31721	Precompiled binary linux_ubuntu_24_64: Aug  4 2026 (Version AFNI_26.2.03 'Gordian III')
rf1	11113	01	1	pre_resample	/ZPOOL/data/projects/rf1-sra-linux2/derivatives/fmriprep/sub-11113/ses-01/func/sub-11113_ses-01_task-sharedreward_run-1_part-mag_space-MNI152NLin6Asym_desc-preproc_bold.nii.gz	/ZPOOL/data/projects/rf1-sra-linux2/derivatives/fmriprep/sub-11113/ses-01/func/sub-11113_ses-01_task-sharedreward_run-1_part-mag_space-MNI152NLin6Asym_desc-brain_mask.nii.gz	2.7	2.7	2.97	255	1.615	3.02129	3.3387	3.06878	3.13987	0.928879	1.8038	14.9318	4.23516	Precompiled binary linux_ubuntu_24_64: Aug  4 2026 (Version AFNI_26.2.03 'Gordian III')
rf1	11113	01	2	pre_resample	/ZPOOL/data/projects/rf1-sra-linux2/derivatives/fmriprep/sub-11113/ses-01/func/sub-11113_ses-01_task-sharedreward_run-2_part-mag_space-MNI152NLin6Asym_desc-preproc_bold.nii.gz	/ZPOOL/data/projects/rf1-sra-linux2/derivatives/fmriprep/sub-11113/ses-01/func/sub-11113_ses-01_task-sharedreward_run-2_part-mag_space-MNI152NLin6Asym_desc-brain_mask.nii.gz	2.7	2.7	2.97	255	1.615	2.99261	3.30692	3.03696	3.10912	0.928626	1.787	14.6728	4.19263	Precompiled binary linux_ubuntu_24_64: Aug  4 2026 (Version AFNI_26.2.03 'Gordian III')
rf1	11116	01	1	pre_resample	/ZPOOL/data/projects/rf1-sra-linux2/derivatives/fmriprep/sub-11116/ses-01/func/sub-11116_ses-01_task-sharedreward_run-1_part-mag_space-MNI152NLin6Asym_desc-preproc_bold.nii.gz	/ZPOOL/data/projects/rf1-sra-linux2/derivatives/fmriprep/sub-11116/ses-01/func/sub-11116_ses-01_task-sharedreward_run-1_part-mag_space-MNI152NLin6Asym_desc-brain_mask.nii.gz	2.7	2.7	2.97	255	1.615	3.17803	3.3968	3.44541	3.33802	0.961246	1.97578	15.9755	4.58478	Precompiled binary linux_ubuntu_24_64: Aug  4 2026 (Version AFNI_26.2.03 'Gordian III')
rf1	11116	01	2	pre_resample	/ZPOOL/data/projects/rf1-sra-linux2/derivatives/fmriprep/sub-11116/ses-01/func/sub-11116_ses-01_task-sharedreward_run-2_part-mag_space-MNI152NLin6Asym_desc-preproc_bold.nii.gz	/ZPOOL/data/projects/rf1-sra-linux2/derivatives/fmriprep/sub-11116/ses-01/func/sub-11116_ses-01_task-sharedreward_run-2_part-mag_space-MNI152NLin6Asym_desc-brain_mask.nii.gz	2.7	2.7	2.97	255	1.615	3.22013	3.41509	3.49313	3.37414	0.954155	1.98261	16.2387	4.62969	Precompiled binary linux_ubuntu_24_64: Aug  4 2026 (Version AFNI_26.2.03 'Gordian III')
rf1	11120	01	1	pre_resample	/ZPOOL/data/projects/rf1-sra-linux2/derivatives/fmriprep/sub-11120/ses-01/func/sub-11120_ses-01_task-sharedreward_run-1_part-mag_space-MNI152NLin6Asym_desc-preproc_bold.nii.gz	/ZPOOL/data/projects/rf1-sra-linux2/derivatives/fmriprep/sub-11120/ses-01/func/sub-11120_ses-01_task-sharedreward_run-1_part-mag_space-MNI152NLin6Asym_desc-brain_mask.nii.gz	2.7	2.7	2.97	255	1.615	3.2475	3.48604	3.34137	3.35688	0.941314	1.96134	16.7117	4.61807	Precompiled binary linux_ubuntu_24_64: Aug  4 2026 (Version AFNI_26.2.03 'Gordian III')
rf1	11120	01	2	pre_resample	/ZPOOL/data/projects/rf1-sra-linux2/derivatives/fmriprep/sub-11120/ses-01/func/sub-11120_ses-01_task-sharedreward_run-2_part-mag_space-MNI152NLin6Asym_desc-preproc_bold.nii.gz	/ZPOOL/data/projects/rf1-sra-linux2/derivatives/fmriprep/sub-11120/ses-01/func/sub-11120_ses-01_task-sharedreward_run-2_part-mag_space-MNI152NLin6Asym_desc-brain_mask.nii.gz	2.7	2.7	2.97	255	1.615	3.29877	3.54268	3.37108	3.40265	0.932897	1.97236	17.2229	4.68215	Precompiled binary linux_ubuntu_24_64: Aug  4 2026 (Version AFNI_26.2.03 'Gordian III')
rf1	11125	01	1	pre_resample	/ZPOOL/data/projects/rf1-sra-linux2/derivatives/fmriprep/sub-11125/ses-01/func/sub-11125_ses-01_task-sharedreward_run-1_part-mag_space-MNI152NLin6Asym_desc-preproc_bold.nii.gz	/ZPOOL/data/projects/rf1-sra-linux2/derivatives/fmriprep/sub-11125/ses-01/func/sub-11125_ses-01_task-sharedreward_run-1_part-mag_space-MNI152NLin6Asym_desc-brain_mask.nii.gz	2.7	2.7	2.97	255	1.615	3.39666	3.40845	3.50935	3.43779	0.950722	2.00734	17.1032	4.71485	Precompiled binary linux_ubuntu_24_64: Aug  4 2026 (Version AFNI_26.2.03 'Gordian III')
rf1	11125	01	2	pre_resample	/ZPOOL/data/projects/rf1-sra-linux2/derivatives/fmriprep/sub-11125/ses-01/func/sub-11125_ses-01_task-sharedreward_run-2_part-mag_space-MNI152NLin6Asym_desc-preproc_bold.nii.gz	/ZPOOL/data/projects/rf1-sra-linux2/derivatives/fmriprep/sub-11125/ses-01/func/sub-11125_ses-01_task-sharedreward_run-2_part-mag_space-MNI152NLin6Asym_desc-brain_mask.nii.gz	2.7	2.7	2.97	255	1.615	3.49247	3.43112	3.55026	3.49094	0.942418	2.02436	17.7009	4.79682	Precompiled binary linux_ubuntu_24_64: Aug  4 2026 (Version AFNI_26.2.03 'Gordian III')
rf1	11126	01	1	pre_resample	/ZPOOL/data/projects/rf1-sra-linux2/derivatives/fmriprep/sub-11126/ses-01/func/sub-11126_ses-01_task-sharedreward_run-1_part-mag_space-MNI152NLin6Asym_desc-preproc_bold.nii.gz	/ZPOOL/data/projects/rf1-sra-linux2/derivatives/fmriprep/sub-11126/ses-01/func/sub-11126_ses-01_task-sharedreward_run-1_part-mag_space-MNI152NLin6Asym_desc-brain_mask.nii.gz	2.7	2.7	2.97	255	1.615	3.45154	3.52477	3.70221	3.55796	0.922445	2.06442	17.9324	4.99332	Precompiled binary linux_ubuntu_24_64: Aug  4 2026 (Version AFNI_26.2.03 'Gordian III')
rf1	11128	01	1	pre_resample	/ZPOOL/data/projects/rf1-sra-linux2/derivatives/fmriprep/sub-11128/ses-01/func/sub-11128_ses-01_task-sharedreward_run-1_part-mag_space-MNI152NLin6Asym_desc-preproc_bold.nii.gz	/ZPOOL/data/projects/rf1-sra-linux2/derivatives/fmriprep/sub-11128/ses-01/func/sub-11128_ses-01_task-sharedreward_run-1_part-mag_space-MNI152NLin6Asym_desc-brain_mask.nii.gz	2.7	2.7	2.97	255	1.615	3.22778	3.3283	3.263	3.27276	0.970963	1.93657	15.9309	4.44353	Precompiled binary linux_ubuntu_24_64: Aug  4 2026 (Version AFNI_26.2.03 'Gordian III')
rf1	11128	01	2	pre_resample	/ZPOOL/data/projects/rf1-sra-linux2/derivatives/fmriprep/sub-11128/ses-01/func/sub-11128_ses-01_task-sharedreward_run-2_part-mag_space-MNI152NLin6Asym_desc-preproc_bold.nii.gz	/ZPOOL/data/projects/rf1-sra-linux2/derivatives/fmriprep/sub-11128/ses-01/func/sub-11128_ses-01_task-sharedreward_run-2_part-mag_space-MNI152NLin6Asym_desc-brain_mask.nii.gz	2.7	2.7	2.97	255	1.615	3.11385	3.2666	3.19306	3.19056	0.977168	1.89522	15.1066	4.31121	Precompiled binary linux_ubuntu_24_64: Aug  4 2026 (Version AFNI_26.2.03 'Gordian III')
rf1	11134	01	1	pre_resample	/ZPOOL/data/projects/rf1-sra-linux2/derivatives/fmriprep/sub-11134/ses-01/func/sub-11134_ses-01_task-sharedreward_run-1_part-mag_space-MNI152NLin6Asym_desc-preproc_bold.nii.gz	/ZPOOL/data/projects/rf1-sra-linux2/derivatives/fmriprep/sub-11134/ses-01/func/sub-11134_ses-01_task-sharedreward_run-1_part-mag_space-MNI152NLin6Asym_desc-brain_mask.nii.gz	2.7	2.7	2.97	255	1.615	3.25275	3.62402	3.70957	3.52307	0.947774	2.05513	17.42	4.86524	Precompiled binary linux_ubuntu_24_64: Aug  4 2026 (Version AFNI_26.2.03 'Gordian III')
rf1	11134	01	2	pre_resample	/ZPOOL/data/projects/rf1-sra-linux2/derivatives/fmriprep/sub-11134/ses-01/func/sub-11134_ses-01_task-sharedreward_run-2_part-mag_space-MNI152NLin6Asym_desc-preproc_bold.nii.gz	/ZPOOL/data/projects/rf1-sra-linux2/derivatives/fmriprep/sub-11134/ses-01/func/sub-11134_ses-01_task-sharedreward_run-2_part-mag_space-MNI152NLin6Asym_desc-brain_mask.nii.gz	2.7	2.7	2.97	255	1.615	3.2683	3.61502	3.76209	3.54231	0.949878	2.07611	17.4921	4.91938	Precompiled binary linux_ubuntu_24_64: Aug  4 2026 (Version AFNI_26.2.03 'Gordian III')
rf1	11139	01	1	pre_resample	/ZPOOL/data/projects/rf1-sra-linux2/derivatives/fmriprep/sub-11139/ses-01/func/sub-11139_ses-01_task-sharedreward_run-1_part-mag_space-MNI152NLin6Asym_desc-preproc_bold.nii.gz	/ZPOOL/data/projects/rf1-sra-linux2/derivatives/fmriprep/sub-11139/ses-01/func/sub-11139_ses-01_task-sharedreward_run-1_part-mag_space-MNI152NLin6Asym_desc-brain_mask.nii.gz	2.7	2.7	2.97	255	1.615	3.05592	3.71855	3.70463	3.47873	0.914339	1.99952	16.772	4.82793	Precompiled binary linux_ubuntu_24_64: Aug  4 2026 (Version AFNI_26.2.03 'Gordian III')
rf1	11139	01	2	pre_resample	/ZPOOL/data/projects/rf1-sra-linux2/derivatives/fmriprep/sub-11139/ses-01/func/sub-11139_ses-01_task-sharedreward_run-2_part-mag_space-MNI152NLin6Asym_desc-preproc_bold.nii.gz	/ZPOOL/data/projects/rf1-sra-linux2/derivatives/fmriprep/sub-11139/ses-01/func/sub-11139_ses-01_task-sharedreward_run-2_part-mag_space-MNI152NLin6Asym_desc-brain_mask.nii.gz	2.7	2.7	2.97	255	1.615	3.11099	3.77546	3.69581	3.51447	0.899684	1.99594	17.274	4.87824	Precompiled binary linux_ubuntu_24_64: Aug  4 2026 (Version AFNI_26.2.03 'Gordian III')
rf1	11145	01	1	pre_resample	/ZPOOL/data/projects/rf1-sra-linux2/derivatives/fmriprep/sub-11145/ses-01/func/sub-11145_ses-01_task-sharedreward_run-1_part-mag_space-MNI152NLin6Asym_desc-preproc_bold.nii.gz	/ZPOOL/data/projects/rf1-sra-linux2/derivatives/fmriprep/sub-11145/ses-01/func/sub-11145_ses-01_task-sharedreward_run-1_part-mag_space-MNI152NLin6Asym_desc-brain_mask.nii.gz	2.7	2.7	2.97	255	1.615	3.27048	3.47492	3.47871	3.40663	0.945038	1.9832	16.6257	4.66553	Precompiled binary linux_ubuntu_24_64: Aug  4 2026 (Version AFNI_26.2.03 'Gordian III')
rf1	11145	01	2	pre_resample	/ZPOOL/data/projects/rf1-sra-linux2/derivatives/fmriprep/sub-11145/ses-01/func/sub-11145_ses-01_task-sharedreward_run-2_part-mag_space-MNI152NLin6Asym_desc-preproc_bold.nii.gz	/ZPOOL/data/projects/rf1-sra-linux2/derivatives/fmriprep/sub-11145/ses-01/func/sub-11145_ses-01_task-sharedreward_run-2_part-mag_space-MNI152NLin6Asym_desc-brain_mask.nii.gz	2.7	2.7	2.97	255	1.615	3.21734	3.4752	3.4505	3.37899	0.94685	1.9699	16.3478	4.62061	Precompiled binary linux_ubuntu_24_64: Aug  4 2026 (Version AFNI_26.2.03 'Gordian III')
rf1	11164	01	1	pre_resample	/ZPOOL/data/projects/rf1-sra-linux2/derivatives/fmriprep/sub-11164/ses-01/func/sub-11164_ses-01_task-sharedreward_run-1_part-mag_space-MNI152NLin6Asym_desc-preproc_bold.nii.gz	/ZPOOL/data/projects/rf1-sra-linux2/derivatives/fmriprep/sub-11164/ses-01/func/sub-11164_ses-01_task-sharedreward_run-1_part-mag_space-MNI152NLin6Asym_desc-brain_mask.nii.gz	2.7	2.7	2.97	255	1.615	2.99613	3.54678	3.37093	3.29646	0.959736	1.93895	15.7149	4.48784	Precompiled binary linux_ubuntu_24_64: Aug  4 2026 (Version AFNI_26.2.03 'Gordian III')
rf1	11167	01	1	pre_resample	/ZPOOL/data/projects/rf1-sra-linux2/derivatives/fmriprep/sub-11167/ses-01/func/sub-11167_ses-01_task-sharedreward_run-1_part-mag_space-MNI152NLin6Asym_desc-preproc_bold.nii.gz	/ZPOOL/data/projects/rf1-sra-linux2/derivatives/fmriprep/sub-11167/ses-01/func/sub-11167_ses-01_task-sharedreward_run-1_part-mag_space-MNI152NLin6Asym_desc-brain_mask.nii.gz	2.7	2.7	2.97	255	1.615	3.41874	3.58277	3.45263	3.484	0.946638	2.0408	18.1458	4.83006	Precompiled binary linux_ubuntu_24_64: Aug  4 2026 (Version AFNI_26.2.03 'Gordian III')
rf1	11167	01	2	pre_resample	/ZPOOL/data/projects/rf1-sra-linux2/derivatives/fmriprep/sub-11167/ses-01/func/sub-11167_ses-01_task-sharedreward_run-2_part-mag_space-MNI152NLin6Asym_desc-preproc_bold.nii.gz	/ZPOOL/data/projects/rf1-sra-linux2/derivatives/fmriprep/sub-11167/ses-01/func/sub-11167_ses-01_task-sharedreward_run-2_part-mag_space-MNI152NLin6Asym_desc-brain_mask.nii.gz	2.7	2.7	2.97	255	1.615	3.40219	3.57219	3.41457	3.46213	0.942325	2.01971	17.9671	4.78467	Precompiled binary linux_ubuntu_24_64: Aug  4 2026 (Version AFNI_26.2.03 'Gordian III')
rf1	11168	01	1	pre_resample	/ZPOOL/data/projects/rf1-sra-linux2/derivatives/fmriprep/sub-11168/ses-01/func/sub-11168_ses-01_task-sharedreward_run-1_part-mag_space-MNI152NLin6Asym_desc-preproc_bold.nii.gz	/ZPOOL/data/projects/rf1-sra-linux2/derivatives/fmriprep/sub-11168/ses-01/func/sub-11168_ses-01_task-sharedreward_run-1_part-mag_space-MNI152NLin6Asym_desc-brain_mask.nii.gz	2.7	2.7	2.97	255	1.615	3.24063	3.61165	3.6163	3.48498	0.926848	2.01634	17.2194	4.83094	Precompiled binary linux_ubuntu_24_64: Aug  4 2026 (Version AFNI_26.2.03 'Gordian III')
rf1	11168	01	2	pre_resample	/ZPOOL/data/projects/rf1-sra-linux2/derivatives/fmriprep/sub-11168/ses-01/func/sub-11168_ses-01_task-sharedreward_run-2_part-mag_space-MNI152NLin6Asym_desc-preproc_bold.nii.gz	/ZPOOL/data/projects/rf1-sra-linux2/derivatives/fmriprep/sub-11168/ses-01/func/sub-11168_ses-01_task-sharedreward_run-2_part-mag_space-MNI152NLin6Asym_desc-brain_mask.nii.gz	2.7	2.7	2.97	255	1.615	3.20595	3.55973	3.4809	3.4121	0.931147	1.97745	16.819	4.70129	Precompiled binary linux_ubuntu_24_64: Aug  4 2026 (Version AFNI_26.2.03 'Gordian III')
rf1	11171	01	1	pre_resample	/ZPOOL/data/projects/rf1-sra-linux2/derivatives/fmriprep/sub-11171/ses-01/func/sub-11171_ses-01_task-sharedreward_run-1_part-mag_space-MNI152NLin6Asym_desc-preproc_bold.nii.gz	/ZPOOL/data/projects/rf1-sra-linux2/derivatives/fmriprep/sub-11171/ses-01/func/sub-11171_ses-01_task-sharedreward_run-1_part-mag_space-MNI152NLin6Asym_desc-brain_mask.nii.gz	2.7	2.7	2.97	255	1.615	2.91182	3.17067	3.16562	3.08029	0.948799	1.80573	13.666	4.1692	Precompiled binary linux_ubuntu_24_64: Aug  4 2026 (Version AFNI_26.2.03 'Gordian III')
rf1	11171	01	2	pre_resample	/ZPOOL/data/projects/rf1-sra-linux2/derivatives/fmriprep/sub-11171/ses-01/func/sub-11171_ses-01_task-sharedreward_run-2_part-mag_space-MNI152NLin6Asym_desc-preproc_bold.nii.gz	/ZPOOL/data/projects/rf1-sra-linux2/derivatives/fmriprep/sub-11171/ses-01/func/sub-11171_ses-01_task-sharedreward_run-2_part-mag_space-MNI152NLin6Asym_desc-brain_mask.nii.gz	2.7	2.7	2.97	255	1.615	2.89647	3.16219	3.21013	3.08645	0.949537	1.81355	13.572	4.18608	Precompiled binary linux_ubuntu_24_64: Aug  4 2026 (Version AFNI_26.2.03 'Gordian III')
rf1	11177	01	1	pre_resample	/ZPOOL/data/projects/rf1-sra-linux2/derivatives/fmriprep/sub-11177/ses-01/func/sub-11177_ses-01_task-sharedreward_run-1_part-mag_space-MNI152NLin6Asym_desc-preproc_bold.nii.gz	/ZPOOL/data/projects/rf1-sra-linux2/derivatives/fmriprep/sub-11177/ses-01/func/sub-11177_ses-01_task-sharedreward_run-1_part-mag_space-MNI152NLin6Asym_desc-brain_mask.nii.gz	2.7	2.7	2.97	255	1.615	2.96773	3.17592	3.22113	3.11961	0.952384	1.83129	13.9533	4.22322	Precompiled binary linux_ubuntu_24_64: Aug  4 2026 (Version AFNI_26.2.03 'Gordian III')
rf1	11177	01	2	pre_resample	/ZPOOL/data/projects/rf1-sra-linux2/derivatives/fmriprep/sub-11177/ses-01/func/sub-11177_ses-01_task-sharedreward_run-2_part-mag_space-MNI152NLin6Asym_desc-preproc_bold.nii.gz	/ZPOOL/data/projects/rf1-sra-linux2/derivatives/fmriprep/sub-11177/ses-01/func/sub-11177_ses-01_task-sharedreward_run-2_part-mag_space-MNI152NLin6Asym_desc-brain_mask.nii.gz	2.7	2.7	2.97	255	1.615	2.99338	3.20885	3.2603	3.15202	0.947837	1.84336	14.2191	4.26976	Precompiled binary linux_ubuntu_24_64: Aug  4 2026 (Version AFNI_26.2.03 'Gordian III')
rf1	11192	01	1	pre_resample	/ZPOOL/data/projects/rf1-sra-linux2/derivatives/fmriprep/sub-11192/ses-01/func/sub-11192_ses-01_task-sharedreward_run-1_part-mag_space-MNI152NLin6Asym_desc-preproc_bold.nii.gz	/ZPOOL/data/projects/rf1-sra-linux2/derivatives/fmriprep/sub-11192/ses-01/func/sub-11192_ses-01_task-sharedreward_run-1_part-mag_space-MNI152NLin6Asym_desc-brain_mask.nii.gz	2.7	2.7	2.97	255	1.615	3.06466	3.35453	3.16643	3.19297	0.934164	1.84141	15.166	4.31441	Precompiled binary linux_ubuntu_24_64: Aug  4 2026 (Version AFNI_26.2.03 'Gordian III')
rf1	11192	01	2	pre_resample	/ZPOOL/data/projects/rf1-sra-linux2/derivatives/fmriprep/sub-11192/ses-01/func/sub-11192_ses-01_task-sharedreward_run-2_part-mag_space-MNI152NLin6Asym_desc-preproc_bold.nii.gz	/ZPOOL/data/projects/rf1-sra-linux2/derivatives/fmriprep/sub-11192/ses-01/func/sub-11192_ses-01_task-sharedreward_run-2_part-mag_space-MNI152NLin6Asym_desc-brain_mask.nii.gz	2.7	2.7	2.97	255	1.615	3.13884	3.49974	3.27127	3.29995	0.933617	1.90991	16.211	4.50237	Precompiled binary linux_ubuntu_24_64: Aug  4 2026 (Version AFNI_26.2.03 'Gordian III')
rf1	11193	01	1	pre_resample	/ZPOOL/data/projects/rf1-sra-linux2/derivatives/fmriprep/sub-11193/ses-01/func/sub-11193_ses-01_task-sharedreward_run-1_part-mag_space-MNI152NLin6Asym_desc-preproc_bold.nii.gz	/ZPOOL/data/projects/rf1-sra-linux2/derivatives/fmriprep/sub-11193/ses-01/func/sub-11193_ses-01_task-sharedreward_run-1_part-mag_space-MNI152NLin6Asym_desc-brain_mask.nii.gz	2.7	2.7	2.97	255	1.615	3.28146	3.56976	3.86179	3.56313	0.971578	2.11114	17.3341	4.9417	Precompiled binary linux_ubuntu_24_64: Aug  4 2026 (Version AFNI_26.2.03 'Gordian III')
rf1	11193	01	2	pre_resample	/ZPOOL/data/projects/rf1-sra-linux2/derivatives/fmriprep/sub-11193/ses-01/func/sub-11193_ses-01_task-sharedreward_run-2_part-mag_space-MNI152NLin6Asym_desc-preproc_bold.nii.gz	/ZPOOL/data/projects/rf1-sra-linux2/derivatives/fmriprep/sub-11193/ses-01/func/sub-11193_ses-01_task-sharedreward_run-2_part-mag_space-MNI152NLin6Asym_desc-brain_mask.nii.gz	2.7	2.7	2.97	255	1.615	3.55767	3.65601	3.99387	3.73126	0.966355	2.20205	19.2204	5.24409	Precompiled binary linux_ubuntu_24_64: Aug  4 2026 (Version AFNI_26.2.03 'Gordian III')
rf1	11201	01	1	pre_resample	/ZPOOL/data/projects/rf1-sra-linux2/derivatives/fmriprep/sub-11201/ses-01/func/sub-11201_ses-01_task-sharedreward_run-1_part-mag_space-MNI152NLin6Asym_desc-preproc_bold.nii.gz	/ZPOOL/data/projects/rf1-sra-linux2/derivatives/fmriprep/sub-11201/ses-01/func/sub-11201_ses-01_task-sharedreward_run-1_part-mag_space-MNI152NLin6Asym_desc-brain_mask.nii.gz	2.7	2.7	2.97	255	1.615	3.40615	3.9305	3.39861	3.57002	0.940417	2.06574	19.7974	4.93313	Precompiled binary linux_ubuntu_24_64: Aug  4 2026 (Version AFNI_26.2.03 'Gordian III')
rf1	11203	01	1	pre_resample	/ZPOOL/data/projects/rf1-sra-linux2/derivatives/fmriprep/sub-11203/ses-01/func/sub-11203_ses-01_task-sharedreward_run-1_part-mag_space-MNI152NLin6Asym_desc-preproc_bold.nii.gz	/ZPOOL/data/projects/rf1-sra-linux2/derivatives/fmriprep/sub-11203/ses-01/func/sub-11203_ses-01_task-sharedreward_run-1_part-mag_space-MNI152NLin6Asym_desc-brain_mask.nii.gz	2.7	2.7	2.97	255	1.615	3.69646	3.83631	3.6502	3.72682	0.952833	2.18702	21.0028	5.25645	Precompiled binary linux_ubuntu_24_64: Aug  4 2026 (Version AFNI_26.2.03 'Gordian III')
rf1	11203	01	2	pre_resample	/ZPOOL/data/projects/rf1-sra-linux2/derivatives/fmriprep/sub-11203/ses-01/func/sub-11203_ses-01_task-sharedreward_run-2_part-mag_space-MNI152NLin6Asym_desc-preproc_bold.nii.gz	/ZPOOL/data/projects/rf1-sra-linux2/derivatives/fmriprep/sub-11203/ses-01/func/sub-11203_ses-01_task-sharedreward_run-2_part-mag_space-MNI152NLin6Asym_desc-brain_mask.nii.gz	2.7	2.7	2.97	255	1.615	3.64601	3.87514	3.71527	3.74425	0.952787	2.19815	20.8867	5.29133	Precompiled binary linux_ubuntu_24_64: Aug  4 2026 (Version AFNI_26.2.03 'Gordian III')
rf1	11209	01	1	pre_resample	/ZPOOL/data/projects/rf1-sra-linux2/derivatives/fmriprep/sub-11209/ses-01/func/sub-11209_ses-01_task-sharedreward_run-1_part-mag_space-MNI152NLin6Asym_desc-preproc_bold.nii.gz	/ZPOOL/data/projects/rf1-sra-linux2/derivatives/fmriprep/sub-11209/ses-01/func/sub-11209_ses-01_task-sharedreward_run-1_part-mag_space-MNI152NLin6Asym_desc-brain_mask.nii.gz	2.7	2.7	2.97	255	1.615	3.40528	3.4947	3.19865	3.3639	0.945237	1.96286	17.594	4.61106	Precompiled binary linux_ubuntu_24_64: Aug  4 2026 (Version AFNI_26.2.03 'Gordian III')
rf1	11209	01	2	pre_resample	/ZPOOL/data/projects/rf1-sra-linux2/derivatives/fmriprep/sub-11209/ses-01/func/sub-11209_ses-01_task-sharedreward_run-2_part-mag_space-MNI152NLin6Asym_desc-preproc_bold.nii.gz	/ZPOOL/data/projects/rf1-sra-linux2/derivatives/fmriprep/sub-11209/ses-01/func/sub-11209_ses-01_task-sharedreward_run-2_part-mag_space-MNI152NLin6Asym_desc-brain_mask.nii.gz	2.7	2.7	2.97	255	1.615	3.2966	3.45598	3.1146	3.28609	0.941642	1.90933	16.8537	4.47458	Precompiled binary linux_ubuntu_24_64: Aug  4 2026 (Version AFNI_26.2.03 'Gordian III')
rf1	11227	01	1	pre_resample	/ZPOOL/data/projects/rf1-sra-linux2/derivatives/fmriprep/sub-11227/ses-01/func/sub-11227_ses-01_task-sharedreward_run-1_part-mag_space-MNI152NLin6Asym_desc-preproc_bold.nii.gz	/ZPOOL/data/projects/rf1-sra-linux2/derivatives/fmriprep/sub-11227/ses-01/func/sub-11227_ses-01_task-sharedreward_run-1_part-mag_space-MNI152NLin6Asym_desc-brain_mask.nii.gz	2.7	2.7	2.97	255	1.615	3.09677	3.62465	3.64344	3.44531	0.932854	2.00151	16.5526	4.76221	Precompiled binary linux_ubuntu_24_64: Aug  4 2026 (Version AFNI_26.2.03 'Gordian III')
rf1	11227	01	2	pre_resample	/ZPOOL/data/projects/rf1-sra-linux2/derivatives/fmriprep/sub-11227/ses-01/func/sub-11227_ses-01_task-sharedreward_run-2_part-mag_space-MNI152NLin6Asym_desc-preproc_bold.nii.gz	/ZPOOL/data/projects/rf1-sra-linux2/derivatives/fmriprep/sub-11227/ses-01/func/sub-11227_ses-01_task-sharedreward_run-2_part-mag_space-MNI152NLin6Asym_desc-brain_mask.nii.gz	2.7	2.7	2.97	255	1.615	3.11215	3.62343	3.60785	3.43935	0.933994	1.99979	16.639	4.75344	Precompiled binary linux_ubuntu_24_64: Aug  4 2026 (Version AFNI_26.2.03 'Gordian III')
rf1	11238	01	1	pre_resample	/ZPOOL/data/projects/rf1-sra-linux2/derivatives/fmriprep/sub-11238/ses-01/func/sub-11238_ses-01_task-sharedreward_run-1_part-mag_space-MNI152NLin6Asym_desc-preproc_bold.nii.gz	/ZPOOL/data/projects/rf1-sra-linux2/derivatives/fmriprep/sub-11238/ses-01/func/sub-11238_ses-01_task-sharedreward_run-1_part-mag_space-MNI152NLin6Asym_desc-brain_mask.nii.gz	2.7	2.7	2.97	255	1.615	3.05809	3.26354	3.25564	3.19099	0.964808	1.88737	14.7806	4.33031	Precompiled binary linux_ubuntu_24_64: Aug  4 2026 (Version AFNI_26.2.03 'Gordian III')
rf1	11238	01	2	pre_resample	/ZPOOL/data/projects/rf1-sra-linux2/derivatives/fmriprep/sub-11238/ses-01/func/sub-11238_ses-01_task-sharedreward_run-2_part-mag_space-MNI152NLin6Asym_desc-preproc_bold.nii.gz	/ZPOOL/data/projects/rf1-sra-linux2/derivatives/fmriprep/sub-11238/ses-01/func/sub-11238_ses-01_task-sharedreward_run-2_part-mag_space-MNI152NLin6Asym_desc-brain_mask.nii.gz	2.7	2.7	2.97	255	1.615	3.07023	3.28053	3.28078	3.20896	0.961414	1.89362	14.9027	4.35829	Precompiled binary linux_ubuntu_24_64: Aug  4 2026 (Version AFNI_26.2.03 'Gordian III')
rf1	11241	01	1	pre_resample	/ZPOOL/data/projects/rf1-sra-linux2/derivatives/fmriprep/sub-11241/ses-01/func/sub-11241_ses-01_task-sharedreward_run-1_part-mag_space-MNI152NLin6Asym_desc-preproc_bold.nii.gz	/ZPOOL/data/projects/rf1-sra-linux2/derivatives/fmriprep/sub-11241/ses-01/func/sub-11241_ses-01_task-sharedreward_run-1_part-mag_space-MNI152NLin6Asym_desc-brain_mask.nii.gz	2.7	2.7	2.97	255	1.615	3.07802	3.43431	3.43389	3.31105	0.925244	1.92492	15.6288	4.57058	Precompiled binary linux_ubuntu_24_64: Aug  4 2026 (Version AFNI_26.2.03 'Gordian III')
rf1	11241	01	2	pre_resample	/ZPOOL/data/projects/rf1-sra-linux2/derivatives/fmriprep/sub-11241/ses-01/func/sub-11241_ses-01_task-sharedreward_run-2_part-mag_space-MNI152NLin6Asym_desc-preproc_bold.nii.gz	/ZPOOL/data/projects/rf1-sra-linux2/derivatives/fmriprep/sub-11241/ses-01/func/sub-11241_ses-01_task-sharedreward_run-2_part-mag_space-MNI152NLin6Asym_desc-brain_mask.nii.gz	2.7	2.7	2.97	255	1.615	3.04176	3.40646	3.42922	3.28757	0.927595	1.91729	15.3409	4.53974	Precompiled binary linux_ubuntu_24_64: Aug  4 2026 (Version AFNI_26.2.03 'Gordian III')
rf1	11246	01	1	pre_resample	/ZPOOL/data/projects/rf1-sra-linux2/derivatives/fmriprep/sub-11246/ses-01/func/sub-11246_ses-01_task-sharedreward_run-1_part-mag_space-MNI152NLin6Asym_desc-preproc_bold.nii.gz	/ZPOOL/data/projects/rf1-sra-linux2/derivatives/fmriprep/sub-11246/ses-01/func/sub-11246_ses-01_task-sharedreward_run-1_part-mag_space-MNI152NLin6Asym_desc-brain_mask.nii.gz	2.7	2.7	2.97	255	1.615	3.15285	3.33538	3.19685	3.22743	0.955054	1.88393	15.5468	4.35588	Precompiled binary linux_ubuntu_24_64: Aug  4 2026 (Version AFNI_26.2.03 'Gordian III')
rf1	11246	01	2	pre_resample	/ZPOOL/data/projects/rf1-sra-linux2/derivatives/fmriprep/sub-11246/ses-01/func/sub-11246_ses-01_task-sharedreward_run-2_part-mag_space-MNI152NLin6Asym_desc-preproc_bold.nii.gz	/ZPOOL/data/projects/rf1-sra-linux2/derivatives/fmriprep/sub-11246/ses-01/func/sub-11246_ses-01_task-sharedreward_run-2_part-mag_space-MNI152NLin6Asym_desc-brain_mask.nii.gz	2.7	2.7	2.97	255	1.615	3.19435	3.38682	3.22864	3.26887	0.950539	1.90555	16.0176	4.43025	Precompiled binary linux_ubuntu_24_64: Aug  4 2026 (Version AFNI_26.2.03 'Gordian III')
rf1	11276	01	1	pre_resample	/ZPOOL/data/projects/rf1-sra-linux2/derivatives/fmriprep/sub-11276/ses-01/func/sub-11276_ses-01_task-sharedreward_run-1_part-mag_space-MNI152NLin6Asym_desc-preproc_bold.nii.gz	/ZPOOL/data/projects/rf1-sra-linux2/derivatives/fmriprep/sub-11276/ses-01/func/sub-11276_ses-01_task-sharedreward_run-1_part-mag_space-MNI152NLin6Asym_desc-brain_mask.nii.gz	2.7	2.7	2.97	255	1.615	3.42598	3.58567	3.42026	3.47647	0.892941	1.95697	17.0268	4.79106	Precompiled binary linux_ubuntu_24_64: Aug  4 2026 (Version AFNI_26.2.03 'Gordian III')
rf1	11276	01	2	pre_resample	/ZPOOL/data/projects/rf1-sra-linux2/derivatives/fmriprep/sub-11276/ses-01/func/sub-11276_ses-01_task-sharedreward_run-2_part-mag_space-MNI152NLin6Asym_desc-preproc_bold.nii.gz	/ZPOOL/data/projects/rf1-sra-linux2/derivatives/fmriprep/sub-11276/ses-01/func/sub-11276_ses-01_task-sharedreward_run-2_part-mag_space-MNI152NLin6Asym_desc-brain_mask.nii.gz	2.7	2.7	2.97	255	1.615	3.398	3.6269	3.31846	3.44534	0.877457	1.91288	15.2989	4.71271	Precompiled binary linux_ubuntu_24_64: Aug  4 2026 (Version AFNI_26.2.03 'Gordian III')
rf1	11286	01	1	pre_resample	/ZPOOL/data/projects/rf1-sra-linux2/derivatives/fmriprep/sub-11286/ses-01/func/sub-11286_ses-01_task-sharedreward_run-1_part-mag_space-MNI152NLin6Asym_desc-preproc_bold.nii.gz	/ZPOOL/data/projects/rf1-sra-linux2/derivatives/fmriprep/sub-11286/ses-01/func/sub-11286_ses-01_task-sharedreward_run-1_part-mag_space-MNI152NLin6Asym_desc-brain_mask.nii.gz	2.7	2.7	2.97	255	1.615	2.98291	3.52264	3.36347	3.2817	0.945778	1.91013	15.516	4.45732	Precompiled binary linux_ubuntu_24_64: Aug  4 2026 (Version AFNI_26.2.03 'Gordian III')
rf1	11301	01	1	pre_resample	/ZPOOL/data/projects/rf1-sra-linux2/derivatives/fmriprep/sub-11301/ses-01/func/sub-11301_ses-01_task-sharedreward_run-1_part-mag_space-MNI152NLin6Asym_desc-preproc_bold.nii.gz	/ZPOOL/data/projects/rf1-sra-linux2/derivatives/fmriprep/sub-11301/ses-01/func/sub-11301_ses-01_task-sharedreward_run-1_part-mag_space-MNI152NLin6Asym_desc-brain_mask.nii.gz	2.7	2.7	2.97	255	1.615	3.05099	3.61092	3.53256	3.38883	0.940511	1.973	16.2529	4.65182	Precompiled binary linux_ubuntu_24_64: Aug  4 2026 (Version AFNI_26.2.03 'Gordian III')
rf1	11301	01	2	pre_resample	/ZPOOL/data/projects/rf1-sra-linux2/derivatives/fmriprep/sub-11301/ses-01/func/sub-11301_ses-01_task-sharedreward_run-2_part-mag_space-MNI152NLin6Asym_desc-preproc_bold.nii.gz	/ZPOOL/data/projects/rf1-sra-linux2/derivatives/fmriprep/sub-11301/ses-01/func/sub-11301_ses-01_task-sharedreward_run-2_part-mag_space-MNI152NLin6Asym_desc-brain_mask.nii.gz	2.7	2.7	2.97	255	1.615	3.01237	3.58362	3.51418	3.36009	0.94373	1.96122	15.9463	4.60606	Precompiled binary linux_ubuntu_24_64: Aug  4 2026 (Version AFNI_26.2.03 'Gordian III')
rf1	11311	01	1	pre_resample	/ZPOOL/data/projects/rf1-sra-linux2/derivatives/fmriprep/sub-11311/ses-01/func/sub-11311_ses-01_task-sharedreward_run-1_part-mag_space-MNI152NLin6Asym_desc-preproc_bold.nii.gz	/ZPOOL/data/projects/rf1-sra-linux2/derivatives/fmriprep/sub-11311/ses-01/func/sub-11311_ses-01_task-sharedreward_run-1_part-mag_space-MNI152NLin6Asym_desc-brain_mask.nii.gz	2.7	2.7	2.97	255	1.615	3.19448	3.55863	3.48381	3.40863	0.931662	1.97572	16.8281	4.69451	Precompiled binary linux_ubuntu_24_64: Aug  4 2026 (Version AFNI_26.2.03 'Gordian III')
rf1	11311	01	2	pre_resample	/ZPOOL/data/projects/rf1-sra-linux2/derivatives/fmriprep/sub-11311/ses-01/func/sub-11311_ses-01_task-sharedreward_run-2_part-mag_space-MNI152NLin6Asym_desc-preproc_bold.nii.gz	/ZPOOL/data/projects/rf1-sra-linux2/derivatives/fmriprep/sub-11311/ses-01/func/sub-11311_ses-01_task-sharedreward_run-2_part-mag_space-MNI152NLin6Asym_desc-brain_mask.nii.gz	2.7	2.7	2.97	255	1.615	3.19202	3.56502	3.47659	3.40743	0.931141	1.97247	16.8391	4.68731	Precompiled binary linux_ubuntu_24_64: Aug  4 2026 (Version AFNI_26.2.03 'Gordian III')
rf1	11312	01	1	pre_resample	/ZPOOL/data/projects/rf1-sra-linux2/derivatives/fmriprep/sub-11312/ses-01/func/sub-11312_ses-01_task-sharedreward_run-1_part-mag_space-MNI152NLin6Asym_desc-preproc_bold.nii.gz	/ZPOOL/data/projects/rf1-sra-linux2/derivatives/fmriprep/sub-11312/ses-01/func/sub-11312_ses-01_task-sharedreward_run-1_part-mag_space-MNI152NLin6Asym_desc-brain_mask.nii.gz	2.7	2.7	2.97	255	1.615	3.03843	3.3539	3.41913	3.26617	0.944666	1.90292	15.0594	4.44001	Precompiled binary linux_ubuntu_24_64: Aug  4 2026 (Version AFNI_26.2.03 'Gordian III')
rf1	11312	01	2	pre_resample	/ZPOOL/data/projects/rf1-sra-linux2/derivatives/fmriprep/sub-11312/ses-01/func/sub-11312_ses-01_task-sharedreward_run-2_part-mag_space-MNI152NLin6Asym_desc-preproc_bold.nii.gz	/ZPOOL/data/projects/rf1-sra-linux2/derivatives/fmriprep/sub-11312/ses-01/func/sub-11312_ses-01_task-sharedreward_run-2_part-mag_space-MNI152NLin6Asym_desc-brain_mask.nii.gz	2.7	2.7	2.97	255	1.615	3.06395	3.37068	3.45601	3.29249	0.941467	1.9165	15.2452	4.48838	Precompiled binary linux_ubuntu_24_64: Aug  4 2026 (Version AFNI_26.2.03 'Gordian III')
rf1	11316	01	1	pre_resample	/ZPOOL/data/projects/rf1-sra-linux2/derivatives/fmriprep/sub-11316/ses-01/func/sub-11316_ses-01_task-sharedreward_run-1_part-mag_space-MNI152NLin6Asym_desc-preproc_bold.nii.gz	/ZPOOL/data/projects/rf1-sra-linux2/derivatives/fmriprep/sub-11316/ses-01/func/sub-11316_ses-01_task-sharedreward_run-1_part-mag_space-MNI152NLin6Asym_desc-brain_mask.nii.gz	2.7	2.7	2.97	255	1.615	3.10545	3.31531	3.22844	3.21524	0.934096	1.8533	15.1844	4.3456	Precompiled binary linux_ubuntu_24_64: Aug  4 2026 (Version AFNI_26.2.03 'Gordian III')
rf1	11316	01	2	pre_resample	/ZPOOL/data/projects/rf1-sra-linux2/derivatives/fmriprep/sub-11316/ses-01/func/sub-11316_ses-01_task-sharedreward_run-2_part-mag_space-MNI152NLin6Asym_desc-preproc_bold.nii.gz	/ZPOOL/data/projects/rf1-sra-linux2/derivatives/fmriprep/sub-11316/ses-01/func/sub-11316_ses-01_task-sharedreward_run-2_part-mag_space-MNI152NLin6Asym_desc-brain_mask.nii.gz	2.7	2.7	2.97	255	1.615	3.153	3.367	3.14152	3.21886	0.927511	1.83988	15.6617	4.33565	Precompiled binary linux_ubuntu_24_64: Aug  4 2026 (Version AFNI_26.2.03 'Gordian III')
rf1	11318	01	1	pre_resample	/ZPOOL/data/projects/rf1-sra-linux2/derivatives/fmriprep/sub-11318/ses-01/func/sub-11318_ses-01_task-sharedreward_run-1_part-mag_space-MNI152NLin6Asym_desc-preproc_bold.nii.gz	/ZPOOL/data/projects/rf1-sra-linux2/derivatives/fmriprep/sub-11318/ses-01/func/sub-11318_ses-01_task-sharedreward_run-1_part-mag_space-MNI152NLin6Asym_desc-brain_mask.nii.gz	2.7	2.7	2.97	255	1.615	3.11652	3.62256	3.30178	3.3405	0.937497	1.92722	16.6443	4.53737	Precompiled binary linux_ubuntu_24_64: Aug  4 2026 (Version AFNI_26.2.03 'Gordian III')
rf1	11318	01	2	pre_resample	/ZPOOL/data/projects/rf1-sra-linux2/derivatives/fmriprep/sub-11318/ses-01/func/sub-11318_ses-01_task-sharedreward_run-2_part-mag_space-MNI152NLin6Asym_desc-preproc_bold.nii.gz	/ZPOOL/data/projects/rf1-sra-linux2/derivatives/fmriprep/sub-11318/ses-01/func/sub-11318_ses-01_task-sharedreward_run-2_part-mag_space-MNI152NLin6Asym_desc-brain_mask.nii.gz	2.7	2.7	2.97	255	1.615	3.13956	3.62491	3.49712	3.41422	0.931982	1.96948	16.7501	4.67536	Precompiled binary linux_ubuntu_24_64: Aug  4 2026 (Version AFNI_26.2.03 'Gordian III')
rf1	11321	01	1	pre_resample	/ZPOOL/data/projects/rf1-sra-linux2/derivatives/fmriprep/sub-11321/ses-01/func/sub-11321_ses-01_task-sharedreward_run-1_part-mag_space-MNI152NLin6Asym_desc-preproc_bold.nii.gz	/ZPOOL/data/projects/rf1-sra-linux2/derivatives/fmriprep/sub-11321/ses-01/func/sub-11321_ses-01_task-sharedreward_run-1_part-mag_space-MNI152NLin6Asym_desc-brain_mask.nii.gz	2.7	2.7	2.97	255	1.615	2.94809	3.52133	3.3363	3.25965	0.964542	1.92182	15.3672	4.42421	Precompiled binary linux_ubuntu_24_64: Aug  4 2026 (Version AFNI_26.2.03 'Gordian III')
rf1	11321	01	2	pre_resample	/ZPOOL/data/projects/rf1-sra-linux2/derivatives/fmriprep/sub-11321/ses-01/func/sub-11321_ses-01_task-sharedreward_run-2_part-mag_space-MNI152NLin6Asym_desc-preproc_bold.nii.gz	/ZPOOL/data/projects/rf1-sra-linux2/derivatives/fmriprep/sub-11321/ses-01/func/sub-11321_ses-01_task-sharedreward_run-2_part-mag_space-MNI152NLin6Asym_desc-brain_mask.nii.gz	2.7	2.7	2.97	255	1.615	2.95192	3.5274	3.33778	3.26342	0.961981	1.92034	15.4036	4.42898	Precompiled binary linux_ubuntu_24_64: Aug  4 2026 (Version AFNI_26.2.03 'Gordian III')
rf1	11325	01	1	pre_resample	/ZPOOL/data/projects/rf1-sra-linux2/derivatives/fmriprep/sub-11325/ses-01/func/sub-11325_ses-01_task-sharedreward_run-1_part-mag_space-MNI152NLin6Asym_desc-preproc_bold.nii.gz	/ZPOOL/data/projects/rf1-sra-linux2/derivatives/fmriprep/sub-11325/ses-01/func/sub-11325_ses-01_task-sharedreward_run-1_part-mag_space-MNI152NLin6Asym_desc-brain_mask.nii.gz	2.7	2.7	2.97	255	1.615	2.96775	3.36578	3.37042	3.22898	0.943201	1.88555	14.7641	4.3975	Precompiled binary linux_ubuntu_24_64: Aug  4 2026 (Version AFNI_26.2.03 'Gordian III')
rf1	11325	01	2	pre_resample	/ZPOOL/data/projects/rf1-sra-linux2/derivatives/fmriprep/sub-11325/ses-01/func/sub-11325_ses-01_task-sharedreward_run-2_part-mag_space-MNI152NLin6Asym_desc-preproc_bold.nii.gz	/ZPOOL/data/projects/rf1-sra-linux2/derivatives/fmriprep/sub-11325/ses-01/func/sub-11325_ses-01_task-sharedreward_run-2_part-mag_space-MNI152NLin6Asym_desc-brain_mask.nii.gz	2.7	2.7	2.97	255	1.615	3.02101	3.38955	3.57468	3.3203	0.9347	1.93294	15.0794	4.55609	Precompiled binary linux_ubuntu_24_64: Aug  4 2026 (Version AFNI_26.2.03 'Gordian III')
rf1	11326	01	1	pre_resample	/ZPOOL/data/projects/rf1-sra-linux2/derivatives/fmriprep/sub-11326/ses-01/func/sub-11326_ses-01_task-sharedreward_run-1_part-mag_space-MNI152NLin6Asym_desc-preproc_bold.nii.gz	/ZPOOL/data/projects/rf1-sra-linux2/derivatives/fmriprep/sub-11326/ses-01/func/sub-11326_ses-01_task-sharedreward_run-1_part-mag_space-MNI152NLin6Asym_desc-brain_mask.nii.gz	2.7	2.7	2.97	255	1.615	3.1585	3.67161	3.45445	3.42168	0.940323	1.98573	17.141	4.69193	Precompiled binary linux_ubuntu_24_64: Aug  4 2026 (Version AFNI_26.2.03 'Gordian III')
rf1	11326	01	2	pre_resample	/ZPOOL/data/projects/rf1-sra-linux2/derivatives/fmriprep/sub-11326/ses-01/func/sub-11326_ses-01_task-sharedreward_run-2_part-mag_space-MNI152NLin6Asym_desc-preproc_bold.nii.gz	/ZPOOL/data/projects/rf1-sra-linux2/derivatives/fmriprep/sub-11326/ses-01/func/sub-11326_ses-01_task-sharedreward_run-2_part-mag_space-MNI152NLin6Asym_desc-brain_mask.nii.gz	2.7	2.7	2.97	255	1.615	3.23662	3.7029	3.63341	3.51816	0.916395	2.01136	17.6433	4.85925	Precompiled binary linux_ubuntu_24_64: Aug  4 2026 (Version AFNI_26.2.03 'Gordian III')
rf1	11329	01	1	pre_resample	/ZPOOL/data/projects/rf1-sra-linux2/derivatives/fmriprep/sub-11329/ses-01/func/sub-11329_ses-01_task-sharedreward_run-1_part-mag_space-MNI152NLin6Asym_desc-preproc_bold.nii.gz	/ZPOOL/data/projects/rf1-sra-linux2/derivatives/fmriprep/sub-11329/ses-01/func/sub-11329_ses-01_task-sharedreward_run-1_part-mag_space-MNI152NLin6Asym_desc-brain_mask.nii.gz	2.7	2.7	2.97	255	1.615	2.81319	3.31135	3.22441	3.1085	0.930516	1.79904	13.8087	4.21209	Precompiled binary linux_ubuntu_24_64: Aug  4 2026 (Version AFNI_26.2.03 'Gordian III')
rf1	11329	01	2	pre_resample	/ZPOOL/data/projects/rf1-sra-linux2/derivatives/fmriprep/sub-11329/ses-01/func/sub-11329_ses-01_task-sharedreward_run-2_part-mag_space-MNI152NLin6Asym_desc-preproc_bold.nii.gz	/ZPOOL/data/projects/rf1-sra-linux2/derivatives/fmriprep/sub-11329/ses-01/func/sub-11329_ses-01_task-sharedreward_run-2_part-mag_space-MNI152NLin6Asym_desc-brain_mask.nii.gz	2.7	2.7	2.97	255	1.615	2.846	3.34934	3.23791	3.1368	0.923791	1.80591	14.1153	4.2533	Precompiled binary linux_ubuntu_24_64: Aug  4 2026 (Version AFNI_26.2.03 'Gordian III')
rf1	11330	01	1	pre_resample	/ZPOOL/data/projects/rf1-sra-linux2/derivatives/fmriprep/sub-11330/ses-01/func/sub-11330_ses-01_task-sharedreward_run-1_part-mag_space-MNI152NLin6Asym_desc-preproc_bold.nii.gz	/ZPOOL/data/projects/rf1-sra-linux2/derivatives/fmriprep/sub-11330/ses-01/func/sub-11330_ses-01_task-sharedreward_run-1_part-mag_space-MNI152NLin6Asym_desc-brain_mask.nii.gz	2.7	2.7	2.97	255	1.615	3.10449	3.50489	3.47989	3.35797	0.924074	1.93172	16.0746	4.59591	Precompiled binary linux_ubuntu_24_64: Aug  4 2026 (Version AFNI_26.2.03 'Gordian III')
rf1	11330	01	2	pre_resample	/ZPOOL/data/projects/rf1-sra-linux2/derivatives/fmriprep/sub-11330/ses-01/func/sub-11330_ses-01_task-sharedreward_run-2_part-mag_space-MNI152NLin6Asym_desc-preproc_bold.nii.gz	/ZPOOL/data/projects/rf1-sra-linux2/derivatives/fmriprep/sub-11330/ses-01/func/sub-11330_ses-01_task-sharedreward_run-2_part-mag_space-MNI152NLin6Asym_desc-brain_mask.nii.gz	2.7	2.7	2.97	255	1.615	3.11229	3.51291	3.48169	3.36392	0.917733	1.92795	16.1615	4.60928	Precompiled binary linux_ubuntu_24_64: Aug  4 2026 (Version AFNI_26.2.03 'Gordian III')
rf1	11337	01	1	pre_resample	/ZPOOL/data/projects/rf1-sra-linux2/derivatives/fmriprep/sub-11337/ses-01/func/sub-11337_ses-01_task-sharedreward_run-1_part-mag_space-MNI152NLin6Asym_desc-preproc_bold.nii.gz	/ZPOOL/data/projects/rf1-sra-linux2/derivatives/fmriprep/sub-11337/ses-01/func/sub-11337_ses-01_task-sharedreward_run-1_part-mag_space-MNI152NLin6Asym_desc-brain_mask.nii.gz	2.7	2.7	2.97	255	1.615	2.97531	3.4299	3.31212	3.23325	0.935707	1.87293	15.0215	4.39081	Precompiled binary linux_ubuntu_24_64: Aug  4 2026 (Version AFNI_26.2.03 'Gordian III')
rf1	11337	01	2	pre_resample	/ZPOOL/data/projects/rf1-sra-linux2/derivatives/fmriprep/sub-11337/ses-01/func/sub-11337_ses-01_task-sharedreward_run-2_part-mag_space-MNI152NLin6Asym_desc-preproc_bold.nii.gz	/ZPOOL/data/projects/rf1-sra-linux2/derivatives/fmriprep/sub-11337/ses-01/func/sub-11337_ses-01_task-sharedreward_run-2_part-mag_space-MNI152NLin6Asym_desc-brain_mask.nii.gz	2.7	2.7	2.97	255	1.615	2.93213	3.36712	3.2555	3.17946	0.951405	1.86298	14.5648	4.31005	Precompiled binary linux_ubuntu_24_64: Aug  4 2026 (Version AFNI_26.2.03 'Gordian III')
rf1	11338	01	1	pre_resample	/ZPOOL/data/projects/rf1-sra-linux2/derivatives/fmriprep/sub-11338/ses-01/func/sub-11338_ses-01_task-sharedreward_run-1_part-mag_space-MNI152NLin6Asym_desc-preproc_bold.nii.gz	/ZPOOL/data/projects/rf1-sra-linux2/derivatives/fmriprep/sub-11338/ses-01/func/sub-11338_ses-01_task-sharedreward_run-1_part-mag_space-MNI152NLin6Asym_desc-brain_mask.nii.gz	2.7	2.7	2.97	255	1.615	2.90789	3.62291	3.23407	3.24187	0.927701	1.86066	15.5231	4.38861	Precompiled binary linux_ubuntu_24_64: Aug  4 2026 (Version AFNI_26.2.03 'Gordian III')
rf1	11338	01	2	pre_resample	/ZPOOL/data/projects/rf1-sra-linux2/derivatives/fmriprep/sub-11338/ses-01/func/sub-11338_ses-01_task-sharedreward_run-2_part-mag_space-MNI152NLin6Asym_desc-preproc_bold.nii.gz	/ZPOOL/data/projects/rf1-sra-linux2/derivatives/fmriprep/sub-11338/ses-01/func/sub-11338_ses-01_task-sharedreward_run-2_part-mag_space-MNI152NLin6Asym_desc-brain_mask.nii.gz	2.7	2.7	2.97	255	1.615	2.91672	3.61299	3.22825	3.24023	0.922747	1.85141	15.5128	4.38164	Precompiled binary linux_ubuntu_24_64: Aug  4 2026 (Version AFNI_26.2.03 'Gordian III')
rf1	11340	01	1	pre_resample	/ZPOOL/data/projects/rf1-sra-linux2/derivatives/fmriprep/sub-11340/ses-01/func/sub-11340_ses-01_task-sharedreward_run-1_part-mag_space-MNI152NLin6Asym_desc-preproc_bold.nii.gz	/ZPOOL/data/projects/rf1-sra-linux2/derivatives/fmriprep/sub-11340/ses-01/func/sub-11340_ses-01_task-sharedreward_run-1_part-mag_space-MNI152NLin6Asym_desc-brain_mask.nii.gz	2.7	2.7	2.97	255	1.615	3.20021	3.573	3.60712	3.45507	0.937305	2.01521	16.9259	4.78661	Precompiled binary linux_ubuntu_24_64: Aug  4 2026 (Version AFNI_26.2.03 'Gordian III')
rf1	11340	01	2	pre_resample	/ZPOOL/data/projects/rf1-sra-linux2/derivatives/fmriprep/sub-11340/ses-01/func/sub-11340_ses-01_task-sharedreward_run-2_part-mag_space-MNI152NLin6Asym_desc-preproc_bold.nii.gz	/ZPOOL/data/projects/rf1-sra-linux2/derivatives/fmriprep/sub-11340/ses-01/func/sub-11340_ses-01_task-sharedreward_run-2_part-mag_space-MNI152NLin6Asym_desc-brain_mask.nii.gz	2.7	2.7	2.97	255	1.615	3.13569	3.51845	3.56033	3.39932	0.942551	1.98958	16.3374	4.69152	Precompiled binary linux_ubuntu_24_64: Aug  4 2026 (Version AFNI_26.2.03 'Gordian III')
rf1	11343	01	1	pre_resample	/ZPOOL/data/projects/rf1-sra-linux2/derivatives/fmriprep/sub-11343/ses-01/func/sub-11343_ses-01_task-sharedreward_run-1_part-mag_space-MNI152NLin6Asym_desc-preproc_bold.nii.gz	/ZPOOL/data/projects/rf1-sra-linux2/derivatives/fmriprep/sub-11343/ses-01/func/sub-11343_ses-01_task-sharedreward_run-1_part-mag_space-MNI152NLin6Asym_desc-brain_mask.nii.gz	2.7	2.7	2.97	255	1.615	3.20046	3.4715	3.54762	3.40321	0.963126	2.01165	16.4677	4.68035	Precompiled binary linux_ubuntu_24_64: Aug  4 2026 (Version AFNI_26.2.03 'Gordian III')
rf1	11343	01	2	pre_resample	/ZPOOL/data/projects/rf1-sra-linux2/derivatives/fmriprep/sub-11343/ses-01/func/sub-11343_ses-01_task-sharedreward_run-2_part-mag_space-MNI152NLin6Asym_desc-preproc_bold.nii.gz	/ZPOOL/data/projects/rf1-sra-linux2/derivatives/fmriprep/sub-11343/ses-01/func/sub-11343_ses-01_task-sharedreward_run-2_part-mag_space-MNI152NLin6Asym_desc-brain_mask.nii.gz	2.7	2.7	2.97	255	1.615	3.23341	3.53158	3.58226	3.44558	0.948303	2.01728	16.8979	4.75152	Precompiled binary linux_ubuntu_24_64: Aug  4 2026 (Version AFNI_26.2.03 'Gordian III')
rf1	11345	01	1	pre_resample	/ZPOOL/data/projects/rf1-sra-linux2/derivatives/fmriprep/sub-11345/ses-01/func/sub-11345_ses-01_task-sharedreward_run-1_part-mag_space-MNI152NLin6Asym_desc-preproc_bold.nii.gz	/ZPOOL/data/projects/rf1-sra-linux2/derivatives/fmriprep/sub-11345/ses-01/func/sub-11345_ses-01_task-sharedreward_run-1_part-mag_space-MNI152NLin6Asym_desc-brain_mask.nii.gz	2.7	2.7	2.97	255	1.615	3.37643	3.67505	3.66782	3.57034	0.9532	2.0895	18.3511	4.94919	Precompiled binary linux_ubuntu_24_64: Aug  4 2026 (Version AFNI_26.2.03 'Gordian III')
rf1	11345	01	2	pre_resample	/ZPOOL/data/projects/rf1-sra-linux2/derivatives/fmriprep/sub-11345/ses-01/func/sub-11345_ses-01_task-sharedreward_run-2_part-mag_space-MNI152NLin6Asym_desc-preproc_bold.nii.gz	/ZPOOL/data/projects/rf1-sra-linux2/derivatives/fmriprep/sub-11345/ses-01/func/sub-11345_ses-01_task-sharedreward_run-2_part-mag_space-MNI152NLin6Asym_desc-brain_mask.nii.gz	2.7	2.7	2.97	255	1.615	3.36785	3.67665	3.66927	3.5683	0.952899	2.08766	18.315	4.94476	Precompiled binary linux_ubuntu_24_64: Aug  4 2026 (Version AFNI_26.2.03 'Gordian III')
rf1	11348	01	1	pre_resample	/ZPOOL/data/projects/rf1-sra-linux2/derivatives/fmriprep/sub-11348/ses-01/func/sub-11348_ses-01_task-sharedreward_run-1_part-mag_space-MNI152NLin6Asym_desc-preproc_bold.nii.gz	/ZPOOL/data/projects/rf1-sra-linux2/derivatives/fmriprep/sub-11348/ses-01/func/sub-11348_ses-01_task-sharedreward_run-1_part-mag_space-MNI152NLin6Asym_desc-brain_mask.nii.gz	2.7	2.7	2.97	255	1.615	3.12794	3.51248	3.46637	3.36447	0.948862	1.95607	16.2001	4.57441	Precompiled binary linux_ubuntu_24_64: Aug  4 2026 (Version AFNI_26.2.03 'Gordian III')
rf1	11348	01	2	pre_resample	/ZPOOL/data/projects/rf1-sra-linux2/derivatives/fmriprep/sub-11348/ses-01/func/sub-11348_ses-01_task-sharedreward_run-2_part-mag_space-MNI152NLin6Asym_desc-preproc_bold.nii.gz	/ZPOOL/data/projects/rf1-sra-linux2/derivatives/fmriprep/sub-11348/ses-01/func/sub-11348_ses-01_task-sharedreward_run-2_part-mag_space-MNI152NLin6Asym_desc-brain_mask.nii.gz	2.7	2.7	2.97	255	1.615	3.13415	3.50299	3.44973	3.35826	0.945069	1.94741	16.1748	4.5639	Precompiled binary linux_ubuntu_24_64: Aug  4 2026 (Version AFNI_26.2.03 'Gordian III')
rf1	11358	01	1	pre_resample	/ZPOOL/data/projects/rf1-sra-linux2/derivatives/fmriprep/sub-11358/ses-01/func/sub-11358_ses-01_task-sharedreward_run-1_part-mag_space-MNI152NLin6Asym_desc-preproc_bold.nii.gz	/ZPOOL/data/projects/rf1-sra-linux2/derivatives/fmriprep/sub-11358/ses-01/func/sub-11358_ses-01_task-sharedreward_run-1_part-mag_space-MNI152NLin6Asym_desc-brain_mask.nii.gz	2.7	2.7	2.97	255	1.615	3.23081	3.58998	3.53551	3.44841	0.94347	2.01236	17.1596	4.75628	Precompiled binary linux_ubuntu_24_64: Aug  4 2026 (Version AFNI_26.2.03 'Gordian III')
rf1	11358	01	2	pre_resample	/ZPOOL/data/projects/rf1-sra-linux2/derivatives/fmriprep/sub-11358/ses-01/func/sub-11358_ses-01_task-sharedreward_run-2_part-mag_space-MNI152NLin6Asym_desc-preproc_bold.nii.gz	/ZPOOL/data/projects/rf1-sra-linux2/derivatives/fmriprep/sub-11358/ses-01/func/sub-11358_ses-01_task-sharedreward_run-2_part-mag_space-MNI152NLin6Asym_desc-brain_mask.nii.gz	2.7	2.7	2.97	255	1.615	3.20635	3.55857	3.51184	3.42195	0.943854	1.9989	16.8961	4.71537	Precompiled binary linux_ubuntu_24_64: Aug  4 2026 (Version AFNI_26.2.03 'Gordian III')
rf1	11364	01	1	pre_resample	/ZPOOL/data/projects/rf1-sra-linux2/derivatives/fmriprep/sub-11364/ses-01/func/sub-11364_ses-01_task-sharedreward_run-1_part-mag_space-MNI152NLin6Asym_desc-preproc_bold.nii.gz	/ZPOOL/data/projects/rf1-sra-linux2/derivatives/fmriprep/sub-11364/ses-01/func/sub-11364_ses-01_task-sharedreward_run-1_part-mag_space-MNI152NLin6Asym_desc-brain_mask.nii.gz	2.7	2.7	2.97	255	1.615	3.22264	3.3485	3.21665	3.26204	0.948118	1.9011	15.9754	4.42659	Precompiled binary linux_ubuntu_24_64: Aug  4 2026 (Version AFNI_26.2.03 'Gordian III')
rf1	11364	01	2	pre_resample	/ZPOOL/data/projects/rf1-sra-linux2/derivatives/fmriprep/sub-11364/ses-01/func/sub-11364_ses-01_task-sharedreward_run-2_part-mag_space-MNI152NLin6Asym_desc-preproc_bold.nii.gz	/ZPOOL/data/projects/rf1-sra-linux2/derivatives/fmriprep/sub-11364/ses-01/func/sub-11364_ses-01_task-sharedreward_run-2_part-mag_space-MNI152NLin6Asym_desc-brain_mask.nii.gz	2.7	2.7	2.97	255	1.615	3.2423	3.36467	3.25833	3.28799	0.937759	1.9017	16.1318	4.46512	Precompiled binary linux_ubuntu_24_64: Aug  4 2026 (Version AFNI_26.2.03 'Gordian III')
rf1	11367	01	1	pre_resample	/ZPOOL/data/projects/rf1-sra-linux2/derivatives/fmriprep/sub-11367/ses-01/func/sub-11367_ses-01_task-sharedreward_run-1_part-mag_space-MNI152NLin6Asym_desc-preproc_bold.nii.gz	/ZPOOL/data/projects/rf1-sra-linux2/derivatives/fmriprep/sub-11367/ses-01/func/sub-11367_ses-01_task-sharedreward_run-1_part-mag_space-MNI152NLin6Asym_desc-brain_mask.nii.gz	2.7	2.7	2.97	255	1.615	3.06252	3.51652	3.32284	3.29535	0.974899	1.95338	15.9281	4.47585	Precompiled binary linux_ubuntu_24_64: Aug  4 2026 (Version AFNI_26.2.03 'Gordian III')
rf1	11367	01	2	pre_resample	/ZPOOL/data/projects/rf1-sra-linux2/derivatives/fmriprep/sub-11367/ses-01/func/sub-11367_ses-01_task-sharedreward_run-2_part-mag_space-MNI152NLin6Asym_desc-preproc_bold.nii.gz	/ZPOOL/data/projects/rf1-sra-linux2/derivatives/fmriprep/sub-11367/ses-01/func/sub-11367_ses-01_task-sharedreward_run-2_part-mag_space-MNI152NLin6Asym_desc-brain_mask.nii.gz	2.7	2.7	2.97	255	1.615	3.11868	3.53901	3.38046	3.34151	0.968757	1.97069	16.3093	4.54526	Precompiled binary linux_ubuntu_24_64: Aug  4 2026 (Version AFNI_26.2.03 'Gordian III')
rf1	11374	01	1	pre_resample	/ZPOOL/data/projects/rf1-sra-linux2/derivatives/fmriprep/sub-11374/ses-01/func/sub-11374_ses-01_task-sharedreward_run-1_part-mag_space-MNI152NLin6Asym_desc-preproc_bold.nii.gz	/ZPOOL/data/projects/rf1-sra-linux2/derivatives/fmriprep/sub-11374/ses-01/func/sub-11374_ses-01_task-sharedreward_run-1_part-mag_space-MNI152NLin6Asym_desc-brain_mask.nii.gz	2.7	2.7	2.97	255	1.615	3.40235	3.57431	3.36862	3.44727	0.941232	1.99065	17.9502	4.70545	Precompiled binary linux_ubuntu_24_64: Aug  4 2026 (Version AFNI_26.2.03 'Gordian III')
rf1	11374	01	2	pre_resample	/ZPOOL/data/projects/rf1-sra-linux2/derivatives/fmriprep/sub-11374/ses-01/func/sub-11374_ses-01_task-sharedreward_run-2_part-mag_space-MNI152NLin6Asym_desc-preproc_bold.nii.gz	/ZPOOL/data/projects/rf1-sra-linux2/derivatives/fmriprep/sub-11374/ses-01/func/sub-11374_ses-01_task-sharedreward_run-2_part-mag_space-MNI152NLin6Asym_desc-brain_mask.nii.gz	2.7	2.7	2.97	255	1.615	3.28816	3.52835	3.29303	3.36801	0.942112	1.9434	17.1045	4.56684	Precompiled binary linux_ubuntu_24_64: Aug  4 2026 (Version AFNI_26.2.03 'Gordian III')
rf1	11376	01	1	pre_resample	/ZPOOL/data/projects/rf1-sra-linux2/derivatives/fmriprep/sub-11376/ses-01/func/sub-11376_ses-01_task-sharedreward_run-1_part-mag_space-MNI152NLin6Asym_desc-preproc_bold.nii.gz	/ZPOOL/data/projects/rf1-sra-linux2/derivatives/fmriprep/sub-11376/ses-01/func/sub-11376_ses-01_task-sharedreward_run-1_part-mag_space-MNI152NLin6Asym_desc-brain_mask.nii.gz	2.7	2.7	2.97	255	1.615	2.99395	3.15889	3.1744	3.108	0.939039	1.8055	13.9396	4.20116	Precompiled binary linux_ubuntu_24_64: Aug  4 2026 (Version AFNI_26.2.03 'Gordian III')
rf1	11376	01	2	pre_resample	/ZPOOL/data/projects/rf1-sra-linux2/derivatives/fmriprep/sub-11376/ses-01/func/sub-11376_ses-01_task-sharedreward_run-2_part-mag_space-MNI152NLin6Asym_desc-preproc_bold.nii.gz	/ZPOOL/data/projects/rf1-sra-linux2/derivatives/fmriprep/sub-11376/ses-01/func/sub-11376_ses-01_task-sharedreward_run-2_part-mag_space-MNI152NLin6Asym_desc-brain_mask.nii.gz	2.7	2.7	2.97	255	1.615	3.03614	3.17261	3.19944	3.13524	0.93513	1.81532	14.1731	4.23978	Precompiled binary linux_ubuntu_24_64: Aug  4 2026 (Version AFNI_26.2.03 'Gordian III')
rf1	11377	01	1	pre_resample	/ZPOOL/data/projects/rf1-sra-linux2/derivatives/fmriprep/sub-11377/ses-01/func/sub-11377_ses-01_task-sharedreward_run-1_part-mag_space-MNI152NLin6Asym_desc-preproc_bold.nii.gz	/ZPOOL/data/projects/rf1-sra-linux2/derivatives/fmriprep/sub-11377/ses-01/func/sub-11377_ses-01_task-sharedreward_run-1_part-mag_space-MNI152NLin6Asym_desc-brain_mask.nii.gz	2.7	2.7	2.97	255	1.615	3.51365	3.76075	3.63894	3.63638	0.952173	2.12843	19.5609	5.07411	Precompiled binary linux_ubuntu_24_64: Aug  4 2026 (Version AFNI_26.2.03 'Gordian III')
rf1	11377	01	2	pre_resample	/ZPOOL/data/projects/rf1-sra-linux2/derivatives/fmriprep/sub-11377/ses-01/func/sub-11377_ses-01_task-sharedreward_run-2_part-mag_space-MNI152NLin6Asym_desc-preproc_bold.nii.gz	/ZPOOL/data/projects/rf1-sra-linux2/derivatives/fmriprep/sub-11377/ses-01/func/sub-11377_ses-01_task-sharedreward_run-2_part-mag_space-MNI152NLin6Asym_desc-brain_mask.nii.gz	2.7	2.7	2.97	255	1.615	3.45712	3.75378	3.61775	3.60751	0.948626	2.10559	19.1703	5.01782	Precompiled binary linux_ubuntu_24_64: Aug  4 2026 (Version AFNI_26.2.03 'Gordian III')
rf1	11387	01	1	pre_resample	/ZPOOL/data/projects/rf1-sra-linux2/derivatives/fmriprep/sub-11387/ses-01/func/sub-11387_ses-01_task-sharedreward_run-1_part-mag_space-MNI152NLin6Asym_desc-preproc_bold.nii.gz	/ZPOOL/data/projects/rf1-sra-linux2/derivatives/fmriprep/sub-11387/ses-01/func/sub-11387_ses-01_task-sharedreward_run-1_part-mag_space-MNI152NLin6Asym_desc-brain_mask.nii.gz	2.7	2.7	2.97	255	1.615	3.34393	3.3676	3.21152	3.30697	0.944326	1.92992	16.7078	4.52041	Precompiled binary linux_ubuntu_24_64: Aug  4 2026 (Version AFNI_26.2.03 'Gordian III')
rf1	11387	01	2	pre_resample	/ZPOOL/data/projects/rf1-sra-linux2/derivatives/fmriprep/sub-11387/ses-01/func/sub-11387_ses-01_task-sharedreward_run-2_part-mag_space-MNI152NLin6Asym_desc-preproc_bold.nii.gz	/ZPOOL/data/projects/rf1-sra-linux2/derivatives/fmriprep/sub-11387/ses-01/func/sub-11387_ses-01_task-sharedreward_run-2_part-mag_space-MNI152NLin6Asym_desc-brain_mask.nii.gz	2.7	2.7	2.97	255	1.615	3.34727	3.39307	3.27509	3.33812	0.939349	1.94029	16.8214	4.56726	Precompiled binary linux_ubuntu_24_64: Aug  4 2026 (Version AFNI_26.2.03 'Gordian III')
rf1	11410	01	1	pre_resample	/ZPOOL/data/projects/rf1-sra-linux2/derivatives/fmriprep/sub-11410/ses-01/func/sub-11410_ses-01_task-sharedreward_run-1_part-mag_space-MNI152NLin6Asym_desc-preproc_bold.nii.gz	/ZPOOL/data/projects/rf1-sra-linux2/derivatives/fmriprep/sub-11410/ses-01/func/sub-11410_ses-01_task-sharedreward_run-1_part-mag_space-MNI152NLin6Asym_desc-brain_mask.nii.gz	2.7	2.7	2.97	255	1.615	3.40106	3.60755	3.67184	3.55825	0.927324	2.04617	18.0109	4.92017	Precompiled binary linux_ubuntu_24_64: Aug  4 2026 (Version AFNI_26.2.03 'Gordian III')
rf1	11410	01	2	pre_resample	/ZPOOL/data/projects/rf1-sra-linux2/derivatives/fmriprep/sub-11410/ses-01/func/sub-11410_ses-01_task-sharedreward_run-2_part-mag_space-MNI152NLin6Asym_desc-preproc_bold.nii.gz	/ZPOOL/data/projects/rf1-sra-linux2/derivatives/fmriprep/sub-11410/ses-01/func/sub-11410_ses-01_task-sharedreward_run-2_part-mag_space-MNI152NLin6Asym_desc-brain_mask.nii.gz	2.7	2.7	2.97	255	1.615	3.45397	3.66665	3.65226	3.58963	0.917108	2.04893	18.5674	4.97183	Precompiled binary linux_ubuntu_24_64: Aug  4 2026 (Version AFNI_26.2.03 'Gordian III')
rf1	11416	01	1	pre_resample	/ZPOOL/data/projects/rf1-sra-linux2/derivatives/fmriprep/sub-11416/ses-01/func/sub-11416_ses-01_task-sharedreward_run-1_part-mag_space-MNI152NLin6Asym_desc-preproc_bold.nii.gz	/ZPOOL/data/projects/rf1-sra-linux2/derivatives/fmriprep/sub-11416/ses-01/func/sub-11416_ses-01_task-sharedreward_run-1_part-mag_space-MNI152NLin6Asym_desc-brain_mask.nii.gz	2.7	2.7	2.97	255	1.615	3.42166	3.72562	3.6435	3.59461	0.928029	2.071	18.7042	4.99433	Precompiled binary linux_ubuntu_24_64: Aug  4 2026 (Version AFNI_26.2.03 'Gordian III')
rf1	11426	01	1	pre_resample	/ZPOOL/data/projects/rf1-sra-linux2/derivatives/fmriprep/sub-11426/ses-01/func/sub-11426_ses-01_task-sharedreward_run-1_part-mag_space-MNI152NLin6Asym_desc-preproc_bold.nii.gz	/ZPOOL/data/projects/rf1-sra-linux2/derivatives/fmriprep/sub-11426/ses-01/func/sub-11426_ses-01_task-sharedreward_run-1_part-mag_space-MNI152NLin6Asym_desc-brain_mask.nii.gz	2.7	2.7	2.97	255	1.615	3.35821	3.59993	3.4832	3.47904	0.887568	1.94132	17.7539	4.77313	Precompiled binary linux_ubuntu_24_64: Aug  4 2026 (Version AFNI_26.2.03 'Gordian III')
rf1	11430	01	1	pre_resample	/ZPOOL/data/projects/rf1-sra-linux2/derivatives/fmriprep/sub-11430/ses-01/func/sub-11430_ses-01_task-sharedreward_run-1_part-mag_space-MNI152NLin6Asym_desc-preproc_bold.nii.gz	/ZPOOL/data/projects/rf1-sra-linux2/derivatives/fmriprep/sub-11430/ses-01/func/sub-11430_ses-01_task-sharedreward_run-1_part-mag_space-MNI152NLin6Asym_desc-brain_mask.nii.gz	2.7	2.7	2.97	255	1.615	3.1019	3.3028	3.25607	3.2191	0.979885	1.91389	15.1595	4.35175	Precompiled binary linux_ubuntu_24_64: Aug  4 2026 (Version AFNI_26.2.03 'Gordian III')
rf1	11432	01	1	pre_resample	/ZPOOL/data/projects/rf1-sra-linux2/derivatives/fmriprep/sub-11432/ses-01/func/sub-11432_ses-01_task-sharedreward_run-1_part-mag_space-MNI152NLin6Asym_desc-preproc_bold.nii.gz	/ZPOOL/data/projects/rf1-sra-linux2/derivatives/fmriprep/sub-11432/ses-01/func/sub-11432_ses-01_task-sharedreward_run-1_part-mag_space-MNI152NLin6Asym_desc-brain_mask.nii.gz	2.7	2.7	2.97	255	1.615	3.02326	3.29689	3.27832	3.19701	0.967288	1.89451	14.7547	4.34092	Precompiled binary linux_ubuntu_24_64: Aug  4 2026 (Version AFNI_26.2.03 'Gordian III')
rf1	11432	01	2	pre_resample	/ZPOOL/data/projects/rf1-sra-linux2/derivatives/fmriprep/sub-11432/ses-01/func/sub-11432_ses-01_task-sharedreward_run-2_part-mag_space-MNI152NLin6Asym_desc-preproc_bold.nii.gz	/ZPOOL/data/projects/rf1-sra-linux2/derivatives/fmriprep/sub-11432/ses-01/func/sub-11432_ses-01_task-sharedreward_run-2_part-mag_space-MNI152NLin6Asym_desc-brain_mask.nii.gz	2.7	2.7	2.97	255	1.615	3.00078	3.29026	3.29883	3.19356	0.972347	1.89872	14.6038	4.33519	Precompiled binary linux_ubuntu_24_64: Aug  4 2026 (Version AFNI_26.2.03 'Gordian III')
rf1	11433	01	1	pre_resample	/ZPOOL/data/projects/rf1-sra-linux2/derivatives/fmriprep/sub-11433/ses-01/func/sub-11433_ses-01_task-sharedreward_run-1_part-mag_space-MNI152NLin6Asym_desc-preproc_bold.nii.gz	/ZPOOL/data/projects/rf1-sra-linux2/derivatives/fmriprep/sub-11433/ses-01/func/sub-11433_ses-01_task-sharedreward_run-1_part-mag_space-MNI152NLin6Asym_desc-brain_mask.nii.gz	2.7	2.7	2.97	255	1.615	3.1816	3.36771	3.48458	3.34229	0.930989	1.93402	15.8395	4.576	Precompiled binary linux_ubuntu_24_64: Aug  4 2026 (Version AFNI_26.2.03 'Gordian III')
rf1	11433	01	2	pre_resample	/ZPOOL/data/projects/rf1-sra-linux2/derivatives/fmriprep/sub-11433/ses-01/func/sub-11433_ses-01_task-sharedreward_run-2_part-mag_space-MNI152NLin6Asym_desc-preproc_bold.nii.gz	/ZPOOL/data/projects/rf1-sra-linux2/derivatives/fmriprep/sub-11433/ses-01/func/sub-11433_ses-01_task-sharedreward_run-2_part-mag_space-MNI152NLin6Asym_desc-brain_mask.nii.gz	2.7	2.7	2.97	255	1.615	3.18527	3.39703	3.53419	3.36909	0.930053	1.95208	15.9857	4.63012	Precompiled binary linux_ubuntu_24_64: Aug  4 2026 (Version AFNI_26.2.03 'Gordian III')
rf1	11435	01	1	pre_resample	/ZPOOL/data/projects/rf1-sra-linux2/derivatives/fmriprep/sub-11435/ses-01/func/sub-11435_ses-01_task-sharedreward_run-1_part-mag_space-MNI152NLin6Asym_desc-preproc_bold.nii.gz	/ZPOOL/data/projects/rf1-sra-linux2/derivatives/fmriprep/sub-11435/ses-01/func/sub-11435_ses-01_task-sharedreward_run-1_part-mag_space-MNI152NLin6Asym_desc-brain_mask.nii.gz	2.7	2.7	2.97	255	1.615	2.95152	3.501	3.19885	3.2093	0.967067	1.89811	15.3163	4.35242	Precompiled binary linux_ubuntu_24_64: Aug  4 2026 (Version AFNI_26.2.03 'Gordian III')
rf1	11435	01	2	pre_resample	/ZPOOL/data/projects/rf1-sra-linux2/derivatives/fmriprep/sub-11435/ses-01/func/sub-11435_ses-01_task-sharedreward_run-2_part-mag_space-MNI152NLin6Asym_desc-preproc_bold.nii.gz	/ZPOOL/data/projects/rf1-sra-linux2/derivatives/fmriprep/sub-11435/ses-01/func/sub-11435_ses-01_task-sharedreward_run-2_part-mag_space-MNI152NLin6Asym_desc-brain_mask.nii.gz	2.7	2.7	2.97	255	1.615	2.9649	3.52107	3.30509	3.25554	0.96429	1.92608	15.4705	4.43681	Precompiled binary linux_ubuntu_24_64: Aug  4 2026 (Version AFNI_26.2.03 'Gordian III')
rf1	11439	01	1	pre_resample	/ZPOOL/data/projects/rf1-sra-linux2/derivatives/fmriprep/sub-11439/ses-01/func/sub-11439_ses-01_task-sharedreward_run-1_part-mag_space-MNI152NLin6Asym_desc-preproc_bold.nii.gz	/ZPOOL/data/projects/rf1-sra-linux2/derivatives/fmriprep/sub-11439/ses-01/func/sub-11439_ses-01_task-sharedreward_run-1_part-mag_space-MNI152NLin6Asym_desc-brain_mask.nii.gz	2.7	2.7	2.97	255	1.615	3.31043	3.53495	3.45918	3.43358	0.946736	2.01475	17.3162	4.7515	Precompiled binary linux_ubuntu_24_64: Aug  4 2026 (Version AFNI_26.2.03 'Gordian III')
rf1	11440	01	1	pre_resample	/ZPOOL/data/projects/rf1-sra-linux2/derivatives/fmriprep/sub-11440/ses-01/func/sub-11440_ses-01_task-sharedreward_run-1_part-mag_space-MNI152NLin6Asym_desc-preproc_bold.nii.gz	/ZPOOL/data/projects/rf1-sra-linux2/derivatives/fmriprep/sub-11440/ses-01/func/sub-11440_ses-01_task-sharedreward_run-1_part-mag_space-MNI152NLin6Asym_desc-brain_mask.nii.gz	2.7	2.7	2.97	255	1.615	3.25671	3.43057	3.57236	3.41744	0.937107	1.99254	16.519	4.72066	Precompiled binary linux_ubuntu_24_64: Aug  4 2026 (Version AFNI_26.2.03 'Gordian III')
rf1	11440	01	2	pre_resample	/ZPOOL/data/projects/rf1-sra-linux2/derivatives/fmriprep/sub-11440/ses-01/func/sub-11440_ses-01_task-sharedreward_run-2_part-mag_space-MNI152NLin6Asym_desc-preproc_bold.nii.gz	/ZPOOL/data/projects/rf1-sra-linux2/derivatives/fmriprep/sub-11440/ses-01/func/sub-11440_ses-01_task-sharedreward_run-2_part-mag_space-MNI152NLin6Asym_desc-brain_mask.nii.gz	2.7	2.7	2.97	255	1.615	3.20863	3.38868	3.28653	3.29379	0.942244	1.91489	16.0946	4.48471	Precompiled binary linux_ubuntu_24_64: Aug  4 2026 (Version AFNI_26.2.03 'Gordian III')
rf1	11443	01	1	pre_resample	/ZPOOL/data/projects/rf1-sra-linux2/derivatives/fmriprep/sub-11443/ses-01/func/sub-11443_ses-01_task-sharedreward_run-1_part-mag_space-MNI152NLin6Asym_desc-preproc_bold.nii.gz	/ZPOOL/data/projects/rf1-sra-linux2/derivatives/fmriprep/sub-11443/ses-01/func/sub-11443_ses-01_task-sharedreward_run-1_part-mag_space-MNI152NLin6Asym_desc-brain_mask.nii.gz	2.7	2.7	2.97	255	1.615	3.61357	3.83357	3.26999	3.56475	0.943583	2.05082	20.4054	4.87817	Precompiled binary linux_ubuntu_24_64: Aug  4 2026 (Version AFNI_26.2.03 'Gordian III')
rf1	11450	01	1	pre_resample	/ZPOOL/data/projects/rf1-sra-linux2/derivatives/fmriprep/sub-11450/ses-01/func/sub-11450_ses-01_task-sharedreward_run-1_part-mag_space-MNI152NLin6Asym_desc-preproc_bold.nii.gz	/ZPOOL/data/projects/rf1-sra-linux2/derivatives/fmriprep/sub-11450/ses-01/func/sub-11450_ses-01_task-sharedreward_run-1_part-mag_space-MNI152NLin6Asym_desc-brain_mask.nii.gz	2.7	2.7	2.97	255	1.615	3.05863	3.20304	3.05182	3.10372	0.963596	1.82486	14.4899	4.17269	Precompiled binary linux_ubuntu_24_64: Aug  4 2026 (Version AFNI_26.2.03 'Gordian III')
rf1	11450	01	2	pre_resample	/ZPOOL/data/projects/rf1-sra-linux2/derivatives/fmriprep/sub-11450/ses-01/func/sub-11450_ses-01_task-sharedreward_run-2_part-mag_space-MNI152NLin6Asym_desc-preproc_bold.nii.gz	/ZPOOL/data/projects/rf1-sra-linux2/derivatives/fmriprep/sub-11450/ses-01/func/sub-11450_ses-01_task-sharedreward_run-2_part-mag_space-MNI152NLin6Asym_desc-brain_mask.nii.gz	2.7	2.7	2.97	255	1.615	3.11564	3.22117	2.99511	3.10927	0.953424	1.809	14.8514	4.16663	Precompiled binary linux_ubuntu_24_64: Aug  4 2026 (Version AFNI_26.2.03 'Gordian III')
rf1	11451	01	1	pre_resample	/ZPOOL/data/projects/rf1-sra-linux2/derivatives/fmriprep/sub-11451/ses-01/func/sub-11451_ses-01_task-sharedreward_run-1_part-mag_space-MNI152NLin6Asym_desc-preproc_bold.nii.gz	/ZPOOL/data/projects/rf1-sra-linux2/derivatives/fmriprep/sub-11451/ses-01/func/sub-11451_ses-01_task-sharedreward_run-1_part-mag_space-MNI152NLin6Asym_desc-brain_mask.nii.gz	2.7	2.7	2.97	255	1.615	3.13377	3.34514	3.2977	3.2576	0.925632	1.87419	15.4872	4.43145	Precompiled binary linux_ubuntu_24_64: Aug  4 2026 (Version AFNI_26.2.03 'Gordian III')
rf1	11451	01	2	pre_resample	/ZPOOL/data/projects/rf1-sra-linux2/derivatives/fmriprep/sub-11451/ses-01/func/sub-11451_ses-01_task-sharedreward_run-2_part-mag_space-MNI152NLin6Asym_desc-preproc_bold.nii.gz	/ZPOOL/data/projects/rf1-sra-linux2/derivatives/fmriprep/sub-11451/ses-01/func/sub-11451_ses-01_task-sharedreward_run-2_part-mag_space-MNI152NLin6Asym_desc-brain_mask.nii.gz	2.7	2.7	2.97	255	1.615	3.12519	3.35079	3.2981	3.25658	0.929006	1.88341	15.5221	4.44429	Precompiled binary linux_ubuntu_24_64: Aug  4 2026 (Version AFNI_26.2.03 'Gordian III')
rf1	11461	01	1	pre_resample	/ZPOOL/data/projects/rf1-sra-linux2/derivatives/fmriprep/sub-11461/ses-01/func/sub-11461_ses-01_task-sharedreward_run-1_part-mag_space-MNI152NLin6Asym_desc-preproc_bold.nii.gz	/ZPOOL/data/projects/rf1-sra-linux2/derivatives/fmriprep/sub-11461/ses-01/func/sub-11461_ses-01_task-sharedreward_run-1_part-mag_space-MNI152NLin6Asym_desc-brain_mask.nii.gz	2.7	2.7	2.97	255	1.615	3.29352	3.55515	3.59943	3.48004	0.941272	2.03144	17.2946	4.82015	Precompiled binary linux_ubuntu_24_64: Aug  4 2026 (Version AFNI_26.2.03 'Gordian III')
rf1	11461	01	2	pre_resample	/ZPOOL/data/projects/rf1-sra-linux2/derivatives/fmriprep/sub-11461/ses-01/func/sub-11461_ses-01_task-sharedreward_run-2_part-mag_space-MNI152NLin6Asym_desc-preproc_bold.nii.gz	/ZPOOL/data/projects/rf1-sra-linux2/derivatives/fmriprep/sub-11461/ses-01/func/sub-11461_ses-01_task-sharedreward_run-2_part-mag_space-MNI152NLin6Asym_desc-brain_mask.nii.gz	2.7	2.7	2.97	255	1.615	3.34602	3.52162	3.38451	3.41656	0.948044	1.99889	17.4231	4.70167	Precompiled binary linux_ubuntu_24_64: Aug  4 2026 (Version AFNI_26.2.03 'Gordian III')
rf1	11462	01	1	pre_resample	/ZPOOL/data/projects/rf1-sra-linux2/derivatives/fmriprep/sub-11462/ses-01/func/sub-11462_ses-01_task-sharedreward_run-1_part-mag_space-MNI152NLin6Asym_desc-preproc_bold.nii.gz	/ZPOOL/data/projects/rf1-sra-linux2/derivatives/fmriprep/sub-11462/ses-01/func/sub-11462_ses-01_task-sharedreward_run-1_part-mag_space-MNI152NLin6Asym_desc-brain_mask.nii.gz	2.7	2.7	2.97	255	1.615	2.88236	3.6027	3.31239	3.25217	0.944636	1.89579	15.3413	4.42216	Precompiled binary linux_ubuntu_24_64: Aug  4 2026 (Version AFNI_26.2.03 'Gordian III')
rf1	11472	01	1	pre_resample	/ZPOOL/data/projects/rf1-sra-linux2/derivatives/fmriprep/sub-11472/ses-01/func/sub-11472_ses-01_task-sharedreward_run-1_part-mag_space-MNI152NLin6Asym_desc-preproc_bold.nii.gz	/ZPOOL/data/projects/rf1-sra-linux2/derivatives/fmriprep/sub-11472/ses-01/func/sub-11472_ses-01_task-sharedreward_run-1_part-mag_space-MNI152NLin6Asym_desc-brain_mask.nii.gz	2.7	2.7	2.97	255	1.615	3.02041	3.4295	3.78563	3.39738	0.972555	2.02745	15.2989	4.68948	Precompiled binary linux_ubuntu_24_64: Aug  4 2026 (Version AFNI_26.2.03 'Gordian III')
rf1	11472	01	2	pre_resample	/ZPOOL/data/projects/rf1-sra-linux2/derivatives/fmriprep/sub-11472/ses-01/func/sub-11472_ses-01_task-sharedreward_run-2_part-mag_space-MNI152NLin6Asym_desc-preproc_bold.nii.gz	/ZPOOL/data/projects/rf1-sra-linux2/derivatives/fmriprep/sub-11472/ses-01/func/sub-11472_ses-01_task-sharedreward_run-2_part-mag_space-MNI152NLin6Asym_desc-brain_mask.nii.gz	2.7	2.7	2.97	255	1.615	3.14383	3.52273	3.35318	3.3363	0.946741	1.9263	16.1629	4.50006	Precompiled binary linux_ubuntu_24_64: Aug  4 2026 (Version AFNI_26.2.03 'Gordian III')
rf1	11492	01	1	pre_resample	/ZPOOL/data/projects/rf1-sra-linux2/derivatives/fmriprep/sub-11492/ses-01/func/sub-11492_ses-01_task-sharedreward_run-1_part-mag_space-MNI152NLin6Asym_desc-preproc_bold.nii.gz	/ZPOOL/data/projects/rf1-sra-linux2/derivatives/fmriprep/sub-11492/ses-01/func/sub-11492_ses-01_task-sharedreward_run-1_part-mag_space-MNI152NLin6Asym_desc-brain_mask.nii.gz	2.7	2.7	2.97	255	1.615	3.26522	3.50478	3.19019	3.31739	0.918911	1.88582	16.8425	4.49358	Precompiled binary linux_ubuntu_24_64: Aug  4 2026 (Version AFNI_26.2.03 'Gordian III')
rf1	11492	01	2	pre_resample	/ZPOOL/data/projects/rf1-sra-linux2/derivatives/fmriprep/sub-11492/ses-01/func/sub-11492_ses-01_task-sharedreward_run-2_part-mag_space-MNI152NLin6Asym_desc-preproc_bold.nii.gz	/ZPOOL/data/projects/rf1-sra-linux2/derivatives/fmriprep/sub-11492/ses-01/func/sub-11492_ses-01_task-sharedreward_run-2_part-mag_space-MNI152NLin6Asym_desc-brain_mask.nii.gz	2.7	2.7	2.97	255	1.615	3.30845	3.5823	3.17498	3.35101	0.918105	1.90113	17.4421	4.54093	Precompiled binary linux_ubuntu_24_64: Aug  4 2026 (Version AFNI_26.2.03 'Gordian III')
rf1	11493	01	1	pre_resample	/ZPOOL/data/projects/rf1-sra-linux2/derivatives/fmriprep/sub-11493/ses-01/func/sub-11493_ses-01_task-sharedreward_run-1_part-mag_space-MNI152NLin6Asym_desc-preproc_bold.nii.gz	/ZPOOL/data/projects/rf1-sra-linux2/derivatives/fmriprep/sub-11493/ses-01/func/sub-11493_ses-01_task-sharedreward_run-1_part-mag_space-MNI152NLin6Asym_desc-brain_mask.nii.gz	2.7	2.7	2.97	255	1.615	3.24766	3.57267	3.31117	3.37429	0.944168	1.95179	17.1246	4.58262	Precompiled binary linux_ubuntu_24_64: Aug  4 2026 (Version AFNI_26.2.03 'Gordian III')
rf1	11493	01	2	pre_resample	/ZPOOL/data/projects/rf1-sra-linux2/derivatives/fmriprep/sub-11493/ses-01/func/sub-11493_ses-01_task-sharedreward_run-2_part-mag_space-MNI152NLin6Asym_desc-preproc_bold.nii.gz	/ZPOOL/data/projects/rf1-sra-linux2/derivatives/fmriprep/sub-11493/ses-01/func/sub-11493_ses-01_task-sharedreward_run-2_part-mag_space-MNI152NLin6Asym_desc-brain_mask.nii.gz	2.7	2.7	2.97	255	1.615	3.33828	3.58094	3.29395	3.40209	0.934926	1.96026	17.6435	4.64222	Precompiled binary linux_ubuntu_24_64: Aug  4 2026 (Version AFNI_26.2.03 'Gordian III')
rf1	11498	01	1	pre_resample	/ZPOOL/data/projects/rf1-sra-linux2/derivatives/fmriprep/sub-11498/ses-01/func/sub-11498_ses-01_task-sharedreward_run-1_part-mag_space-MNI152NLin6Asym_desc-preproc_bold.nii.gz	/ZPOOL/data/projects/rf1-sra-linux2/derivatives/fmriprep/sub-11498/ses-01/func/sub-11498_ses-01_task-sharedreward_run-1_part-mag_space-MNI152NLin6Asym_desc-brain_mask.nii.gz	2.7	2.7	2.97	255	1.615	2.97506	3.70027	3.64853	3.42465	0.937298	2.00347	16.2737	4.75006	Precompiled binary linux_ubuntu_24_64: Aug  4 2026 (Version AFNI_26.2.03 'Gordian III')
rf1	11517	01	1	pre_resample	/ZPOOL/data/projects/rf1-sra-linux2/derivatives/fmriprep/sub-11517/ses-01/func/sub-11517_ses-01_task-sharedreward_run-1_part-mag_space-MNI152NLin6Asym_desc-preproc_bold.nii.gz	/ZPOOL/data/projects/rf1-sra-linux2/derivatives/fmriprep/sub-11517/ses-01/func/sub-11517_ses-01_task-sharedreward_run-1_part-mag_space-MNI152NLin6Asym_desc-brain_mask.nii.gz	2.7	2.7	2.97	255	1.615	3.2292	3.57064	3.51108	3.43369	0.93777	1.98726	17.04	4.70538	Precompiled binary linux_ubuntu_24_64: Aug  4 2026 (Version AFNI_26.2.03 'Gordian III')
rf1	11517	01	2	pre_resample	/ZPOOL/data/projects/rf1-sra-linux2/derivatives/fmriprep/sub-11517/ses-01/func/sub-11517_ses-01_task-sharedreward_run-2_part-mag_space-MNI152NLin6Asym_desc-preproc_bold.nii.gz	/ZPOOL/data/projects/rf1-sra-linux2/derivatives/fmriprep/sub-11517/ses-01/func/sub-11517_ses-01_task-sharedreward_run-2_part-mag_space-MNI152NLin6Asym_desc-brain_mask.nii.gz	2.7	2.7	2.97	255	1.615	3.35354	3.66249	3.6264	3.54475	0.914798	2.0239	18.1024	4.90471	Precompiled binary linux_ubuntu_24_64: Aug  4 2026 (Version AFNI_26.2.03 'Gordian III')
rf1	11518	01	1	pre_resample	/ZPOOL/data/projects/rf1-sra-linux2/derivatives/fmriprep/sub-11518/ses-01/func/sub-11518_ses-01_task-sharedreward_run-1_part-mag_space-MNI152NLin6Asym_desc-preproc_bold.nii.gz	/ZPOOL/data/projects/rf1-sra-linux2/derivatives/fmriprep/sub-11518/ses-01/func/sub-11518_ses-01_task-sharedreward_run-1_part-mag_space-MNI152NLin6Asym_desc-brain_mask.nii.gz	2.7	2.7	2.97	255	1.615	3.13146	3.74727	3.45022	3.43376	0.947028	1.9999	17.2681	4.70781	Precompiled binary linux_ubuntu_24_64: Aug  4 2026 (Version AFNI_26.2.03 'Gordian III')
rf1	11518	01	2	pre_resample	/ZPOOL/data/projects/rf1-sra-linux2/derivatives/fmriprep/sub-11518/ses-01/func/sub-11518_ses-01_task-sharedreward_run-2_part-mag_space-MNI152NLin6Asym_desc-preproc_bold.nii.gz	/ZPOOL/data/projects/rf1-sra-linux2/derivatives/fmriprep/sub-11518/ses-01/func/sub-11518_ses-01_task-sharedreward_run-2_part-mag_space-MNI152NLin6Asym_desc-brain_mask.nii.gz	2.7	2.7	2.97	255	1.615	3.22198	3.73661	3.53209	3.49042	0.937329	2.01644	17.6808	4.79316	Precompiled binary linux_ubuntu_24_64: Aug  4 2026 (Version AFNI_26.2.03 'Gordian III')
rf1	11523	01	1	pre_resample	/ZPOOL/data/projects/rf1-sra-linux2/derivatives/fmriprep/sub-11523/ses-01/func/sub-11523_ses-01_task-sharedreward_run-1_part-mag_space-MNI152NLin6Asym_desc-preproc_bold.nii.gz	/ZPOOL/data/projects/rf1-sra-linux2/derivatives/fmriprep/sub-11523/ses-01/func/sub-11523_ses-01_task-sharedreward_run-1_part-mag_space-MNI152NLin6Asym_desc-brain_mask.nii.gz	2.7	2.7	2.97	255	1.615	3.11487	3.50959	3.26626	3.29293	0.936834	1.90515	16.1462	4.47774	Precompiled binary linux_ubuntu_24_64: Aug  4 2026 (Version AFNI_26.2.03 'Gordian III')
rf1	11523	01	2	pre_resample	/ZPOOL/data/projects/rf1-sra-linux2/derivatives/fmriprep/sub-11523/ses-01/func/sub-11523_ses-01_task-sharedreward_run-2_part-mag_space-MNI152NLin6Asym_desc-preproc_bold.nii.gz	/ZPOOL/data/projects/rf1-sra-linux2/derivatives/fmriprep/sub-11523/ses-01/func/sub-11523_ses-01_task-sharedreward_run-2_part-mag_space-MNI152NLin6Asym_desc-brain_mask.nii.gz	2.7	2.7	2.97	255	1.615	3.15586	3.56794	3.23426	3.31464	0.924317	1.89693	16.5958	4.50257	Precompiled binary linux_ubuntu_24_64: Aug  4 2026 (Version AFNI_26.2.03 'Gordian III')
rf1	11526	01	1	pre_resample	/ZPOOL/data/projects/rf1-sra-linux2/derivatives/fmriprep/sub-11526/ses-01/func/sub-11526_ses-01_task-sharedreward_run-1_part-mag_space-MNI152NLin6Asym_desc-preproc_bold.nii.gz	/ZPOOL/data/projects/rf1-sra-linux2/derivatives/fmriprep/sub-11526/ses-01/func/sub-11526_ses-01_task-sharedreward_run-1_part-mag_space-MNI152NLin6Asym_desc-brain_mask.nii.gz	2.7	2.7	2.97	255	1.615	3.19621	3.9511	3.65397	3.58679	0.858552	1.99299	14.2728	5.00275	Precompiled binary linux_ubuntu_24_64: Aug  4 2026 (Version AFNI_26.2.03 'Gordian III')
rf1	11526	01	2	pre_resample	/ZPOOL/data/projects/rf1-sra-linux2/derivatives/fmriprep/sub-11526/ses-01/func/sub-11526_ses-01_task-sharedreward_run-2_part-mag_space-MNI152NLin6Asym_desc-preproc_bold.nii.gz	/ZPOOL/data/projects/rf1-sra-linux2/derivatives/fmriprep/sub-11526/ses-01/func/sub-11526_ses-01_task-sharedreward_run-2_part-mag_space-MNI152NLin6Asym_desc-brain_mask.nii.gz	2.7	2.7	2.97	255	1.615	3.27913	4.0267	3.81827	3.69424	0.816188	2.00323	13.0231	5.17886	Precompiled binary linux_ubuntu_24_64: Aug  4 2026 (Version AFNI_26.2.03 'Gordian III')
rf1	11527	01	1	pre_resample	/ZPOOL/data/projects/rf1-sra-linux2/derivatives/fmriprep/sub-11527/ses-01/func/sub-11527_ses-01_task-sharedreward_run-1_part-mag_space-MNI152NLin6Asym_desc-preproc_bold.nii.gz	/ZPOOL/data/projects/rf1-sra-linux2/derivatives/fmriprep/sub-11527/ses-01/func/sub-11527_ses-01_task-sharedreward_run-1_part-mag_space-MNI152NLin6Asym_desc-brain_mask.nii.gz	2.7	2.7	2.97	255	1.615	3.14067	3.67128	3.63504	3.47363	0.914683	1.98832	16.9834	4.79558	Precompiled binary linux_ubuntu_24_64: Aug  4 2026 (Version AFNI_26.2.03 'Gordian III')
rf1	11527	01	2	pre_resample	/ZPOOL/data/projects/rf1-sra-linux2/derivatives/fmriprep/sub-11527/ses-01/func/sub-11527_ses-01_task-sharedreward_run-2_part-mag_space-MNI152NLin6Asym_desc-preproc_bold.nii.gz	/ZPOOL/data/projects/rf1-sra-linux2/derivatives/fmriprep/sub-11527/ses-01/func/sub-11527_ses-01_task-sharedreward_run-2_part-mag_space-MNI152NLin6Asym_desc-brain_mask.nii.gz	2.7	2.7	2.97	255	1.615	3.23677	3.80723	3.68254	3.56689	0.888856	1.99775	18.0823	4.93306	Precompiled binary linux_ubuntu_24_64: Aug  4 2026 (Version AFNI_26.2.03 'Gordian III')
rf1	11529	01	1	pre_resample	/ZPOOL/data/projects/rf1-sra-linux2/derivatives/fmriprep/sub-11529/ses-01/func/sub-11529_ses-01_task-sharedreward_run-1_part-mag_space-MNI152NLin6Asym_desc-preproc_bold.nii.gz	/ZPOOL/data/projects/rf1-sra-linux2/derivatives/fmriprep/sub-11529/ses-01/func/sub-11529_ses-01_task-sharedreward_run-1_part-mag_space-MNI152NLin6Asym_desc-brain_mask.nii.gz	2.7	2.7	2.97	255	1.615	3.31756	4.04209	3.99975	3.77125	0.792706	2.03379	11.928	5.33344	Precompiled binary linux_ubuntu_24_64: Aug  4 2026 (Version AFNI_26.2.03 'Gordian III')
rf1	11529	01	2	pre_resample	/ZPOOL/data/projects/rf1-sra-linux2/derivatives/fmriprep/sub-11529/ses-01/func/sub-11529_ses-01_task-sharedreward_run-2_part-mag_space-MNI152NLin6Asym_desc-preproc_bold.nii.gz	/ZPOOL/data/projects/rf1-sra-linux2/derivatives/fmriprep/sub-11529/ses-01/func/sub-11529_ses-01_task-sharedreward_run-2_part-mag_space-MNI152NLin6Asym_desc-brain_mask.nii.gz	2.7	2.7	2.97	255	1.615	3.32701	4.09247	3.98276	3.78507	0.803042	2.05034	12.8917	5.36991	Precompiled binary linux_ubuntu_24_64: Aug  4 2026 (Version AFNI_26.2.03 'Gordian III')
rf1	11530	01	1	pre_resample	/ZPOOL/data/projects/rf1-sra-linux2/derivatives/fmriprep/sub-11530/ses-01/func/sub-11530_ses-01_task-sharedreward_run-1_part-mag_space-MNI152NLin6Asym_desc-preproc_bold.nii.gz	/ZPOOL/data/projects/rf1-sra-linux2/derivatives/fmriprep/sub-11530/ses-01/func/sub-11530_ses-01_task-sharedreward_run-1_part-mag_space-MNI152NLin6Asym_desc-brain_mask.nii.gz	2.7	2.7	2.97	255	1.615	3.17056	3.46127	3.63523	3.41692	0.912732	1.96018	16.2073	4.71824	Precompiled binary linux_ubuntu_24_64: Aug  4 2026 (Version AFNI_26.2.03 'Gordian III')
rf1	11530	01	2	pre_resample	/ZPOOL/data/projects/rf1-sra-linux2/derivatives/fmriprep/sub-11530/ses-01/func/sub-11530_ses-01_task-sharedreward_run-2_part-mag_space-MNI152NLin6Asym_desc-preproc_bold.nii.gz	/ZPOOL/data/projects/rf1-sra-linux2/derivatives/fmriprep/sub-11530/ses-01/func/sub-11530_ses-01_task-sharedreward_run-2_part-mag_space-MNI152NLin6Asym_desc-brain_mask.nii.gz	2.7	2.7	2.97	255	1.615	3.15626	3.42458	3.48658	3.35269	0.909451	1.9114	15.9349	4.59297	Precompiled binary linux_ubuntu_24_64: Aug  4 2026 (Version AFNI_26.2.03 'Gordian III')
rf1	11532	01	1	pre_resample	/ZPOOL/data/projects/rf1-sra-linux2/derivatives/fmriprep/sub-11532/ses-01/func/sub-11532_ses-01_task-sharedreward_run-1_part-mag_space-MNI152NLin6Asym_desc-preproc_bold.nii.gz	/ZPOOL/data/projects/rf1-sra-linux2/derivatives/fmriprep/sub-11532/ses-01/func/sub-11532_ses-01_task-sharedreward_run-1_part-mag_space-MNI152NLin6Asym_desc-brain_mask.nii.gz	2.7	2.7	2.97	255	1.615	3.23564	3.68986	3.32621	3.41172	0.954165	2.00434	17.7031	4.69538	Precompiled binary linux_ubuntu_24_64: Aug  4 2026 (Version AFNI_26.2.03 'Gordian III')
rf1	11532	01	2	pre_resample	/ZPOOL/data/projects/rf1-sra-linux2/derivatives/fmriprep/sub-11532/ses-01/func/sub-11532_ses-01_task-sharedreward_run-2_part-mag_space-MNI152NLin6Asym_desc-preproc_bold.nii.gz	/ZPOOL/data/projects/rf1-sra-linux2/derivatives/fmriprep/sub-11532/ses-01/func/sub-11532_ses-01_task-sharedreward_run-2_part-mag_space-MNI152NLin6Asym_desc-brain_mask.nii.gz	2.7	2.7	2.97	255	1.615	3.23944	3.69259	3.3511	3.42239	0.951279	2.00957	17.7566	4.72115	Precompiled binary linux_ubuntu_24_64: Aug  4 2026 (Version AFNI_26.2.03 'Gordian III')
rf1	11533	01	1	pre_resample	/ZPOOL/data/projects/rf1-sra-linux2/derivatives/fmriprep/sub-11533/ses-01/func/sub-11533_ses-01_task-sharedreward_run-1_part-mag_space-MNI152NLin6Asym_desc-preproc_bold.nii.gz	/ZPOOL/data/projects/rf1-sra-linux2/derivatives/fmriprep/sub-11533/ses-01/func/sub-11533_ses-01_task-sharedreward_run-1_part-mag_space-MNI152NLin6Asym_desc-brain_mask.nii.gz	2.7	2.7	2.97	255	1.615	3.07885	3.44734	3.56617	3.35757	0.950907	1.9707	15.6891	4.60605	Precompiled binary linux_ubuntu_24_64: Aug  4 2026 (Version AFNI_26.2.03 'Gordian III')
rf1	11533	01	2	pre_resample	/ZPOOL/data/projects/rf1-sra-linux2/derivatives/fmriprep/sub-11533/ses-01/func/sub-11533_ses-01_task-sharedreward_run-2_part-mag_space-MNI152NLin6Asym_desc-preproc_bold.nii.gz	/ZPOOL/data/projects/rf1-sra-linux2/derivatives/fmriprep/sub-11533/ses-01/func/sub-11533_ses-01_task-sharedreward_run-2_part-mag_space-MNI152NLin6Asym_desc-brain_mask.nii.gz	2.7	2.7	2.97	255	1.615	3.06683	3.44367	3.56293	3.35099	0.9526	1.96946	15.6136	4.59637	Precompiled binary linux_ubuntu_24_64: Aug  4 2026 (Version AFNI_26.2.03 'Gordian III')
rf1	11534	01	1	pre_resample	/ZPOOL/data/projects/rf1-sra-linux2/derivatives/fmriprep/sub-11534/ses-01/func/sub-11534_ses-01_task-sharedreward_run-1_part-mag_space-MNI152NLin6Asym_desc-preproc_bold.nii.gz	/ZPOOL/data/projects/rf1-sra-linux2/derivatives/fmriprep/sub-11534/ses-01/func/sub-11534_ses-01_task-sharedreward_run-1_part-mag_space-MNI152NLin6Asym_desc-brain_mask.nii.gz	2.7	2.7	2.97	255	1.615	3.33128	3.4376	3.1247	3.29528	0.937564	1.89273	16.8898	4.44463	Precompiled binary linux_ubuntu_24_64: Aug  4 2026 (Version AFNI_26.2.03 'Gordian III')
rf1	11534	01	2	pre_resample	/ZPOOL/data/projects/rf1-sra-linux2/derivatives/fmriprep/sub-11534/ses-01/func/sub-11534_ses-01_task-sharedreward_run-2_part-mag_space-MNI152NLin6Asym_desc-preproc_bold.nii.gz	/ZPOOL/data/projects/rf1-sra-linux2/derivatives/fmriprep/sub-11534/ses-01/func/sub-11534_ses-01_task-sharedreward_run-2_part-mag_space-MNI152NLin6Asym_desc-brain_mask.nii.gz	2.7	2.7	2.97	255	1.615	3.41763	3.48786	3.50926	3.47136	0.911101	1.97251	17.4903	4.76709	Precompiled binary linux_ubuntu_24_64: Aug  4 2026 (Version AFNI_26.2.03 'Gordian III')
rf1	11535	01	1	pre_resample	/ZPOOL/data/projects/rf1-sra-linux2/derivatives/fmriprep/sub-11535/ses-01/func/sub-11535_ses-01_task-sharedreward_run-1_part-mag_space-MNI152NLin6Asym_desc-preproc_bold.nii.gz	/ZPOOL/data/projects/rf1-sra-linux2/derivatives/fmriprep/sub-11535/ses-01/func/sub-11535_ses-01_task-sharedreward_run-1_part-mag_space-MNI152NLin6Asym_desc-brain_mask.nii.gz	2.7	2.7	2.97	255	1.615	3.79811	4.13081	4.10813	4.00943	0.812432	2.20522	14.2478	5.9285	Precompiled binary linux_ubuntu_24_64: Aug  4 2026 (Version AFNI_26.2.03 'Gordian III')
rf1	11535	01	2	pre_resample	/ZPOOL/data/projects/rf1-sra-linux2/derivatives/fmriprep/sub-11535/ses-01/func/sub-11535_ses-01_task-sharedreward_run-2_part-mag_space-MNI152NLin6Asym_desc-preproc_bold.nii.gz	/ZPOOL/data/projects/rf1-sra-linux2/derivatives/fmriprep/sub-11535/ses-01/func/sub-11535_ses-01_task-sharedreward_run-2_part-mag_space-MNI152NLin6Asym_desc-brain_mask.nii.gz	2.7	2.7	2.97	255	1.615	3.83687	4.15186	4.12653	4.03585	0.792889	2.20776	13.0641	5.93165	Precompiled binary linux_ubuntu_24_64: Aug  4 2026 (Version AFNI_26.2.03 'Gordian III')
rf1	11536	01	1	pre_resample	/ZPOOL/data/projects/rf1-sra-linux2/derivatives/fmriprep/sub-11536/ses-01/func/sub-11536_ses-01_task-sharedreward_run-1_part-mag_space-MNI152NLin6Asym_desc-preproc_bold.nii.gz	/ZPOOL/data/projects/rf1-sra-linux2/derivatives/fmriprep/sub-11536/ses-01/func/sub-11536_ses-01_task-sharedreward_run-1_part-mag_space-MNI152NLin6Asym_desc-brain_mask.nii.gz	2.7	2.7	2.97	255	1.615	3.20418	3.401	3.10572	3.23466	0.941119	1.86306	16.1033	4.3506	Precompiled binary linux_ubuntu_24_64: Aug  4 2026 (Version AFNI_26.2.03 'Gordian III')
rf1	11536	01	2	pre_resample	/ZPOOL/data/projects/rf1-sra-linux2/derivatives/fmriprep/sub-11536/ses-01/func/sub-11536_ses-01_task-sharedreward_run-2_part-mag_space-MNI152NLin6Asym_desc-preproc_bold.nii.gz	/ZPOOL/data/projects/rf1-sra-linux2/derivatives/fmriprep/sub-11536/ses-01/func/sub-11536_ses-01_task-sharedreward_run-2_part-mag_space-MNI152NLin6Asym_desc-brain_mask.nii.gz	2.7	2.7	2.97	255	1.615	3.20587	3.40766	3.13214	3.24649	0.936811	1.86406	16.1359	4.36835	Precompiled binary linux_ubuntu_24_64: Aug  4 2026 (Version AFNI_26.2.03 'Gordian III')
rf1	11539	01	1	pre_resample	/ZPOOL/data/projects/rf1-sra-linux2/derivatives/fmriprep/sub-11539/ses-01/func/sub-11539_ses-01_task-sharedreward_run-1_part-mag_space-MNI152NLin6Asym_desc-preproc_bold.nii.gz	/ZPOOL/data/projects/rf1-sra-linux2/derivatives/fmriprep/sub-11539/ses-01/func/sub-11539_ses-01_task-sharedreward_run-1_part-mag_space-MNI152NLin6Asym_desc-brain_mask.nii.gz	2.7	2.7	2.97	255	1.615	2.82664	3.5948	3.03221	3.13498	0.956598	1.82289	15.0656	4.19184	Precompiled binary linux_ubuntu_24_64: Aug  4 2026 (Version AFNI_26.2.03 'Gordian III')
rf1	11539	01	2	pre_resample	/ZPOOL/data/projects/rf1-sra-linux2/derivatives/fmriprep/sub-11539/ses-01/func/sub-11539_ses-01_task-sharedreward_run-2_part-mag_space-MNI152NLin6Asym_desc-preproc_bold.nii.gz	/ZPOOL/data/projects/rf1-sra-linux2/derivatives/fmriprep/sub-11539/ses-01/func/sub-11539_ses-01_task-sharedreward_run-2_part-mag_space-MNI152NLin6Asym_desc-brain_mask.nii.gz	2.7	2.7	2.97	255	1.615	2.8376	3.6197	3.04075	3.14921	0.951189	1.82405	15.2259	4.21301	Precompiled binary linux_ubuntu_24_64: Aug  4 2026 (Version AFNI_26.2.03 'Gordian III')
rf1	11540	01	1	pre_resample	/ZPOOL/data/projects/rf1-sra-linux2/derivatives/fmriprep/sub-11540/ses-01/func/sub-11540_ses-01_task-sharedreward_run-1_part-mag_space-MNI152NLin6Asym_desc-preproc_bold.nii.gz	/ZPOOL/data/projects/rf1-sra-linux2/derivatives/fmriprep/sub-11540/ses-01/func/sub-11540_ses-01_task-sharedreward_run-1_part-mag_space-MNI152NLin6Asym_desc-brain_mask.nii.gz	2.7	2.7	2.97	255	1.615	3.20763	3.63008	3.64341	3.48768	0.890862	1.98472	17.2046	4.88048	Precompiled binary linux_ubuntu_24_64: Aug  4 2026 (Version AFNI_26.2.03 'Gordian III')
rf1	11540	01	2	pre_resample	/ZPOOL/data/projects/rf1-sra-linux2/derivatives/fmriprep/sub-11540/ses-01/func/sub-11540_ses-01_task-sharedreward_run-2_part-mag_space-MNI152NLin6Asym_desc-preproc_bold.nii.gz	/ZPOOL/data/projects/rf1-sra-linux2/derivatives/fmriprep/sub-11540/ses-01/func/sub-11540_ses-01_task-sharedreward_run-2_part-mag_space-MNI152NLin6Asym_desc-brain_mask.nii.gz	2.7	2.7	2.97	255	1.615	3.305	3.72096	3.90817	3.6358	0.855899	2.03486	16.0061	5.16099	Precompiled binary linux_ubuntu_24_64: Aug  4 2026 (Version AFNI_26.2.03 'Gordian III')
rf1	11542	01	1	pre_resample	/ZPOOL/data/projects/rf1-sra-linux2/derivatives/fmriprep/sub-11542/ses-01/func/sub-11542_ses-01_task-sharedreward_run-1_part-mag_space-MNI152NLin6Asym_desc-preproc_bold.nii.gz	/ZPOOL/data/projects/rf1-sra-linux2/derivatives/fmriprep/sub-11542/ses-01/func/sub-11542_ses-01_task-sharedreward_run-1_part-mag_space-MNI152NLin6Asym_desc-brain_mask.nii.gz	2.7	2.7	2.97	255	1.615	3.05596	3.38381	3.23021	3.22054	0.9451	1.86928	15.3103	4.35031	Precompiled binary linux_ubuntu_24_64: Aug  4 2026 (Version AFNI_26.2.03 'Gordian III')
rf1	11542	01	2	pre_resample	/ZPOOL/data/projects/rf1-sra-linux2/derivatives/fmriprep/sub-11542/ses-01/func/sub-11542_ses-01_task-sharedreward_run-2_part-mag_space-MNI152NLin6Asym_desc-preproc_bold.nii.gz	/ZPOOL/data/projects/rf1-sra-linux2/derivatives/fmriprep/sub-11542/ses-01/func/sub-11542_ses-01_task-sharedreward_run-2_part-mag_space-MNI152NLin6Asym_desc-brain_mask.nii.gz	2.7	2.7	2.97	255	1.615	3.13129	3.35449	3.06267	3.18041	0.939267	1.84189	15.5799	4.29996	Precompiled binary linux_ubuntu_24_64: Aug  4 2026 (Version AFNI_26.2.03 'Gordian III')
rf1	11545	01	1	pre_resample	/ZPOOL/data/projects/rf1-sra-linux2/derivatives/fmriprep/sub-11545/ses-01/func/sub-11545_ses-01_task-sharedreward_run-1_part-mag_space-MNI152NLin6Asym_desc-preproc_bold.nii.gz	/ZPOOL/data/projects/rf1-sra-linux2/derivatives/fmriprep/sub-11545/ses-01/func/sub-11545_ses-01_task-sharedreward_run-1_part-mag_space-MNI152NLin6Asym_desc-brain_mask.nii.gz	2.7	2.7	2.97	255	1.615	3.56033	3.93517	3.8943	3.79281	0.82192	2.08178	12.8684	5.38754	Precompiled binary linux_ubuntu_24_64: Aug  4 2026 (Version AFNI_26.2.03 'Gordian III')
rf1	11545	01	2	pre_resample	/ZPOOL/data/projects/rf1-sra-linux2/derivatives/fmriprep/sub-11545/ses-01/func/sub-11545_ses-01_task-sharedreward_run-2_part-mag_space-MNI152NLin6Asym_desc-preproc_bold.nii.gz	/ZPOOL/data/projects/rf1-sra-linux2/derivatives/fmriprep/sub-11545/ses-01/func/sub-11545_ses-01_task-sharedreward_run-2_part-mag_space-MNI152NLin6Asym_desc-brain_mask.nii.gz	2.7	2.7	2.97	255	1.615	3.61083	3.9795	3.97905	3.85246	0.800454	2.08361	13.3097	5.47878	Precompiled binary linux_ubuntu_24_64: Aug  4 2026 (Version AFNI_26.2.03 'Gordian III')
rf1	11551	01	1	pre_resample	/ZPOOL/data/projects/rf1-sra-linux2/derivatives/fmriprep/sub-11551/ses-01/func/sub-11551_ses-01_task-sharedreward_run-1_part-mag_space-MNI152NLin6Asym_desc-preproc_bold.nii.gz	/ZPOOL/data/projects/rf1-sra-linux2/derivatives/fmriprep/sub-11551/ses-01/func/sub-11551_ses-01_task-sharedreward_run-1_part-mag_space-MNI152NLin6Asym_desc-brain_mask.nii.gz	2.7	2.7	2.97	255	1.615	3.6842	4.46817	4.59416	4.22889	0.662046	2.14386	11.1541	6.09104	Precompiled binary linux_ubuntu_24_64: Aug  4 2026 (Version AFNI_26.2.03 'Gordian III')
rf1	11551	01	2	pre_resample	/ZPOOL/data/projects/rf1-sra-linux2/derivatives/fmriprep/sub-11551/ses-01/func/sub-11551_ses-01_task-sharedreward_run-2_part-mag_space-MNI152NLin6Asym_desc-preproc_bold.nii.gz	/ZPOOL/data/projects/rf1-sra-linux2/derivatives/fmriprep/sub-11551/ses-01/func/sub-11551_ses-01_task-sharedreward_run-2_part-mag_space-MNI152NLin6Asym_desc-brain_mask.nii.gz	2.7	2.7	2.97	255	1.615	3.62592	4.43112	4.60355	4.19767	0.668004	2.13945	10.8722	6.02951	Precompiled binary linux_ubuntu_24_64: Aug  4 2026 (Version AFNI_26.2.03 'Gordian III')
rf1	11559	01	1	pre_resample	/ZPOOL/data/projects/rf1-sra-linux2/derivatives/fmriprep/sub-11559/ses-01/func/sub-11559_ses-01_task-sharedreward_run-1_part-mag_space-MNI152NLin6Asym_desc-preproc_bold.nii.gz	/ZPOOL/data/projects/rf1-sra-linux2/derivatives/fmriprep/sub-11559/ses-01/func/sub-11559_ses-01_task-sharedreward_run-1_part-mag_space-MNI152NLin6Asym_desc-brain_mask.nii.gz	2.7	2.7	2.97	255	1.615	3.63911	3.7894	3.47547	3.6324	0.926298	2.08793	20.3015	5.05908	Precompiled binary linux_ubuntu_24_64: Aug  4 2026 (Version AFNI_26.2.03 'Gordian III')
rf1	11559	01	2	pre_resample	/ZPOOL/data/projects/rf1-sra-linux2/derivatives/fmriprep/sub-11559/ses-01/func/sub-11559_ses-01_task-sharedreward_run-2_part-mag_space-MNI152NLin6Asym_desc-preproc_bold.nii.gz	/ZPOOL/data/projects/rf1-sra-linux2/derivatives/fmriprep/sub-11559/ses-01/func/sub-11559_ses-01_task-sharedreward_run-2_part-mag_space-MNI152NLin6Asym_desc-brain_mask.nii.gz	2.7	2.7	2.97	255	1.615	3.69736	3.9037	3.63289	3.74289	0.916132	2.14992	21.3472	5.29818	Precompiled binary linux_ubuntu_24_64: Aug  4 2026 (Version AFNI_26.2.03 'Gordian III')
rf1	11560	01	1	pre_resample	/ZPOOL/data/projects/rf1-sra-linux2/derivatives/fmriprep/sub-11560/ses-01/func/sub-11560_ses-01_task-sharedreward_run-1_part-mag_space-MNI152NLin6Asym_desc-preproc_bold.nii.gz	/ZPOOL/data/projects/rf1-sra-linux2/derivatives/fmriprep/sub-11560/ses-01/func/sub-11560_ses-01_task-sharedreward_run-1_part-mag_space-MNI152NLin6Asym_desc-brain_mask.nii.gz	2.7	2.7	2.97	255	1.615	3.09695	3.43186	3.18549	3.23504	0.926444	1.84968	15.6896	4.36502	Precompiled binary linux_ubuntu_24_64: Aug  4 2026 (Version AFNI_26.2.03 'Gordian III')
rf1	11560	01	2	pre_resample	/ZPOOL/data/projects/rf1-sra-linux2/derivatives/fmriprep/sub-11560/ses-01/func/sub-11560_ses-01_task-sharedreward_run-2_part-mag_space-MNI152NLin6Asym_desc-preproc_bold.nii.gz	/ZPOOL/data/projects/rf1-sra-linux2/derivatives/fmriprep/sub-11560/ses-01/func/sub-11560_ses-01_task-sharedreward_run-2_part-mag_space-MNI152NLin6Asym_desc-brain_mask.nii.gz	2.7	2.7	2.97	255	1.615	3.12729	3.42935	3.33443	3.29458	0.926846	1.89448	15.8723	4.48335	Precompiled binary linux_ubuntu_24_64: Aug  4 2026 (Version AFNI_26.2.03 'Gordian III')
rf1	11563	01	1	pre_resample	/ZPOOL/data/projects/rf1-sra-linux2/derivatives/fmriprep/sub-11563/ses-01/func/sub-11563_ses-01_task-sharedreward_run-1_part-mag_space-MNI152NLin6Asym_desc-preproc_bold.nii.gz	/ZPOOL/data/projects/rf1-sra-linux2/derivatives/fmriprep/sub-11563/ses-01/func/sub-11563_ses-01_task-sharedreward_run-1_part-mag_space-MNI152NLin6Asym_desc-brain_mask.nii.gz	2.7	2.7	2.97	255	1.615	3.26381	3.43056	3.31545	3.33588	0.950703	1.94419	16.5568	4.53627	Precompiled binary linux_ubuntu_24_64: Aug  4 2026 (Version AFNI_26.2.03 'Gordian III')
rf1	11563	01	2	pre_resample	/ZPOOL/data/projects/rf1-sra-linux2/derivatives/fmriprep/sub-11563/ses-01/func/sub-11563_ses-01_task-sharedreward_run-2_part-mag_space-MNI152NLin6Asym_desc-preproc_bold.nii.gz	/ZPOOL/data/projects/rf1-sra-linux2/derivatives/fmriprep/sub-11563/ses-01/func/sub-11563_ses-01_task-sharedreward_run-2_part-mag_space-MNI152NLin6Asym_desc-brain_mask.nii.gz	2.7	2.7	2.97	255	1.615	3.24084	3.45527	3.34599	3.34622	0.947669	1.9445	16.558	4.54794	Precompiled binary linux_ubuntu_24_64: Aug  4 2026 (Version AFNI_26.2.03 'Gordian III')
rf1	11570	01	1	pre_resample	/ZPOOL/data/projects/rf1-sra-linux2/derivatives/fmriprep/sub-11570/ses-01/func/sub-11570_ses-01_task-sharedreward_run-1_part-mag_space-MNI152NLin6Asym_desc-preproc_bold.nii.gz	/ZPOOL/data/projects/rf1-sra-linux2/derivatives/fmriprep/sub-11570/ses-01/func/sub-11570_ses-01_task-sharedreward_run-1_part-mag_space-MNI152NLin6Asym_desc-brain_mask.nii.gz	2.7	2.7	2.97	255	1.615	3.58244	3.61519	3.6718	3.62296	0.810991	1.94267	11.9822	4.99833	Precompiled binary linux_ubuntu_24_64: Aug  4 2026 (Version AFNI_26.2.03 'Gordian III')
rf1	11570	01	2	pre_resample	/ZPOOL/data/projects/rf1-sra-linux2/derivatives/fmriprep/sub-11570/ses-01/func/sub-11570_ses-01_task-sharedreward_run-2_part-mag_space-MNI152NLin6Asym_desc-preproc_bold.nii.gz	/ZPOOL/data/projects/rf1-sra-linux2/derivatives/fmriprep/sub-11570/ses-01/func/sub-11570_ses-01_task-sharedreward_run-2_part-mag_space-MNI152NLin6Asym_desc-brain_mask.nii.gz	2.7	2.7	2.97	255	1.615	3.67646	3.81825	4.03864	3.84158	0.746589	2.00805	12.9204	5.47235	Precompiled binary linux_ubuntu_24_64: Aug  4 2026 (Version AFNI_26.2.03 'Gordian III')
rf1	11572	01	1	pre_resample	/ZPOOL/data/projects/rf1-sra-linux2/derivatives/fmriprep/sub-11572/ses-01/func/sub-11572_ses-01_task-sharedreward_run-1_part-mag_space-MNI152NLin6Asym_desc-preproc_bold.nii.gz	/ZPOOL/data/projects/rf1-sra-linux2/derivatives/fmriprep/sub-11572/ses-01/func/sub-11572_ses-01_task-sharedreward_run-1_part-mag_space-MNI152NLin6Asym_desc-brain_mask.nii.gz	2.7	2.7	2.97	255	1.615	3.54844	3.61755	3.70431	3.62288	0.883199	2.054	18.9733	5.13121	Precompiled binary linux_ubuntu_24_64: Aug  4 2026 (Version AFNI_26.2.03 'Gordian III')
rf1	11572	01	2	pre_resample	/ZPOOL/data/projects/rf1-sra-linux2/derivatives/fmriprep/sub-11572/ses-01/func/sub-11572_ses-01_task-sharedreward_run-2_part-mag_space-MNI152NLin6Asym_desc-preproc_bold.nii.gz	/ZPOOL/data/projects/rf1-sra-linux2/derivatives/fmriprep/sub-11572/ses-01/func/sub-11572_ses-01_task-sharedreward_run-2_part-mag_space-MNI152NLin6Asym_desc-brain_mask.nii.gz	2.7	2.7	2.97	255	1.615	3.68207	3.77183	3.80295	3.75193	0.836553	2.07211	14.518	5.33293	Precompiled binary linux_ubuntu_24_64: Aug  4 2026 (Version AFNI_26.2.03 'Gordian III')
rf1	11579	01	1	pre_resample	/ZPOOL/data/projects/rf1-sra-linux2/derivatives/fmriprep/sub-11579/ses-01/func/sub-11579_ses-01_task-sharedreward_run-1_part-mag_space-MNI152NLin6Asym_desc-preproc_bold.nii.gz	/ZPOOL/data/projects/rf1-sra-linux2/derivatives/fmriprep/sub-11579/ses-01/func/sub-11579_ses-01_task-sharedreward_run-1_part-mag_space-MNI152NLin6Asym_desc-brain_mask.nii.gz	2.7	2.7	2.97	255	1.615	3.56783	3.86513	3.78688	3.73781	0.788752	2.0316	10.9582	5.30797	Precompiled binary linux_ubuntu_24_64: Aug  4 2026 (Version AFNI_26.2.03 'Gordian III')
rf1	11579	01	2	pre_resample	/ZPOOL/data/projects/rf1-sra-linux2/derivatives/fmriprep/sub-11579/ses-01/func/sub-11579_ses-01_task-sharedreward_run-2_part-mag_space-MNI152NLin6Asym_desc-preproc_bold.nii.gz	/ZPOOL/data/projects/rf1-sra-linux2/derivatives/fmriprep/sub-11579/ses-01/func/sub-11579_ses-01_task-sharedreward_run-2_part-mag_space-MNI152NLin6Asym_desc-brain_mask.nii.gz	2.7	2.7	2.97	255	1.615	3.48345	3.80977	3.78822	3.69075	0.800566	2.01795	11.1388	5.2297	Precompiled binary linux_ubuntu_24_64: Aug  4 2026 (Version AFNI_26.2.03 'Gordian III')
rf1	11586	01	1	pre_resample	/ZPOOL/data/projects/rf1-sra-linux2/derivatives/fmriprep/sub-11586/ses-01/func/sub-11586_ses-01_task-sharedreward_run-1_part-mag_space-MNI152NLin6Asym_desc-preproc_bold.nii.gz	/ZPOOL/data/projects/rf1-sra-linux2/derivatives/fmriprep/sub-11586/ses-01/func/sub-11586_ses-01_task-sharedreward_run-1_part-mag_space-MNI152NLin6Asym_desc-brain_mask.nii.gz	2.7	2.7	2.97	255	1.615	3.46276	4.10918	3.40093	3.64411	0.772603	1.97638	7.91103	5.05351	Precompiled binary linux_ubuntu_24_64: Aug  4 2026 (Version AFNI_26.2.03 'Gordian III')
rf1	11587	01	1	pre_resample	/ZPOOL/data/projects/rf1-sra-linux2/derivatives/fmriprep/sub-11587/ses-01/func/sub-11587_ses-01_task-sharedreward_run-1_part-mag_space-MNI152NLin6Asym_desc-preproc_bold.nii.gz	/ZPOOL/data/projects/rf1-sra-linux2/derivatives/fmriprep/sub-11587/ses-01/func/sub-11587_ses-01_task-sharedreward_run-1_part-mag_space-MNI152NLin6Asym_desc-brain_mask.nii.gz	2.7	2.7	2.97	255	1.615	3.17618	3.63672	3.63845	3.47678	0.867903	1.95246	13.5971	4.84062	Precompiled binary linux_ubuntu_24_64: Aug  4 2026 (Version AFNI_26.2.03 'Gordian III')
rf1	11587	01	2	pre_resample	/ZPOOL/data/projects/rf1-sra-linux2/derivatives/fmriprep/sub-11587/ses-01/func/sub-11587_ses-01_task-sharedreward_run-2_part-mag_space-MNI152NLin6Asym_desc-preproc_bold.nii.gz	/ZPOOL/data/projects/rf1-sra-linux2/derivatives/fmriprep/sub-11587/ses-01/func/sub-11587_ses-01_task-sharedreward_run-2_part-mag_space-MNI152NLin6Asym_desc-brain_mask.nii.gz	2.7	2.7	2.97	255	1.615	3.21138	3.72144	3.76893	3.55801	0.83472	1.96623	12.2014	4.98043	Precompiled binary linux_ubuntu_24_64: Aug  4 2026 (Version AFNI_26.2.03 'Gordian III')
rf1	11588	01	1	pre_resample	/ZPOOL/data/projects/rf1-sra-linux2/derivatives/fmriprep/sub-11588/ses-01/func/sub-11588_ses-01_task-sharedreward_run-1_part-mag_space-MNI152NLin6Asym_desc-preproc_bold.nii.gz	/ZPOOL/data/projects/rf1-sra-linux2/derivatives/fmriprep/sub-11588/ses-01/func/sub-11588_ses-01_task-sharedreward_run-1_part-mag_space-MNI152NLin6Asym_desc-brain_mask.nii.gz	2.7	2.7	2.97	255	1.615	3.51835	3.74646	3.47366	3.57752	0.895127	2.03619	19.4865	5.02994	Precompiled binary linux_ubuntu_24_64: Aug  4 2026 (Version AFNI_26.2.03 'Gordian III')
rf1	11588	01	2	pre_resample	/ZPOOL/data/projects/rf1-sra-linux2/derivatives/fmriprep/sub-11588/ses-01/func/sub-11588_ses-01_task-sharedreward_run-2_part-mag_space-MNI152NLin6Asym_desc-preproc_bold.nii.gz	/ZPOOL/data/projects/rf1-sra-linux2/derivatives/fmriprep/sub-11588/ses-01/func/sub-11588_ses-01_task-sharedreward_run-2_part-mag_space-MNI152NLin6Asym_desc-brain_mask.nii.gz	2.7	2.7	2.97	255	1.615	3.54251	3.79738	3.53304	3.62227	0.877287	2.03875	17.867	5.10163	Precompiled binary linux_ubuntu_24_64: Aug  4 2026 (Version AFNI_26.2.03 'Gordian III')
rf1	11591	01	1	pre_resample	/ZPOOL/data/projects/rf1-sra-linux2/derivatives/fmriprep/sub-11591/ses-01/func/sub-11591_ses-01_task-sharedreward_run-1_part-mag_space-MNI152NLin6Asym_desc-preproc_bold.nii.gz	/ZPOOL/data/projects/rf1-sra-linux2/derivatives/fmriprep/sub-11591/ses-01/func/sub-11591_ses-01_task-sharedreward_run-1_part-mag_space-MNI152NLin6Asym_desc-brain_mask.nii.gz	2.7	2.7	2.97	255	1.615	3.75552	4.26863	4.18496	4.06334	0.682117	2.1072	9.77878	5.93176	Precompiled binary linux_ubuntu_24_64: Aug  4 2026 (Version AFNI_26.2.03 'Gordian III')
rf1	11591	01	2	pre_resample	/ZPOOL/data/projects/rf1-sra-linux2/derivatives/fmriprep/sub-11591/ses-01/func/sub-11591_ses-01_task-sharedreward_run-2_part-mag_space-MNI152NLin6Asym_desc-preproc_bold.nii.gz	/ZPOOL/data/projects/rf1-sra-linux2/derivatives/fmriprep/sub-11591/ses-01/func/sub-11591_ses-01_task-sharedreward_run-2_part-mag_space-MNI152NLin6Asym_desc-brain_mask.nii.gz	2.7	2.7	2.97	255	1.615	4.03754	4.56169	4.42729	4.33637	0.576354	2.15425	9.25957	6.32646	Precompiled binary linux_ubuntu_24_64: Aug  4 2026 (Version AFNI_26.2.03 'Gordian III')
rf1	11597	01	1	pre_resample	/ZPOOL/data/projects/rf1-sra-linux2/derivatives/fmriprep/sub-11597/ses-01/func/sub-11597_ses-01_task-sharedreward_run-1_part-mag_space-MNI152NLin6Asym_desc-preproc_bold.nii.gz	/ZPOOL/data/projects/rf1-sra-linux2/derivatives/fmriprep/sub-11597/ses-01/func/sub-11597_ses-01_task-sharedreward_run-1_part-mag_space-MNI152NLin6Asym_desc-brain_mask.nii.gz	2.7	2.7	2.97	255	1.615	4.55321	4.3949	4.58821	4.51132	0.593495	2.32273	8.73542	6.57694	Precompiled binary linux_ubuntu_24_64: Aug  4 2026 (Version AFNI_26.2.03 'Gordian III')
rf1	11597	01	2	pre_resample	/ZPOOL/data/projects/rf1-sra-linux2/derivatives/fmriprep/sub-11597/ses-01/func/sub-11597_ses-01_task-sharedreward_run-2_part-mag_space-MNI152NLin6Asym_desc-preproc_bold.nii.gz	/ZPOOL/data/projects/rf1-sra-linux2/derivatives/fmriprep/sub-11597/ses-01/func/sub-11597_ses-01_task-sharedreward_run-2_part-mag_space-MNI152NLin6Asym_desc-brain_mask.nii.gz	2.7	2.7	2.97	255	1.615	4.27993	4.23726	4.18916	4.23529	0.702965	2.23697	9.60417	6.0443	Precompiled binary linux_ubuntu_24_64: Aug  4 2026 (Version AFNI_26.2.03 'Gordian III')
rf1	11598	01	1	pre_resample	/ZPOOL/data/projects/rf1-sra-linux2/derivatives/fmriprep/sub-11598/ses-01/func/sub-11598_ses-01_task-sharedreward_run-1_part-mag_space-MNI152NLin6Asym_desc-preproc_bold.nii.gz	/ZPOOL/data/projects/rf1-sra-linux2/derivatives/fmriprep/sub-11598/ses-01/func/sub-11598_ses-01_task-sharedreward_run-1_part-mag_space-MNI152NLin6Asym_desc-brain_mask.nii.gz	2.7	2.7	2.97	255	1.615	3.78543	4.36063	4.46207	4.1918	0.634967	2.1391	9.00271	5.99584	Precompiled binary linux_ubuntu_24_64: Aug  4 2026 (Version AFNI_26.2.03 'Gordian III')
rf1	11598	01	2	pre_resample	/ZPOOL/data/projects/rf1-sra-linux2/derivatives/fmriprep/sub-11598/ses-01/func/sub-11598_ses-01_task-sharedreward_run-2_part-mag_space-MNI152NLin6Asym_desc-preproc_bold.nii.gz	/ZPOOL/data/projects/rf1-sra-linux2/derivatives/fmriprep/sub-11598/ses-01/func/sub-11598_ses-01_task-sharedreward_run-2_part-mag_space-MNI152NLin6Asym_desc-brain_mask.nii.gz	2.7	2.7	2.97	255	1.615	4.00715	4.66347	4.71224	4.44895	0.559285	2.18259	9.41163	6.49994	Precompiled binary linux_ubuntu_24_64: Aug  4 2026 (Version AFNI_26.2.03 'Gordian III')
rf1	11599	01	1	pre_resample	/ZPOOL/data/projects/rf1-sra-linux2/derivatives/fmriprep/sub-11599/ses-01/func/sub-11599_ses-01_task-sharedreward_run-1_part-mag_space-MNI152NLin6Asym_desc-preproc_bold.nii.gz	/ZPOOL/data/projects/rf1-sra-linux2/derivatives/fmriprep/sub-11599/ses-01/func/sub-11599_ses-01_task-sharedreward_run-1_part-mag_space-MNI152NLin6Asym_desc-brain_mask.nii.gz	2.7	2.7	2.97	255	1.615	3.40148	3.78353	4.09397	3.74889	0.847948	2.07985	18.9844	5.36819	Precompiled binary linux_ubuntu_24_64: Aug  4 2026 (Version AFNI_26.2.03 'Gordian III')
rf1	11599	01	2	pre_resample	/ZPOOL/data/projects/rf1-sra-linux2/derivatives/fmriprep/sub-11599/ses-01/func/sub-11599_ses-01_task-sharedreward_run-2_part-mag_space-MNI152NLin6Asym_desc-preproc_bold.nii.gz	/ZPOOL/data/projects/rf1-sra-linux2/derivatives/fmriprep/sub-11599/ses-01/func/sub-11599_ses-01_task-sharedreward_run-2_part-mag_space-MNI152NLin6Asym_desc-brain_mask.nii.gz	2.7	2.7	2.97	255	1.615	3.4059	3.81075	4.08919	3.75803	0.836488	2.06844	19.1084	5.38719	Precompiled binary linux_ubuntu_24_64: Aug  4 2026 (Version AFNI_26.2.03 'Gordian III')
rf1	11600	01	1	pre_resample	/ZPOOL/data/projects/rf1-sra-linux2/derivatives/fmriprep/sub-11600/ses-01/func/sub-11600_ses-01_task-sharedreward_run-1_part-mag_space-MNI152NLin6Asym_desc-preproc_bold.nii.gz	/ZPOOL/data/projects/rf1-sra-linux2/derivatives/fmriprep/sub-11600/ses-01/func/sub-11600_ses-01_task-sharedreward_run-1_part-mag_space-MNI152NLin6Asym_desc-brain_mask.nii.gz	2.7	2.7	2.97	255	1.615	3.78938	4.14956	4.34959	4.08952	0.7663	2.17637	13.3044	5.93202	Precompiled binary linux_ubuntu_24_64: Aug  4 2026 (Version AFNI_26.2.03 'Gordian III')
rf1	11600	01	2	pre_resample	/ZPOOL/data/projects/rf1-sra-linux2/derivatives/fmriprep/sub-11600/ses-01/func/sub-11600_ses-01_task-sharedreward_run-2_part-mag_space-MNI152NLin6Asym_desc-preproc_bold.nii.gz	/ZPOOL/data/projects/rf1-sra-linux2/derivatives/fmriprep/sub-11600/ses-01/func/sub-11600_ses-01_task-sharedreward_run-2_part-mag_space-MNI152NLin6Asym_desc-brain_mask.nii.gz	2.7	2.7	2.97	255	1.615	3.78718	4.17311	4.35175	4.09713	0.748071	2.16345	12.7105	5.9322	Precompiled binary linux_ubuntu_24_64: Aug  4 2026 (Version AFNI_26.2.03 'Gordian III')
rf1	11606	01	1	pre_resample	/ZPOOL/data/projects/rf1-sra-linux2/derivatives/fmriprep/sub-11606/ses-01/func/sub-11606_ses-01_task-sharedreward_run-1_part-mag_space-MNI152NLin6Asym_desc-preproc_bold.nii.gz	/ZPOOL/data/projects/rf1-sra-linux2/derivatives/fmriprep/sub-11606/ses-01/func/sub-11606_ses-01_task-sharedreward_run-1_part-mag_space-MNI152NLin6Asym_desc-brain_mask.nii.gz	2.7	2.7	2.97	255	1.615	3.45557	3.86661	3.72488	3.67836	0.882861	2.09074	14.9912	5.20741	Precompiled binary linux_ubuntu_24_64: Aug  4 2026 (Version AFNI_26.2.03 'Gordian III')
rf1	11606	01	2	pre_resample	/ZPOOL/data/projects/rf1-sra-linux2/derivatives/fmriprep/sub-11606/ses-01/func/sub-11606_ses-01_task-sharedreward_run-2_part-mag_space-MNI152NLin6Asym_desc-preproc_bold.nii.gz	/ZPOOL/data/projects/rf1-sra-linux2/derivatives/fmriprep/sub-11606/ses-01/func/sub-11606_ses-01_task-sharedreward_run-2_part-mag_space-MNI152NLin6Asym_desc-brain_mask.nii.gz	2.7	2.7	2.97	255	1.615	3.39652	3.79741	3.60441	3.59571	0.890662	2.0471	15.1837	5.04716	Precompiled binary linux_ubuntu_24_64: Aug  4 2026 (Version AFNI_26.2.03 'Gordian III')
rf1	11614	01	1	pre_resample	/ZPOOL/data/projects/rf1-sra-linux2/derivatives/fmriprep/sub-11614/ses-01/func/sub-11614_ses-01_task-sharedreward_run-1_part-mag_space-MNI152NLin6Asym_desc-preproc_bold.nii.gz	/ZPOOL/data/projects/rf1-sra-linux2/derivatives/fmriprep/sub-11614/ses-01/func/sub-11614_ses-01_task-sharedreward_run-1_part-mag_space-MNI152NLin6Asym_desc-brain_mask.nii.gz	2.7	2.7	2.97	255	1.615	3.56832	4.13169	4.01616	3.89763	0.799503	2.13902	12.266	5.50782	Precompiled binary linux_ubuntu_24_64: Aug  4 2026 (Version AFNI_26.2.03 'Gordian III')
rf1	11614	01	2	pre_resample	/ZPOOL/data/projects/rf1-sra-linux2/derivatives/fmriprep/sub-11614/ses-01/func/sub-11614_ses-01_task-sharedreward_run-2_part-mag_space-MNI152NLin6Asym_desc-preproc_bold.nii.gz	/ZPOOL/data/projects/rf1-sra-linux2/derivatives/fmriprep/sub-11614/ses-01/func/sub-11614_ses-01_task-sharedreward_run-2_part-mag_space-MNI152NLin6Asym_desc-brain_mask.nii.gz	2.7	2.7	2.97	255	1.615	3.63367	4.12156	3.85847	3.86611	0.789897	2.11753	11.056	5.50767	Precompiled binary linux_ubuntu_24_64: Aug  4 2026 (Version AFNI_26.2.03 'Gordian III')
rf1	11622	01	1	pre_resample	/ZPOOL/data/projects/rf1-sra-linux2/derivatives/fmriprep/sub-11622/ses-01/func/sub-11622_ses-01_task-sharedreward_run-1_part-mag_space-MNI152NLin6Asym_desc-preproc_bold.nii.gz	/ZPOOL/data/projects/rf1-sra-linux2/derivatives/fmriprep/sub-11622/ses-01/func/sub-11622_ses-01_task-sharedreward_run-1_part-mag_space-MNI152NLin6Asym_desc-brain_mask.nii.gz	2.7	2.7	2.97	255	1.615	3.89902	3.99421	4.0059	3.96608	0.852559	2.20059	19.4468	5.90009	Precompiled binary linux_ubuntu_24_64: Aug  4 2026 (Version AFNI_26.2.03 'Gordian III')
rf1	11622	01	2	pre_resample	/ZPOOL/data/projects/rf1-sra-linux2/derivatives/fmriprep/sub-11622/ses-01/func/sub-11622_ses-01_task-sharedreward_run-2_part-mag_space-MNI152NLin6Asym_desc-preproc_bold.nii.gz	/ZPOOL/data/projects/rf1-sra-linux2/derivatives/fmriprep/sub-11622/ses-01/func/sub-11622_ses-01_task-sharedreward_run-2_part-mag_space-MNI152NLin6Asym_desc-brain_mask.nii.gz	2.7	2.7	2.97	255	1.615	3.97421	4.05695	4.08807	4.03946	0.830314	2.20782	20.0478	5.93031	Precompiled binary linux_ubuntu_24_64: Aug  4 2026 (Version AFNI_26.2.03 'Gordian III')
rf1	11623	01	1	pre_resample	/ZPOOL/data/projects/rf1-sra-linux2/derivatives/fmriprep/sub-11623/ses-01/func/sub-11623_ses-01_task-sharedreward_run-1_part-mag_space-MNI152NLin6Asym_desc-preproc_bold.nii.gz	/ZPOOL/data/projects/rf1-sra-linux2/derivatives/fmriprep/sub-11623/ses-01/func/sub-11623_ses-01_task-sharedreward_run-1_part-mag_space-MNI152NLin6Asym_desc-brain_mask.nii.gz	2.7	2.7	2.97	255	1.615	3.77374	4.05477	4.2576	4.02378	0.767905	2.17167	11.9749	5.93009	Precompiled binary linux_ubuntu_24_64: Aug  4 2026 (Version AFNI_26.2.03 'Gordian III')
rf1	11625	01	1	pre_resample	/ZPOOL/data/projects/rf1-sra-linux2/derivatives/fmriprep/sub-11625/ses-01/func/sub-11625_ses-01_task-sharedreward_run-1_part-mag_space-MNI152NLin6Asym_desc-preproc_bold.nii.gz	/ZPOOL/data/projects/rf1-sra-linux2/derivatives/fmriprep/sub-11625/ses-01/func/sub-11625_ses-01_task-sharedreward_run-1_part-mag_space-MNI152NLin6Asym_desc-brain_mask.nii.gz	2.7	2.7	2.97	255	1.615	3.77516	4.11741	4.49041	4.11733	0.712273	2.15257	11.3705	5.93149	Precompiled binary linux_ubuntu_24_64: Aug  4 2026 (Version AFNI_26.2.03 'Gordian III')
rf1	11625	01	2	pre_resample	/ZPOOL/data/projects/rf1-sra-linux2/derivatives/fmriprep/sub-11625/ses-01/func/sub-11625_ses-01_task-sharedreward_run-2_part-mag_space-MNI152NLin6Asym_desc-preproc_bold.nii.gz	/ZPOOL/data/projects/rf1-sra-linux2/derivatives/fmriprep/sub-11625/ses-01/func/sub-11625_ses-01_task-sharedreward_run-2_part-mag_space-MNI152NLin6Asym_desc-brain_mask.nii.gz	2.7	2.7	2.97	255	1.615	3.72086	4.03002	4.41059	4.04404	0.736834	2.13979	12.0458	5.93176	Precompiled binary linux_ubuntu_24_64: Aug  4 2026 (Version AFNI_26.2.03 'Gordian III')
rf1	11626	01	1	pre_resample	/ZPOOL/data/projects/rf1-sra-linux2/derivatives/fmriprep/sub-11626/ses-01/func/sub-11626_ses-01_task-sharedreward_run-1_part-mag_space-MNI152NLin6Asym_desc-preproc_bold.nii.gz	/ZPOOL/data/projects/rf1-sra-linux2/derivatives/fmriprep/sub-11626/ses-01/func/sub-11626_ses-01_task-sharedreward_run-1_part-mag_space-MNI152NLin6Asym_desc-brain_mask.nii.gz	2.7	2.7	2.97	255	1.615	3.48536	3.86918	4.04237	3.7917	0.789096	2.06264	11.3643	5.41113	Precompiled binary linux_ubuntu_24_64: Aug  4 2026 (Version AFNI_26.2.03 'Gordian III')
rf1	11626	01	2	pre_resample	/ZPOOL/data/projects/rf1-sra-linux2/derivatives/fmriprep/sub-11626/ses-01/func/sub-11626_ses-01_task-sharedreward_run-2_part-mag_space-MNI152NLin6Asym_desc-preproc_bold.nii.gz	/ZPOOL/data/projects/rf1-sra-linux2/derivatives/fmriprep/sub-11626/ses-01/func/sub-11626_ses-01_task-sharedreward_run-2_part-mag_space-MNI152NLin6Asym_desc-brain_mask.nii.gz	2.7	2.7	2.97	255	1.615	3.45137	3.82719	4.03525	3.76341	0.796627	2.05481	11.5129	5.36658	Precompiled binary linux_ubuntu_24_64: Aug  4 2026 (Version AFNI_26.2.03 'Gordian III')
rf1	11628	01	1	pre_resample	/ZPOOL/data/projects/rf1-sra-linux2/derivatives/fmriprep/sub-11628/ses-01/func/sub-11628_ses-01_task-sharedreward_run-1_part-mag_space-MNI152NLin6Asym_desc-preproc_bold.nii.gz	/ZPOOL/data/projects/rf1-sra-linux2/derivatives/fmriprep/sub-11628/ses-01/func/sub-11628_ses-01_task-sharedreward_run-1_part-mag_space-MNI152NLin6Asym_desc-brain_mask.nii.gz	2.7	2.7	2.97	255	1.615	3.46093	3.75822	3.94025	3.71449	0.88704	2.11076	19.2166	5.29085	Precompiled binary linux_ubuntu_24_64: Aug  4 2026 (Version AFNI_26.2.03 'Gordian III')
rf1	11628	01	2	pre_resample	/ZPOOL/data/projects/rf1-sra-linux2/derivatives/fmriprep/sub-11628/ses-01/func/sub-11628_ses-01_task-sharedreward_run-2_part-mag_space-MNI152NLin6Asym_desc-preproc_bold.nii.gz	/ZPOOL/data/projects/rf1-sra-linux2/derivatives/fmriprep/sub-11628/ses-01/func/sub-11628_ses-01_task-sharedreward_run-2_part-mag_space-MNI152NLin6Asym_desc-brain_mask.nii.gz	2.7	2.7	2.97	255	1.615	3.50213	3.8054	4.0934	3.79262	0.880528	2.15267	19.4019	5.45074	Precompiled binary linux_ubuntu_24_64: Aug  4 2026 (Version AFNI_26.2.03 'Gordian III')
rf1	11631	01	1	pre_resample	/ZPOOL/data/projects/rf1-sra-linux2/derivatives/fmriprep/sub-11631/ses-01/func/sub-11631_ses-01_task-sharedreward_run-1_part-mag_space-MNI152NLin6Asym_desc-preproc_bold.nii.gz	/ZPOOL/data/projects/rf1-sra-linux2/derivatives/fmriprep/sub-11631/ses-01/func/sub-11631_ses-01_task-sharedreward_run-1_part-mag_space-MNI152NLin6Asym_desc-brain_mask.nii.gz	2.7	2.7	2.97	255	1.615	3.48473	3.94157	4.1997	3.86384	0.86282	2.16152	17.885	5.50934	Precompiled binary linux_ubuntu_24_64: Aug  4 2026 (Version AFNI_26.2.03 'Gordian III')
rf1	11631	01	2	pre_resample	/ZPOOL/data/projects/rf1-sra-linux2/derivatives/fmriprep/sub-11631/ses-01/func/sub-11631_ses-01_task-sharedreward_run-2_part-mag_space-MNI152NLin6Asym_desc-preproc_bold.nii.gz	/ZPOOL/data/projects/rf1-sra-linux2/derivatives/fmriprep/sub-11631/ses-01/func/sub-11631_ses-01_task-sharedreward_run-2_part-mag_space-MNI152NLin6Asym_desc-brain_mask.nii.gz	2.7	2.7	2.97	255	1.615	3.47309	3.95023	4.19549	3.86106	0.858647	2.15446	17.9998	5.50787	Precompiled binary linux_ubuntu_24_64: Aug  4 2026 (Version AFNI_26.2.03 'Gordian III')
rf1	11651	01	1	pre_resample	/ZPOOL/data/projects/rf1-sra-linux2/derivatives/fmriprep/sub-11651/ses-01/func/sub-11651_ses-01_task-sharedreward_run-1_part-mag_space-MNI152NLin6Asym_desc-preproc_bold.nii.gz	/ZPOOL/data/projects/rf1-sra-linux2/derivatives/fmriprep/sub-11651/ses-01/func/sub-11651_ses-01_task-sharedreward_run-1_part-mag_space-MNI152NLin6Asym_desc-brain_mask.nii.gz	2.7	2.7	2.97	255	1.615	3.82877	4.08476	4.16672	4.02414	0.692257	2.08674	10.182	5.92792	Precompiled binary linux_ubuntu_24_64: Aug  4 2026 (Version AFNI_26.2.03 'Gordian III')
rf1	11651	01	2	pre_resample	/ZPOOL/data/projects/rf1-sra-linux2/derivatives/fmriprep/sub-11651/ses-01/func/sub-11651_ses-01_task-sharedreward_run-2_part-mag_space-MNI152NLin6Asym_desc-preproc_bold.nii.gz	/ZPOOL/data/projects/rf1-sra-linux2/derivatives/fmriprep/sub-11651/ses-01/func/sub-11651_ses-01_task-sharedreward_run-2_part-mag_space-MNI152NLin6Asym_desc-brain_mask.nii.gz	2.7	2.7	2.97	255	1.615	3.98582	4.25769	4.3239	4.18654	0.628097	2.11348	9.46282	6.00992	Precompiled binary linux_ubuntu_24_64: Aug  4 2026 (Version AFNI_26.2.03 'Gordian III')
rf1	11660	01	1	pre_resample	/ZPOOL/data/projects/rf1-sra-linux2/derivatives/fmriprep/sub-11660/ses-01/func/sub-11660_ses-01_task-sharedreward_run-1_part-mag_space-MNI152NLin6Asym_desc-preproc_bold.nii.gz	/ZPOOL/data/projects/rf1-sra-linux2/derivatives/fmriprep/sub-11660/ses-01/func/sub-11660_ses-01_task-sharedreward_run-1_part-mag_space-MNI152NLin6Asym_desc-brain_mask.nii.gz	2.7	2.7	2.97	255	1.615	3.50476	3.77442	3.89987	3.72265	0.87029	2.10856	14.4199	5.30482	Precompiled binary linux_ubuntu_24_64: Aug  4 2026 (Version AFNI_26.2.03 'Gordian III')
rf1	11660	01	2	pre_resample	/ZPOOL/data/projects/rf1-sra-linux2/derivatives/fmriprep/sub-11660/ses-01/func/sub-11660_ses-01_task-sharedreward_run-2_part-mag_space-MNI152NLin6Asym_desc-preproc_bold.nii.gz	/ZPOOL/data/projects/rf1-sra-linux2/derivatives/fmriprep/sub-11660/ses-01/func/sub-11660_ses-01_task-sharedreward_run-2_part-mag_space-MNI152NLin6Asym_desc-brain_mask.nii.gz	2.7	2.7	2.97	255	1.615	3.6035	3.89131	4.13214	3.86959	0.834246	2.15708	14.0831	5.52003	Precompiled binary linux_ubuntu_24_64: Aug  4 2026 (Version AFNI_26.2.03 'Gordian III')
rf1	11670	01	1	pre_resample	/ZPOOL/data/projects/rf1-sra-linux2/derivatives/fmriprep/sub-11670/ses-01/func/sub-11670_ses-01_task-sharedreward_run-1_part-mag_space-MNI152NLin6Asym_desc-preproc_bold.nii.gz	/ZPOOL/data/projects/rf1-sra-linux2/derivatives/fmriprep/sub-11670/ses-01/func/sub-11670_ses-01_task-sharedreward_run-1_part-mag_space-MNI152NLin6Asym_desc-brain_mask.nii.gz	2.7	2.7	2.97	255	1.615	3.88246	4.14131	4.1088	4.04253	0.792609	2.19483	13.6386	5.93111	Precompiled binary linux_ubuntu_24_64: Aug  4 2026 (Version AFNI_26.2.03 'Gordian III')
rf1	11670	01	2	pre_resample	/ZPOOL/data/projects/rf1-sra-linux2/derivatives/fmriprep/sub-11670/ses-01/func/sub-11670_ses-01_task-sharedreward_run-2_part-mag_space-MNI152NLin6Asym_desc-preproc_bold.nii.gz	/ZPOOL/data/projects/rf1-sra-linux2/derivatives/fmriprep/sub-11670/ses-01/func/sub-11670_ses-01_task-sharedreward_run-2_part-mag_space-MNI152NLin6Asym_desc-brain_mask.nii.gz	2.7	2.7	2.97	255	1.615	3.96519	4.23228	4.24631	4.14588	0.738616	2.20167	11.7641	5.94464	Precompiled binary linux_ubuntu_24_64: Aug  4 2026 (Version AFNI_26.2.03 'Gordian III')
rf1	11674	01	1	pre_resample	/ZPOOL/data/projects/rf1-sra-linux2/derivatives/fmriprep/sub-11674/ses-01/func/sub-11674_ses-01_task-sharedreward_run-1_part-mag_space-MNI152NLin6Asym_desc-preproc_bold.nii.gz	/ZPOOL/data/projects/rf1-sra-linux2/derivatives/fmriprep/sub-11674/ses-01/func/sub-11674_ses-01_task-sharedreward_run-1_part-mag_space-MNI152NLin6Asym_desc-brain_mask.nii.gz	2.7	2.7	2.97	255	1.615	3.49979	3.65572	3.65148	3.60159	0.818594	1.97842	11.0108	5.04455	Precompiled binary linux_ubuntu_24_64: Aug  4 2026 (Version AFNI_26.2.03 'Gordian III')
rf1	11679	01	1	pre_resample	/ZPOOL/data/projects/rf1-sra-linux2/derivatives/fmriprep/sub-11679/ses-01/func/sub-11679_ses-01_task-sharedreward_run-1_part-mag_space-MNI152NLin6Asym_desc-preproc_bold.nii.gz	/ZPOOL/data/projects/rf1-sra-linux2/derivatives/fmriprep/sub-11679/ses-01/func/sub-11679_ses-01_task-sharedreward_run-1_part-mag_space-MNI152NLin6Asym_desc-brain_mask.nii.gz	2.7	2.7	2.97	255	1.615	3.74516	3.98047	3.89906	3.87366	0.825924	2.14431	14.7674	5.51801	Precompiled binary linux_ubuntu_24_64: Aug  4 2026 (Version AFNI_26.2.03 'Gordian III')
rf1	11679	01	2	pre_resample	/ZPOOL/data/projects/rf1-sra-linux2/derivatives/fmriprep/sub-11679/ses-01/func/sub-11679_ses-01_task-sharedreward_run-2_part-mag_space-MNI152NLin6Asym_desc-preproc_bold.nii.gz	/ZPOOL/data/projects/rf1-sra-linux2/derivatives/fmriprep/sub-11679/ses-01/func/sub-11679_ses-01_task-sharedreward_run-2_part-mag_space-MNI152NLin6Asym_desc-brain_mask.nii.gz	2.7	2.7	2.97	255	1.615	3.64211	3.91449	3.85399	3.80172	0.812135	2.0824	13.7664	5.44933	Precompiled binary linux_ubuntu_24_64: Aug  4 2026 (Version AFNI_26.2.03 'Gordian III')
rf1	11681	01	1	pre_resample	/ZPOOL/data/projects/rf1-sra-linux2/derivatives/fmriprep/sub-11681/ses-01/func/sub-11681_ses-01_task-sharedreward_run-1_part-mag_space-MNI152NLin6Asym_desc-preproc_bold.nii.gz	/ZPOOL/data/projects/rf1-sra-linux2/derivatives/fmriprep/sub-11681/ses-01/func/sub-11681_ses-01_task-sharedreward_run-1_part-mag_space-MNI152NLin6Asym_desc-brain_mask.nii.gz	2.7	2.7	2.97	255	1.615	3.61108	3.96502	4.08045	3.88029	0.805166	2.1084	14.9309	5.51121	Precompiled binary linux_ubuntu_24_64: Aug  4 2026 (Version AFNI_26.2.03 'Gordian III')
rf1	11681	01	2	pre_resample	/ZPOOL/data/projects/rf1-sra-linux2/derivatives/fmriprep/sub-11681/ses-01/func/sub-11681_ses-01_task-sharedreward_run-2_part-mag_space-MNI152NLin6Asym_desc-preproc_bold.nii.gz	/ZPOOL/data/projects/rf1-sra-linux2/derivatives/fmriprep/sub-11681/ses-01/func/sub-11681_ses-01_task-sharedreward_run-2_part-mag_space-MNI152NLin6Asym_desc-brain_mask.nii.gz	2.7	2.7	2.97	255	1.615	3.67468	4.0284	4.22612	3.96977	0.74766	2.10769	11.6771	5.90644	Precompiled binary linux_ubuntu_24_64: Aug  4 2026 (Version AFNI_26.2.03 'Gordian III')
rf1	11692	01	1	pre_resample	/ZPOOL/data/projects/rf1-sra-linux2/derivatives/fmriprep/sub-11692/ses-01/func/sub-11692_ses-01_task-sharedreward_run-1_part-mag_space-MNI152NLin6Asym_desc-preproc_bold.nii.gz	/ZPOOL/data/projects/rf1-sra-linux2/derivatives/fmriprep/sub-11692/ses-01/func/sub-11692_ses-01_task-sharedreward_run-1_part-mag_space-MNI152NLin6Asym_desc-brain_mask.nii.gz	2.7	2.7	2.97	255	1.615	4.01233	4.31364	4.38402	4.23355	0.717134	2.30279	9.01313	6.11402	Precompiled binary linux_ubuntu_24_64: Aug  4 2026 (Version AFNI_26.2.03 'Gordian III')
rf1	11692	01	2	pre_resample	/ZPOOL/data/projects/rf1-sra-linux2/derivatives/fmriprep/sub-11692/ses-01/func/sub-11692_ses-01_task-sharedreward_run-2_part-mag_space-MNI152NLin6Asym_desc-preproc_bold.nii.gz	/ZPOOL/data/projects/rf1-sra-linux2/derivatives/fmriprep/sub-11692/ses-01/func/sub-11692_ses-01_task-sharedreward_run-2_part-mag_space-MNI152NLin6Asym_desc-brain_mask.nii.gz	2.7	2.7	2.97	255	1.615	3.96862	4.32595	4.45305	4.24417	0.70205	2.28179	9.18742	6.12746	Precompiled binary linux_ubuntu_24_64: Aug  4 2026 (Version AFNI_26.2.03 'Gordian III')
rf1	11694	01	1	pre_resample	/ZPOOL/data/projects/rf1-sra-linux2/derivatives/fmriprep/sub-11694/ses-01/func/sub-11694_ses-01_task-sharedreward_run-1_part-mag_space-MNI152NLin6Asym_desc-preproc_bold.nii.gz	/ZPOOL/data/projects/rf1-sra-linux2/derivatives/fmriprep/sub-11694/ses-01/func/sub-11694_ses-01_task-sharedreward_run-1_part-mag_space-MNI152NLin6Asym_desc-brain_mask.nii.gz	2.7	2.7	2.97	255	1.615	3.5182	3.82908	3.7507	3.69694	0.828636	2.06384	11.0506	5.25792	Precompiled binary linux_ubuntu_24_64: Aug  4 2026 (Version AFNI_26.2.03 'Gordian III')
rf1	11701	01	1	pre_resample	/ZPOOL/data/projects/rf1-sra-linux2/derivatives/fmriprep/sub-11701/ses-01/func/sub-11701_ses-01_task-sharedreward_run-1_part-mag_space-MNI152NLin6Asym_desc-preproc_bold.nii.gz	/ZPOOL/data/projects/rf1-sra-linux2/derivatives/fmriprep/sub-11701/ses-01/func/sub-11701_ses-01_task-sharedreward_run-1_part-mag_space-MNI152NLin6Asym_desc-brain_mask.nii.gz	2.7	2.7	2.97	255	1.615	3.74505	4.08225	4.18473	3.99952	0.842982	2.23533	14.0238	5.92179	Precompiled binary linux_ubuntu_24_64: Aug  4 2026 (Version AFNI_26.2.03 'Gordian III')
rf1	11701	01	2	pre_resample	/ZPOOL/data/projects/rf1-sra-linux2/derivatives/fmriprep/sub-11701/ses-01/func/sub-11701_ses-01_task-sharedreward_run-2_part-mag_space-MNI152NLin6Asym_desc-preproc_bold.nii.gz	/ZPOOL/data/projects/rf1-sra-linux2/derivatives/fmriprep/sub-11701/ses-01/func/sub-11701_ses-01_task-sharedreward_run-2_part-mag_space-MNI152NLin6Asym_desc-brain_mask.nii.gz	2.7	2.7	2.97	255	1.615	3.70669	4.1014	4.31877	4.03422	0.824897	2.23348	14.0227	5.93043	Precompiled binary linux_ubuntu_24_64: Aug  4 2026 (Version AFNI_26.2.03 'Gordian III')
rf1	11703	01	1	pre_resample	/ZPOOL/data/projects/rf1-sra-linux2/derivatives/fmriprep/sub-11703/ses-01/func/sub-11703_ses-01_task-sharedreward_run-1_part-mag_space-MNI152NLin6Asym_desc-preproc_bold.nii.gz	/ZPOOL/data/projects/rf1-sra-linux2/derivatives/fmriprep/sub-11703/ses-01/func/sub-11703_ses-01_task-sharedreward_run-1_part-mag_space-MNI152NLin6Asym_desc-brain_mask.nii.gz	2.7	2.7	2.97	255	1.615	3.66936	3.99629	3.93733	3.865	0.805073	2.10029	14.4053	5.50526	Precompiled binary linux_ubuntu_24_64: Aug  4 2026 (Version AFNI_26.2.03 'Gordian III')
rf1	11703	01	2	pre_resample	/ZPOOL/data/projects/rf1-sra-linux2/derivatives/fmriprep/sub-11703/ses-01/func/sub-11703_ses-01_task-sharedreward_run-2_part-mag_space-MNI152NLin6Asym_desc-preproc_bold.nii.gz	/ZPOOL/data/projects/rf1-sra-linux2/derivatives/fmriprep/sub-11703/ses-01/func/sub-11703_ses-01_task-sharedreward_run-2_part-mag_space-MNI152NLin6Asym_desc-brain_mask.nii.gz	2.7	2.7	2.97	255	1.615	3.8047	4.11445	4.10307	4.0048	0.73292	2.11414	11.3746	5.92494	Precompiled binary linux_ubuntu_24_64: Aug  4 2026 (Version AFNI_26.2.03 'Gordian III')
rf1	11705	01	1	pre_resample	/ZPOOL/data/projects/rf1-sra-linux2/derivatives/fmriprep/sub-11705/ses-01/func/sub-11705_ses-01_task-sharedreward_run-1_part-mag_space-MNI152NLin6Asym_desc-preproc_bold.nii.gz	/ZPOOL/data/projects/rf1-sra-linux2/derivatives/fmriprep/sub-11705/ses-01/func/sub-11705_ses-01_task-sharedreward_run-1_part-mag_space-MNI152NLin6Asym_desc-brain_mask.nii.gz	2.7	2.7	2.97	255	1.615	3.82844	4.05925	4.13688	4.00602	0.712434	2.06664	12.487	5.92668	Precompiled binary linux_ubuntu_24_64: Aug  4 2026 (Version AFNI_26.2.03 'Gordian III')
rf1	11705	01	2	pre_resample	/ZPOOL/data/projects/rf1-sra-linux2/derivatives/fmriprep/sub-11705/ses-01/func/sub-11705_ses-01_task-sharedreward_run-2_part-mag_space-MNI152NLin6Asym_desc-preproc_bold.nii.gz	/ZPOOL/data/projects/rf1-sra-linux2/derivatives/fmriprep/sub-11705/ses-01/func/sub-11705_ses-01_task-sharedreward_run-2_part-mag_space-MNI152NLin6Asym_desc-brain_mask.nii.gz	2.7	2.7	2.97	255	1.615	3.96366	4.21435	4.27178	4.14774	0.660127	2.08652	11.4748	5.96507	Precompiled binary linux_ubuntu_24_64: Aug  4 2026 (Version AFNI_26.2.03 'Gordian III')
rf1	11709	01	1	pre_resample	/ZPOOL/data/projects/rf1-sra-linux2/derivatives/fmriprep/sub-11709/ses-01/func/sub-11709_ses-01_task-sharedreward_run-1_part-mag_space-MNI152NLin6Asym_desc-preproc_bold.nii.gz	/ZPOOL/data/projects/rf1-sra-linux2/derivatives/fmriprep/sub-11709/ses-01/func/sub-11709_ses-01_task-sharedreward_run-1_part-mag_space-MNI152NLin6Asym_desc-brain_mask.nii.gz	2.7	2.7	2.97	255	1.615	4.00569	4.21972	4.09904	4.10722	0.711259	2.18287	9.43541	5.87691	Precompiled binary linux_ubuntu_24_64: Aug  4 2026 (Version AFNI_26.2.03 'Gordian III')
rf1	11709	01	2	pre_resample	/ZPOOL/data/projects/rf1-sra-linux2/derivatives/fmriprep/sub-11709/ses-01/func/sub-11709_ses-01_task-sharedreward_run-2_part-mag_space-MNI152NLin6Asym_desc-preproc_bold.nii.gz	/ZPOOL/data/projects/rf1-sra-linux2/derivatives/fmriprep/sub-11709/ses-01/func/sub-11709_ses-01_task-sharedreward_run-2_part-mag_space-MNI152NLin6Asym_desc-brain_mask.nii.gz	2.7	2.7	2.97	255	1.615	4.00147	4.23011	4.11547	4.11463	0.717627	2.18411	9.84256	5.91041	Precompiled binary linux_ubuntu_24_64: Aug  4 2026 (Version AFNI_26.2.03 'Gordian III')
rf1	11710	01	1	pre_resample	/ZPOOL/data/projects/rf1-sra-linux2/derivatives/fmriprep/sub-11710/ses-01/func/sub-11710_ses-01_task-sharedreward_run-1_part-mag_space-MNI152NLin6Asym_desc-preproc_bold.nii.gz	/ZPOOL/data/projects/rf1-sra-linux2/derivatives/fmriprep/sub-11710/ses-01/func/sub-11710_ses-01_task-sharedreward_run-1_part-mag_space-MNI152NLin6Asym_desc-brain_mask.nii.gz	2.7	2.7	2.97	255	1.615	3.64863	3.91942	3.75758	3.77358	0.753939	2.01816	10.0358	5.35863	Precompiled binary linux_ubuntu_24_64: Aug  4 2026 (Version AFNI_26.2.03 'Gordian III')
rf1	11710	01	2	pre_resample	/ZPOOL/data/projects/rf1-sra-linux2/derivatives/fmriprep/sub-11710/ses-01/func/sub-11710_ses-01_task-sharedreward_run-2_part-mag_space-MNI152NLin6Asym_desc-preproc_bold.nii.gz	/ZPOOL/data/projects/rf1-sra-linux2/derivatives/fmriprep/sub-11710/ses-01/func/sub-11710_ses-01_task-sharedreward_run-2_part-mag_space-MNI152NLin6Asym_desc-brain_mask.nii.gz	2.7	2.7	2.97	255	1.615	3.57802	3.8765	3.74836	3.73228	0.778335	2.00614	11.4361	5.29191	Precompiled binary linux_ubuntu_24_64: Aug  4 2026 (Version AFNI_26.2.03 'Gordian III')
rf1	11714	01	1	pre_resample	/ZPOOL/data/projects/rf1-sra-linux2/derivatives/fmriprep/sub-11714/ses-01/func/sub-11714_ses-01_task-sharedreward_run-1_part-mag_space-MNI152NLin6Asym_desc-preproc_bold.nii.gz	/ZPOOL/data/projects/rf1-sra-linux2/derivatives/fmriprep/sub-11714/ses-01/func/sub-11714_ses-01_task-sharedreward_run-1_part-mag_space-MNI152NLin6Asym_desc-brain_mask.nii.gz	2.7	2.7	2.97	255	1.615	3.75006	3.97833	4.00278	3.90871	0.768379	2.07499	14.497	5.48192	Precompiled binary linux_ubuntu_24_64: Aug  4 2026 (Version AFNI_26.2.03 'Gordian III')
rf1	11714	01	2	pre_resample	/ZPOOL/data/projects/rf1-sra-linux2/derivatives/fmriprep/sub-11714/ses-01/func/sub-11714_ses-01_task-sharedreward_run-2_part-mag_space-MNI152NLin6Asym_desc-preproc_bold.nii.gz	/ZPOOL/data/projects/rf1-sra-linux2/derivatives/fmriprep/sub-11714/ses-01/func/sub-11714_ses-01_task-sharedreward_run-2_part-mag_space-MNI152NLin6Asym_desc-brain_mask.nii.gz	2.7	2.7	2.97	255	1.615	3.78314	4.06128	4.09711	3.978	0.715781	2.06035	12.0427	5.91425	Precompiled binary linux_ubuntu_24_64: Aug  4 2026 (Version AFNI_26.2.03 'Gordian III')
rf1	11719	01	1	pre_resample	/ZPOOL/data/projects/rf1-sra-linux2/derivatives/fmriprep/sub-11719/ses-01/func/sub-11719_ses-01_task-sharedreward_run-1_part-mag_space-MNI152NLin6Asym_desc-preproc_bold.nii.gz	/ZPOOL/data/projects/rf1-sra-linux2/derivatives/fmriprep/sub-11719/ses-01/func/sub-11719_ses-01_task-sharedreward_run-1_part-mag_space-MNI152NLin6Asym_desc-brain_mask.nii.gz	2.7	2.7	2.97	255	1.615	3.72677	3.9983	4.273	3.99313	0.794967	2.17268	13.4522	5.92223	Precompiled binary linux_ubuntu_24_64: Aug  4 2026 (Version AFNI_26.2.03 'Gordian III')
rf1	11720	01	1	pre_resample	/ZPOOL/data/projects/rf1-sra-linux2/derivatives/fmriprep/sub-11720/ses-01/func/sub-11720_ses-01_task-sharedreward_run-1_part-mag_space-MNI152NLin6Asym_desc-preproc_bold.nii.gz	/ZPOOL/data/projects/rf1-sra-linux2/derivatives/fmriprep/sub-11720/ses-01/func/sub-11720_ses-01_task-sharedreward_run-1_part-mag_space-MNI152NLin6Asym_desc-brain_mask.nii.gz	2.7	2.7	2.97	255	1.615	4.43288	4.75237	4.67778	4.61897	0.512325	2.35738	8.29175	6.90257	Precompiled binary linux_ubuntu_24_64: Aug  4 2026 (Version AFNI_26.2.03 'Gordian III')
rf1	11720	01	2	pre_resample	/ZPOOL/data/projects/rf1-sra-linux2/derivatives/fmriprep/sub-11720/ses-01/func/sub-11720_ses-01_task-sharedreward_run-2_part-mag_space-MNI152NLin6Asym_desc-preproc_bold.nii.gz	/ZPOOL/data/projects/rf1-sra-linux2/derivatives/fmriprep/sub-11720/ses-01/func/sub-11720_ses-01_task-sharedreward_run-2_part-mag_space-MNI152NLin6Asym_desc-brain_mask.nii.gz	2.7	2.7	2.97	255	1.615	4.41887	4.7447	4.6348	4.59745	0.547603	2.37033	8.42792	6.81303	Precompiled binary linux_ubuntu_24_64: Aug  4 2026 (Version AFNI_26.2.03 'Gordian III')
rf1	11722	01	1	pre_resample	/ZPOOL/data/projects/rf1-sra-linux2/derivatives/fmriprep/sub-11722/ses-01/func/sub-11722_ses-01_task-sharedreward_run-1_part-mag_space-MNI152NLin6Asym_desc-preproc_bold.nii.gz	/ZPOOL/data/projects/rf1-sra-linux2/derivatives/fmriprep/sub-11722/ses-01/func/sub-11722_ses-01_task-sharedreward_run-1_part-mag_space-MNI152NLin6Asym_desc-brain_mask.nii.gz	2.7	2.7	2.97	255	1.615	3.96384	4.38532	4.64196	4.32122	0.673823	2.2281	11.4746	6.28381	Precompiled binary linux_ubuntu_24_64: Aug  4 2026 (Version AFNI_26.2.03 'Gordian III')
rf1	11722	01	2	pre_resample	/ZPOOL/data/projects/rf1-sra-linux2/derivatives/fmriprep/sub-11722/ses-01/func/sub-11722_ses-01_task-sharedreward_run-2_part-mag_space-MNI152NLin6Asym_desc-preproc_bold.nii.gz	/ZPOOL/data/projects/rf1-sra-linux2/derivatives/fmriprep/sub-11722/ses-01/func/sub-11722_ses-01_task-sharedreward_run-2_part-mag_space-MNI152NLin6Asym_desc-brain_mask.nii.gz	2.7	2.7	2.97	255	1.615	3.97962	4.28688	4.41726	4.22388	0.686967	2.17496	11.6239	6.09128	Precompiled binary linux_ubuntu_24_64: Aug  4 2026 (Version AFNI_26.2.03 'Gordian III')
rf1	11723	01	1	pre_resample	/ZPOOL/data/projects/rf1-sra-linux2/derivatives/fmriprep/sub-11723/ses-01/func/sub-11723_ses-01_task-sharedreward_run-1_part-mag_space-MNI152NLin6Asym_desc-preproc_bold.nii.gz	/ZPOOL/data/projects/rf1-sra-linux2/derivatives/fmriprep/sub-11723/ses-01/func/sub-11723_ses-01_task-sharedreward_run-1_part-mag_space-MNI152NLin6Asym_desc-brain_mask.nii.gz	2.7	2.7	2.97	255	1.615	3.74426	4.13973	4.44788	4.10044	0.709814	2.11724	12.7581	5.92636	Precompiled binary linux_ubuntu_24_64: Aug  4 2026 (Version AFNI_26.2.03 'Gordian III')
rf1	11723	01	2	pre_resample	/ZPOOL/data/projects/rf1-sra-linux2/derivatives/fmriprep/sub-11723/ses-01/func/sub-11723_ses-01_task-sharedreward_run-2_part-mag_space-MNI152NLin6Asym_desc-preproc_bold.nii.gz	/ZPOOL/data/projects/rf1-sra-linux2/derivatives/fmriprep/sub-11723/ses-01/func/sub-11723_ses-01_task-sharedreward_run-2_part-mag_space-MNI152NLin6Asym_desc-brain_mask.nii.gz	2.7	2.7	2.97	255	1.615	3.76258	4.13355	4.49682	4.12007	0.698228	2.12532	11.9705	5.93292	Precompiled binary linux_ubuntu_24_64: Aug  4 2026 (Version AFNI_26.2.03 'Gordian III')
rf1	11736	01	1	pre_resample	/ZPOOL/data/projects/rf1-sra-linux2/derivatives/fmriprep/sub-11736/ses-01/func/sub-11736_ses-01_task-sharedreward_run-1_part-mag_space-MNI152NLin6Asym_desc-preproc_bold.nii.gz	/ZPOOL/data/projects/rf1-sra-linux2/derivatives/fmriprep/sub-11736/ses-01/func/sub-11736_ses-01_task-sharedreward_run-1_part-mag_space-MNI152NLin6Asym_desc-brain_mask.nii.gz	2.7	2.7	2.97	255	1.615	3.88487	4.29426	4.29952	4.15491	0.694431	2.1593	10.7624	5.95785	Precompiled binary linux_ubuntu_24_64: Aug  4 2026 (Version AFNI_26.2.03 'Gordian III')
rf1	11736	01	2	pre_resample	/ZPOOL/data/projects/rf1-sra-linux2/derivatives/fmriprep/sub-11736/ses-01/func/sub-11736_ses-01_task-sharedreward_run-2_part-mag_space-MNI152NLin6Asym_desc-preproc_bold.nii.gz	/ZPOOL/data/projects/rf1-sra-linux2/derivatives/fmriprep/sub-11736/ses-01/func/sub-11736_ses-01_task-sharedreward_run-2_part-mag_space-MNI152NLin6Asym_desc-brain_mask.nii.gz	2.7	2.7	2.97	255	1.615	3.92018	4.36699	4.43413	4.23414	0.665228	2.18166	10.3855	6.11642	Precompiled binary linux_ubuntu_24_64: Aug  4 2026 (Version AFNI_26.2.03 'Gordian III')
rf1	11744	01	1	pre_resample	/ZPOOL/data/projects/rf1-sra-linux2/derivatives/fmriprep/sub-11744/ses-01/func/sub-11744_ses-01_task-sharedreward_run-1_part-mag_space-MNI152NLin6Asym_desc-preproc_bold.nii.gz	/ZPOOL/data/projects/rf1-sra-linux2/derivatives/fmriprep/sub-11744/ses-01/func/sub-11744_ses-01_task-sharedreward_run-1_part-mag_space-MNI152NLin6Asym_desc-brain_mask.nii.gz	2.7	2.7	2.97	255	1.615	4.18262	4.27387	4.12046	4.19184	0.496566	2.2892	5.32776	5.96895	Precompiled binary linux_ubuntu_24_64: Aug  4 2026 (Version AFNI_26.2.03 'Gordian III')
rf1	11744	01	2	pre_resample	/ZPOOL/data/projects/rf1-sra-linux2/derivatives/fmriprep/sub-11744/ses-01/func/sub-11744_ses-01_task-sharedreward_run-2_part-mag_space-MNI152NLin6Asym_desc-preproc_bold.nii.gz	/ZPOOL/data/projects/rf1-sra-linux2/derivatives/fmriprep/sub-11744/ses-01/func/sub-11744_ses-01_task-sharedreward_run-2_part-mag_space-MNI152NLin6Asym_desc-brain_mask.nii.gz	2.7	2.7	2.97	255	1.615	4.24045	4.30673	4.2933	4.28006	0.569232	2.27858	6.63531	6.16811	Precompiled binary linux_ubuntu_24_64: Aug  4 2026 (Version AFNI_26.2.03 'Gordian III')
rf1	11746	01	1	pre_resample	/ZPOOL/data/projects/rf1-sra-linux2/derivatives/fmriprep/sub-11746/ses-01/func/sub-11746_ses-01_task-sharedreward_run-1_part-mag_space-MNI152NLin6Asym_desc-preproc_bold.nii.gz	/ZPOOL/data/projects/rf1-sra-linux2/derivatives/fmriprep/sub-11746/ses-01/func/sub-11746_ses-01_task-sharedreward_run-1_part-mag_space-MNI152NLin6Asym_desc-brain_mask.nii.gz	2.7	2.7	2.97	255	1.615	3.59884	3.89985	3.98301	3.82361	0.793986	2.09842	11.6319	5.48928	Precompiled binary linux_ubuntu_24_64: Aug  4 2026 (Version AFNI_26.2.03 'Gordian III')
rf1	11746	01	2	pre_resample	/ZPOOL/data/projects/rf1-sra-linux2/derivatives/fmriprep/sub-11746/ses-01/func/sub-11746_ses-01_task-sharedreward_run-2_part-mag_space-MNI152NLin6Asym_desc-preproc_bold.nii.gz	/ZPOOL/data/projects/rf1-sra-linux2/derivatives/fmriprep/sub-11746/ses-01/func/sub-11746_ses-01_task-sharedreward_run-2_part-mag_space-MNI152NLin6Asym_desc-brain_mask.nii.gz	2.7	2.7	2.97	255	1.615	3.48656	3.83539	3.89063	3.73315	0.820271	2.07897	11.3348	5.34262	Precompiled binary linux_ubuntu_24_64: Aug  4 2026 (Version AFNI_26.2.03 'Gordian III')
rf1	11748	01	1	pre_resample	/ZPOOL/data/projects/rf1-sra-linux2/derivatives/fmriprep/sub-11748/ses-01/func/sub-11748_ses-01_task-sharedreward_run-1_part-mag_space-MNI152NLin6Asym_desc-preproc_bold.nii.gz	/ZPOOL/data/projects/rf1-sra-linux2/derivatives/fmriprep/sub-11748/ses-01/func/sub-11748_ses-01_task-sharedreward_run-1_part-mag_space-MNI152NLin6Asym_desc-brain_mask.nii.gz	2.7	2.7	2.97	255	1.615	3.60202	3.85597	3.71478	3.72281	0.769024	2.00071	10.3291	5.26631	Precompiled binary linux_ubuntu_24_64: Aug  4 2026 (Version AFNI_26.2.03 'Gordian III')
rf1	11748	01	2	pre_resample	/ZPOOL/data/projects/rf1-sra-linux2/derivatives/fmriprep/sub-11748/ses-01/func/sub-11748_ses-01_task-sharedreward_run-2_part-mag_space-MNI152NLin6Asym_desc-preproc_bold.nii.gz	/ZPOOL/data/projects/rf1-sra-linux2/derivatives/fmriprep/sub-11748/ses-01/func/sub-11748_ses-01_task-sharedreward_run-2_part-mag_space-MNI152NLin6Asym_desc-brain_mask.nii.gz	2.7	2.7	2.97	255	1.615	3.56432	3.85513	3.8228	3.74512	0.772094	2.01616	10.6882	5.31543	Precompiled binary linux_ubuntu_24_64: Aug  4 2026 (Version AFNI_26.2.03 'Gordian III')
rf1	11756	01	1	pre_resample	/ZPOOL/data/projects/rf1-sra-linux2/derivatives/fmriprep/sub-11756/ses-01/func/sub-11756_ses-01_task-sharedreward_run-1_part-mag_space-MNI152NLin6Asym_desc-preproc_bold.nii.gz	/ZPOOL/data/projects/rf1-sra-linux2/derivatives/fmriprep/sub-11756/ses-01/func/sub-11756_ses-01_task-sharedreward_run-1_part-mag_space-MNI152NLin6Asym_desc-brain_mask.nii.gz	2.7	2.7	2.97	255	1.615	3.50841	3.93268	4.19065	3.86687	0.830679	2.13354	15.0237	5.51031	Precompiled binary linux_ubuntu_24_64: Aug  4 2026 (Version AFNI_26.2.03 'Gordian III')
rf1	11756	01	2	pre_resample	/ZPOOL/data/projects/rf1-sra-linux2/derivatives/fmriprep/sub-11756/ses-01/func/sub-11756_ses-01_task-sharedreward_run-2_part-mag_space-MNI152NLin6Asym_desc-preproc_bold.nii.gz	/ZPOOL/data/projects/rf1-sra-linux2/derivatives/fmriprep/sub-11756/ses-01/func/sub-11756_ses-01_task-sharedreward_run-2_part-mag_space-MNI152NLin6Asym_desc-brain_mask.nii.gz	2.7	2.7	2.97	255	1.615	3.53711	3.93952	4.18478	3.87783	0.827755	2.13528	15.3393	5.51555	Precompiled binary linux_ubuntu_24_64: Aug  4 2026 (Version AFNI_26.2.03 'Gordian III')
rf1	11764	01	1	pre_resample	/ZPOOL/data/projects/rf1-sra-linux2/derivatives/fmriprep/sub-11764/ses-01/func/sub-11764_ses-01_task-sharedreward_run-1_part-mag_space-MNI152NLin6Asym_desc-preproc_bold.nii.gz	/ZPOOL/data/projects/rf1-sra-linux2/derivatives/fmriprep/sub-11764/ses-01/func/sub-11764_ses-01_task-sharedreward_run-1_part-mag_space-MNI152NLin6Asym_desc-brain_mask.nii.gz	2.7	2.7	2.97	255	1.615	3.46117	4.05478	4.11163	3.86427	0.858395	2.15362	20.6478	5.51651	Precompiled binary linux_ubuntu_24_64: Aug  4 2026 (Version AFNI_26.2.03 'Gordian III')
rf1	11764	01	2	pre_resample	/ZPOOL/data/projects/rf1-sra-linux2/derivatives/fmriprep/sub-11764/ses-01/func/sub-11764_ses-01_task-sharedreward_run-2_part-mag_space-MNI152NLin6Asym_desc-preproc_bold.nii.gz	/ZPOOL/data/projects/rf1-sra-linux2/derivatives/fmriprep/sub-11764/ses-01/func/sub-11764_ses-01_task-sharedreward_run-2_part-mag_space-MNI152NLin6Asym_desc-brain_mask.nii.gz	2.7	2.7	2.97	255	1.615	3.45901	4.06888	4.07151	3.85532	0.850208	2.12921	20.708	5.50063	Precompiled binary linux_ubuntu_24_64: Aug  4 2026 (Version AFNI_26.2.03 'Gordian III')
rf1	11772	01	1	pre_resample	/ZPOOL/data/projects/rf1-sra-linux2/derivatives/fmriprep/sub-11772/ses-01/func/sub-11772_ses-01_task-sharedreward_run-1_part-mag_space-MNI152NLin6Asym_desc-preproc_bold.nii.gz	/ZPOOL/data/projects/rf1-sra-linux2/derivatives/fmriprep/sub-11772/ses-01/func/sub-11772_ses-01_task-sharedreward_run-1_part-mag_space-MNI152NLin6Asym_desc-brain_mask.nii.gz	2.7	2.7	2.97	255	1.615	3.49363	3.77682	3.84659	3.70248	0.867739	2.06693	19.4522	5.24246	Precompiled binary linux_ubuntu_24_64: Aug  4 2026 (Version AFNI_26.2.03 'Gordian III')
rf1	11773	01	1	pre_resample	/ZPOOL/data/projects/rf1-sra-linux2/derivatives/fmriprep/sub-11773/ses-01/func/sub-11773_ses-01_task-sharedreward_run-1_part-mag_space-MNI152NLin6Asym_desc-preproc_bold.nii.gz	/ZPOOL/data/projects/rf1-sra-linux2/derivatives/fmriprep/sub-11773/ses-01/func/sub-11773_ses-01_task-sharedreward_run-1_part-mag_space-MNI152NLin6Asym_desc-brain_mask.nii.gz	2.7	2.7	2.97	255	1.615	3.52582	3.97356	4.12876	3.86741	0.826439	2.12974	15.3892	5.51312	Precompiled binary linux_ubuntu_24_64: Aug  4 2026 (Version AFNI_26.2.03 'Gordian III')
rf1	11773	01	2	pre_resample	/ZPOOL/data/projects/rf1-sra-linux2/derivatives/fmriprep/sub-11773/ses-01/func/sub-11773_ses-01_task-sharedreward_run-2_part-mag_space-MNI152NLin6Asym_desc-preproc_bold.nii.gz	/ZPOOL/data/projects/rf1-sra-linux2/derivatives/fmriprep/sub-11773/ses-01/func/sub-11773_ses-01_task-sharedreward_run-2_part-mag_space-MNI152NLin6Asym_desc-brain_mask.nii.gz	2.7	2.7	2.97	255	1.615	3.60493	4.04742	4.21488	3.94718	0.790555	2.14174	13.4497	5.89804	Precompiled binary linux_ubuntu_24_64: Aug  4 2026 (Version AFNI_26.2.03 'Gordian III')
rf1	11774	01	1	pre_resample	/ZPOOL/data/projects/rf1-sra-linux2/derivatives/fmriprep/sub-11774/ses-01/func/sub-11774_ses-01_task-sharedreward_run-1_part-mag_space-MNI152NLin6Asym_desc-preproc_bold.nii.gz	/ZPOOL/data/projects/rf1-sra-linux2/derivatives/fmriprep/sub-11774/ses-01/func/sub-11774_ses-01_task-sharedreward_run-1_part-mag_space-MNI152NLin6Asym_desc-brain_mask.nii.gz	2.7	2.7	2.97	255	1.615	3.35623	3.86337	4.0187	3.73509	0.848654	2.07232	16.4531	5.31187	Precompiled binary linux_ubuntu_24_64: Aug  4 2026 (Version AFNI_26.2.03 'Gordian III')
rf1	11774	01	2	pre_resample	/ZPOOL/data/projects/rf1-sra-linux2/derivatives/fmriprep/sub-11774/ses-01/func/sub-11774_ses-01_task-sharedreward_run-2_part-mag_space-MNI152NLin6Asym_desc-preproc_bold.nii.gz	/ZPOOL/data/projects/rf1-sra-linux2/derivatives/fmriprep/sub-11774/ses-01/func/sub-11774_ses-01_task-sharedreward_run-2_part-mag_space-MNI152NLin6Asym_desc-brain_mask.nii.gz	2.7	2.7	2.97	255	1.615	3.49611	3.98739	4.32273	3.92052	0.804497	2.14843	12.9084	5.49934	Precompiled binary linux_ubuntu_24_64: Aug  4 2026 (Version AFNI_26.2.03 'Gordian III')
rf1	11784	01	1	pre_resample	/ZPOOL/data/projects/rf1-sra-linux2/derivatives/fmriprep/sub-11784/ses-01/func/sub-11784_ses-01_task-sharedreward_run-1_part-mag_space-MNI152NLin6Asym_desc-preproc_bold.nii.gz	/ZPOOL/data/projects/rf1-sra-linux2/derivatives/fmriprep/sub-11784/ses-01/func/sub-11784_ses-01_task-sharedreward_run-1_part-mag_space-MNI152NLin6Asym_desc-brain_mask.nii.gz	2.7	2.7	2.97	255	1.615	3.79768	4.11493	4.43198	4.1067	0.787154	2.22551	14.8157	5.93243	Precompiled binary linux_ubuntu_24_64: Aug  4 2026 (Version AFNI_26.2.03 'Gordian III')
rf1	11784	01	2	pre_resample	/ZPOOL/data/projects/rf1-sra-linux2/derivatives/fmriprep/sub-11784/ses-01/func/sub-11784_ses-01_task-sharedreward_run-2_part-mag_space-MNI152NLin6Asym_desc-preproc_bold.nii.gz	/ZPOOL/data/projects/rf1-sra-linux2/derivatives/fmriprep/sub-11784/ses-01/func/sub-11784_ses-01_task-sharedreward_run-2_part-mag_space-MNI152NLin6Asym_desc-brain_mask.nii.gz	2.7	2.7	2.97	255	1.615	3.74824	4.09694	4.31873	4.04776	0.806511	2.20393	16.7836	5.93191	Precompiled binary linux_ubuntu_24_64: Aug  4 2026 (Version AFNI_26.2.03 'Gordian III')
rf1	11787	01	1	pre_resample	/ZPOOL/data/projects/rf1-sra-linux2/derivatives/fmriprep/sub-11787/ses-01/func/sub-11787_ses-01_task-sharedreward_run-1_part-mag_space-MNI152NLin6Asym_desc-preproc_bold.nii.gz	/ZPOOL/data/projects/rf1-sra-linux2/derivatives/fmriprep/sub-11787/ses-01/func/sub-11787_ses-01_task-sharedreward_run-1_part-mag_space-MNI152NLin6Asym_desc-brain_mask.nii.gz	2.7	2.7	2.97	255	1.615	3.60102	4.10389	4.46787	4.04179	0.775536	2.18007	12.9571	5.93142	Precompiled binary linux_ubuntu_24_64: Aug  4 2026 (Version AFNI_26.2.03 'Gordian III')
rf1	11787	01	2	pre_resample	/ZPOOL/data/projects/rf1-sra-linux2/derivatives/fmriprep/sub-11787/ses-01/func/sub-11787_ses-01_task-sharedreward_run-2_part-mag_space-MNI152NLin6Asym_desc-preproc_bold.nii.gz	/ZPOOL/data/projects/rf1-sra-linux2/derivatives/fmriprep/sub-11787/ses-01/func/sub-11787_ses-01_task-sharedreward_run-2_part-mag_space-MNI152NLin6Asym_desc-brain_mask.nii.gz	2.7	2.7	2.97	255	1.615	3.60061	4.08207	4.61202	4.07739	0.742943	2.16797	11.7949	5.93214	Precompiled binary linux_ubuntu_24_64: Aug  4 2026 (Version AFNI_26.2.03 'Gordian III')
rf1	11788	01	1	pre_resample	/ZPOOL/data/projects/rf1-sra-linux2/derivatives/fmriprep/sub-11788/ses-01/func/sub-11788_ses-01_task-sharedreward_run-1_part-mag_space-MNI152NLin6Asym_desc-preproc_bold.nii.gz	/ZPOOL/data/projects/rf1-sra-linux2/derivatives/fmriprep/sub-11788/ses-01/func/sub-11788_ses-01_task-sharedreward_run-1_part-mag_space-MNI152NLin6Asym_desc-brain_mask.nii.gz	2.7	2.7	2.97	255	1.615	3.43154	3.78456	3.69805	3.6349	0.839414	2.01067	13.7053	5.12157	Precompiled binary linux_ubuntu_24_64: Aug  4 2026 (Version AFNI_26.2.03 'Gordian III')
rf1	11788	01	2	pre_resample	/ZPOOL/data/projects/rf1-sra-linux2/derivatives/fmriprep/sub-11788/ses-01/func/sub-11788_ses-01_task-sharedreward_run-2_part-mag_space-MNI152NLin6Asym_desc-preproc_bold.nii.gz	/ZPOOL/data/projects/rf1-sra-linux2/derivatives/fmriprep/sub-11788/ses-01/func/sub-11788_ses-01_task-sharedreward_run-2_part-mag_space-MNI152NLin6Asym_desc-brain_mask.nii.gz	2.7	2.7	2.97	255	1.615	3.4606	3.80059	3.75558	3.6691	0.831515	2.02546	13.4312	5.19187	Precompiled binary linux_ubuntu_24_64: Aug  4 2026 (Version AFNI_26.2.03 'Gordian III')
rf1	11789	01	1	pre_resample	/ZPOOL/data/projects/rf1-sra-linux2/derivatives/fmriprep/sub-11789/ses-01/func/sub-11789_ses-01_task-sharedreward_run-1_part-mag_space-MNI152NLin6Asym_desc-preproc_bold.nii.gz	/ZPOOL/data/projects/rf1-sra-linux2/derivatives/fmriprep/sub-11789/ses-01/func/sub-11789_ses-01_task-sharedreward_run-1_part-mag_space-MNI152NLin6Asym_desc-brain_mask.nii.gz	2.7	2.7	2.97	255	1.615	4.15959	4.4797	4.57623	4.40152	0.600846	2.30669	8.01674	6.40067	Precompiled binary linux_ubuntu_24_64: Aug  4 2026 (Version AFNI_26.2.03 'Gordian III')
rf1	11789	01	2	pre_resample	/ZPOOL/data/projects/rf1-sra-linux2/derivatives/fmriprep/sub-11789/ses-01/func/sub-11789_ses-01_task-sharedreward_run-2_part-mag_space-MNI152NLin6Asym_desc-preproc_bold.nii.gz	/ZPOOL/data/projects/rf1-sra-linux2/derivatives/fmriprep/sub-11789/ses-01/func/sub-11789_ses-01_task-sharedreward_run-2_part-mag_space-MNI152NLin6Asym_desc-brain_mask.nii.gz	2.7	2.7	2.97	255	1.615	4.16173	4.47336	4.56272	4.39586	0.59	2.29823	7.9609	6.41017	Precompiled binary linux_ubuntu_24_64: Aug  4 2026 (Version AFNI_26.2.03 'Gordian III')
rf1	11790	01	1	pre_resample	/ZPOOL/data/projects/rf1-sra-linux2/derivatives/fmriprep/sub-11790/ses-01/func/sub-11790_ses-01_task-sharedreward_run-1_part-mag_space-MNI152NLin6Asym_desc-preproc_bold.nii.gz	/ZPOOL/data/projects/rf1-sra-linux2/derivatives/fmriprep/sub-11790/ses-01/func/sub-11790_ses-01_task-sharedreward_run-1_part-mag_space-MNI152NLin6Asym_desc-brain_mask.nii.gz	2.7	2.7	2.97	255	1.615	3.57732	3.85283	4.03716	3.81772	0.777535	2.02771	14.1031	5.44282	Precompiled binary linux_ubuntu_24_64: Aug  4 2026 (Version AFNI_26.2.03 'Gordian III')
rf1	11790	01	2	pre_resample	/ZPOOL/data/projects/rf1-sra-linux2/derivatives/fmriprep/sub-11790/ses-01/func/sub-11790_ses-01_task-sharedreward_run-2_part-mag_space-MNI152NLin6Asym_desc-preproc_bold.nii.gz	/ZPOOL/data/projects/rf1-sra-linux2/derivatives/fmriprep/sub-11790/ses-01/func/sub-11790_ses-01_task-sharedreward_run-2_part-mag_space-MNI152NLin6Asym_desc-brain_mask.nii.gz	2.7	2.7	2.97	255	1.615	3.70009	3.92857	4.06059	3.89355	0.759438	2.04824	13.8956	5.49871	Precompiled binary linux_ubuntu_24_64: Aug  4 2026 (Version AFNI_26.2.03 'Gordian III')
rf1	11793	01	1	pre_resample	/ZPOOL/data/projects/rf1-sra-linux2/derivatives/fmriprep/sub-11793/ses-01/func/sub-11793_ses-01_task-sharedreward_run-1_part-mag_space-MNI152NLin6Asym_desc-preproc_bold.nii.gz	/ZPOOL/data/projects/rf1-sra-linux2/derivatives/fmriprep/sub-11793/ses-01/func/sub-11793_ses-01_task-sharedreward_run-1_part-mag_space-MNI152NLin6Asym_desc-brain_mask.nii.gz	2.7	2.7	2.97	255	1.615	3.56391	3.8636	4.17613	3.8598	0.808471	2.10717	14.6712	5.50882	Precompiled binary linux_ubuntu_24_64: Aug  4 2026 (Version AFNI_26.2.03 'Gordian III')
rf1	11793	01	2	pre_resample	/ZPOOL/data/projects/rf1-sra-linux2/derivatives/fmriprep/sub-11793/ses-01/func/sub-11793_ses-01_task-sharedreward_run-2_part-mag_space-MNI152NLin6Asym_desc-preproc_bold.nii.gz	/ZPOOL/data/projects/rf1-sra-linux2/derivatives/fmriprep/sub-11793/ses-01/func/sub-11793_ses-01_task-sharedreward_run-2_part-mag_space-MNI152NLin6Asym_desc-brain_mask.nii.gz	2.7	2.7	2.97	255	1.615	3.69458	4.07891	4.46612	4.06768	0.74957	2.17119	11.7903	5.932	Precompiled binary linux_ubuntu_24_64: Aug  4 2026 (Version AFNI_26.2.03 'Gordian III')
rf1	11795	01	1	pre_resample	/ZPOOL/data/projects/rf1-sra-linux2/derivatives/fmriprep/sub-11795/ses-01/func/sub-11795_ses-01_task-sharedreward_run-1_part-mag_space-MNI152NLin6Asym_desc-preproc_bold.nii.gz	/ZPOOL/data/projects/rf1-sra-linux2/derivatives/fmriprep/sub-11795/ses-01/func/sub-11795_ses-01_task-sharedreward_run-1_part-mag_space-MNI152NLin6Asym_desc-brain_mask.nii.gz	2.7	2.7	2.97	255	1.615	3.28581	3.55569	3.69133	3.50684	0.870015	1.97316	15.2564	4.91231	Precompiled binary linux_ubuntu_24_64: Aug  4 2026 (Version AFNI_26.2.03 'Gordian III')
rf1	11795	01	2	pre_resample	/ZPOOL/data/projects/rf1-sra-linux2/derivatives/fmriprep/sub-11795/ses-01/func/sub-11795_ses-01_task-sharedreward_run-2_part-mag_space-MNI152NLin6Asym_desc-preproc_bold.nii.gz	/ZPOOL/data/projects/rf1-sra-linux2/derivatives/fmriprep/sub-11795/ses-01/func/sub-11795_ses-01_task-sharedreward_run-2_part-mag_space-MNI152NLin6Asym_desc-brain_mask.nii.gz	2.7	2.7	2.97	255	1.615	3.33902	3.59595	3.78464	3.5685	0.862176	2.00373	14.9391	5.02888	Precompiled binary linux_ubuntu_24_64: Aug  4 2026 (Version AFNI_26.2.03 'Gordian III')
rf1	11815	01	1	pre_resample	/ZPOOL/data/projects/rf1-sra-linux2/derivatives/fmriprep/sub-11815/ses-01/func/sub-11815_ses-01_task-sharedreward_run-1_part-mag_space-MNI152NLin6Asym_desc-preproc_bold.nii.gz	/ZPOOL/data/projects/rf1-sra-linux2/derivatives/fmriprep/sub-11815/ses-01/func/sub-11815_ses-01_task-sharedreward_run-1_part-mag_space-MNI152NLin6Asym_desc-brain_mask.nii.gz	2.7	2.7	2.97	255	1.615	3.72369	3.99185	4.08941	3.9319	0.805565	2.14989	13.7653	5.48496	Precompiled binary linux_ubuntu_24_64: Aug  4 2026 (Version AFNI_26.2.03 'Gordian III')
rf1	11815	01	2	pre_resample	/ZPOOL/data/projects/rf1-sra-linux2/derivatives/fmriprep/sub-11815/ses-01/func/sub-11815_ses-01_task-sharedreward_run-2_part-mag_space-MNI152NLin6Asym_desc-preproc_bold.nii.gz	/ZPOOL/data/projects/rf1-sra-linux2/derivatives/fmriprep/sub-11815/ses-01/func/sub-11815_ses-01_task-sharedreward_run-2_part-mag_space-MNI152NLin6Asym_desc-brain_mask.nii.gz	2.7	2.7	2.97	255	1.615	3.76734	4.01327	4.13742	3.96967	0.783409	2.15095	12.6932	5.91189	Precompiled binary linux_ubuntu_24_64: Aug  4 2026 (Version AFNI_26.2.03 'Gordian III')
rf1	11822	01	1	pre_resample	/ZPOOL/data/projects/rf1-sra-linux2/derivatives/fmriprep/sub-11822/ses-01/func/sub-11822_ses-01_task-sharedreward_run-1_part-mag_space-MNI152NLin6Asym_desc-preproc_bold.nii.gz	/ZPOOL/data/projects/rf1-sra-linux2/derivatives/fmriprep/sub-11822/ses-01/func/sub-11822_ses-01_task-sharedreward_run-1_part-mag_space-MNI152NLin6Asym_desc-brain_mask.nii.gz	2.7	2.7	2.97	255	1.615	3.53572	3.69205	3.78027	3.66795	0.890945	2.07897	19.2566	5.17592	Precompiled binary linux_ubuntu_24_64: Aug  4 2026 (Version AFNI_26.2.03 'Gordian III')
rf1	11822	01	2	pre_resample	/ZPOOL/data/projects/rf1-sra-linux2/derivatives/fmriprep/sub-11822/ses-01/func/sub-11822_ses-01_task-sharedreward_run-2_part-mag_space-MNI152NLin6Asym_desc-preproc_bold.nii.gz	/ZPOOL/data/projects/rf1-sra-linux2/derivatives/fmriprep/sub-11822/ses-01/func/sub-11822_ses-01_task-sharedreward_run-2_part-mag_space-MNI152NLin6Asym_desc-brain_mask.nii.gz	2.7	2.7	2.97	255	1.615	3.56904	3.73075	3.76366	3.68683	0.885059	2.07936	19.6369	5.20535	Precompiled binary linux_ubuntu_24_64: Aug  4 2026 (Version AFNI_26.2.03 'Gordian III')
rf1	11823	01	1	pre_resample	/ZPOOL/data/projects/rf1-sra-linux2/derivatives/fmriprep/sub-11823/ses-01/func/sub-11823_ses-01_task-sharedreward_run-1_part-mag_space-MNI152NLin6Asym_desc-preproc_bold.nii.gz	/ZPOOL/data/projects/rf1-sra-linux2/derivatives/fmriprep/sub-11823/ses-01/func/sub-11823_ses-01_task-sharedreward_run-1_part-mag_space-MNI152NLin6Asym_desc-brain_mask.nii.gz	2.7	2.7	2.97	255	1.615	3.39398	3.69107	3.75618	3.61024	0.885949	2.03958	18.522	5.07258	Precompiled binary linux_ubuntu_24_64: Aug  4 2026 (Version AFNI_26.2.03 'Gordian III')
rf1	11823	01	2	pre_resample	/ZPOOL/data/projects/rf1-sra-linux2/derivatives/fmriprep/sub-11823/ses-01/func/sub-11823_ses-01_task-sharedreward_run-2_part-mag_space-MNI152NLin6Asym_desc-preproc_bold.nii.gz	/ZPOOL/data/projects/rf1-sra-linux2/derivatives/fmriprep/sub-11823/ses-01/func/sub-11823_ses-01_task-sharedreward_run-2_part-mag_space-MNI152NLin6Asym_desc-brain_mask.nii.gz	2.7	2.7	2.97	255	1.615	3.3924	3.69202	3.76184	3.6118	0.891489	2.04854	18.5266	5.07614	Precompiled binary linux_ubuntu_24_64: Aug  4 2026 (Version AFNI_26.2.03 'Gordian III')
rf1	11824	01	1	pre_resample	/ZPOOL/data/projects/rf1-sra-linux2/derivatives/fmriprep/sub-11824/ses-01/func/sub-11824_ses-01_task-sharedreward_run-1_part-mag_space-MNI152NLin6Asym_desc-preproc_bold.nii.gz	/ZPOOL/data/projects/rf1-sra-linux2/derivatives/fmriprep/sub-11824/ses-01/func/sub-11824_ses-01_task-sharedreward_run-1_part-mag_space-MNI152NLin6Asym_desc-brain_mask.nii.gz	2.7	2.7	2.97	255	1.615	3.6063	4.03168	4.42541	4.00713	0.748583	2.12671	12.0256	5.92494	Precompiled binary linux_ubuntu_24_64: Aug  4 2026 (Version AFNI_26.2.03 'Gordian III')
rf1	11824	01	2	pre_resample	/ZPOOL/data/projects/rf1-sra-linux2/derivatives/fmriprep/sub-11824/ses-01/func/sub-11824_ses-01_task-sharedreward_run-2_part-mag_space-MNI152NLin6Asym_desc-preproc_bold.nii.gz	/ZPOOL/data/projects/rf1-sra-linux2/derivatives/fmriprep/sub-11824/ses-01/func/sub-11824_ses-01_task-sharedreward_run-2_part-mag_space-MNI152NLin6Asym_desc-brain_mask.nii.gz	2.7	2.7	2.97	255	1.615	3.72731	4.07364	4.52488	4.0957	0.71819	2.14931	10.9831	5.93225	Precompiled binary linux_ubuntu_24_64: Aug  4 2026 (Version AFNI_26.2.03 'Gordian III')
rf1	11828	01	1	pre_resample	/ZPOOL/data/projects/rf1-sra-linux2/derivatives/fmriprep/sub-11828/ses-01/func/sub-11828_ses-01_task-sharedreward_run-1_part-mag_space-MNI152NLin6Asym_desc-preproc_bold.nii.gz	/ZPOOL/data/projects/rf1-sra-linux2/derivatives/fmriprep/sub-11828/ses-01/func/sub-11828_ses-01_task-sharedreward_run-1_part-mag_space-MNI152NLin6Asym_desc-brain_mask.nii.gz	2.7	2.7	2.97	255	1.615	3.75063	4.05985	4.19331	3.99691	0.729566	2.05966	13.921	5.91816	Precompiled binary linux_ubuntu_24_64: Aug  4 2026 (Version AFNI_26.2.03 'Gordian III')
rf1	11828	01	2	pre_resample	/ZPOOL/data/projects/rf1-sra-linux2/derivatives/fmriprep/sub-11828/ses-01/func/sub-11828_ses-01_task-sharedreward_run-2_part-mag_space-MNI152NLin6Asym_desc-preproc_bold.nii.gz	/ZPOOL/data/projects/rf1-sra-linux2/derivatives/fmriprep/sub-11828/ses-01/func/sub-11828_ses-01_task-sharedreward_run-2_part-mag_space-MNI152NLin6Asym_desc-brain_mask.nii.gz	2.7	2.7	2.97	255	1.615	3.6818	4.02299	4.15573	3.94838	0.758487	2.0604	16.1176	5.88647	Precompiled binary linux_ubuntu_24_64: Aug  4 2026 (Version AFNI_26.2.03 'Gordian III')
rf1	11829	01	1	pre_resample	/ZPOOL/data/projects/rf1-sra-linux2/derivatives/fmriprep/sub-11829/ses-01/func/sub-11829_ses-01_task-sharedreward_run-1_part-mag_space-MNI152NLin6Asym_desc-preproc_bold.nii.gz	/ZPOOL/data/projects/rf1-sra-linux2/derivatives/fmriprep/sub-11829/ses-01/func/sub-11829_ses-01_task-sharedreward_run-1_part-mag_space-MNI152NLin6Asym_desc-brain_mask.nii.gz	2.7	2.7	2.97	255	1.615	3.8244	4.0828	4.25044	4.04872	0.786226	2.18964	12.7648	5.93038	Precompiled binary linux_ubuntu_24_64: Aug  4 2026 (Version AFNI_26.2.03 'Gordian III')
rf1	11829	01	2	pre_resample	/ZPOOL/data/projects/rf1-sra-linux2/derivatives/fmriprep/sub-11829/ses-01/func/sub-11829_ses-01_task-sharedreward_run-2_part-mag_space-MNI152NLin6Asym_desc-preproc_bold.nii.gz	/ZPOOL/data/projects/rf1-sra-linux2/derivatives/fmriprep/sub-11829/ses-01/func/sub-11829_ses-01_task-sharedreward_run-2_part-mag_space-MNI152NLin6Asym_desc-brain_mask.nii.gz	2.7	2.7	2.97	255	1.615	3.65418	3.93627	4.0873	3.88839	0.849053	2.15432	17.5765	5.51899	Precompiled binary linux_ubuntu_24_64: Aug  4 2026 (Version AFNI_26.2.03 'Gordian III')
rf1	11840	01	1	pre_resample	/ZPOOL/data/projects/rf1-sra-linux2/derivatives/fmriprep/sub-11840/ses-01/func/sub-11840_ses-01_task-sharedreward_run-1_part-mag_space-MNI152NLin6Asym_desc-preproc_bold.nii.gz	/ZPOOL/data/projects/rf1-sra-linux2/derivatives/fmriprep/sub-11840/ses-01/func/sub-11840_ses-01_task-sharedreward_run-1_part-mag_space-MNI152NLin6Asym_desc-brain_mask.nii.gz	2.7	2.7	2.97	255	1.615	3.51232	3.87657	3.92785	3.76761	0.810724	2.05635	13.6152	5.37461	Precompiled binary linux_ubuntu_24_64: Aug  4 2026 (Version AFNI_26.2.03 'Gordian III')
rf1	11840	01	2	pre_resample	/ZPOOL/data/projects/rf1-sra-linux2/derivatives/fmriprep/sub-11840/ses-01/func/sub-11840_ses-01_task-sharedreward_run-2_part-mag_space-MNI152NLin6Asym_desc-preproc_bold.nii.gz	/ZPOOL/data/projects/rf1-sra-linux2/derivatives/fmriprep/sub-11840/ses-01/func/sub-11840_ses-01_task-sharedreward_run-2_part-mag_space-MNI152NLin6Asym_desc-brain_mask.nii.gz	2.7	2.7	2.97	255	1.615	3.52197	3.87814	3.99727	3.79365	0.802267	2.06602	13.3195	5.43224	Precompiled binary linux_ubuntu_24_64: Aug  4 2026 (Version AFNI_26.2.03 'Gordian III')
rf1	11847	01	1	pre_resample	/ZPOOL/data/projects/rf1-sra-linux2/derivatives/fmriprep/sub-11847/ses-01/func/sub-11847_ses-01_task-sharedreward_run-1_part-mag_space-MNI152NLin6Asym_desc-preproc_bold.nii.gz	/ZPOOL/data/projects/rf1-sra-linux2/derivatives/fmriprep/sub-11847/ses-01/func/sub-11847_ses-01_task-sharedreward_run-1_part-mag_space-MNI152NLin6Asym_desc-brain_mask.nii.gz	2.7	2.7	2.97	255	1.615	3.89046	4.15022	4.21852	4.08392	0.726032	2.15526	10.8729	5.93204	Precompiled binary linux_ubuntu_24_64: Aug  4 2026 (Version AFNI_26.2.03 'Gordian III')
rf1	11847	01	2	pre_resample	/ZPOOL/data/projects/rf1-sra-linux2/derivatives/fmriprep/sub-11847/ses-01/func/sub-11847_ses-01_task-sharedreward_run-2_part-mag_space-MNI152NLin6Asym_desc-preproc_bold.nii.gz	/ZPOOL/data/projects/rf1-sra-linux2/derivatives/fmriprep/sub-11847/ses-01/func/sub-11847_ses-01_task-sharedreward_run-2_part-mag_space-MNI152NLin6Asym_desc-brain_mask.nii.gz	2.7	2.7	2.97	255	1.615	3.77872	4.15215	4.25366	4.05627	0.731301	2.14002	11.2623	5.93145	Precompiled binary linux_ubuntu_24_64: Aug  4 2026 (Version AFNI_26.2.03 'Gordian III')
rf1	11853	01	1	pre_resample	/ZPOOL/data/projects/rf1-sra-linux2/derivatives/fmriprep/sub-11853/ses-01/func/sub-11853_ses-01_task-sharedreward_run-1_part-mag_space-MNI152NLin6Asym_desc-preproc_bold.nii.gz	/ZPOOL/data/projects/rf1-sra-linux2/derivatives/fmriprep/sub-11853/ses-01/func/sub-11853_ses-01_task-sharedreward_run-1_part-mag_space-MNI152NLin6Asym_desc-brain_mask.nii.gz	2.7	2.7	2.97	255	1.615	3.38215	3.92507	4.05185	3.77483	0.837713	2.08241	16.44	5.39102	Precompiled binary linux_ubuntu_24_64: Aug  4 2026 (Version AFNI_26.2.03 'Gordian III')
rf1	11853	01	2	pre_resample	/ZPOOL/data/projects/rf1-sra-linux2/derivatives/fmriprep/sub-11853/ses-01/func/sub-11853_ses-01_task-sharedreward_run-2_part-mag_space-MNI152NLin6Asym_desc-preproc_bold.nii.gz	/ZPOOL/data/projects/rf1-sra-linux2/derivatives/fmriprep/sub-11853/ses-01/func/sub-11853_ses-01_task-sharedreward_run-2_part-mag_space-MNI152NLin6Asym_desc-brain_mask.nii.gz	2.7	2.7	2.97	255	1.615	3.32051	3.84253	3.96462	3.69835	0.863395	2.0665	18.818	5.25502	Precompiled binary linux_ubuntu_24_64: Aug  4 2026 (Version AFNI_26.2.03 'Gordian III')
rf1	11854	01	1	pre_resample	/ZPOOL/data/projects/rf1-sra-linux2/derivatives/fmriprep/sub-11854/ses-01/func/sub-11854_ses-01_task-sharedreward_run-1_part-mag_space-MNI152NLin6Asym_desc-preproc_bold.nii.gz	/ZPOOL/data/projects/rf1-sra-linux2/derivatives/fmriprep/sub-11854/ses-01/func/sub-11854_ses-01_task-sharedreward_run-1_part-mag_space-MNI152NLin6Asym_desc-brain_mask.nii.gz	2.7	2.7	2.97	255	1.615	4.06741	4.53476	4.5155	4.3671	0.570859	2.19882	8.57766	6.35561	Precompiled binary linux_ubuntu_24_64: Aug  4 2026 (Version AFNI_26.2.03 'Gordian III')
rf1	11854	01	2	pre_resample	/ZPOOL/data/projects/rf1-sra-linux2/derivatives/fmriprep/sub-11854/ses-01/func/sub-11854_ses-01_task-sharedreward_run-2_part-mag_space-MNI152NLin6Asym_desc-preproc_bold.nii.gz	/ZPOOL/data/projects/rf1-sra-linux2/derivatives/fmriprep/sub-11854/ses-01/func/sub-11854_ses-01_task-sharedreward_run-2_part-mag_space-MNI152NLin6Asym_desc-brain_mask.nii.gz	2.7	2.7	2.97	255	1.615	4.09983	4.52753	4.57204	4.39453	0.55543	2.17978	8.87981	6.42817	Precompiled binary linux_ubuntu_24_64: Aug  4 2026 (Version AFNI_26.2.03 'Gordian III')
rf1	11861	01	1	pre_resample	/ZPOOL/data/projects/rf1-sra-linux2/derivatives/fmriprep/sub-11861/ses-01/func/sub-11861_ses-01_task-sharedreward_run-1_part-mag_space-MNI152NLin6Asym_desc-preproc_bold.nii.gz	/ZPOOL/data/projects/rf1-sra-linux2/derivatives/fmriprep/sub-11861/ses-01/func/sub-11861_ses-01_task-sharedreward_run-1_part-mag_space-MNI152NLin6Asym_desc-brain_mask.nii.gz	2.7	2.7	2.97	255	1.615	3.55835	4.26477	4.53299	4.09741	0.724658	2.16629	10.9859	5.90143	Precompiled binary linux_ubuntu_24_64: Aug  4 2026 (Version AFNI_26.2.03 'Gordian III')
rf1	11861	01	2	pre_resample	/ZPOOL/data/projects/rf1-sra-linux2/derivatives/fmriprep/sub-11861/ses-01/func/sub-11861_ses-01_task-sharedreward_run-2_part-mag_space-MNI152NLin6Asym_desc-preproc_bold.nii.gz	/ZPOOL/data/projects/rf1-sra-linux2/derivatives/fmriprep/sub-11861/ses-01/func/sub-11861_ses-01_task-sharedreward_run-2_part-mag_space-MNI152NLin6Asym_desc-brain_mask.nii.gz	2.7	2.7	2.97	255	1.615	3.64826	4.2488	4.40875	4.08843	0.709794	2.13932	10.7379	5.93216	Precompiled binary linux_ubuntu_24_64: Aug  4 2026 (Version AFNI_26.2.03 'Gordian III')
rf1	11866	01	1	pre_resample	/ZPOOL/data/projects/rf1-sra-linux2/derivatives/fmriprep/sub-11866/ses-01/func/sub-11866_ses-01_task-sharedreward_run-1_part-mag_space-MNI152NLin6Asym_desc-preproc_bold.nii.gz	/ZPOOL/data/projects/rf1-sra-linux2/derivatives/fmriprep/sub-11866/ses-01/func/sub-11866_ses-01_task-sharedreward_run-1_part-mag_space-MNI152NLin6Asym_desc-brain_mask.nii.gz	2.7	2.7	2.97	255	1.615	3.50947	3.87466	3.93756	3.76907	0.84133	2.10586	13.8895	5.40414	Precompiled binary linux_ubuntu_24_64: Aug  4 2026 (Version AFNI_26.2.03 'Gordian III')
rf1	11866	01	2	pre_resample	/ZPOOL/data/projects/rf1-sra-linux2/derivatives/fmriprep/sub-11866/ses-01/func/sub-11866_ses-01_task-sharedreward_run-2_part-mag_space-MNI152NLin6Asym_desc-preproc_bold.nii.gz	/ZPOOL/data/projects/rf1-sra-linux2/derivatives/fmriprep/sub-11866/ses-01/func/sub-11866_ses-01_task-sharedreward_run-2_part-mag_space-MNI152NLin6Asym_desc-brain_mask.nii.gz	2.7	2.7	2.97	255	1.615	3.52935	3.8858	3.92998	3.77736	0.833734	2.10735	12.9832	5.41649	Precompiled binary linux_ubuntu_24_64: Aug  4 2026 (Version AFNI_26.2.03 'Gordian III')
rf1	11867	01	1	pre_resample	/ZPOOL/data/projects/rf1-sra-linux2/derivatives/fmriprep/sub-11867/ses-01/func/sub-11867_ses-01_task-sharedreward_run-1_part-mag_space-MNI152NLin6Asym_desc-preproc_bold.nii.gz	/ZPOOL/data/projects/rf1-sra-linux2/derivatives/fmriprep/sub-11867/ses-01/func/sub-11867_ses-01_task-sharedreward_run-1_part-mag_space-MNI152NLin6Asym_desc-brain_mask.nii.gz	2.7	2.7	2.97	255	1.615	3.37926	3.82591	3.80556	3.66431	0.878577	2.05618	19.0649	5.15853	Precompiled binary linux_ubuntu_24_64: Aug  4 2026 (Version AFNI_26.2.03 'Gordian III')
rf1	11867	01	2	pre_resample	/ZPOOL/data/projects/rf1-sra-linux2/derivatives/fmriprep/sub-11867/ses-01/func/sub-11867_ses-01_task-sharedreward_run-2_part-mag_space-MNI152NLin6Asym_desc-preproc_bold.nii.gz	/ZPOOL/data/projects/rf1-sra-linux2/derivatives/fmriprep/sub-11867/ses-01/func/sub-11867_ses-01_task-sharedreward_run-2_part-mag_space-MNI152NLin6Asym_desc-brain_mask.nii.gz	2.7	2.7	2.97	255	1.615	3.49065	3.96122	3.93346	3.78881	0.857179	2.0976	20.3379	5.39389	Precompiled binary linux_ubuntu_24_64: Aug  4 2026 (Version AFNI_26.2.03 'Gordian III')
rf1	11870	01	1	pre_resample	/ZPOOL/data/projects/rf1-sra-linux2/derivatives/fmriprep/sub-11870/ses-01/func/sub-11870_ses-01_task-sharedreward_run-1_part-mag_space-MNI152NLin6Asym_desc-preproc_bold.nii.gz	/ZPOOL/data/projects/rf1-sra-linux2/derivatives/fmriprep/sub-11870/ses-01/func/sub-11870_ses-01_task-sharedreward_run-1_part-mag_space-MNI152NLin6Asym_desc-brain_mask.nii.gz	2.7	2.7	2.97	255	1.615	3.36312	3.80909	4.00263	3.71509	0.828804	2.04388	14.7652	5.28414	Precompiled binary linux_ubuntu_24_64: Aug  4 2026 (Version AFNI_26.2.03 'Gordian III')
rf1	11870	01	2	pre_resample	/ZPOOL/data/projects/rf1-sra-linux2/derivatives/fmriprep/sub-11870/ses-01/func/sub-11870_ses-01_task-sharedreward_run-2_part-mag_space-MNI152NLin6Asym_desc-preproc_bold.nii.gz	/ZPOOL/data/projects/rf1-sra-linux2/derivatives/fmriprep/sub-11870/ses-01/func/sub-11870_ses-01_task-sharedreward_run-2_part-mag_space-MNI152NLin6Asym_desc-brain_mask.nii.gz	2.7	2.7	2.97	255	1.615	3.3651	3.8091	4.02075	3.72142	0.831133	2.04571	16.1571	5.30275	Precompiled binary linux_ubuntu_24_64: Aug  4 2026 (Version AFNI_26.2.03 'Gordian III')
rf1	11872	01	1	pre_resample	/ZPOOL/data/projects/rf1-sra-linux2/derivatives/fmriprep/sub-11872/ses-01/func/sub-11872_ses-01_task-sharedreward_run-1_part-mag_space-MNI152NLin6Asym_desc-preproc_bold.nii.gz	/ZPOOL/data/projects/rf1-sra-linux2/derivatives/fmriprep/sub-11872/ses-01/func/sub-11872_ses-01_task-sharedreward_run-1_part-mag_space-MNI152NLin6Asym_desc-brain_mask.nii.gz	2.7	2.7	2.97	255	1.615	3.29563	3.67967	3.69299	3.5512	0.816326	1.93818	11.609	4.95556	Precompiled binary linux_ubuntu_24_64: Aug  4 2026 (Version AFNI_26.2.03 'Gordian III')
rf1	11872	01	2	pre_resample	/ZPOOL/data/projects/rf1-sra-linux2/derivatives/fmriprep/sub-11872/ses-01/func/sub-11872_ses-01_task-sharedreward_run-2_part-mag_space-MNI152NLin6Asym_desc-preproc_bold.nii.gz	/ZPOOL/data/projects/rf1-sra-linux2/derivatives/fmriprep/sub-11872/ses-01/func/sub-11872_ses-01_task-sharedreward_run-2_part-mag_space-MNI152NLin6Asym_desc-brain_mask.nii.gz	2.7	2.7	2.97	255	1.615	3.43422	3.8147	3.86666	3.70006	0.763588	1.9521	11.1564	5.18349	Precompiled binary linux_ubuntu_24_64: Aug  4 2026 (Version AFNI_26.2.03 'Gordian III')
rf1	11876	01	1	pre_resample	/ZPOOL/data/projects/rf1-sra-linux2/derivatives/fmriprep/sub-11876/ses-01/func/sub-11876_ses-01_task-sharedreward_run-1_part-mag_space-MNI152NLin6Asym_desc-preproc_bold.nii.gz	/ZPOOL/data/projects/rf1-sra-linux2/derivatives/fmriprep/sub-11876/ses-01/func/sub-11876_ses-01_task-sharedreward_run-1_part-mag_space-MNI152NLin6Asym_desc-brain_mask.nii.gz	2.7	2.7	2.97	255	1.615	3.56766	4.04393	4.16568	3.91704	0.798484	2.14089	12.7531	5.49705	Precompiled binary linux_ubuntu_24_64: Aug  4 2026 (Version AFNI_26.2.03 'Gordian III')
rf1	11876	01	2	pre_resample	/ZPOOL/data/projects/rf1-sra-linux2/derivatives/fmriprep/sub-11876/ses-01/func/sub-11876_ses-01_task-sharedreward_run-2_part-mag_space-MNI152NLin6Asym_desc-preproc_bold.nii.gz	/ZPOOL/data/projects/rf1-sra-linux2/derivatives/fmriprep/sub-11876/ses-01/func/sub-11876_ses-01_task-sharedreward_run-2_part-mag_space-MNI152NLin6Asym_desc-brain_mask.nii.gz	2.7	2.7	2.97	255	1.615	3.68104	4.15632	4.451	4.08363	0.719751	2.17042	10.4909	5.90406	Precompiled binary linux_ubuntu_24_64: Aug  4 2026 (Version AFNI_26.2.03 'Gordian III')
rf1	11877	01	1	pre_resample	/ZPOOL/data/projects/rf1-sra-linux2/derivatives/fmriprep/sub-11877/ses-01/func/sub-11877_ses-01_task-sharedreward_run-1_part-mag_space-MNI152NLin6Asym_desc-preproc_bold.nii.gz	/ZPOOL/data/projects/rf1-sra-linux2/derivatives/fmriprep/sub-11877/ses-01/func/sub-11877_ses-01_task-sharedreward_run-1_part-mag_space-MNI152NLin6Asym_desc-brain_mask.nii.gz	2.7	2.7	2.97	255	1.615	3.43667	4.10557	4.01983	3.84214	0.788866	2.07086	12.5746	5.47094	Precompiled binary linux_ubuntu_24_64: Aug  4 2026 (Version AFNI_26.2.03 'Gordian III')
rf1	11877	01	2	pre_resample	/ZPOOL/data/projects/rf1-sra-linux2/derivatives/fmriprep/sub-11877/ses-01/func/sub-11877_ses-01_task-sharedreward_run-2_part-mag_space-MNI152NLin6Asym_desc-preproc_bold.nii.gz	/ZPOOL/data/projects/rf1-sra-linux2/derivatives/fmriprep/sub-11877/ses-01/func/sub-11877_ses-01_task-sharedreward_run-2_part-mag_space-MNI152NLin6Asym_desc-brain_mask.nii.gz	2.7	2.7	2.97	255	1.615	3.66527	4.23159	4.05095	3.97547	0.750255	2.08468	12.7335	5.89021	Precompiled binary linux_ubuntu_24_64: Aug  4 2026 (Version AFNI_26.2.03 'Gordian III')
rf1	11881	01	1	pre_resample	/ZPOOL/data/projects/rf1-sra-linux2/derivatives/fmriprep/sub-11881/ses-01/func/sub-11881_ses-01_task-sharedreward_run-1_part-mag_space-MNI152NLin6Asym_desc-preproc_bold.nii.gz	/ZPOOL/data/projects/rf1-sra-linux2/derivatives/fmriprep/sub-11881/ses-01/func/sub-11881_ses-01_task-sharedreward_run-1_part-mag_space-MNI152NLin6Asym_desc-brain_mask.nii.gz	2.7	2.7	2.97	255	1.615	4.3518	4.73058	4.61505	4.56303	0.473652	2.2249	8.20313	6.77808	Precompiled binary linux_ubuntu_24_64: Aug  4 2026 (Version AFNI_26.2.03 'Gordian III')
rf1	11881	01	2	pre_resample	/ZPOOL/data/projects/rf1-sra-linux2/derivatives/fmriprep/sub-11881/ses-01/func/sub-11881_ses-01_task-sharedreward_run-2_part-mag_space-MNI152NLin6Asym_desc-preproc_bold.nii.gz	/ZPOOL/data/projects/rf1-sra-linux2/derivatives/fmriprep/sub-11881/ses-01/func/sub-11881_ses-01_task-sharedreward_run-2_part-mag_space-MNI152NLin6Asym_desc-brain_mask.nii.gz	2.7	2.7	2.97	255	1.615	4.34616	4.72878	4.63258	4.56625	0.468392	2.22137	8.15829	6.78481	Precompiled binary linux_ubuntu_24_64: Aug  4 2026 (Version AFNI_26.2.03 'Gordian III')
rf1	11885	01	1	pre_resample	/ZPOOL/data/projects/rf1-sra-linux2/derivatives/fmriprep/sub-11885/ses-01/func/sub-11885_ses-01_task-sharedreward_run-1_part-mag_space-MNI152NLin6Asym_desc-preproc_bold.nii.gz	/ZPOOL/data/projects/rf1-sra-linux2/derivatives/fmriprep/sub-11885/ses-01/func/sub-11885_ses-01_task-sharedreward_run-1_part-mag_space-MNI152NLin6Asym_desc-brain_mask.nii.gz	2.7	2.7	2.97	255	1.615	3.62147	3.93294	4.0044	3.84928	0.859417	2.15547	17.6057	5.50591	Precompiled binary linux_ubuntu_24_64: Aug  4 2026 (Version AFNI_26.2.03 'Gordian III')
rf1	11885	01	2	pre_resample	/ZPOOL/data/projects/rf1-sra-linux2/derivatives/fmriprep/sub-11885/ses-01/func/sub-11885_ses-01_task-sharedreward_run-2_part-mag_space-MNI152NLin6Asym_desc-preproc_bold.nii.gz	/ZPOOL/data/projects/rf1-sra-linux2/derivatives/fmriprep/sub-11885/ses-01/func/sub-11885_ses-01_task-sharedreward_run-2_part-mag_space-MNI152NLin6Asym_desc-brain_mask.nii.gz	2.7	2.7	2.97	255	1.615	3.65883	3.98129	4.06606	3.89805	0.833988	2.15187	16.1854	5.51964	Precompiled binary linux_ubuntu_24_64: Aug  4 2026 (Version AFNI_26.2.03 'Gordian III')
rf1	11891	01	1	pre_resample	/ZPOOL/data/projects/rf1-sra-linux2/derivatives/fmriprep/sub-11891/ses-01/func/sub-11891_ses-01_task-sharedreward_run-1_part-mag_space-MNI152NLin6Asym_desc-preproc_bold.nii.gz	/ZPOOL/data/projects/rf1-sra-linux2/derivatives/fmriprep/sub-11891/ses-01/func/sub-11891_ses-01_task-sharedreward_run-1_part-mag_space-MNI152NLin6Asym_desc-brain_mask.nii.gz	2.7	2.7	2.97	255	1.615	3.76392	4.09158	4.43618	4.08803	0.740886	2.16282	13.0716	5.9267	Precompiled binary linux_ubuntu_24_64: Aug  4 2026 (Version AFNI_26.2.03 'Gordian III')
rf1	11891	01	2	pre_resample	/ZPOOL/data/projects/rf1-sra-linux2/derivatives/fmriprep/sub-11891/ses-01/func/sub-11891_ses-01_task-sharedreward_run-2_part-mag_space-MNI152NLin6Asym_desc-preproc_bold.nii.gz	/ZPOOL/data/projects/rf1-sra-linux2/derivatives/fmriprep/sub-11891/ses-01/func/sub-11891_ses-01_task-sharedreward_run-2_part-mag_space-MNI152NLin6Asym_desc-brain_mask.nii.gz	2.7	2.7	2.97	255	1.615	3.74669	4.11555	4.50376	4.11039	0.733409	2.16869	12.9002	5.93475	Precompiled binary linux_ubuntu_24_64: Aug  4 2026 (Version AFNI_26.2.03 'Gordian III')
rf1	11897	01	1	pre_resample	/ZPOOL/data/projects/rf1-sra-linux2/derivatives/fmriprep/sub-11897/ses-01/func/sub-11897_ses-01_task-sharedreward_run-1_part-mag_space-MNI152NLin6Asym_desc-preproc_bold.nii.gz	/ZPOOL/data/projects/rf1-sra-linux2/derivatives/fmriprep/sub-11897/ses-01/func/sub-11897_ses-01_task-sharedreward_run-1_part-mag_space-MNI152NLin6Asym_desc-brain_mask.nii.gz	2.7	2.7	2.97	255	1.615	3.56975	3.72023	4.0909	3.78741	0.802299	2.0421	16.2166	5.41757	Precompiled binary linux_ubuntu_24_64: Aug  4 2026 (Version AFNI_26.2.03 'Gordian III')
rf1	11897	01	2	pre_resample	/ZPOOL/data/projects/rf1-sra-linux2/derivatives/fmriprep/sub-11897/ses-01/func/sub-11897_ses-01_task-sharedreward_run-2_part-mag_space-MNI152NLin6Asym_desc-preproc_bold.nii.gz	/ZPOOL/data/projects/rf1-sra-linux2/derivatives/fmriprep/sub-11897/ses-01/func/sub-11897_ses-01_task-sharedreward_run-2_part-mag_space-MNI152NLin6Asym_desc-brain_mask.nii.gz	2.7	2.7	2.97	255	1.615	3.60649	3.81504	4.17537	3.85857	0.786365	2.07191	15.0206	5.50394	Precompiled binary linux_ubuntu_24_64: Aug  4 2026 (Version AFNI_26.2.03 'Gordian III')
rf1	11900	01	1	pre_resample	/ZPOOL/data/projects/rf1-sra-linux2/derivatives/fmriprep/sub-11900/ses-01/func/sub-11900_ses-01_task-sharedreward_run-1_part-mag_space-MNI152NLin6Asym_desc-preproc_bold.nii.gz	/ZPOOL/data/projects/rf1-sra-linux2/derivatives/fmriprep/sub-11900/ses-01/func/sub-11900_ses-01_task-sharedreward_run-1_part-mag_space-MNI152NLin6Asym_desc-brain_mask.nii.gz	2.7	2.7	2.97	255	1.615	3.64823	3.97946	4.27313	3.95868	0.773343	2.12552	12.9355	5.9029	Precompiled binary linux_ubuntu_24_64: Aug  4 2026 (Version AFNI_26.2.03 'Gordian III')
rf1	11900	01	2	pre_resample	/ZPOOL/data/projects/rf1-sra-linux2/derivatives/fmriprep/sub-11900/ses-01/func/sub-11900_ses-01_task-sharedreward_run-2_part-mag_space-MNI152NLin6Asym_desc-preproc_bold.nii.gz	/ZPOOL/data/projects/rf1-sra-linux2/derivatives/fmriprep/sub-11900/ses-01/func/sub-11900_ses-01_task-sharedreward_run-2_part-mag_space-MNI152NLin6Asym_desc-brain_mask.nii.gz	2.7	2.7	2.97	255	1.615	3.71335	4.06755	4.34932	4.03497	0.733495	2.13032	11.3175	5.92977	Precompiled binary linux_ubuntu_24_64: Aug  4 2026 (Version AFNI_26.2.03 'Gordian III')
rf1	11902	01	1	pre_resample	/ZPOOL/data/projects/rf1-sra-linux2/derivatives/fmriprep/sub-11902/ses-01/func/sub-11902_ses-01_task-sharedreward_run-1_part-mag_space-MNI152NLin6Asym_desc-preproc_bold.nii.gz	/ZPOOL/data/projects/rf1-sra-linux2/derivatives/fmriprep/sub-11902/ses-01/func/sub-11902_ses-01_task-sharedreward_run-1_part-mag_space-MNI152NLin6Asym_desc-brain_mask.nii.gz	2.7	2.7	2.97	255	1.615	3.55668	3.79149	3.88368	3.74139	0.805524	2.02241	14.249	5.3086	Precompiled binary linux_ubuntu_24_64: Aug  4 2026 (Version AFNI_26.2.03 'Gordian III')
rf1	11902	01	2	pre_resample	/ZPOOL/data/projects/rf1-sra-linux2/derivatives/fmriprep/sub-11902/ses-01/func/sub-11902_ses-01_task-sharedreward_run-2_part-mag_space-MNI152NLin6Asym_desc-preproc_bold.nii.gz	/ZPOOL/data/projects/rf1-sra-linux2/derivatives/fmriprep/sub-11902/ses-01/func/sub-11902_ses-01_task-sharedreward_run-2_part-mag_space-MNI152NLin6Asym_desc-brain_mask.nii.gz	2.7	2.7	2.97	255	1.615	3.72275	3.95565	4.15208	3.93957	0.739977	2.05371	13.2997	5.43405	Precompiled binary linux_ubuntu_24_64: Aug  4 2026 (Version AFNI_26.2.03 'Gordian III')
rf1	11909	01	1	pre_resample	/ZPOOL/data/projects/rf1-sra-linux2/derivatives/fmriprep/sub-11909/ses-01/func/sub-11909_ses-01_task-sharedreward_run-1_part-mag_space-MNI152NLin6Asym_desc-preproc_bold.nii.gz	/ZPOOL/data/projects/rf1-sra-linux2/derivatives/fmriprep/sub-11909/ses-01/func/sub-11909_ses-01_task-sharedreward_run-1_part-mag_space-MNI152NLin6Asym_desc-brain_mask.nii.gz	2.7	2.7	2.97	255	1.615	4.4196	4.30686	4.24574	4.32347	0.70267	2.23199	12.2894	6.21194	Precompiled binary linux_ubuntu_24_64: Aug  4 2026 (Version AFNI_26.2.03 'Gordian III')
rf1	11909	01	2	pre_resample	/ZPOOL/data/projects/rf1-sra-linux2/derivatives/fmriprep/sub-11909/ses-01/func/sub-11909_ses-01_task-sharedreward_run-2_part-mag_space-MNI152NLin6Asym_desc-preproc_bold.nii.gz	/ZPOOL/data/projects/rf1-sra-linux2/derivatives/fmriprep/sub-11909/ses-01/func/sub-11909_ses-01_task-sharedreward_run-2_part-mag_space-MNI152NLin6Asym_desc-brain_mask.nii.gz	2.7	2.7	2.97	255	1.615	3.9171	4.37797	4.3811	4.21962	0.611321	2.15522	8.57423	6.07959	Precompiled binary linux_ubuntu_24_64: Aug  4 2026 (Version AFNI_26.2.03 'Gordian III')
rf1	11913	01	1	pre_resample	/ZPOOL/data/projects/rf1-sra-linux2/derivatives/fmriprep/sub-11913/ses-01/func/sub-11913_ses-01_task-sharedreward_run-1_part-mag_space-MNI152NLin6Asym_desc-preproc_bold.nii.gz	/ZPOOL/data/projects/rf1-sra-linux2/derivatives/fmriprep/sub-11913/ses-01/func/sub-11913_ses-01_task-sharedreward_run-1_part-mag_space-MNI152NLin6Asym_desc-brain_mask.nii.gz	2.7	2.7	2.97	255	1.615	3.42965	3.76479	4.02361	3.73138	0.841063	2.05948	18.141	5.32708	Precompiled binary linux_ubuntu_24_64: Aug  4 2026 (Version AFNI_26.2.03 'Gordian III')
rf1	11913	01	2	pre_resample	/ZPOOL/data/projects/rf1-sra-linux2/derivatives/fmriprep/sub-11913/ses-01/func/sub-11913_ses-01_task-sharedreward_run-2_part-mag_space-MNI152NLin6Asym_desc-preproc_bold.nii.gz	/ZPOOL/data/projects/rf1-sra-linux2/derivatives/fmriprep/sub-11913/ses-01/func/sub-11913_ses-01_task-sharedreward_run-2_part-mag_space-MNI152NLin6Asym_desc-brain_mask.nii.gz	2.7	2.7	2.97	255	1.615	3.67299	3.97243	4.52176	4.04074	0.77145	2.18098	13.2065	5.93192	Precompiled binary linux_ubuntu_24_64: Aug  4 2026 (Version AFNI_26.2.03 'Gordian III')
rf1	11914	01	1	pre_resample	/ZPOOL/data/projects/rf1-sra-linux2/derivatives/fmriprep/sub-11914/ses-01/func/sub-11914_ses-01_task-sharedreward_run-1_part-mag_space-MNI152NLin6Asym_desc-preproc_bold.nii.gz	/ZPOOL/data/projects/rf1-sra-linux2/derivatives/fmriprep/sub-11914/ses-01/func/sub-11914_ses-01_task-sharedreward_run-1_part-mag_space-MNI152NLin6Asym_desc-brain_mask.nii.gz	2.7	2.7	2.97	255	1.615	3.46689	3.73729	3.6763	3.62496	0.865098	2.01811	18.1864	5.09466	Precompiled binary linux_ubuntu_24_64: Aug  4 2026 (Version AFNI_26.2.03 'Gordian III')
rf1	11914	01	2	pre_resample	/ZPOOL/data/projects/rf1-sra-linux2/derivatives/fmriprep/sub-11914/ses-01/func/sub-11914_ses-01_task-sharedreward_run-2_part-mag_space-MNI152NLin6Asym_desc-preproc_bold.nii.gz	/ZPOOL/data/projects/rf1-sra-linux2/derivatives/fmriprep/sub-11914/ses-01/func/sub-11914_ses-01_task-sharedreward_run-2_part-mag_space-MNI152NLin6Asym_desc-brain_mask.nii.gz	2.7	2.7	2.97	255	1.615	3.45162	3.71177	3.55744	3.57202	0.880223	2.00235	18.8944	4.98854	Precompiled binary linux_ubuntu_24_64: Aug  4 2026 (Version AFNI_26.2.03 'Gordian III')
rf1	11920	01	1	pre_resample	/ZPOOL/data/projects/rf1-sra-linux2/derivatives/fmriprep/sub-11920/ses-01/func/sub-11920_ses-01_task-sharedreward_run-1_part-mag_space-MNI152NLin6Asym_desc-preproc_bold.nii.gz	/ZPOOL/data/projects/rf1-sra-linux2/derivatives/fmriprep/sub-11920/ses-01/func/sub-11920_ses-01_task-sharedreward_run-1_part-mag_space-MNI152NLin6Asym_desc-brain_mask.nii.gz	2.7	2.7	2.97	255	1.615	3.9285	3.93899	4.09521	3.98684	0.747466	2.10257	11.8983	5.9048	Precompiled binary linux_ubuntu_24_64: Aug  4 2026 (Version AFNI_26.2.03 'Gordian III')
rf1	11920	01	2	pre_resample	/ZPOOL/data/projects/rf1-sra-linux2/derivatives/fmriprep/sub-11920/ses-01/func/sub-11920_ses-01_task-sharedreward_run-2_part-mag_space-MNI152NLin6Asym_desc-preproc_bold.nii.gz	/ZPOOL/data/projects/rf1-sra-linux2/derivatives/fmriprep/sub-11920/ses-01/func/sub-11920_ses-01_task-sharedreward_run-2_part-mag_space-MNI152NLin6Asym_desc-brain_mask.nii.gz	2.7	2.7	2.97	255	1.615	4.07422	4.12883	4.25498	4.15199	0.660545	2.11943	10.0458	5.94028	Precompiled binary linux_ubuntu_24_64: Aug  4 2026 (Version AFNI_26.2.03 'Gordian III')
rf1	11922	01	1	pre_resample	/ZPOOL/data/projects/rf1-sra-linux2/derivatives/fmriprep/sub-11922/ses-01/func/sub-11922_ses-01_task-sharedreward_run-1_part-mag_space-MNI152NLin6Asym_desc-preproc_bold.nii.gz	/ZPOOL/data/projects/rf1-sra-linux2/derivatives/fmriprep/sub-11922/ses-01/func/sub-11922_ses-01_task-sharedreward_run-1_part-mag_space-MNI152NLin6Asym_desc-brain_mask.nii.gz	2.7	2.7	2.97	255	1.615	3.62341	3.97619	4.05234	3.87939	0.741252	2.02614	12.3502	5.4939	Precompiled binary linux_ubuntu_24_64: Aug  4 2026 (Version AFNI_26.2.03 'Gordian III')
rf1	11922	01	2	pre_resample	/ZPOOL/data/projects/rf1-sra-linux2/derivatives/fmriprep/sub-11922/ses-01/func/sub-11922_ses-01_task-sharedreward_run-2_part-mag_space-MNI152NLin6Asym_desc-preproc_bold.nii.gz	/ZPOOL/data/projects/rf1-sra-linux2/derivatives/fmriprep/sub-11922/ses-01/func/sub-11922_ses-01_task-sharedreward_run-2_part-mag_space-MNI152NLin6Asym_desc-brain_mask.nii.gz	2.7	2.7	2.97	255	1.615	4.03553	4.30895	4.42945	4.25475	0.606603	2.10141	10.053	6.14457	Precompiled binary linux_ubuntu_24_64: Aug  4 2026 (Version AFNI_26.2.03 'Gordian III')
rf1	11923	01	1	pre_resample	/ZPOOL/data/projects/rf1-sra-linux2/derivatives/fmriprep/sub-11923/ses-01/func/sub-11923_ses-01_task-sharedreward_run-1_part-mag_space-MNI152NLin6Asym_desc-preproc_bold.nii.gz	/ZPOOL/data/projects/rf1-sra-linux2/derivatives/fmriprep/sub-11923/ses-01/func/sub-11923_ses-01_task-sharedreward_run-1_part-mag_space-MNI152NLin6Asym_desc-brain_mask.nii.gz	2.7	2.7	2.97	255	1.615	3.6168	3.88908	4.25475	3.91154	0.785137	2.10668	14.9063	5.47235	Precompiled binary linux_ubuntu_24_64: Aug  4 2026 (Version AFNI_26.2.03 'Gordian III')
rf1	11923	01	2	pre_resample	/ZPOOL/data/projects/rf1-sra-linux2/derivatives/fmriprep/sub-11923/ses-01/func/sub-11923_ses-01_task-sharedreward_run-2_part-mag_space-MNI152NLin6Asym_desc-preproc_bold.nii.gz	/ZPOOL/data/projects/rf1-sra-linux2/derivatives/fmriprep/sub-11923/ses-01/func/sub-11923_ses-01_task-sharedreward_run-2_part-mag_space-MNI152NLin6Asym_desc-brain_mask.nii.gz	2.7	2.7	2.97	255	1.615	3.49642	3.82015	4.08868	3.79399	0.808285	2.07644	14.2415	5.4567	Precompiled binary linux_ubuntu_24_64: Aug  4 2026 (Version AFNI_26.2.03 'Gordian III')
rf1	11924	01	1	pre_resample	/ZPOOL/data/projects/rf1-sra-linux2/derivatives/fmriprep/sub-11924/ses-01/func/sub-11924_ses-01_task-sharedreward_run-1_part-mag_space-MNI152NLin6Asym_desc-preproc_bold.nii.gz	/ZPOOL/data/projects/rf1-sra-linux2/derivatives/fmriprep/sub-11924/ses-01/func/sub-11924_ses-01_task-sharedreward_run-1_part-mag_space-MNI152NLin6Asym_desc-brain_mask.nii.gz	2.7	2.7	2.97	255	1.615	3.71866	3.79629	3.99457	3.83477	0.842	2.14254	14.6306	5.50081	Precompiled binary linux_ubuntu_24_64: Aug  4 2026 (Version AFNI_26.2.03 'Gordian III')
rf1	11924	01	2	pre_resample	/ZPOOL/data/projects/rf1-sra-linux2/derivatives/fmriprep/sub-11924/ses-01/func/sub-11924_ses-01_task-sharedreward_run-2_part-mag_space-MNI152NLin6Asym_desc-preproc_bold.nii.gz	/ZPOOL/data/projects/rf1-sra-linux2/derivatives/fmriprep/sub-11924/ses-01/func/sub-11924_ses-01_task-sharedreward_run-2_part-mag_space-MNI152NLin6Asym_desc-brain_mask.nii.gz	2.7	2.7	2.97	255	1.615	3.74237	3.82874	3.96737	3.84505	0.842738	2.1442	15.707	5.50933	Precompiled binary linux_ubuntu_24_64: Aug  4 2026 (Version AFNI_26.2.03 'Gordian III')
rf1	11926	01	1	pre_resample	/ZPOOL/data/projects/rf1-sra-linux2/derivatives/fmriprep/sub-11926/ses-01/func/sub-11926_ses-01_task-sharedreward_run-1_part-mag_space-MNI152NLin6Asym_desc-preproc_bold.nii.gz	/ZPOOL/data/projects/rf1-sra-linux2/derivatives/fmriprep/sub-11926/ses-01/func/sub-11926_ses-01_task-sharedreward_run-1_part-mag_space-MNI152NLin6Asym_desc-brain_mask.nii.gz	2.7	2.7	2.97	255	1.615	3.30479	3.62746	3.6084	3.51038	0.835699	1.93448	12.2933	4.88865	Precompiled binary linux_ubuntu_24_64: Aug  4 2026 (Version AFNI_26.2.03 'Gordian III')
rf1	11926	01	2	pre_resample	/ZPOOL/data/projects/rf1-sra-linux2/derivatives/fmriprep/sub-11926/ses-01/func/sub-11926_ses-01_task-sharedreward_run-2_part-mag_space-MNI152NLin6Asym_desc-preproc_bold.nii.gz	/ZPOOL/data/projects/rf1-sra-linux2/derivatives/fmriprep/sub-11926/ses-01/func/sub-11926_ses-01_task-sharedreward_run-2_part-mag_space-MNI152NLin6Asym_desc-brain_mask.nii.gz	2.7	2.7	2.97	255	1.615	3.27947	3.55542	3.54784	3.45849	0.84482	1.91732	11.3603	4.78783	Precompiled binary linux_ubuntu_24_64: Aug  4 2026 (Version AFNI_26.2.03 'Gordian III')
rf1	11928	01	1	pre_resample	/ZPOOL/data/projects/rf1-sra-linux2/derivatives/fmriprep/sub-11928/ses-01/func/sub-11928_ses-01_task-sharedreward_run-1_part-mag_space-MNI152NLin6Asym_desc-preproc_bold.nii.gz	/ZPOOL/data/projects/rf1-sra-linux2/derivatives/fmriprep/sub-11928/ses-01/func/sub-11928_ses-01_task-sharedreward_run-1_part-mag_space-MNI152NLin6Asym_desc-brain_mask.nii.gz	2.7	2.7	2.97	255	1.615	3.62169	3.99376	4.00892	3.87056	0.819212	2.13563	14.2958	5.51607	Precompiled binary linux_ubuntu_24_64: Aug  4 2026 (Version AFNI_26.2.03 'Gordian III')
rf1	11928	01	2	pre_resample	/ZPOOL/data/projects/rf1-sra-linux2/derivatives/fmriprep/sub-11928/ses-01/func/sub-11928_ses-01_task-sharedreward_run-2_part-mag_space-MNI152NLin6Asym_desc-preproc_bold.nii.gz	/ZPOOL/data/projects/rf1-sra-linux2/derivatives/fmriprep/sub-11928/ses-01/func/sub-11928_ses-01_task-sharedreward_run-2_part-mag_space-MNI152NLin6Asym_desc-brain_mask.nii.gz	2.7	2.7	2.97	255	1.615	3.66735	4.04452	4.27208	3.98675	0.792643	2.19234	11.6181	5.92342	Precompiled binary linux_ubuntu_24_64: Aug  4 2026 (Version AFNI_26.2.03 'Gordian III')
rf1	11929	01	1	pre_resample	/ZPOOL/data/projects/rf1-sra-linux2/derivatives/fmriprep/sub-11929/ses-01/func/sub-11929_ses-01_task-sharedreward_run-1_part-mag_space-MNI152NLin6Asym_desc-preproc_bold.nii.gz	/ZPOOL/data/projects/rf1-sra-linux2/derivatives/fmriprep/sub-11929/ses-01/func/sub-11929_ses-01_task-sharedreward_run-1_part-mag_space-MNI152NLin6Asym_desc-brain_mask.nii.gz	2.7	2.7	2.97	255	1.615	3.70371	3.89458	4.11607	3.90116	0.805637	2.14683	13.0969	5.50145	Precompiled binary linux_ubuntu_24_64: Aug  4 2026 (Version AFNI_26.2.03 'Gordian III')
rf1	11929	01	2	pre_resample	/ZPOOL/data/projects/rf1-sra-linux2/derivatives/fmriprep/sub-11929/ses-01/func/sub-11929_ses-01_task-sharedreward_run-2_part-mag_space-MNI152NLin6Asym_desc-preproc_bold.nii.gz	/ZPOOL/data/projects/rf1-sra-linux2/derivatives/fmriprep/sub-11929/ses-01/func/sub-11929_ses-01_task-sharedreward_run-2_part-mag_space-MNI152NLin6Asym_desc-brain_mask.nii.gz	2.7	2.7	2.97	255	1.615	3.70976	3.94726	4.16172	3.93524	0.762392	2.12677	11.071	5.89021	Precompiled binary linux_ubuntu_24_64: Aug  4 2026 (Version AFNI_26.2.03 'Gordian III')
rf1	11931	01	1	pre_resample	/ZPOOL/data/projects/rf1-sra-linux2/derivatives/fmriprep/sub-11931/ses-01/func/sub-11931_ses-01_task-sharedreward_run-1_part-mag_space-MNI152NLin6Asym_desc-preproc_bold.nii.gz	/ZPOOL/data/projects/rf1-sra-linux2/derivatives/fmriprep/sub-11931/ses-01/func/sub-11931_ses-01_task-sharedreward_run-1_part-mag_space-MNI152NLin6Asym_desc-brain_mask.nii.gz	2.7	2.7	2.97	255	1.615	4.28696	4.49245	4.78225	4.51601	0.549467	2.19176	10.2657	6.69575	Precompiled binary linux_ubuntu_24_64: Aug  4 2026 (Version AFNI_26.2.03 'Gordian III')
rf1	11931	01	2	pre_resample	/ZPOOL/data/projects/rf1-sra-linux2/derivatives/fmriprep/sub-11931/ses-01/func/sub-11931_ses-01_task-sharedreward_run-2_part-mag_space-MNI152NLin6Asym_desc-preproc_bold.nii.gz	/ZPOOL/data/projects/rf1-sra-linux2/derivatives/fmriprep/sub-11931/ses-01/func/sub-11931_ses-01_task-sharedreward_run-2_part-mag_space-MNI152NLin6Asym_desc-brain_mask.nii.gz	2.7	2.7	2.97	255	1.615	4.40492	4.6086	4.82728	4.61038	0.538081	2.21226	10.9652	6.90401	Precompiled binary linux_ubuntu_24_64: Aug  4 2026 (Version AFNI_26.2.03 'Gordian III')
rf1	11935	01	1	pre_resample	/ZPOOL/data/projects/rf1-sra-linux2/derivatives/fmriprep/sub-11935/ses-01/func/sub-11935_ses-01_task-sharedreward_run-1_part-mag_space-MNI152NLin6Asym_desc-preproc_bold.nii.gz	/ZPOOL/data/projects/rf1-sra-linux2/derivatives/fmriprep/sub-11935/ses-01/func/sub-11935_ses-01_task-sharedreward_run-1_part-mag_space-MNI152NLin6Asym_desc-brain_mask.nii.gz	2.7	2.7	2.97	255	1.615	3.58757	3.8665	3.67857	3.70908	0.861734	2.078	15.4117	5.25979	Precompiled binary linux_ubuntu_24_64: Aug  4 2026 (Version AFNI_26.2.03 'Gordian III')
rf1	11935	01	2	pre_resample	/ZPOOL/data/projects/rf1-sra-linux2/derivatives/fmriprep/sub-11935/ses-01/func/sub-11935_ses-01_task-sharedreward_run-2_part-mag_space-MNI152NLin6Asym_desc-preproc_bold.nii.gz	/ZPOOL/data/projects/rf1-sra-linux2/derivatives/fmriprep/sub-11935/ses-01/func/sub-11935_ses-01_task-sharedreward_run-2_part-mag_space-MNI152NLin6Asym_desc-brain_mask.nii.gz	2.7	2.7	2.97	255	1.615	3.55932	3.85864	3.68839	3.70009	0.858513	2.06719	15.2581	5.23809	Precompiled binary linux_ubuntu_24_64: Aug  4 2026 (Version AFNI_26.2.03 'Gordian III')
rf1	11939	01	1	pre_resample	/ZPOOL/data/projects/rf1-sra-linux2/derivatives/fmriprep/sub-11939/ses-01/func/sub-11939_ses-01_task-sharedreward_run-1_part-mag_space-MNI152NLin6Asym_desc-preproc_bold.nii.gz	/ZPOOL/data/projects/rf1-sra-linux2/derivatives/fmriprep/sub-11939/ses-01/func/sub-11939_ses-01_task-sharedreward_run-1_part-mag_space-MNI152NLin6Asym_desc-brain_mask.nii.gz	2.7	2.7	2.97	255	1.615	3.63075	4.02293	3.9258	3.85617	0.809682	2.11345	13.0962	5.50248	Precompiled binary linux_ubuntu_24_64: Aug  4 2026 (Version AFNI_26.2.03 'Gordian III')
rf1	11939	01	2	pre_resample	/ZPOOL/data/projects/rf1-sra-linux2/derivatives/fmriprep/sub-11939/ses-01/func/sub-11939_ses-01_task-sharedreward_run-2_part-mag_space-MNI152NLin6Asym_desc-preproc_bold.nii.gz	/ZPOOL/data/projects/rf1-sra-linux2/derivatives/fmriprep/sub-11939/ses-01/func/sub-11939_ses-01_task-sharedreward_run-2_part-mag_space-MNI152NLin6Asym_desc-brain_mask.nii.gz	2.7	2.7	2.97	255	1.615	3.6052	3.99644	3.84739	3.81291	0.801274	2.08821	11.0814	5.43317	Precompiled binary linux_ubuntu_24_64: Aug  4 2026 (Version AFNI_26.2.03 'Gordian III')
rf1	11943	01	1	pre_resample	/ZPOOL/data/projects/rf1-sra-linux2/derivatives/fmriprep/sub-11943/ses-01/func/sub-11943_ses-01_task-sharedreward_run-1_part-mag_space-MNI152NLin6Asym_desc-preproc_bold.nii.gz	/ZPOOL/data/projects/rf1-sra-linux2/derivatives/fmriprep/sub-11943/ses-01/func/sub-11943_ses-01_task-sharedreward_run-1_part-mag_space-MNI152NLin6Asym_desc-brain_mask.nii.gz	2.7	2.7	2.97	255	1.615	3.46067	3.8589	3.8632	3.72269	0.839743	2.05636	15.4586	5.28709	Precompiled binary linux_ubuntu_24_64: Aug  4 2026 (Version AFNI_26.2.03 'Gordian III')
rf1	11943	01	2	pre_resample	/ZPOOL/data/projects/rf1-sra-linux2/derivatives/fmriprep/sub-11943/ses-01/func/sub-11943_ses-01_task-sharedreward_run-2_part-mag_space-MNI152NLin6Asym_desc-preproc_bold.nii.gz	/ZPOOL/data/projects/rf1-sra-linux2/derivatives/fmriprep/sub-11943/ses-01/func/sub-11943_ses-01_task-sharedreward_run-2_part-mag_space-MNI152NLin6Asym_desc-brain_mask.nii.gz	2.7	2.7	2.97	255	1.615	3.58354	3.99931	4.04447	3.87008	0.798861	2.09937	13.4789	5.50493	Precompiled binary linux_ubuntu_24_64: Aug  4 2026 (Version AFNI_26.2.03 'Gordian III')
rf1	11949	01	1	pre_resample	/ZPOOL/data/projects/rf1-sra-linux2/derivatives/fmriprep/sub-11949/ses-01/func/sub-11949_ses-01_task-sharedreward_run-1_part-mag_space-MNI152NLin6Asym_desc-preproc_bold.nii.gz	/ZPOOL/data/projects/rf1-sra-linux2/derivatives/fmriprep/sub-11949/ses-01/func/sub-11949_ses-01_task-sharedreward_run-1_part-mag_space-MNI152NLin6Asym_desc-brain_mask.nii.gz	2.7	2.7	2.97	255	1.615	3.96952	4.17639	4.40318	4.17928	0.66504	2.15659	10.5017	6.06001	Precompiled binary linux_ubuntu_24_64: Aug  4 2026 (Version AFNI_26.2.03 'Gordian III')
rf1	11949	01	2	pre_resample	/ZPOOL/data/projects/rf1-sra-linux2/derivatives/fmriprep/sub-11949/ses-01/func/sub-11949_ses-01_task-sharedreward_run-2_part-mag_space-MNI152NLin6Asym_desc-preproc_bold.nii.gz	/ZPOOL/data/projects/rf1-sra-linux2/derivatives/fmriprep/sub-11949/ses-01/func/sub-11949_ses-01_task-sharedreward_run-2_part-mag_space-MNI152NLin6Asym_desc-brain_mask.nii.gz	2.7	2.7	2.97	255	1.615	3.95605	4.13176	4.43847	4.17071	0.678355	2.15985	11.0879	6.05356	Precompiled binary linux_ubuntu_24_64: Aug  4 2026 (Version AFNI_26.2.03 'Gordian III')
rf1	11960	01	1	pre_resample	/ZPOOL/data/projects/rf1-sra-linux2/derivatives/fmriprep/sub-11960/ses-01/func/sub-11960_ses-01_task-sharedreward_run-1_part-mag_space-MNI152NLin6Asym_desc-preproc_bold.nii.gz	/ZPOOL/data/projects/rf1-sra-linux2/derivatives/fmriprep/sub-11960/ses-01/func/sub-11960_ses-01_task-sharedreward_run-1_part-mag_space-MNI152NLin6Asym_desc-brain_mask.nii.gz	2.7	2.7	2.97	255	1.615	3.6862	4.00031	4.21275	3.96046	0.841537	2.23993	13.0067	5.92119	Precompiled binary linux_ubuntu_24_64: Aug  4 2026 (Version AFNI_26.2.03 'Gordian III')
rf1	11960	01	2	pre_resample	/ZPOOL/data/projects/rf1-sra-linux2/derivatives/fmriprep/sub-11960/ses-01/func/sub-11960_ses-01_task-sharedreward_run-2_part-mag_space-MNI152NLin6Asym_desc-preproc_bold.nii.gz	/ZPOOL/data/projects/rf1-sra-linux2/derivatives/fmriprep/sub-11960/ses-01/func/sub-11960_ses-01_task-sharedreward_run-2_part-mag_space-MNI152NLin6Asym_desc-brain_mask.nii.gz	2.7	2.7	2.97	255	1.615	3.78011	4.08606	4.38288	4.07558	0.815325	2.29196	11.4294	5.9313	Precompiled binary linux_ubuntu_24_64: Aug  4 2026 (Version AFNI_26.2.03 'Gordian III')
rf1	11969	01	1	pre_resample	/ZPOOL/data/projects/rf1-sra-linux2/derivatives/fmriprep/sub-11969/ses-01/func/sub-11969_ses-01_task-sharedreward_run-1_part-mag_space-MNI152NLin6Asym_desc-preproc_bold.nii.gz	/ZPOOL/data/projects/rf1-sra-linux2/derivatives/fmriprep/sub-11969/ses-01/func/sub-11969_ses-01_task-sharedreward_run-1_part-mag_space-MNI152NLin6Asym_desc-brain_mask.nii.gz	2.7	2.7	2.97	255	1.615	3.51056	3.98638	4.10965	3.85999	0.809219	2.10105	14.5538	5.50177	Precompiled binary linux_ubuntu_24_64: Aug  4 2026 (Version AFNI_26.2.03 'Gordian III')
rf1	11969	01	2	pre_resample	/ZPOOL/data/projects/rf1-sra-linux2/derivatives/fmriprep/sub-11969/ses-01/func/sub-11969_ses-01_task-sharedreward_run-2_part-mag_space-MNI152NLin6Asym_desc-preproc_bold.nii.gz	/ZPOOL/data/projects/rf1-sra-linux2/derivatives/fmriprep/sub-11969/ses-01/func/sub-11969_ses-01_task-sharedreward_run-2_part-mag_space-MNI152NLin6Asym_desc-brain_mask.nii.gz	2.7	2.7	2.97	255	1.615	3.59463	4.00519	4.12062	3.90014	0.793781	2.10846	14.1462	5.5056	Precompiled binary linux_ubuntu_24_64: Aug  4 2026 (Version AFNI_26.2.03 'Gordian III')
rf1	11974	01	1	pre_resample	/ZPOOL/data/projects/rf1-sra-linux2/derivatives/fmriprep/sub-11974/ses-01/func/sub-11974_ses-01_task-sharedreward_run-1_part-mag_space-MNI152NLin6Asym_desc-preproc_bold.nii.gz	/ZPOOL/data/projects/rf1-sra-linux2/derivatives/fmriprep/sub-11974/ses-01/func/sub-11974_ses-01_task-sharedreward_run-1_part-mag_space-MNI152NLin6Asym_desc-brain_mask.nii.gz	2.7	2.7	2.97	255	1.615	3.61628	4.15903	4.39122	4.04215	0.768544	2.17956	11.953	5.93109	Precompiled binary linux_ubuntu_24_64: Aug  4 2026 (Version AFNI_26.2.03 'Gordian III')
rf1	11974	01	2	pre_resample	/ZPOOL/data/projects/rf1-sra-linux2/derivatives/fmriprep/sub-11974/ses-01/func/sub-11974_ses-01_task-sharedreward_run-2_part-mag_space-MNI152NLin6Asym_desc-preproc_bold.nii.gz	/ZPOOL/data/projects/rf1-sra-linux2/derivatives/fmriprep/sub-11974/ses-01/func/sub-11974_ses-01_task-sharedreward_run-2_part-mag_space-MNI152NLin6Asym_desc-brain_mask.nii.gz	2.7	2.7	2.97	255	1.615	3.77034	4.31208	4.58213	4.2077	0.696509	2.19946	10.4708	6.037	Precompiled binary linux_ubuntu_24_64: Aug  4 2026 (Version AFNI_26.2.03 'Gordian III')
rf1	11976	01	1	pre_resample	/ZPOOL/data/projects/rf1-sra-linux2/derivatives/fmriprep/sub-11976/ses-01/func/sub-11976_ses-01_task-sharedreward_run-1_part-mag_space-MNI152NLin6Asym_desc-preproc_bold.nii.gz	/ZPOOL/data/projects/rf1-sra-linux2/derivatives/fmriprep/sub-11976/ses-01/func/sub-11976_ses-01_task-sharedreward_run-1_part-mag_space-MNI152NLin6Asym_desc-brain_mask.nii.gz	2.7	2.7	2.97	255	1.615	4.21806	3.99272	4.22842	4.14495	0.609798	2.12306	8.48923	5.99164	Precompiled binary linux_ubuntu_24_64: Aug  4 2026 (Version AFNI_26.2.03 'Gordian III')
rf1	11976	01	2	pre_resample	/ZPOOL/data/projects/rf1-sra-linux2/derivatives/fmriprep/sub-11976/ses-01/func/sub-11976_ses-01_task-sharedreward_run-2_part-mag_space-MNI152NLin6Asym_desc-preproc_bold.nii.gz	/ZPOOL/data/projects/rf1-sra-linux2/derivatives/fmriprep/sub-11976/ses-01/func/sub-11976_ses-01_task-sharedreward_run-2_part-mag_space-MNI152NLin6Asym_desc-brain_mask.nii.gz	2.7	2.7	2.97	255	1.615	4.37762	4.16212	4.44545	4.3267	0.566217	2.20797	8.29994	6.35009	Precompiled binary linux_ubuntu_24_64: Aug  4 2026 (Version AFNI_26.2.03 'Gordian III')
rf1	11982	01	1	pre_resample	/ZPOOL/data/projects/rf1-sra-linux2/derivatives/fmriprep/sub-11982/ses-01/func/sub-11982_ses-01_task-sharedreward_run-1_part-mag_space-MNI152NLin6Asym_desc-preproc_bold.nii.gz	/ZPOOL/data/projects/rf1-sra-linux2/derivatives/fmriprep/sub-11982/ses-01/func/sub-11982_ses-01_task-sharedreward_run-1_part-mag_space-MNI152NLin6Asym_desc-brain_mask.nii.gz	2.7	2.7	2.97	255	1.615	4.15136	4.49948	4.77011	4.46643	0.657328	2.23549	13.1934	6.49845	Precompiled binary linux_ubuntu_24_64: Aug  4 2026 (Version AFNI_26.2.03 'Gordian III')
rf1	11982	01	2	pre_resample	/ZPOOL/data/projects/rf1-sra-linux2/derivatives/fmriprep/sub-11982/ses-01/func/sub-11982_ses-01_task-sharedreward_run-2_part-mag_space-MNI152NLin6Asym_desc-preproc_bold.nii.gz	/ZPOOL/data/projects/rf1-sra-linux2/derivatives/fmriprep/sub-11982/ses-01/func/sub-11982_ses-01_task-sharedreward_run-2_part-mag_space-MNI152NLin6Asym_desc-brain_mask.nii.gz	2.7	2.7	2.97	255	1.615	4.00094	4.38809	4.67385	4.34548	0.692957	2.22359	13.652	6.30748	Precompiled binary linux_ubuntu_24_64: Aug  4 2026 (Version AFNI_26.2.03 'Gordian III')
rf1	11984	01	1	pre_resample	/ZPOOL/data/projects/rf1-sra-linux2/derivatives/fmriprep/sub-11984/ses-01/func/sub-11984_ses-01_task-sharedreward_run-1_part-mag_space-MNI152NLin6Asym_desc-preproc_bold.nii.gz	/ZPOOL/data/projects/rf1-sra-linux2/derivatives/fmriprep/sub-11984/ses-01/func/sub-11984_ses-01_task-sharedreward_run-1_part-mag_space-MNI152NLin6Asym_desc-brain_mask.nii.gz	2.7	2.7	2.97	255	1.615	3.55504	3.91904	3.95899	3.80659	0.836741	2.11295	14.6647	5.45677	Precompiled binary linux_ubuntu_24_64: Aug  4 2026 (Version AFNI_26.2.03 'Gordian III')
rf1	11984	01	2	pre_resample	/ZPOOL/data/projects/rf1-sra-linux2/derivatives/fmriprep/sub-11984/ses-01/func/sub-11984_ses-01_task-sharedreward_run-2_part-mag_space-MNI152NLin6Asym_desc-preproc_bold.nii.gz	/ZPOOL/data/projects/rf1-sra-linux2/derivatives/fmriprep/sub-11984/ses-01/func/sub-11984_ses-01_task-sharedreward_run-2_part-mag_space-MNI152NLin6Asym_desc-brain_mask.nii.gz	2.7	2.7	2.97	255	1.615	3.5984	4.00442	4.01994	3.86922	0.82299	2.1261	15.6508	5.51404	Precompiled binary linux_ubuntu_24_64: Aug  4 2026 (Version AFNI_26.2.03 'Gordian III')
rf1	12008	01	1	pre_resample	/ZPOOL/data/projects/rf1-sra-linux2/derivatives/fmriprep/sub-12008/ses-01/func/sub-12008_ses-01_task-sharedreward_run-1_part-mag_space-MNI152NLin6Asym_desc-preproc_bold.nii.gz	/ZPOOL/data/projects/rf1-sra-linux2/derivatives/fmriprep/sub-12008/ses-01/func/sub-12008_ses-01_task-sharedreward_run-1_part-mag_space-MNI152NLin6Asym_desc-brain_mask.nii.gz	2.7	2.7	2.97	255	1.615	3.73484	3.8783	3.94432	3.85149	0.88035	2.18966	18.3108	5.51775	Precompiled binary linux_ubuntu_24_64: Aug  4 2026 (Version AFNI_26.2.03 'Gordian III')
rf1	12008	01	2	pre_resample	/ZPOOL/data/projects/rf1-sra-linux2/derivatives/fmriprep/sub-12008/ses-01/func/sub-12008_ses-01_task-sharedreward_run-2_part-mag_space-MNI152NLin6Asym_desc-preproc_bold.nii.gz	/ZPOOL/data/projects/rf1-sra-linux2/derivatives/fmriprep/sub-12008/ses-01/func/sub-12008_ses-01_task-sharedreward_run-2_part-mag_space-MNI152NLin6Asym_desc-brain_mask.nii.gz	2.7	2.7	2.97	255	1.615	3.89852	4.06088	4.03426	3.99725	0.823293	2.2284	12.7161	5.92658	Precompiled binary linux_ubuntu_24_64: Aug  4 2026 (Version AFNI_26.2.03 'Gordian III')
rf1	12011	01	1	pre_resample	/ZPOOL/data/projects/rf1-sra-linux2/derivatives/fmriprep/sub-12011/ses-01/func/sub-12011_ses-01_task-sharedreward_run-1_part-mag_space-MNI152NLin6Asym_desc-preproc_bold.nii.gz	/ZPOOL/data/projects/rf1-sra-linux2/derivatives/fmriprep/sub-12011/ses-01/func/sub-12011_ses-01_task-sharedreward_run-1_part-mag_space-MNI152NLin6Asym_desc-brain_mask.nii.gz	2.7	2.7	2.97	255	1.615	3.63776	3.69825	3.86319	3.73186	0.767496	1.97662	12.2922	5.28032	Precompiled binary linux_ubuntu_24_64: Aug  4 2026 (Version AFNI_26.2.03 'Gordian III')
rf1	12011	01	2	pre_resample	/ZPOOL/data/projects/rf1-sra-linux2/derivatives/fmriprep/sub-12011/ses-01/func/sub-12011_ses-01_task-sharedreward_run-2_part-mag_space-MNI152NLin6Asym_desc-preproc_bold.nii.gz	/ZPOOL/data/projects/rf1-sra-linux2/derivatives/fmriprep/sub-12011/ses-01/func/sub-12011_ses-01_task-sharedreward_run-2_part-mag_space-MNI152NLin6Asym_desc-brain_mask.nii.gz	2.7	2.7	2.97	255	1.615	3.92113	3.9203	4.17623	4.0041	0.685817	2.03781	11.3221	5.92293	Precompiled binary linux_ubuntu_24_64: Aug  4 2026 (Version AFNI_26.2.03 'Gordian III')
rf1	12013	01	1	pre_resample	/ZPOOL/data/projects/rf1-sra-linux2/derivatives/fmriprep/sub-12013/ses-01/func/sub-12013_ses-01_task-sharedreward_run-1_part-mag_space-MNI152NLin6Asym_desc-preproc_bold.nii.gz	/ZPOOL/data/projects/rf1-sra-linux2/derivatives/fmriprep/sub-12013/ses-01/func/sub-12013_ses-01_task-sharedreward_run-1_part-mag_space-MNI152NLin6Asym_desc-brain_mask.nii.gz	2.7	2.7	2.97	255	1.615	4.09309	3.93458	3.82759	3.95025	0.775069	2.09435	11.7617	5.50601	Precompiled binary linux_ubuntu_24_64: Aug  4 2026 (Version AFNI_26.2.03 'Gordian III')
rf1	12013	01	2	pre_resample	/ZPOOL/data/projects/rf1-sra-linux2/derivatives/fmriprep/sub-12013/ses-01/func/sub-12013_ses-01_task-sharedreward_run-2_part-mag_space-MNI152NLin6Asym_desc-preproc_bold.nii.gz	/ZPOOL/data/projects/rf1-sra-linux2/derivatives/fmriprep/sub-12013/ses-01/func/sub-12013_ses-01_task-sharedreward_run-2_part-mag_space-MNI152NLin6Asym_desc-brain_mask.nii.gz	2.7	2.7	2.97	255	1.615	3.97119	3.83	3.73329	3.84359	0.818471	2.07728	13.737	5.40712	Precompiled binary linux_ubuntu_24_64: Aug  4 2026 (Version AFNI_26.2.03 'Gordian III')
rf1	12018	01	1	pre_resample	/ZPOOL/data/projects/rf1-sra-linux2/derivatives/fmriprep/sub-12018/ses-01/func/sub-12018_ses-01_task-sharedreward_run-1_part-mag_space-MNI152NLin6Asym_desc-preproc_bold.nii.gz	/ZPOOL/data/projects/rf1-sra-linux2/derivatives/fmriprep/sub-12018/ses-01/func/sub-12018_ses-01_task-sharedreward_run-1_part-mag_space-MNI152NLin6Asym_desc-brain_mask.nii.gz	2.7	2.7	2.97	255	1.615	3.57194	3.81314	3.95594	3.77699	0.822757	2.07689	14.4653	5.4042	Precompiled binary linux_ubuntu_24_64: Aug  4 2026 (Version AFNI_26.2.03 'Gordian III')
rf1	12018	01	2	pre_resample	/ZPOOL/data/projects/rf1-sra-linux2/derivatives/fmriprep/sub-12018/ses-01/func/sub-12018_ses-01_task-sharedreward_run-2_part-mag_space-MNI152NLin6Asym_desc-preproc_bold.nii.gz	/ZPOOL/data/projects/rf1-sra-linux2/derivatives/fmriprep/sub-12018/ses-01/func/sub-12018_ses-01_task-sharedreward_run-2_part-mag_space-MNI152NLin6Asym_desc-brain_mask.nii.gz	2.7	2.7	2.97	255	1.615	3.59212	3.83788	3.97397	3.798	0.820522	2.08757	14.2491	5.44186	Precompiled binary linux_ubuntu_24_64: Aug  4 2026 (Version AFNI_26.2.03 'Gordian III')
rf1	12020	01	1	pre_resample	/ZPOOL/data/projects/rf1-sra-linux2/derivatives/fmriprep/sub-12020/ses-01/func/sub-12020_ses-01_task-sharedreward_run-1_part-mag_space-MNI152NLin6Asym_desc-preproc_bold.nii.gz	/ZPOOL/data/projects/rf1-sra-linux2/derivatives/fmriprep/sub-12020/ses-01/func/sub-12020_ses-01_task-sharedreward_run-1_part-mag_space-MNI152NLin6Asym_desc-brain_mask.nii.gz	2.7	2.7	2.97	255	1.615	3.19462	3.67836	3.62411	3.49214	0.887628	1.97045	17.3518	4.85333	Precompiled binary linux_ubuntu_24_64: Aug  4 2026 (Version AFNI_26.2.03 'Gordian III')
rf1	12020	01	2	pre_resample	/ZPOOL/data/projects/rf1-sra-linux2/derivatives/fmriprep/sub-12020/ses-01/func/sub-12020_ses-01_task-sharedreward_run-2_part-mag_space-MNI152NLin6Asym_desc-preproc_bold.nii.gz	/ZPOOL/data/projects/rf1-sra-linux2/derivatives/fmriprep/sub-12020/ses-01/func/sub-12020_ses-01_task-sharedreward_run-2_part-mag_space-MNI152NLin6Asym_desc-brain_mask.nii.gz	2.7	2.7	2.97	255	1.615	3.22684	3.70879	3.67623	3.53024	0.878416	1.98074	17.657	4.9232	Precompiled binary linux_ubuntu_24_64: Aug  4 2026 (Version AFNI_26.2.03 'Gordian III')
rf1	12021	01	1	pre_resample	/ZPOOL/data/projects/rf1-sra-linux2/derivatives/fmriprep/sub-12021/ses-01/func/sub-12021_ses-01_task-sharedreward_run-1_part-mag_space-MNI152NLin6Asym_desc-preproc_bold.nii.gz	/ZPOOL/data/projects/rf1-sra-linux2/derivatives/fmriprep/sub-12021/ses-01/func/sub-12021_ses-01_task-sharedreward_run-1_part-mag_space-MNI152NLin6Asym_desc-brain_mask.nii.gz	2.7	2.7	2.97	255	1.615	3.92418	4.11209	4.28523	4.10451	0.627095	2.08002	9.27834	5.92476	Precompiled binary linux_ubuntu_24_64: Aug  4 2026 (Version AFNI_26.2.03 'Gordian III')
rf1	12021	01	2	pre_resample	/ZPOOL/data/projects/rf1-sra-linux2/derivatives/fmriprep/sub-12021/ses-01/func/sub-12021_ses-01_task-sharedreward_run-2_part-mag_space-MNI152NLin6Asym_desc-preproc_bold.nii.gz	/ZPOOL/data/projects/rf1-sra-linux2/derivatives/fmriprep/sub-12021/ses-01/func/sub-12021_ses-01_task-sharedreward_run-2_part-mag_space-MNI152NLin6Asym_desc-brain_mask.nii.gz	2.7	2.7	2.97	255	1.615	3.92205	4.1063	4.32138	4.11335	0.623558	2.07453	9.63052	5.94391	Precompiled binary linux_ubuntu_24_64: Aug  4 2026 (Version AFNI_26.2.03 'Gordian III')
rf1	12031	01	1	pre_resample	/ZPOOL/data/projects/rf1-sra-linux2/derivatives/fmriprep/sub-12031/ses-01/func/sub-12031_ses-01_task-sharedreward_run-1_part-mag_space-MNI152NLin6Asym_desc-preproc_bold.nii.gz	/ZPOOL/data/projects/rf1-sra-linux2/derivatives/fmriprep/sub-12031/ses-01/func/sub-12031_ses-01_task-sharedreward_run-1_part-mag_space-MNI152NLin6Asym_desc-brain_mask.nii.gz	2.7	2.7	2.97	255	1.615	3.43104	3.85698	3.92916	3.73242	0.840671	2.06457	15.4766	5.3085	Precompiled binary linux_ubuntu_24_64: Aug  4 2026 (Version AFNI_26.2.03 'Gordian III')
rf1	12031	01	2	pre_resample	/ZPOOL/data/projects/rf1-sra-linux2/derivatives/fmriprep/sub-12031/ses-01/func/sub-12031_ses-01_task-sharedreward_run-2_part-mag_space-MNI152NLin6Asym_desc-preproc_bold.nii.gz	/ZPOOL/data/projects/rf1-sra-linux2/derivatives/fmriprep/sub-12031/ses-01/func/sub-12031_ses-01_task-sharedreward_run-2_part-mag_space-MNI152NLin6Asym_desc-brain_mask.nii.gz	2.7	2.7	2.97	255	1.615	3.41796	3.87038	3.89606	3.72148	0.84201	2.05735	15.2274	5.27683	Precompiled binary linux_ubuntu_24_64: Aug  4 2026 (Version AFNI_26.2.03 'Gordian III')
rf1	12033	01	1	pre_resample	/ZPOOL/data/projects/rf1-sra-linux2/derivatives/fmriprep/sub-12033/ses-01/func/sub-12033_ses-01_task-sharedreward_run-1_part-mag_space-MNI152NLin6Asym_desc-preproc_bold.nii.gz	/ZPOOL/data/projects/rf1-sra-linux2/derivatives/fmriprep/sub-12033/ses-01/func/sub-12033_ses-01_task-sharedreward_run-1_part-mag_space-MNI152NLin6Asym_desc-brain_mask.nii.gz	2.7	2.7	2.97	255	1.615	3.40708	3.73251	4.07867	3.72935	0.816706	2.04617	15.6205	5.3592	Precompiled binary linux_ubuntu_24_64: Aug  4 2026 (Version AFNI_26.2.03 'Gordian III')
rf1	12033	01	2	pre_resample	/ZPOOL/data/projects/rf1-sra-linux2/derivatives/fmriprep/sub-12033/ses-01/func/sub-12033_ses-01_task-sharedreward_run-2_part-mag_space-MNI152NLin6Asym_desc-preproc_bold.nii.gz	/ZPOOL/data/projects/rf1-sra-linux2/derivatives/fmriprep/sub-12033/ses-01/func/sub-12033_ses-01_task-sharedreward_run-2_part-mag_space-MNI152NLin6Asym_desc-brain_mask.nii.gz	2.7	2.7	2.97	255	1.615	3.40007	3.70322	4.09743	3.72271	0.831504	2.06761	15.4095	5.35629	Precompiled binary linux_ubuntu_24_64: Aug  4 2026 (Version AFNI_26.2.03 'Gordian III')
rf1	12036	01	1	pre_resample	/ZPOOL/data/projects/rf1-sra-linux2/derivatives/fmriprep/sub-12036/ses-01/func/sub-12036_ses-01_task-sharedreward_run-1_part-mag_space-MNI152NLin6Asym_desc-preproc_bold.nii.gz	/ZPOOL/data/projects/rf1-sra-linux2/derivatives/fmriprep/sub-12036/ses-01/func/sub-12036_ses-01_task-sharedreward_run-1_part-mag_space-MNI152NLin6Asym_desc-brain_mask.nii.gz	2.7	2.7	2.97	255	1.615	3.83122	4.44929	4.25415	4.17011	0.648993	2.1717	8.43658	5.95871	Precompiled binary linux_ubuntu_24_64: Aug  4 2026 (Version AFNI_26.2.03 'Gordian III')
rf1	12036	01	2	pre_resample	/ZPOOL/data/projects/rf1-sra-linux2/derivatives/fmriprep/sub-12036/ses-01/func/sub-12036_ses-01_task-sharedreward_run-2_part-mag_space-MNI152NLin6Asym_desc-preproc_bold.nii.gz	/ZPOOL/data/projects/rf1-sra-linux2/derivatives/fmriprep/sub-12036/ses-01/func/sub-12036_ses-01_task-sharedreward_run-2_part-mag_space-MNI152NLin6Asym_desc-brain_mask.nii.gz	2.7	2.7	2.97	255	1.615	3.78389	4.39736	4.10812	4.08876	0.709331	2.1833	8.91893	5.93205	Precompiled binary linux_ubuntu_24_64: Aug  4 2026 (Version AFNI_26.2.03 'Gordian III')
rf1	12037	01	1	pre_resample	/ZPOOL/data/projects/rf1-sra-linux2/derivatives/fmriprep/sub-12037/ses-01/func/sub-12037_ses-01_task-sharedreward_run-1_part-mag_space-MNI152NLin6Asym_desc-preproc_bold.nii.gz	/ZPOOL/data/projects/rf1-sra-linux2/derivatives/fmriprep/sub-12037/ses-01/func/sub-12037_ses-01_task-sharedreward_run-1_part-mag_space-MNI152NLin6Asym_desc-brain_mask.nii.gz	2.7	2.7	2.97	255	1.615	3.409	3.85254	3.95088	3.72983	0.78068	2.01754	11.2266	5.30819	Precompiled binary linux_ubuntu_24_64: Aug  4 2026 (Version AFNI_26.2.03 'Gordian III')
rf1	12037	01	2	pre_resample	/ZPOOL/data/projects/rf1-sra-linux2/derivatives/fmriprep/sub-12037/ses-01/func/sub-12037_ses-01_task-sharedreward_run-2_part-mag_space-MNI152NLin6Asym_desc-preproc_bold.nii.gz	/ZPOOL/data/projects/rf1-sra-linux2/derivatives/fmriprep/sub-12037/ses-01/func/sub-12037_ses-01_task-sharedreward_run-2_part-mag_space-MNI152NLin6Asym_desc-brain_mask.nii.gz	2.7	2.7	2.97	255	1.615	3.39739	3.82955	3.94818	3.71732	0.788121	2.02302	11.1428	5.2922	Precompiled binary linux_ubuntu_24_64: Aug  4 2026 (Version AFNI_26.2.03 'Gordian III')
rf1	12038	01	1	pre_resample	/ZPOOL/data/projects/rf1-sra-linux2/derivatives/fmriprep/sub-12038/ses-01/func/sub-12038_ses-01_task-sharedreward_run-1_part-mag_space-MNI152NLin6Asym_desc-preproc_bold.nii.gz	/ZPOOL/data/projects/rf1-sra-linux2/derivatives/fmriprep/sub-12038/ses-01/func/sub-12038_ses-01_task-sharedreward_run-1_part-mag_space-MNI152NLin6Asym_desc-brain_mask.nii.gz	2.7	2.7	2.97	255	1.615	3.49181	4.21396	3.8931	3.85489	0.823061	2.11167	13.2186	5.47299	Precompiled binary linux_ubuntu_24_64: Aug  4 2026 (Version AFNI_26.2.03 'Gordian III')
rf1	12038	01	2	pre_resample	/ZPOOL/data/projects/rf1-sra-linux2/derivatives/fmriprep/sub-12038/ses-01/func/sub-12038_ses-01_task-sharedreward_run-2_part-mag_space-MNI152NLin6Asym_desc-preproc_bold.nii.gz	/ZPOOL/data/projects/rf1-sra-linux2/derivatives/fmriprep/sub-12038/ses-01/func/sub-12038_ses-01_task-sharedreward_run-2_part-mag_space-MNI152NLin6Asym_desc-brain_mask.nii.gz	2.7	2.7	2.97	255	1.615	3.58869	4.33398	4.06172	3.9827	0.75921	2.11497	11.2402	5.45132	Precompiled binary linux_ubuntu_24_64: Aug  4 2026 (Version AFNI_26.2.03 'Gordian III')
rf1	12039	01	1	pre_resample	/ZPOOL/data/projects/rf1-sra-linux2/derivatives/fmriprep/sub-12039/ses-01/func/sub-12039_ses-01_task-sharedreward_run-1_part-mag_space-MNI152NLin6Asym_desc-preproc_bold.nii.gz	/ZPOOL/data/projects/rf1-sra-linux2/derivatives/fmriprep/sub-12039/ses-01/func/sub-12039_ses-01_task-sharedreward_run-1_part-mag_space-MNI152NLin6Asym_desc-brain_mask.nii.gz	2.7	2.7	2.97	255	1.615	3.95168	4.45202	4.55727	4.31202	0.616004	2.19579	9.40031	6.26885	Precompiled binary linux_ubuntu_24_64: Aug  4 2026 (Version AFNI_26.2.03 'Gordian III')
rf1	12039	01	2	pre_resample	/ZPOOL/data/projects/rf1-sra-linux2/derivatives/fmriprep/sub-12039/ses-01/func/sub-12039_ses-01_task-sharedreward_run-2_part-mag_space-MNI152NLin6Asym_desc-preproc_bold.nii.gz	/ZPOOL/data/projects/rf1-sra-linux2/derivatives/fmriprep/sub-12039/ses-01/func/sub-12039_ses-01_task-sharedreward_run-2_part-mag_space-MNI152NLin6Asym_desc-brain_mask.nii.gz	2.7	2.7	2.97	255	1.615	3.88083	4.39793	4.57389	4.27385	0.640466	2.2244	9.11205	6.20498	Precompiled binary linux_ubuntu_24_64: Aug  4 2026 (Version AFNI_26.2.03 'Gordian III')
rf1	12041	01	1	pre_resample	/ZPOOL/data/projects/rf1-sra-linux2/derivatives/fmriprep/sub-12041/ses-01/func/sub-12041_ses-01_task-sharedreward_run-1_part-mag_space-MNI152NLin6Asym_desc-preproc_bold.nii.gz	/ZPOOL/data/projects/rf1-sra-linux2/derivatives/fmriprep/sub-12041/ses-01/func/sub-12041_ses-01_task-sharedreward_run-1_part-mag_space-MNI152NLin6Asym_desc-brain_mask.nii.gz	2.7	2.7	2.97	255	1.615	3.4206	3.88195	3.82298	3.7027	0.800439	1.99628	13.3388	5.23074	Precompiled binary linux_ubuntu_24_64: Aug  4 2026 (Version AFNI_26.2.03 'Gordian III')
rf1	12047	01	1	pre_resample	/ZPOOL/data/projects/rf1-sra-linux2/derivatives/fmriprep/sub-12047/ses-01/func/sub-12047_ses-01_task-sharedreward_run-1_part-mag_space-MNI152NLin6Asym_desc-preproc_bold.nii.gz	/ZPOOL/data/projects/rf1-sra-linux2/derivatives/fmriprep/sub-12047/ses-01/func/sub-12047_ses-01_task-sharedreward_run-1_part-mag_space-MNI152NLin6Asym_desc-brain_mask.nii.gz	2.7	2.7	2.97	255	1.615	3.53334	3.92335	4.03466	3.82428	0.855376	2.155	15.2562	5.49833	Precompiled binary linux_ubuntu_24_64: Aug  4 2026 (Version AFNI_26.2.03 'Gordian III')
rf1	12047	01	2	pre_resample	/ZPOOL/data/projects/rf1-sra-linux2/derivatives/fmriprep/sub-12047/ses-01/func/sub-12047_ses-01_task-sharedreward_run-2_part-mag_space-MNI152NLin6Asym_desc-preproc_bold.nii.gz	/ZPOOL/data/projects/rf1-sra-linux2/derivatives/fmriprep/sub-12047/ses-01/func/sub-12047_ses-01_task-sharedreward_run-2_part-mag_space-MNI152NLin6Asym_desc-brain_mask.nii.gz	2.7	2.7	2.97	255	1.615	3.58622	4.00012	4.21045	3.92355	0.827343	2.1771	14.5173	5.49756	Precompiled binary linux_ubuntu_24_64: Aug  4 2026 (Version AFNI_26.2.03 'Gordian III')
rf1	12049	01	1	pre_resample	/ZPOOL/data/projects/rf1-sra-linux2/derivatives/fmriprep/sub-12049/ses-01/func/sub-12049_ses-01_task-sharedreward_run-1_part-mag_space-MNI152NLin6Asym_desc-preproc_bold.nii.gz	/ZPOOL/data/projects/rf1-sra-linux2/derivatives/fmriprep/sub-12049/ses-01/func/sub-12049_ses-01_task-sharedreward_run-1_part-mag_space-MNI152NLin6Asym_desc-brain_mask.nii.gz	2.7	2.7	2.97	255	1.615	3.42231	4.00159	4.27868	3.88407	0.75263	2.08021	11.1633	5.49795	Precompiled binary linux_ubuntu_24_64: Aug  4 2026 (Version AFNI_26.2.03 'Gordian III')
rf1	12049	01	2	pre_resample	/ZPOOL/data/projects/rf1-sra-linux2/derivatives/fmriprep/sub-12049/ses-01/func/sub-12049_ses-01_task-sharedreward_run-2_part-mag_space-MNI152NLin6Asym_desc-preproc_bold.nii.gz	/ZPOOL/data/projects/rf1-sra-linux2/derivatives/fmriprep/sub-12049/ses-01/func/sub-12049_ses-01_task-sharedreward_run-2_part-mag_space-MNI152NLin6Asym_desc-brain_mask.nii.gz	2.7	2.7	2.97	255	1.615	3.57078	4.10889	4.34776	3.99562	0.681743	2.04693	10.1084	5.91187	Precompiled binary linux_ubuntu_24_64: Aug  4 2026 (Version AFNI_26.2.03 'Gordian III')
rf1	12051	01	1	pre_resample	/ZPOOL/data/projects/rf1-sra-linux2/derivatives/fmriprep/sub-12051/ses-01/func/sub-12051_ses-01_task-sharedreward_run-1_part-mag_space-MNI152NLin6Asym_desc-preproc_bold.nii.gz	/ZPOOL/data/projects/rf1-sra-linux2/derivatives/fmriprep/sub-12051/ses-01/func/sub-12051_ses-01_task-sharedreward_run-1_part-mag_space-MNI152NLin6Asym_desc-brain_mask.nii.gz	2.7	2.7	2.97	255	1.615	3.43593	3.87586	3.8641	3.71952	0.813594	2.05871	11.7171	5.31908	Precompiled binary linux_ubuntu_24_64: Aug  4 2026 (Version AFNI_26.2.03 'Gordian III')
rf1	12051	01	2	pre_resample	/ZPOOL/data/projects/rf1-sra-linux2/derivatives/fmriprep/sub-12051/ses-01/func/sub-12051_ses-01_task-sharedreward_run-2_part-mag_space-MNI152NLin6Asym_desc-preproc_bold.nii.gz	/ZPOOL/data/projects/rf1-sra-linux2/derivatives/fmriprep/sub-12051/ses-01/func/sub-12051_ses-01_task-sharedreward_run-2_part-mag_space-MNI152NLin6Asym_desc-brain_mask.nii.gz	2.7	2.7	2.97	255	1.615	3.43773	3.89591	3.88996	3.73487	0.818186	2.06527	12.4277	5.34102	Precompiled binary linux_ubuntu_24_64: Aug  4 2026 (Version AFNI_26.2.03 'Gordian III')
rf1	12054	01	1	pre_resample	/ZPOOL/data/projects/rf1-sra-linux2/derivatives/fmriprep/sub-12054/ses-01/func/sub-12054_ses-01_task-sharedreward_run-1_part-mag_space-MNI152NLin6Asym_desc-preproc_bold.nii.gz	/ZPOOL/data/projects/rf1-sra-linux2/derivatives/fmriprep/sub-12054/ses-01/func/sub-12054_ses-01_task-sharedreward_run-1_part-mag_space-MNI152NLin6Asym_desc-brain_mask.nii.gz	2.7	2.7	2.97	255	1.615	3.41933	4.17882	3.74052	3.76682	0.893922	2.12222	20.9901	5.30783	Precompiled binary linux_ubuntu_24_64: Aug  4 2026 (Version AFNI_26.2.03 'Gordian III')
rf1	12054	01	2	pre_resample	/ZPOOL/data/projects/rf1-sra-linux2/derivatives/fmriprep/sub-12054/ses-01/func/sub-12054_ses-01_task-sharedreward_run-2_part-mag_space-MNI152NLin6Asym_desc-preproc_bold.nii.gz	/ZPOOL/data/projects/rf1-sra-linux2/derivatives/fmriprep/sub-12054/ses-01/func/sub-12054_ses-01_task-sharedreward_run-2_part-mag_space-MNI152NLin6Asym_desc-brain_mask.nii.gz	2.7	2.7	2.97	255	1.615	3.45082	4.21401	3.79256	3.80642	0.882064	2.13022	21.3486	5.38913	Precompiled binary linux_ubuntu_24_64: Aug  4 2026 (Version AFNI_26.2.03 'Gordian III')
rf1	12055	01	1	pre_resample	/ZPOOL/data/projects/rf1-sra-linux2/derivatives/fmriprep/sub-12055/ses-01/func/sub-12055_ses-01_task-sharedreward_run-1_part-mag_space-MNI152NLin6Asym_desc-preproc_bold.nii.gz	/ZPOOL/data/projects/rf1-sra-linux2/derivatives/fmriprep/sub-12055/ses-01/func/sub-12055_ses-01_task-sharedreward_run-1_part-mag_space-MNI152NLin6Asym_desc-brain_mask.nii.gz	2.7	2.7	2.97	255	1.615	3.10367	3.93611	3.81623	3.59909	0.816064	1.9697	11.4894	5.04274	Precompiled binary linux_ubuntu_24_64: Aug  4 2026 (Version AFNI_26.2.03 'Gordian III')
rf1	12055	01	2	pre_resample	/ZPOOL/data/projects/rf1-sra-linux2/derivatives/fmriprep/sub-12055/ses-01/func/sub-12055_ses-01_task-sharedreward_run-2_part-mag_space-MNI152NLin6Asym_desc-preproc_bold.nii.gz	/ZPOOL/data/projects/rf1-sra-linux2/derivatives/fmriprep/sub-12055/ses-01/func/sub-12055_ses-01_task-sharedreward_run-2_part-mag_space-MNI152NLin6Asym_desc-brain_mask.nii.gz	2.7	2.7	2.97	255	1.615	3.14777	3.99604	4.04719	3.7062	0.796738	2.02452	11.0367	5.25983	Precompiled binary linux_ubuntu_24_64: Aug  4 2026 (Version AFNI_26.2.03 'Gordian III')
rf1	12057	01	1	pre_resample	/ZPOOL/data/projects/rf1-sra-linux2/derivatives/fmriprep/sub-12057/ses-01/func/sub-12057_ses-01_task-sharedreward_run-1_part-mag_space-MNI152NLin6Asym_desc-preproc_bold.nii.gz	/ZPOOL/data/projects/rf1-sra-linux2/derivatives/fmriprep/sub-12057/ses-01/func/sub-12057_ses-01_task-sharedreward_run-1_part-mag_space-MNI152NLin6Asym_desc-brain_mask.nii.gz	2.7	2.7	2.97	255	1.615	3.47623	3.80352	3.691	3.65437	0.84374	2.03044	13.7987	5.16459	Precompiled binary linux_ubuntu_24_64: Aug  4 2026 (Version AFNI_26.2.03 'Gordian III')
rf1	12057	01	2	pre_resample	/ZPOOL/data/projects/rf1-sra-linux2/derivatives/fmriprep/sub-12057/ses-01/func/sub-12057_ses-01_task-sharedreward_run-2_part-mag_space-MNI152NLin6Asym_desc-preproc_bold.nii.gz	/ZPOOL/data/projects/rf1-sra-linux2/derivatives/fmriprep/sub-12057/ses-01/func/sub-12057_ses-01_task-sharedreward_run-2_part-mag_space-MNI152NLin6Asym_desc-brain_mask.nii.gz	2.7	2.7	2.97	255	1.615	3.45209	3.76702	3.68721	3.63295	0.83958	2.0185	12.8305	5.12704	Precompiled binary linux_ubuntu_24_64: Aug  4 2026 (Version AFNI_26.2.03 'Gordian III')
