dataset	subject	ratings_file	source_resolution	candidate_count	candidate_files	ratings_file_sha256	n_source_rows	n_rating_blocks	selected_rating_block	n_selected_rows	partner_1_trait_0_n	partner_1_trait_0_mean	partner_1_trait_1_n	partner_1_trait_1_mean	partner_2_trait_0_n	partner_2_trait_0_mean	partner_2_trait_1_n	partner_2_trait_1_mean	partner_3_trait_0_n	partner_3_trait_0_mean	partner_3_trait_1_n	partner_3_trait_1_mean	win_sum	loss_sum	identical_ratings	exclude_subject	exclusion_reason	review_flags
ds003745	104	/ZPOOL/data/projects/sharedreward-aging/sourcedata/ds003745/stimuli/psychopy/logs/104/sub104_SR-Ratings-2.csv	explicit_map	2	/ZPOOL/data/projects/sharedreward-aging/sourcedata/ds003745/stimuli/psychopy/logs/104/sub104_SR-Ratings-1.csv;/ZPOOL/data/projects/sharedreward-aging/sourcedata/ds003745/stimuli/psychopy/logs/104/sub104_SR-Ratings-2.csv	3495345d4e016f9dd2879fe0da8da888dc235db84410479d56f8f093a0c9e605	6	1	1	6	1	5.0	1	-2.0	1	5.0	1	0.0	1	5.0	1	0.0	15.0	-2.0	false	false		
ds003745	105		missing	0			0	0		0																true	missing_ratings_file	
ds003745	106		missing	0			0	0		0																true	missing_ratings_file	
ds003745	107	/ZPOOL/data/projects/sharedreward-aging/sourcedata/ds003745/stimuli/psychopy/logs/107/sub107_SR-Ratings-2.csv	unique	1	/ZPOOL/data/projects/sharedreward-aging/sourcedata/ds003745/stimuli/psychopy/logs/107/sub107_SR-Ratings-2.csv	0e3bccd373ff125f8444872dbcaa34daf6adf0dad2d4beed006f771db14c4b06	6	1	1	6	1	0.0	1	0.0	1	5.0	1	0.0	1	5.0	1	-2.0	10.0	-2.0	false	false		
ds003745	108	/ZPOOL/data/projects/sharedreward-aging/sourcedata/ds003745/stimuli/psychopy/logs/108/sub108_SR-Ratings-2.csv	unique	1	/ZPOOL/data/projects/sharedreward-aging/sourcedata/ds003745/stimuli/psychopy/logs/108/sub108_SR-Ratings-2.csv	34aa08c96fc26b1f3637564ed0c840083b4aa3f312fdd19e39a3622ca6c6fc0c	6	1	1	6	1	1.0	1	0.0	1	4.0	1	-3.0	1	5.0	1	-5.0	10.0	-8.0	false	false		
ds003745	109		missing	0			0	0		0																true	missing_ratings_file	
ds003745	110		missing	0			0	0		0																true	missing_ratings_file	
ds003745	111	/ZPOOL/data/projects/sharedreward-aging/sourcedata/ds003745/stimuli/psychopy/logs/111/sub111_SR-Ratings-2.csv	unique	1	/ZPOOL/data/projects/sharedreward-aging/sourcedata/ds003745/stimuli/psychopy/logs/111/sub111_SR-Ratings-2.csv	a79d5b944e28265509248660b10b50f7a8ddd247a218b2cf03d9a1dc056088b8	6	1	1	6	1	5.0	1	0.0	1	5.0	1	5.0	1	5.0	1	5.0	15.0	10.0	false	false		
ds003745	112	/ZPOOL/data/projects/sharedreward-aging/sourcedata/ds003745/stimuli/psychopy/logs/112/sub112_SR-Ratings-2.csv	unique	1	/ZPOOL/data/projects/sharedreward-aging/sourcedata/ds003745/stimuli/psychopy/logs/112/sub112_SR-Ratings-2.csv	38531fbe3b59e9895f17f9669083e5817b4f699bc88651bead550b8158931d4f	6	1	1	6	1	5.0	1	-4.0	1	5.0	1	-5.0	1	5.0	1	-5.0	15.0	-14.0	false	false		
ds003745	113	/ZPOOL/data/projects/sharedreward-aging/sourcedata/ds003745/stimuli/psychopy/logs/113/sub113_SR-Ratings-2.csv	unique	1	/ZPOOL/data/projects/sharedreward-aging/sourcedata/ds003745/stimuli/psychopy/logs/113/sub113_SR-Ratings-2.csv	961f5e234f53f4451b1026b4ce2031748ac95dc0d4586820369d44de8d32d6e6	6	1	1	6	1	5.0	1	-2.0	1	5.0	1	-5.0	1	5.0	1	-5.0	15.0	-12.0	false	false		
ds003745	115	/ZPOOL/data/projects/sharedreward-aging/sourcedata/ds003745/stimuli/psychopy/logs/115/sub115_SR-Ratings-2.csv	unique	1	/ZPOOL/data/projects/sharedreward-aging/sourcedata/ds003745/stimuli/psychopy/logs/115/sub115_SR-Ratings-2.csv	67ecae3ffe2d08a71571fba0768a54bdc92dbe32ba963e5206a4d1411f4ff2fd	6	1	1	6	1	5.0	1	0.0	1	5.0	1	-2.0	1	5.0	1	-5.0	15.0	-7.0	false	false		
ds003745	116	/ZPOOL/data/projects/sharedreward-aging/sourcedata/ds003745/stimuli/psychopy/logs/116/sub116_SR-Ratings-2.csv	unique	1	/ZPOOL/data/projects/sharedreward-aging/sourcedata/ds003745/stimuli/psychopy/logs/116/sub116_SR-Ratings-2.csv	0a5b2b596ad016909ef137f3b29a1b4035eaeaa9d318858a0f795afe81c74129	6	1	1	6	1	0.0	1	0.0	1	1.0	1	-1.0	1	5.0	1	-2.0	6.0	-3.0	false	false		
ds003745	117	/ZPOOL/data/projects/sharedreward-aging/sourcedata/ds003745/stimuli/psychopy/logs/117/sub117_SR-Ratings-2.csv	unique	1	/ZPOOL/data/projects/sharedreward-aging/sourcedata/ds003745/stimuli/psychopy/logs/117/sub117_SR-Ratings-2.csv	b32867a2eab67cc8063b39ceb5f1f23c133fdd40677ee4d135e3cacdbff1d404	6	1	1	6	1	2.0	1	-2.0	1	3.0	1	-4.0	1	4.0	1	-4.0	9.0	-10.0	false	false		
ds003745	118	/ZPOOL/data/projects/sharedreward-aging/sourcedata/ds003745/stimuli/psychopy/logs/118/sub118_SR-Ratings-2.csv	unique	1	/ZPOOL/data/projects/sharedreward-aging/sourcedata/ds003745/stimuli/psychopy/logs/118/sub118_SR-Ratings-2.csv	996c802d255b0969b4d8e27bf7aed338c87b6a3dea585a7931a77de8cb7fdfe5	6	1	1	6	1	3.0	1	-3.0	1	2.0	1	-1.0	1	3.0	1	-2.0	8.0	-6.0	false	false		
ds003745	120	/ZPOOL/data/projects/sharedreward-aging/sourcedata/ds003745/stimuli/psychopy/logs/120/sub120_SR-Ratings-2.csv	unique	1	/ZPOOL/data/projects/sharedreward-aging/sourcedata/ds003745/stimuli/psychopy/logs/120/sub120_SR-Ratings-2.csv	b7a4c24ef094d27f4c65760e9409f33c185c8dd6eaed53c8203e49e996980e87	6	1	1	6	1	1.0	1	-1.0	1	3.0	1	-3.0	1	4.0	1	-5.0	8.0	-9.0	false	false		
ds003745	121	/ZPOOL/data/projects/sharedreward-aging/sourcedata/ds003745/stimuli/psychopy/logs/121/sub121_SR-Ratings-2.csv	unique	1	/ZPOOL/data/projects/sharedreward-aging/sourcedata/ds003745/stimuli/psychopy/logs/121/sub121_SR-Ratings-2.csv	02cd42d3b701e65f1ccfb2428a6e95d7a4cd57acb244d7fed0960e7e62fe2ed3	6	1	1	6	1	0.0	1	-2.0	1	0.0	1	-1.0	1	1.0	1	-2.0	1.0	-5.0	false	false		
ds003745	122	/ZPOOL/data/projects/sharedreward-aging/sourcedata/ds003745/stimuli/psychopy/logs/122/sub122_SR-Ratings-2.csv	unique	1	/ZPOOL/data/projects/sharedreward-aging/sourcedata/ds003745/stimuli/psychopy/logs/122/sub122_SR-Ratings-2.csv	75fb1452d75cb9d5448c2152393ebaac431699cd5f5d2d5a9edd3e007cead774	6	1	1	6	1	0.0	1	-1.0	1	2.0	1	-2.0	1	4.0	1	-3.0	6.0	-6.0	false	false		
ds003745	124	/ZPOOL/data/projects/sharedreward-aging/sourcedata/ds003745/stimuli/psychopy/logs/124/sub124_SR-Ratings-2.csv	unique	1	/ZPOOL/data/projects/sharedreward-aging/sourcedata/ds003745/stimuli/psychopy/logs/124/sub124_SR-Ratings-2.csv	15849420bc619b9637703c27a6a45aba22bae8dcf6980371ec1e4c8825d1d27a	6	1	1	6	1	0.0	1	0.0	1	3.0	1	-4.0	1	5.0	1	-5.0	8.0	-9.0	false	false		
ds003745	125	/ZPOOL/data/projects/sharedreward-aging/sourcedata/ds003745/stimuli/psychopy/logs/125/sub125_SR-Ratings-2.csv	unique	1	/ZPOOL/data/projects/sharedreward-aging/sourcedata/ds003745/stimuli/psychopy/logs/125/sub125_SR-Ratings-2.csv	b603365647fc644515866e1718af132a398f7b3ff957bd9ea243673094bd3ff6	6	1	1	6	1	3.0	1	1.0	1	3.0	1	1.0	1	5.0	1	4.0	11.0	6.0	false	false		
ds003745	126	/ZPOOL/data/projects/sharedreward-aging/sourcedata/ds003745/stimuli/psychopy/logs/126/sub126_SR-Ratings-2.csv	unique	1	/ZPOOL/data/projects/sharedreward-aging/sourcedata/ds003745/stimuli/psychopy/logs/126/sub126_SR-Ratings-2.csv	c93c9f64803f88b4fa902c481d4934f3f2c016acdd5432a883d17e3bf4cfbec4	6	1	1	6	1	0.0	1	0.0	1	0.0	1	0.0	1	0.0	1	0.0	0.0	0.0	true	true	identical_ratings	
ds003745	127	/ZPOOL/data/projects/sharedreward-aging/sourcedata/ds003745/stimuli/psychopy/logs/127/sub127_SR-Ratings-2.csv	unique	1	/ZPOOL/data/projects/sharedreward-aging/sourcedata/ds003745/stimuli/psychopy/logs/127/sub127_SR-Ratings-2.csv	fb92c707ddf4d9eb5a721785e744c1089e74a9afc0990fa33e4705f3044b44c0	6	1	1	6	1	0.0	1	5.0	1	3.0	1	4.0	1	3.0	1	3.0	6.0	12.0	false	true	loss_sum_greater_than_win_sum	
ds003745	128	/ZPOOL/data/projects/sharedreward-aging/sourcedata/ds003745/stimuli/psychopy/logs/128/sub128_SR-Ratings-2.csv	unique	1	/ZPOOL/data/projects/sharedreward-aging/sourcedata/ds003745/stimuli/psychopy/logs/128/sub128_SR-Ratings-2.csv	f57bfb2916d9037fda60b219b3dc864d29f67bb558bb7940137cc209c0844a42	6	1	1	6	1	4.0	1	2.0	1	4.0	1	4.0	1	5.0	1	3.0	13.0	9.0	false	false		
ds003745	129	/ZPOOL/data/projects/sharedreward-aging/sourcedata/ds003745/stimuli/psychopy/logs/129/sub129_SR-Ratings-2.csv	unique	1	/ZPOOL/data/projects/sharedreward-aging/sourcedata/ds003745/stimuli/psychopy/logs/129/sub129_SR-Ratings-2.csv	bb67581ba6c0cbc04f9e3b432c43efb563fbaa529d825c477ee70737a0151455	6	1	1	6	1	0.0	1	0.0	1	5.0	1	0.0	1	5.0	1	0.0	10.0	0.0	false	false		
ds003745	130		missing	0			0	0		0																true	missing_ratings_file	
ds003745	131		missing	0			0	0		0																true	missing_ratings_file	
ds003745	132		missing	0			0	0		0																true	missing_ratings_file	
ds003745	133		missing	0			0	0		0																true	missing_ratings_file	
ds003745	134		missing	0			0	0		0																true	missing_ratings_file	
ds003745	135		missing	0			0	0		0																true	missing_ratings_file	
ds003745	136	/ZPOOL/data/projects/sharedreward-aging/sourcedata/ds003745/stimuli/psychopy/logs/136/sub136_SR-Ratings-2.csv	unique	1	/ZPOOL/data/projects/sharedreward-aging/sourcedata/ds003745/stimuli/psychopy/logs/136/sub136_SR-Ratings-2.csv	cb39d81fd7baabef193acc5662ff01b272e5575442d69951b234c862974a852f	6	1	1	6	1	3.0	1	-1.0	1	4.0	1	-1.0	1	5.0	1	-1.0	12.0	-3.0	false	false		
ds003745	137	/ZPOOL/data/projects/sharedreward-aging/sourcedata/ds003745/stimuli/psychopy/logs/137/sub137_SR-Ratings-2.csv	unique	1	/ZPOOL/data/projects/sharedreward-aging/sourcedata/ds003745/stimuli/psychopy/logs/137/sub137_SR-Ratings-2.csv	a5c509d7c3f79ea11c5fb1c671d30fca5bbbafec3feeb951de19e8b1f0d83eef	6	1	1	6	1	1.0	1	0.0	1	4.0	1	-2.0	1	5.0	1	-4.0	10.0	-6.0	false	false		
ds003745	138	/ZPOOL/data/projects/sharedreward-aging/sourcedata/ds003745/stimuli/psychopy/logs/138/sub138_SR-Ratings-2.csv	unique	1	/ZPOOL/data/projects/sharedreward-aging/sourcedata/ds003745/stimuli/psychopy/logs/138/sub138_SR-Ratings-2.csv	d553de7fa1d0554e0fcb12371c0a4cba366412d5312224b93cbc60f84a9d3df5	6	1	1	6	1	0.0	1	0.0	1	5.0	1	-5.0	1	5.0	1	-5.0	10.0	-10.0	false	false		
ds003745	140	/ZPOOL/data/projects/sharedreward-aging/sourcedata/ds003745/stimuli/psychopy/logs/140/sub140_SR-Ratings-2.csv	unique	1	/ZPOOL/data/projects/sharedreward-aging/sourcedata/ds003745/stimuli/psychopy/logs/140/sub140_SR-Ratings-2.csv	73b0d1cc23603552c023bb0b6d4eb2517104bc3cbb3b4c2f66ab6dda0020d3d2	6	1	1	6	1	5.0	1	5.0	1	5.0	1	5.0	1	5.0	1	5.0	15.0	15.0	true	true	identical_ratings	
ds003745	141	/ZPOOL/data/projects/sharedreward-aging/sourcedata/ds003745/stimuli/psychopy/logs/141/sub141_SR-Ratings-2.csv	unique	1	/ZPOOL/data/projects/sharedreward-aging/sourcedata/ds003745/stimuli/psychopy/logs/141/sub141_SR-Ratings-2.csv	7a000ad3ff79bf38307208442731f1555830fdb24897dcd3546051d94064933a	6	1	1	6	1	5.0	1	0.0	1	5.0	1	0.0	1	5.0	1	0.0	15.0	0.0	false	false		
ds003745	142	/ZPOOL/data/projects/sharedreward-aging/sourcedata/ds003745/stimuli/psychopy/logs/142/sub142_SR-Ratings-2.csv	unique	1	/ZPOOL/data/projects/sharedreward-aging/sourcedata/ds003745/stimuli/psychopy/logs/142/sub142_SR-Ratings-2.csv	1cd1d213047d1a5931db920dddcf8d61ef345398769f6d2875086cf0450ddb4f	6	1	1	6	1	4.0	1	3.0	1	4.0	1	3.0	1	5.0	1	0.0	13.0	6.0	false	false		
ds003745	143		missing	0			0	0		0																true	missing_ratings_file	
ds003745	144	/ZPOOL/data/projects/sharedreward-aging/sourcedata/ds003745/stimuli/psychopy/logs/144/sub144_SR-Ratings-2.csv	unique	1	/ZPOOL/data/projects/sharedreward-aging/sourcedata/ds003745/stimuli/psychopy/logs/144/sub144_SR-Ratings-2.csv	a3407594387f590685019d719eab5d04602744dbde8df11042b88b8362f2b86f	13	2	2	6	1	3.0	1	-2.0	1	1.0	1	-1.0	1	3.0	1	0.0	7.0	-3.0	false	false		selected_last_complete_block:2_of_2
ds003745	145	/ZPOOL/data/projects/sharedreward-aging/sourcedata/ds003745/stimuli/psychopy/logs/145/sub145_SR-Ratings-2.csv	unique	1	/ZPOOL/data/projects/sharedreward-aging/sourcedata/ds003745/stimuli/psychopy/logs/145/sub145_SR-Ratings-2.csv	c14a16b62ecb88115d290fb4849c62d5b7e5f54d55494b2050b8c324710e6908	6	1	1	6	1	0.0	1	0.0	1	4.0	1	-3.0	1	4.0	1	-3.0	8.0	-6.0	false	false		
ds003745	147	/ZPOOL/data/projects/sharedreward-aging/sourcedata/ds003745/stimuli/psychopy/logs/147/sub147_SR-Ratings-2.csv	unique	1	/ZPOOL/data/projects/sharedreward-aging/sourcedata/ds003745/stimuli/psychopy/logs/147/sub147_SR-Ratings-2.csv	004278fd0feaeb1bb3d44af27f4c1f3c037a05401d4c61719309bdbd674f32b4	6	1	1	6	1	2.0	1	-1.0	1	4.0	1	-1.0	1	4.0	1	0.0	10.0	-2.0	false	false		
ds003745	149	/ZPOOL/data/projects/sharedreward-aging/sourcedata/ds003745/stimuli/psychopy/logs/149/sub149_SR-Ratings-2.csv	unique	1	/ZPOOL/data/projects/sharedreward-aging/sourcedata/ds003745/stimuli/psychopy/logs/149/sub149_SR-Ratings-2.csv	295868b6118a209085ff279bab6f89e92c01459a6c9a9fb98284d9be20c5b030	6	1	1	6	1	0.0	1	0.0	1	1.0	1	0.0	1	0.0	1	0.0	1.0	0.0	false	false		
ds003745	150	/ZPOOL/data/projects/sharedreward-aging/sourcedata/ds003745/stimuli/psychopy/logs/150/sub150_SR-Ratings-2.csv	unique	1	/ZPOOL/data/projects/sharedreward-aging/sourcedata/ds003745/stimuli/psychopy/logs/150/sub150_SR-Ratings-2.csv	c9a564379ac850483461eb7615690931ce53b4a92aa0ce891b03c6016a9a03e4	6	1	1	6	1	0.0	1	0.0	1	0.0	1	0.0	1	2.0	1	-2.0	2.0	-2.0	false	false		
ds003745	151	/ZPOOL/data/projects/sharedreward-aging/sourcedata/ds003745/stimuli/psychopy/logs/151/sub151_SR-Ratings-2.csv	unique	1	/ZPOOL/data/projects/sharedreward-aging/sourcedata/ds003745/stimuli/psychopy/logs/151/sub151_SR-Ratings-2.csv	74156cc9b0672d7b38fc76ab429ab4138e7a298e659f2a420b97cff8ac9658e1	6	1	1	6	1	2.0	1	0.0	1	0.0	1	-3.0	1	1.0	1	0.0	3.0	-3.0	false	false		
ds003745	152	/ZPOOL/data/projects/sharedreward-aging/sourcedata/ds003745/stimuli/psychopy/logs/152/sub152_SR-Ratings-2.csv	unique	1	/ZPOOL/data/projects/sharedreward-aging/sourcedata/ds003745/stimuli/psychopy/logs/152/sub152_SR-Ratings-2.csv	c8c0fa01cf9969d2bdf619cca89243fbd72f88060a41d78bc3f398cfd8b8f648	6	1	1	6	1	0.0	1	-4.0	1	2.0	1	4.0	1	4.0	1	4.0	6.0	4.0	false	false		
ds003745	153	/ZPOOL/data/projects/sharedreward-aging/sourcedata/ds003745/stimuli/psychopy/logs/153/sub153_SR-Ratings-2.csv	unique	1	/ZPOOL/data/projects/sharedreward-aging/sourcedata/ds003745/stimuli/psychopy/logs/153/sub153_SR-Ratings-2.csv	a2cf0d67c67fccc45bfc18953f80d24f1165dcd24ed31092e3d06dde85840f8b	6	1	1	6	1	1.0	1	-1.0	1	0.0	1	-3.0	1	3.0	1	-2.0	4.0	-6.0	false	false		
ds003745	154	/ZPOOL/data/projects/sharedreward-aging/sourcedata/ds003745/stimuli/psychopy/logs/154/sub154_SR-Ratings-2.csv	unique	1	/ZPOOL/data/projects/sharedreward-aging/sourcedata/ds003745/stimuli/psychopy/logs/154/sub154_SR-Ratings-2.csv	e1862c30d779be31221af2e68f9587c727c89b36c2c3751eb7028ea572b3287e	6	1	1	6	1	0.0	1	0.0	1	4.0	1	0.0	1	5.0	1	0.0	9.0	0.0	false	false		
ds003745	155	/ZPOOL/data/projects/sharedreward-aging/sourcedata/ds003745/stimuli/psychopy/logs/155/sub155_SR-Ratings-2.csv	unique	1	/ZPOOL/data/projects/sharedreward-aging/sourcedata/ds003745/stimuli/psychopy/logs/155/sub155_SR-Ratings-2.csv	a1201235f96f8a28836ab9a1e54032d17c6e612f1a7a2b943a1cd3aace62ec47	6	1	1	6	1	0.0	1	0.0	1	0.0	1	0.0	1	0.0	1	-1.0	0.0	-1.0	false	false		
ds003745	156	/ZPOOL/data/projects/sharedreward-aging/sourcedata/ds003745/stimuli/psychopy/logs/156/sub156_SR-Ratings-2.csv	unique	1	/ZPOOL/data/projects/sharedreward-aging/sourcedata/ds003745/stimuli/psychopy/logs/156/sub156_SR-Ratings-2.csv	eb31b98a8c37a0a6fe4e2b556ab6006ededb7f1ef4b98d445464d30a56d4db65	6	1	1	6	1	5.0	1	-5.0	1	5.0	1	-5.0	1	5.0	1	-5.0	15.0	-15.0	false	false		
ds003745	157	/ZPOOL/data/projects/sharedreward-aging/sourcedata/ds003745/stimuli/psychopy/logs/157/sub157_SR-Ratings-2.csv	unique	1	/ZPOOL/data/projects/sharedreward-aging/sourcedata/ds003745/stimuli/psychopy/logs/157/sub157_SR-Ratings-2.csv	15dc728bf18fde5b96897d28fa0353d298cab7e06fd234581738f5de4dc7b6d8	6	1	1	6	1	3.0	1	-2.0	1	3.0	1	-4.0	1	3.0	1	-4.0	9.0	-10.0	false	false		
ds003745	158	/ZPOOL/data/projects/sharedreward-aging/sourcedata/ds003745/stimuli/psychopy/logs/158/sub158_SR-Ratings-2.csv	unique	1	/ZPOOL/data/projects/sharedreward-aging/sourcedata/ds003745/stimuli/psychopy/logs/158/sub158_SR-Ratings-2.csv	082571c63c984e6ea2654904f96ddb3f778475e765d0bd9cb215915d99cac46c	6	1	1	6	1	1.0	1	0.0	1	2.0	1	0.0	1	4.0	1	-3.0	7.0	-3.0	false	false		
ds003745	159	/ZPOOL/data/projects/sharedreward-aging/sourcedata/ds003745/stimuli/psychopy/logs/159/sub159_SR-Ratings-2.csv	unique	1	/ZPOOL/data/projects/sharedreward-aging/sourcedata/ds003745/stimuli/psychopy/logs/159/sub159_SR-Ratings-2.csv	361b69d5ad566424dcb8843a098f43cf5effd7b72924d3870c005c096c7a2dd7	6	1	1	6	1	3.0	1	-3.0	1	3.0	1	-3.0	1	4.0	1	-5.0	10.0	-11.0	false	false		
rf1	10317	/ZPOOL/data/projects/rf1-sra/stimuli/Scan-Card_Guessing_Game/logs/10317/sub10317_SR-Ratings-1.csv	unique	1	/ZPOOL/data/projects/rf1-sra/stimuli/Scan-Card_Guessing_Game/logs/10317/sub10317_SR-Ratings-1.csv	f3cef80de18532a1071f0441123d68072c598fa6c5854c0782c402fc6d8277e7	6	1	1	6	1	0.0	1	0.0	1	4.0	1	-1.0	1	5.0	1	-2.0	9.0	-3.0	false	false		
rf1	10369	/ZPOOL/data/projects/rf1-sra/stimuli/Scan-Card_Guessing_Game/logs/10369/sub10369_SR-Ratings-2.csv	explicit_map	2	/ZPOOL/data/projects/rf1-sra/stimuli/Scan-Card_Guessing_Game/logs/10369/sub10369_SR-Ratings-1.csv;/ZPOOL/data/projects/rf1-sra/stimuli/Scan-Card_Guessing_Game/logs/10369/sub10369_SR-Ratings-2.csv	4553483a5440aa3e913f09fc719273a55c89894e16adc8120ea4ffa1cd6a68d6	6	1	1	6	1	4.0	1	-2.0	1	4.0	1	-2.0	1	5.0	1	-5.0	13.0	-9.0	false	false		
rf1	10402	/ZPOOL/data/projects/rf1-sra/stimuli/Scan-Card_Guessing_Game/logs/10402/sub10402_SR-Ratings-1.csv	unique	1	/ZPOOL/data/projects/rf1-sra/stimuli/Scan-Card_Guessing_Game/logs/10402/sub10402_SR-Ratings-1.csv	6fd6a28f5898c2b0d85cd4b2fa813f53f44651b186754b4c33fcde9194516431	6	1	1	6	1	3.0	1	-5.0	1	5.0	1	-5.0	1	5.0	1	-5.0	13.0	-15.0	false	false		
rf1	10418		missing	0			0	0		0																true	missing_ratings_file	
rf1	10462	/ZPOOL/data/projects/rf1-sra/stimuli/Scan-Card_Guessing_Game/logs/10462/sub10462_SR-Ratings-1.csv	unique	1	/ZPOOL/data/projects/rf1-sra/stimuli/Scan-Card_Guessing_Game/logs/10462/sub10462_SR-Ratings-1.csv	6ff7047ecefeceabf363cf96e1d676edc25968d64308970efb4b98dec16d258e	6	1	1	6	1	0.0	1	-5.0	1	5.0	1	0.0	1	5.0	1	0.0	10.0	-5.0	false	false		
rf1	10478		missing	0			0	0		0																true	missing_ratings_file	
rf1	10486	/ZPOOL/data/projects/rf1-sra/stimuli/Scan-Card_Guessing_Game/logs/10486/sub10486_SR-Ratings-1.csv	unique	1	/ZPOOL/data/projects/rf1-sra/stimuli/Scan-Card_Guessing_Game/logs/10486/sub10486_SR-Ratings-1.csv	552d71dad84ff0b5e8c5e89494eb2e01690166a0c6066278a824d35c3b8074d9	6	1	1	6	1	4.0	1	-2.0	1	5.0	1	-2.0	1	5.0	1	-5.0	14.0	-9.0	false	false		
rf1	10529	/ZPOOL/data/projects/rf1-sra/stimuli/Scan-Card_Guessing_Game/logs/10529/sub10529_SR-Ratings-1.csv	unique	1	/ZPOOL/data/projects/rf1-sra/stimuli/Scan-Card_Guessing_Game/logs/10529/sub10529_SR-Ratings-1.csv	de07dd09aca8330e1601271307324c22213ae92a82fc2f1af7565167e7c4ec25	6	1	1	6	1	5.0	1	-3.0	1	5.0	1	-4.0	1	5.0	1	-5.0	15.0	-12.0	false	false		
rf1	10541	/ZPOOL/data/projects/rf1-sra/stimuli/Scan-Card_Guessing_Game/logs/10541/sub10541_SR-Ratings-1.csv	unique	1	/ZPOOL/data/projects/rf1-sra/stimuli/Scan-Card_Guessing_Game/logs/10541/sub10541_SR-Ratings-1.csv	526703a94ceab38fd30ca9cde30460bd765be56c338542e628f6862166aa159f	6	1	1	6	1	5.0	1	0.0	1	4.0	1	0.0	1	5.0	1	-2.0	14.0	-2.0	false	false		
rf1	10559	/ZPOOL/data/projects/rf1-sra/stimuli/Scan-Card_Guessing_Game/logs/10559/sub10559_SR-Ratings-1.csv	unique	1	/ZPOOL/data/projects/rf1-sra/stimuli/Scan-Card_Guessing_Game/logs/10559/sub10559_SR-Ratings-1.csv	e2fd873f4233c2f29adaf8c1cebad34c55ee7c29f67c9ea89e6162cc7a946495	6	1	1	6	1	0.0	1	0.0	1	3.0	1	0.0	1	3.0	1	-4.0	6.0	-4.0	false	false		
rf1	10572	/ZPOOL/data/projects/rf1-sra/stimuli/Scan-Card_Guessing_Game/logs/10572/sub10572_SR-Ratings-1.csv	unique	1	/ZPOOL/data/projects/rf1-sra/stimuli/Scan-Card_Guessing_Game/logs/10572/sub10572_SR-Ratings-1.csv	daaeef3fe625f4d564328ed41001dc6c1be33446dd70bb9f259462bcc20ce951	6	1	1	6	1	3.0	1	0.0	1	5.0	1	-2.0	1	5.0	1	-2.0	13.0	-4.0	false	false		
rf1	10581		missing	0			0	0		0																true	missing_ratings_file	
rf1	10584	/ZPOOL/data/projects/rf1-sra/stimuli/Scan-Card_Guessing_Game/logs/10584/sub10584_SR-Ratings-1.csv	unique	1	/ZPOOL/data/projects/rf1-sra/stimuli/Scan-Card_Guessing_Game/logs/10584/sub10584_SR-Ratings-1.csv	c0882c4fda555ec9b59562e6c5ffbd91a5a43e3d8b70cc10c5ed6276f1ea26f0	6	1	1	6	1	5.0	1	-5.0	1	5.0	1	-5.0	1	5.0	1	-5.0	15.0	-15.0	false	false		
rf1	10585	/ZPOOL/data/projects/rf1-sra/stimuli/Scan-Card_Guessing_Game/logs/10585/sub10585_SR-Ratings-1.csv	unique	1	/ZPOOL/data/projects/rf1-sra/stimuli/Scan-Card_Guessing_Game/logs/10585/sub10585_SR-Ratings-1.csv	a2a9f513df4d724ebddc5e5057f18b0f6c99f101330afb1603cd858799020128	6	1	1	6	1	3.0	1	-2.0	1	5.0	1	-3.0	1	5.0	1	-3.0	13.0	-8.0	false	false		
rf1	10589	/ZPOOL/data/projects/rf1-sra/stimuli/Scan-Card_Guessing_Game/logs/10589/sub10589_SR-Ratings-1.csv	unique	1	/ZPOOL/data/projects/rf1-sra/stimuli/Scan-Card_Guessing_Game/logs/10589/sub10589_SR-Ratings-1.csv	a3ca72a54dd3fb7ad27b48c2f5abf36655500d6f4f6ffb20e1c833161c54f90b	6	1	1	6	1	1.0	1	-3.0	1	1.0	1	-3.0	1	4.0	1	-4.0	6.0	-10.0	false	false		
rf1	10590	/ZPOOL/data/projects/rf1-sra/stimuli/Scan-Card_Guessing_Game/logs/10590/sub10590_SR-Ratings-1.csv	unique	1	/ZPOOL/data/projects/rf1-sra/stimuli/Scan-Card_Guessing_Game/logs/10590/sub10590_SR-Ratings-1.csv	fa6b1b7bf81d3456e590748844af5a65c2c21ecd1f7e65da68442b55418b6e1e	6	1	1	6	1	-3.0	1	0.0	1	3.0	1	-2.0	1	5.0	1	-4.0	5.0	-6.0	false	false		
rf1	10596	/ZPOOL/data/projects/rf1-sra/stimuli/Scan-Card_Guessing_Game/logs/10596/sub10596_SR-Ratings-1.csv	unique	1	/ZPOOL/data/projects/rf1-sra/stimuli/Scan-Card_Guessing_Game/logs/10596/sub10596_SR-Ratings-1.csv	e43be7e74982a8a50537f7d3d3a96d5fb0cc775cb6c97efe3e4c7525fa932697	6	1	1	6	1	0.0	1	0.0	1	2.0	1	-2.0	1	5.0	1	-4.0	7.0	-6.0	false	false		
rf1	10603	/ZPOOL/data/projects/rf1-sra/stimuli/Scan-Card_Guessing_Game/logs/10603/sub10603_SR-Ratings-1.csv	unique	1	/ZPOOL/data/projects/rf1-sra/stimuli/Scan-Card_Guessing_Game/logs/10603/sub10603_SR-Ratings-1.csv	059749cb16ed114597e30ad89acbe93003ae0184e1671402b42c0bfdcff1ae42	6	1	1	6	1	0.0	1	0.0	1	5.0	1	-3.0	1	5.0	1	-3.0	10.0	-6.0	false	false		
rf1	10606		missing	0			0	0		0																true	missing_ratings_file	
rf1	10608	/ZPOOL/data/projects/rf1-sra/stimuli/Scan-Card_Guessing_Game/logs/10608/sub10608_SR-Ratings-1.csv	unique	1	/ZPOOL/data/projects/rf1-sra/stimuli/Scan-Card_Guessing_Game/logs/10608/sub10608_SR-Ratings-1.csv	cd0bad85b289f9537bf21d729252ebfee9332ad7530a78c83fa01aaf33267648	6	1	1	6	1	4.0	1	0.0	1	2.0	1	0.0	1	5.0	1	-5.0	11.0	-5.0	false	false		
rf1	10617	/ZPOOL/data/projects/rf1-sra/stimuli/Scan-Card_Guessing_Game/logs/10617/sub10617_SR-Ratings-1.csv	unique	1	/ZPOOL/data/projects/rf1-sra/stimuli/Scan-Card_Guessing_Game/logs/10617/sub10617_SR-Ratings-1.csv	41c0478c0561c09263a25d9ae771546afdd33f69b6e3f3d3f67acb4b940f845a	6	1	1	6	1	0.0	1	0.0	1	5.0	1	-5.0	1	5.0	1	-5.0	10.0	-10.0	false	false		
rf1	10636	/ZPOOL/data/projects/rf1-sra/stimuli/Scan-Card_Guessing_Game/logs/10636/sub10636_SR-Ratings-1.csv	unique	1	/ZPOOL/data/projects/rf1-sra/stimuli/Scan-Card_Guessing_Game/logs/10636/sub10636_SR-Ratings-1.csv	3254280da57ed96b13e1a674a62d5917d39a1bdc7f46514a8386d8f7ad389d91	6	1	1	6	1	0.0	1	0.0	1	3.0	1	-1.0	1	5.0	1	-5.0	8.0	-6.0	false	false		
rf1	10638	/ZPOOL/data/projects/rf1-sra/stimuli/Scan-Card_Guessing_Game/logs/10638/sub10638_SR-Ratings-2.csv	unique	1	/ZPOOL/data/projects/rf1-sra/stimuli/Scan-Card_Guessing_Game/logs/10638/sub10638_SR-Ratings-2.csv	5429cba42c9afb44fb94355f3dd7d1d3334c3fc6c47c3ed1644b380ff310a453	6	1	1	6	1	3.0	1	-3.0	1	5.0	1	-3.0	1	5.0	1	-5.0	13.0	-11.0	false	false		
rf1	10640	/ZPOOL/data/projects/rf1-sra/stimuli/Scan-Card_Guessing_Game/logs/10640/sub10640_SR-Ratings-1.csv	unique	1	/ZPOOL/data/projects/rf1-sra/stimuli/Scan-Card_Guessing_Game/logs/10640/sub10640_SR-Ratings-1.csv	6894150dca87e80c4239d2fd29060a016e100cc728e3ae2ba657ffbc67513537	6	1	1	6	1	0.0	1	-5.0	1	0.0	1	-5.0	1	5.0	1	-5.0	5.0	-15.0	false	false		
rf1	10641	/ZPOOL/data/projects/rf1-sra/stimuli/Scan-Card_Guessing_Game/logs/10641/sub10641_SR-Ratings-1.csv	unique	1	/ZPOOL/data/projects/rf1-sra/stimuli/Scan-Card_Guessing_Game/logs/10641/sub10641_SR-Ratings-1.csv	2338be610473d437342465da42c89a0bd8e5b40bdc9fce28eb2912ff8aa6bb31	6	1	1	6	1	4.0	1	-3.0	1	1.0	1	-5.0	1	5.0	1	-2.0	10.0	-10.0	false	false		
rf1	10642	/ZPOOL/data/projects/rf1-sra/stimuli/Scan-Card_Guessing_Game/logs/10642/sub10642_SR-Ratings-1.csv	unique	1	/ZPOOL/data/projects/rf1-sra/stimuli/Scan-Card_Guessing_Game/logs/10642/sub10642_SR-Ratings-1.csv	6d876a5c6b543ed35855e79b6691d5ce41178ce4b823d7f1fd0291c7402b0be3	6	1	1	6	1	-1.0	1	0.0	1	2.0	1	0.0	1	5.0	1	-5.0	6.0	-5.0	false	false		
rf1	10644	/ZPOOL/data/projects/rf1-sra/stimuli/Scan-Card_Guessing_Game/logs/10644/sub10644_SR-Ratings-2.csv	unique	1	/ZPOOL/data/projects/rf1-sra/stimuli/Scan-Card_Guessing_Game/logs/10644/sub10644_SR-Ratings-2.csv	778fdfef0165f4a7ec12001f2510bedd5980c4e14abc88fcbe4df7b41df8fbfa	6	1	1	6	1	0.0	1	0.0	1	0.0	1	0.0	1	5.0	1	-5.0	5.0	-5.0	false	false		
rf1	10647	/ZPOOL/data/projects/rf1-sra/stimuli/Scan-Card_Guessing_Game/logs/10647/sub10647_SR-Ratings-1.csv	unique	1	/ZPOOL/data/projects/rf1-sra/stimuli/Scan-Card_Guessing_Game/logs/10647/sub10647_SR-Ratings-1.csv	b0a55a801d67b8997345cadcb1bdf9a0357a4f20ed75532f032117e15c0e50a5	6	1	1	6	1	-2.0	1	0.0	1	0.0	1	-1.0	1	-2.0	1	-4.0	-4.0	-5.0	false	false		
rf1	10649	/ZPOOL/data/projects/rf1-sra/stimuli/Scan-Card_Guessing_Game/logs/10649/sub10649_SR-Ratings-1.csv	unique	1	/ZPOOL/data/projects/rf1-sra/stimuli/Scan-Card_Guessing_Game/logs/10649/sub10649_SR-Ratings-1.csv	65aabfe2ca42a5fe6e979aebc8e43bf17c86122ec08f9c5ea7bb08ceb50193c3	6	1	1	6	1	5.0	1	-4.0	1	5.0	1	-4.0	1	5.0	1	-4.0	15.0	-12.0	false	false		
rf1	10652	/ZPOOL/data/projects/rf1-sra/stimuli/Scan-Card_Guessing_Game/logs/10652/sub10652_SR-Ratings-1.csv	unique	1	/ZPOOL/data/projects/rf1-sra/stimuli/Scan-Card_Guessing_Game/logs/10652/sub10652_SR-Ratings-1.csv	99e001a159f8da4c9555bd7b20d3222a97310d2f9d48cebc538352204990535b	6	1	1	6	1	0.0	1	-2.0	1	0.0	1	0.0	1	5.0	1	0.0	5.0	-2.0	false	false		
rf1	10656	/ZPOOL/data/projects/rf1-sra/stimuli/Scan-Card_Guessing_Game/logs/10656/sub10656_SR-Ratings-1.csv	unique	1	/ZPOOL/data/projects/rf1-sra/stimuli/Scan-Card_Guessing_Game/logs/10656/sub10656_SR-Ratings-1.csv	b1982d9df7c66759fbe61a12f1b43298fb769054b83a37596b5a61195ffb360c	6	1	1	6	1	4.0	1	0.0	1	1.0	1	0.0	1	2.0	1	-1.0	7.0	-1.0	false	false		
rf1	10657	/ZPOOL/data/projects/rf1-sra/stimuli/Scan-Card_Guessing_Game/logs/10657/sub10657_SR-Ratings-1.csv	unique	1	/ZPOOL/data/projects/rf1-sra/stimuli/Scan-Card_Guessing_Game/logs/10657/sub10657_SR-Ratings-1.csv	832f4d7f1dc5bb7a466c6e46e69b859d88fb5edd0cb41c727b692d07aa66ea50	6	1	1	6	1	0.0	1	0.0	1	5.0	1	-3.0	1	5.0	1	-5.0	10.0	-8.0	false	false		
rf1	10661	/ZPOOL/data/projects/rf1-sra/stimuli/Scan-Card_Guessing_Game/logs/10661/sub10661_SR-Ratings-1.csv	unique	1	/ZPOOL/data/projects/rf1-sra/stimuli/Scan-Card_Guessing_Game/logs/10661/sub10661_SR-Ratings-1.csv	c0882c4fda555ec9b59562e6c5ffbd91a5a43e3d8b70cc10c5ed6276f1ea26f0	6	1	1	6	1	5.0	1	-5.0	1	5.0	1	-5.0	1	5.0	1	-5.0	15.0	-15.0	false	false		
rf1	10663	/ZPOOL/data/projects/rf1-sra/stimuli/Scan-Card_Guessing_Game/logs/10663/sub10663_SR-Ratings-1.csv	unique	1	/ZPOOL/data/projects/rf1-sra/stimuli/Scan-Card_Guessing_Game/logs/10663/sub10663_SR-Ratings-1.csv	fc127b895372335a392250d4281a752b4e69f831e5afde975222030a2f070099	6	1	1	6	1	2.0	1	-3.0	1	3.0	1	-3.0	1	4.0	1	-5.0	9.0	-11.0	false	false		
rf1	10668	/ZPOOL/data/projects/rf1-sra/stimuli/Scan-Card_Guessing_Game/logs/10668/sub10668_SR-Ratings-2.csv	unique	1	/ZPOOL/data/projects/rf1-sra/stimuli/Scan-Card_Guessing_Game/logs/10668/sub10668_SR-Ratings-2.csv	c0882c4fda555ec9b59562e6c5ffbd91a5a43e3d8b70cc10c5ed6276f1ea26f0	6	1	1	6	1	5.0	1	-5.0	1	5.0	1	-5.0	1	5.0	1	-5.0	15.0	-15.0	false	false		
rf1	10673	/ZPOOL/data/projects/rf1-sra/stimuli/Scan-Card_Guessing_Game/logs/10673/sub10673_SR-Ratings-1.csv	unique	1	/ZPOOL/data/projects/rf1-sra/stimuli/Scan-Card_Guessing_Game/logs/10673/sub10673_SR-Ratings-1.csv	31926d996822f8117cd5fdc5e43d27bff88ac0225dc6184e6c840b2a271b3d80	6	1	1	6	1	0.0	1	0.0	1	1.0	1	-1.0	1	3.0	1	-5.0	4.0	-6.0	false	false		
rf1	10674	/ZPOOL/data/projects/rf1-sra/stimuli/Scan-Card_Guessing_Game/logs/10674/sub10674_SR-Ratings-1.csv	unique	1	/ZPOOL/data/projects/rf1-sra/stimuli/Scan-Card_Guessing_Game/logs/10674/sub10674_SR-Ratings-1.csv	6b3acfb745ae6aa0fa64761eea87ac5d7e0145b1c724f57d2f432880f798e482	6	1	1	6	1	4.0	1	-1.0	1	4.0	1	-1.0	1	5.0	1	-1.0	13.0	-3.0	false	false		
rf1	10677	/ZPOOL/data/projects/rf1-sra/stimuli/Scan-Card_Guessing_Game/logs/10677/sub10677_SR-Ratings-1.csv	unique	1	/ZPOOL/data/projects/rf1-sra/stimuli/Scan-Card_Guessing_Game/logs/10677/sub10677_SR-Ratings-1.csv	6b8274e5e32ca18a3cf9595c56ea1e4e91cde07338dad039d72d73f6ea9ef0be	6	1	1	6	1	0.0	1	0.0	1	0.0	1	0.0	1	1.0	1	-1.0	1.0	-1.0	false	false		
rf1	10685	/ZPOOL/data/projects/rf1-sra/stimuli/Scan-Card_Guessing_Game/logs/10685/sub10685_SR-Ratings-1.csv	unique	1	/ZPOOL/data/projects/rf1-sra/stimuli/Scan-Card_Guessing_Game/logs/10685/sub10685_SR-Ratings-1.csv	878aee25b72a3bcc3066518ffb19c2c01c070b74fab27dc964755754c05e1e72	6	1	1	6	1	0.0	1	0.0	1	0.0	1	0.0	1	5.0	1	0.0	5.0	0.0	false	false		
rf1	10690	/ZPOOL/data/projects/rf1-sra/stimuli/Scan-Card_Guessing_Game/logs/10690/sub10690_SR-Ratings-1.csv	unique	1	/ZPOOL/data/projects/rf1-sra/stimuli/Scan-Card_Guessing_Game/logs/10690/sub10690_SR-Ratings-1.csv	feef88acaaa497e18bca22379cb1022f9ec052caf973d8ab6d99259d5818ff08	6	1	1	6	1	5.0	1	-1.0	1	5.0	1	-1.0	1	5.0	1	-1.0	15.0	-3.0	false	false		
rf1	10691	/ZPOOL/data/projects/rf1-sra/stimuli/Scan-Card_Guessing_Game/logs/10691/sub10691_SR-Ratings-1.csv	unique	1	/ZPOOL/data/projects/rf1-sra/stimuli/Scan-Card_Guessing_Game/logs/10691/sub10691_SR-Ratings-1.csv	096e06a9a4065e67a1d098240d7945490cfcd14aa4b717b3020a94f885875d16	6	1	1	6	1	4.0	1	-4.0	1	3.0	1	-2.0	1	5.0	1	-2.0	12.0	-8.0	false	false		
rf1	10700		missing	0			0	0		0																true	missing_ratings_file	
rf1	10701	/ZPOOL/data/projects/rf1-sra/stimuli/Scan-Card_Guessing_Game/logs/10701/sub10701_SR-Ratings-1.csv	unique	1	/ZPOOL/data/projects/rf1-sra/stimuli/Scan-Card_Guessing_Game/logs/10701/sub10701_SR-Ratings-1.csv	a569105a18c006ab0e4e905429bd156fc336bc7a2259b6a50c0b05059d27618b	6	1	1	6	1	3.0	1	-1.0	1	4.0	1	-4.0	1	5.0	1	-5.0	12.0	-10.0	false	false		
rf1	10713	/ZPOOL/data/projects/rf1-sra/stimuli/Scan-Card_Guessing_Game/logs/10713/sub10713_SR-Ratings-1.csv	unique	1	/ZPOOL/data/projects/rf1-sra/stimuli/Scan-Card_Guessing_Game/logs/10713/sub10713_SR-Ratings-1.csv	d900b590cb2690f03dc86b444a4ce1d7201fdc17c3c435bd53fcf770a893fca0	6	1	1	6	1	5.0	1	-5.0	1	0.0	1	0.0	1	0.0	1	-5.0	5.0	-10.0	false	false		
rf1	10716	/ZPOOL/data/projects/rf1-sra/stimuli/Scan-Card_Guessing_Game/logs/10716/sub10716_SR-Ratings-1.csv	unique	1	/ZPOOL/data/projects/rf1-sra/stimuli/Scan-Card_Guessing_Game/logs/10716/sub10716_SR-Ratings-1.csv	778fdfef0165f4a7ec12001f2510bedd5980c4e14abc88fcbe4df7b41df8fbfa	6	1	1	6	1	0.0	1	0.0	1	0.0	1	0.0	1	5.0	1	-5.0	5.0	-5.0	false	false		
rf1	10718	/ZPOOL/data/projects/rf1-sra/stimuli/Scan-Card_Guessing_Game/logs/10718/sub10718_SR-Ratings-1.csv	unique	1	/ZPOOL/data/projects/rf1-sra/stimuli/Scan-Card_Guessing_Game/logs/10718/sub10718_SR-Ratings-1.csv	c27940fdd4f4300e7bb7d110e0000ba8482c147532959fcd225342191c789cc7	6	1	1	6	1	0.0	1	-1.0	1	0.0	1	3.0	1	3.0	1	0.0	3.0	2.0	false	false		
rf1	10720	/ZPOOL/data/projects/rf1-sra/stimuli/Scan-Card_Guessing_Game/logs/10720/sub10720_SR-Ratings-1.csv	unique	1	/ZPOOL/data/projects/rf1-sra/stimuli/Scan-Card_Guessing_Game/logs/10720/sub10720_SR-Ratings-1.csv	23889858c1acd2a2a52e06c11b9cc0ae53c53f1351c5803362ad7f1c133189bb	6	1	1	6	1	0.0	1	-1.0	1	0.0	1	0.0	1	4.0	1	-5.0	4.0	-6.0	false	false		
rf1	10723	/ZPOOL/data/projects/rf1-sra/stimuli/Scan-Card_Guessing_Game/logs/10723/sub10723_SR-Ratings-1.csv	unique	1	/ZPOOL/data/projects/rf1-sra/stimuli/Scan-Card_Guessing_Game/logs/10723/sub10723_SR-Ratings-1.csv	f33b20ff189fc9d32e0d492cd9ed5ce281484bc53e6f0c75c4c0eb622267cbcd	6	1	1	6	1	4.0	1	-2.0	1	4.0	1	-2.0	1	3.0	1	-1.0	11.0	-5.0	false	false		
rf1	10741	/ZPOOL/data/projects/rf1-sra/stimuli/Scan-Card_Guessing_Game/logs/10741/sub10741_SR-Ratings-1.csv	unique	1	/ZPOOL/data/projects/rf1-sra/stimuli/Scan-Card_Guessing_Game/logs/10741/sub10741_SR-Ratings-1.csv	2dc8248d226b8702640b40f680cdba2db911493a27a4a7aec94fe8cf98e39f84	6	1	1	6	1	3.0	1	-1.0	1	3.0	1	-1.0	1	5.0	1	-1.0	11.0	-3.0	false	false		
rf1	10748	/ZPOOL/data/projects/rf1-sra/stimuli/Scan-Card_Guessing_Game/logs/10748/sub10748_SR-Ratings-1.csv	unique	1	/ZPOOL/data/projects/rf1-sra/stimuli/Scan-Card_Guessing_Game/logs/10748/sub10748_SR-Ratings-1.csv	8413f0d4027cc3cfa638204eaf37cf350c3662a9e21073472c61eafdb07ae539	6	1	1	6	1	5.0	1	-2.0	1	5.0	1	-2.0	1	5.0	1	-2.0	15.0	-6.0	false	false		
rf1	10767	/ZPOOL/data/projects/rf1-sra/stimuli/Scan-Card_Guessing_Game/logs/10767/sub10767_SR-Ratings-1.csv	unique	1	/ZPOOL/data/projects/rf1-sra/stimuli/Scan-Card_Guessing_Game/logs/10767/sub10767_SR-Ratings-1.csv	226af4d4efe7594a60ad74ede0aeca1032b8050cb8105c08e1ff62ded77fbe14	6	1	1	6	1	-2.0	1	-2.0	1	2.0	1	-2.0	1	3.0	1	-2.0	3.0	-6.0	false	false		
rf1	10770	/ZPOOL/data/projects/rf1-sra/stimuli/Scan-Card_Guessing_Game/logs/10770/sub10770_SR-Ratings-1.csv	unique	1	/ZPOOL/data/projects/rf1-sra/stimuli/Scan-Card_Guessing_Game/logs/10770/sub10770_SR-Ratings-1.csv	778fdfef0165f4a7ec12001f2510bedd5980c4e14abc88fcbe4df7b41df8fbfa	6	1	1	6	1	0.0	1	0.0	1	0.0	1	0.0	1	5.0	1	-5.0	5.0	-5.0	false	false		
rf1	10777	/ZPOOL/data/projects/rf1-sra/stimuli/Scan-Card_Guessing_Game/logs/10777/sub10777_SR-Ratings-1.csv	unique	1	/ZPOOL/data/projects/rf1-sra/stimuli/Scan-Card_Guessing_Game/logs/10777/sub10777_SR-Ratings-1.csv	8909ffa4e8c68a1f2d501ac1f6941f6d784bff09ee5dd6f846e81115938eeaea	6	1	1	6	1	3.0	1	-3.0	1	3.0	1	-2.0	1	5.0	1	-1.0	11.0	-6.0	false	false		
rf1	10781	/ZPOOL/data/projects/rf1-sra/stimuli/Scan-Card_Guessing_Game/logs/10781/sub10781_SR-Ratings-1.csv	unique	1	/ZPOOL/data/projects/rf1-sra/stimuli/Scan-Card_Guessing_Game/logs/10781/sub10781_SR-Ratings-1.csv	0a978edd91945c4e65712a56f1162e1a4bb1df688559eaf85e897b8620b4a614	6	1	1	6	1	0.0	1	0.0	1	3.0	1	0.0	1	5.0	1	0.0	8.0	0.0	false	false		
rf1	10783	/ZPOOL/data/projects/rf1-sra/stimuli/Scan-Card_Guessing_Game/logs/10783/sub10783_SR-Ratings-1.csv	unique	1	/ZPOOL/data/projects/rf1-sra/stimuli/Scan-Card_Guessing_Game/logs/10783/sub10783_SR-Ratings-1.csv	ea538ee0597005afec8fb80d73b8f5505c160261d4fa5de532b4b941885a3b5f	6	1	1	6	1	5.0	1	-2.0	1	5.0	1	-1.0	1	5.0	1	-3.0	15.0	-6.0	false	false		
rf1	10785	/ZPOOL/data/projects/rf1-sra/stimuli/Scan-Card_Guessing_Game/logs/10785/sub10785_SR-Ratings-1.csv	unique	1	/ZPOOL/data/projects/rf1-sra/stimuli/Scan-Card_Guessing_Game/logs/10785/sub10785_SR-Ratings-1.csv	474e3eb9068012142a661e089dc50473c9e5dec4b0215268d323955a7bccf87b	6	1	1	6	1	3.0	1	-2.0	1	3.0	1	-2.0	1	5.0	1	-3.0	11.0	-7.0	false	false		
rf1	10794	/ZPOOL/data/projects/rf1-sra/stimuli/Scan-Card_Guessing_Game/logs/10794/sub10794_SR-Ratings-1.csv	unique	1	/ZPOOL/data/projects/rf1-sra/stimuli/Scan-Card_Guessing_Game/logs/10794/sub10794_SR-Ratings-1.csv	782d65795449b3440fc413becaadcff75e5549ee5871561ccfe8d100fd3abd58	6	1	1	6	1	0.0	1	0.0	1	0.0	1	0.0	1	3.0	1	-2.0	3.0	-2.0	false	false		
rf1	10800	/ZPOOL/data/projects/rf1-sra/stimuli/Scan-Card_Guessing_Game/logs/10800/sub10800_SR-Ratings-2.csv	unique	1	/ZPOOL/data/projects/rf1-sra/stimuli/Scan-Card_Guessing_Game/logs/10800/sub10800_SR-Ratings-2.csv	f86d2e5e9512c1c27b58c32fffddab94a132772d854921b3867d9d16878f0330	6	1	1	6	1	2.0	1	-3.0	1	4.0	1	-2.0	1	3.0	1	-5.0	9.0	-10.0	false	false		
rf1	10801	/ZPOOL/data/projects/rf1-sra/stimuli/Scan-Card_Guessing_Game/logs/10801/sub10801_SR-Ratings-1.csv	unique	1	/ZPOOL/data/projects/rf1-sra/stimuli/Scan-Card_Guessing_Game/logs/10801/sub10801_SR-Ratings-1.csv	69d96aa4711f79defb687569697261eb27693c934252bb618e9d166fd5fd8e74	6	1	1	6	1	4.0	1	-1.0	1	4.0	1	-3.0	1	4.0	1	-5.0	12.0	-9.0	false	false		
rf1	10802	/ZPOOL/data/projects/rf1-sra/stimuli/Scan-Card_Guessing_Game/logs/10802/sub10802_SR-Ratings-1.csv	unique	1	/ZPOOL/data/projects/rf1-sra/stimuli/Scan-Card_Guessing_Game/logs/10802/sub10802_SR-Ratings-1.csv	b58ba9197a11de7dcb7d6f220b3879f2f815d8c0cae122c2ee7cd607888035fa	6	1	1	6	1	3.0	1	-2.0	1	5.0	1	-2.0	1	5.0	1	-5.0	13.0	-9.0	false	false		
rf1	10803		missing	0			0	0		0																true	missing_ratings_file	
rf1	10804	/ZPOOL/data/projects/rf1-sra/stimuli/Scan-Card_Guessing_Game/logs/10804/sub10804_SR-Ratings-1.csv	unique	1	/ZPOOL/data/projects/rf1-sra/stimuli/Scan-Card_Guessing_Game/logs/10804/sub10804_SR-Ratings-1.csv	4fab1a6e00d796c5bda86b54c11076d7022c826313d0d203ecd25916b310bb73	6	1	1	6	1	1.0	1	-4.0	1	1.0	1	-2.0	1	-1.0	1	0.0	1.0	-6.0	false	false		
rf1	10806	/ZPOOL/data/projects/rf1-sra/stimuli/Scan-Card_Guessing_Game/logs/10806/sub10806_SR-Ratings-.csv	unique	1	/ZPOOL/data/projects/rf1-sra/stimuli/Scan-Card_Guessing_Game/logs/10806/sub10806_SR-Ratings-.csv	5403c4bacf94791143d484882bc1e0262a758e97fc1b9623b8aac4e8fed99218	6	1	1	6	1	-5.0	1	-3.0	1	0.0	1	0.0	1	0.0	1	-3.0	-5.0	-6.0	false	false		
rf1	10807	/ZPOOL/data/projects/rf1-sra/stimuli/Scan-Card_Guessing_Game/logs/10807/sub10807_SR-Ratings-1.csv	unique	1	/ZPOOL/data/projects/rf1-sra/stimuli/Scan-Card_Guessing_Game/logs/10807/sub10807_SR-Ratings-1.csv	c0882c4fda555ec9b59562e6c5ffbd91a5a43e3d8b70cc10c5ed6276f1ea26f0	6	1	1	6	1	5.0	1	-5.0	1	5.0	1	-5.0	1	5.0	1	-5.0	15.0	-15.0	false	false		
rf1	10809	/ZPOOL/data/projects/rf1-sra/stimuli/Scan-Card_Guessing_Game/logs/10809/sub10809_SR-Ratings-1.csv	unique	1	/ZPOOL/data/projects/rf1-sra/stimuli/Scan-Card_Guessing_Game/logs/10809/sub10809_SR-Ratings-1.csv	2a726911f7baa22d029a15bfc88df23d342c574faf4c14c84d5ffcc8a38a93a6	6	1	1	6	1	2.0	1	0.0	1	3.0	1	-1.0	1	5.0	1	-1.0	10.0	-2.0	false	false		
rf1	10810		missing	0			0	0		0																true	missing_ratings_file	
rf1	10812	/ZPOOL/data/projects/rf1-sra/stimuli/Scan-Card_Guessing_Game/logs/10812/sub10812_SR-Ratings-1.csv	unique	1	/ZPOOL/data/projects/rf1-sra/stimuli/Scan-Card_Guessing_Game/logs/10812/sub10812_SR-Ratings-1.csv	c0882c4fda555ec9b59562e6c5ffbd91a5a43e3d8b70cc10c5ed6276f1ea26f0	6	1	1	6	1	5.0	1	-5.0	1	5.0	1	-5.0	1	5.0	1	-5.0	15.0	-15.0	false	false		
rf1	10817		missing	0			0	0		0																true	missing_ratings_file	
rf1	10827		missing	0			0	0		0																true	missing_ratings_file	
rf1	10831	/ZPOOL/data/projects/rf1-sra/stimuli/Scan-Card_Guessing_Game/logs/10831/sub10831_SR-Ratings-1.csv	unique	1	/ZPOOL/data/projects/rf1-sra/stimuli/Scan-Card_Guessing_Game/logs/10831/sub10831_SR-Ratings-1.csv	d5dc4903f57e2d84cf02c62c55eb861515cf30be3b20b8cbdef272c425413085	6	1	1	6	1	0.0	1	0.0	1	0.0	1	-2.0	1	5.0	1	-5.0	5.0	-7.0	false	false		
rf1	10834		missing	0			0	0		0																true	missing_ratings_file	
rf1	10838		missing	0			0	0		0																true	missing_ratings_file	
rf1	10843	/ZPOOL/data/projects/rf1-sra/stimuli/Scan-Card_Guessing_Game/logs/10843/sub10843_SR-Ratings-1.csv	unique	1	/ZPOOL/data/projects/rf1-sra/stimuli/Scan-Card_Guessing_Game/logs/10843/sub10843_SR-Ratings-1.csv	ea555b29382442bf9374fd6a50527f6e749c0af0a372a8b9d954e5c65da1d5f9	6	1	1	6	1	3.0	1	2.0	1	5.0	1	1.0	1	5.0	1	1.0	13.0	4.0	false	false		
rf1	10850	/ZPOOL/data/projects/rf1-sra/stimuli/Scan-Card_Guessing_Game/logs/10850/sub10850_SR-Ratings-1.csv	unique	1	/ZPOOL/data/projects/rf1-sra/stimuli/Scan-Card_Guessing_Game/logs/10850/sub10850_SR-Ratings-1.csv	bff6f1015ca62d6d66338ec27f058948b5b1113686e44b9a6d21c74204ca8b13	6	1	1	6	1	2.0	1	0.0	1	4.0	1	-2.0	1	5.0	1	-5.0	11.0	-7.0	false	false		
rf1	10854	/ZPOOL/data/projects/rf1-sra/stimuli/Scan-Card_Guessing_Game/logs/10854/sub10854_SR-Ratings-1.csv	unique	1	/ZPOOL/data/projects/rf1-sra/stimuli/Scan-Card_Guessing_Game/logs/10854/sub10854_SR-Ratings-1.csv	c0882c4fda555ec9b59562e6c5ffbd91a5a43e3d8b70cc10c5ed6276f1ea26f0	6	1	1	6	1	5.0	1	-5.0	1	5.0	1	-5.0	1	5.0	1	-5.0	15.0	-15.0	false	false		
rf1	10857	/ZPOOL/data/projects/rf1-sra/stimuli/Scan-Card_Guessing_Game/logs/10857/sub10857_SR-Ratings-1.csv	unique	1	/ZPOOL/data/projects/rf1-sra/stimuli/Scan-Card_Guessing_Game/logs/10857/sub10857_SR-Ratings-1.csv	233a5c827bc17a66e8d91878ee5960869a2c768796aa61b0f6ac11a20ec3b3dd	6	1	1	6	1	2.0	1	-2.0	1	2.0	1	-3.0	1	5.0	1	-5.0	9.0	-10.0	false	false		
rf1	10858	/ZPOOL/data/projects/rf1-sra/stimuli/Scan-Card_Guessing_Game/logs/10858/sub10858_SR-Ratings-1.csv	unique	1	/ZPOOL/data/projects/rf1-sra/stimuli/Scan-Card_Guessing_Game/logs/10858/sub10858_SR-Ratings-1.csv	d538c545469b5508f17e67eaa3d8a9129ad65aa575f9a4abcc4bc640dec88e8a	6	1	1	6	1	0.0	1	0.0	1	0.0	1	-1.0	1	5.0	1	-3.0	5.0	-4.0	false	false		
rf1	10860	/ZPOOL/data/projects/rf1-sra/stimuli/Scan-Card_Guessing_Game/logs/10860/sub10860_SR-Ratings-1.csv	unique	1	/ZPOOL/data/projects/rf1-sra/stimuli/Scan-Card_Guessing_Game/logs/10860/sub10860_SR-Ratings-1.csv	d0acb18d4da3b0621b6bc76d585577df5dcc87f71fb629a063918625ac7dcc46	6	1	1	6	1	0.0	1	0.0	1	0.0	1	0.0	1	0.0	1	0.0	0.0	0.0	true	true	identical_ratings	
rf1	10862	/ZPOOL/data/projects/rf1-sra/stimuli/Scan-Card_Guessing_Game/logs/10862/sub10862_SR-Ratings-1.csv	unique	1	/ZPOOL/data/projects/rf1-sra/stimuli/Scan-Card_Guessing_Game/logs/10862/sub10862_SR-Ratings-1.csv	6674a258ebc27d8e417370a96eee33a68c0bb8be28af5571c1f993f990c93314	6	1	1	6	1	3.0	1	-3.0	1	5.0	1	-2.0	1	5.0	1	-5.0	13.0	-10.0	false	false		
rf1	10863	/ZPOOL/data/projects/rf1-sra/stimuli/Scan-Card_Guessing_Game/logs/10863/sub10863_SR-Ratings-1.csv	unique	1	/ZPOOL/data/projects/rf1-sra/stimuli/Scan-Card_Guessing_Game/logs/10863/sub10863_SR-Ratings-1.csv	c0882c4fda555ec9b59562e6c5ffbd91a5a43e3d8b70cc10c5ed6276f1ea26f0	6	1	1	6	1	5.0	1	-5.0	1	5.0	1	-5.0	1	5.0	1	-5.0	15.0	-15.0	false	false		
rf1	10866		missing	0			0	0		0																true	missing_ratings_file	
rf1	10875	/ZPOOL/data/projects/rf1-sra/stimuli/Scan-Card_Guessing_Game/logs/10875/sub10875_SR-Ratings-1.csv	unique	1	/ZPOOL/data/projects/rf1-sra/stimuli/Scan-Card_Guessing_Game/logs/10875/sub10875_SR-Ratings-1.csv	0eb10c73e3c40d8b6bb4ce1a51823b15c5e663e48567ff02dda1de78344070df	6	1	1	6	1	0.0	1	0.0	1	0.0	1	0.0	1	5.0	1	-2.0	5.0	-2.0	false	false		
rf1	10881	/ZPOOL/data/projects/rf1-sra/stimuli/Scan-Card_Guessing_Game/logs/10881/sub10881_SR-Ratings-1.csv	unique	1	/ZPOOL/data/projects/rf1-sra/stimuli/Scan-Card_Guessing_Game/logs/10881/sub10881_SR-Ratings-1.csv	4b8c588f9df9e4f29ab72f7cbd47dc67828513163a71fd41e731a8c8af097c1e	6	1	1	6	1	5.0	1	0.0	1	5.0	1	0.0	1	5.0	1	0.0	15.0	0.0	false	false		
rf1	10886	/ZPOOL/data/projects/rf1-sra/stimuli/Scan-Card_Guessing_Game/logs/10886/sub10886_SR-Ratings-1.csv	unique	1	/ZPOOL/data/projects/rf1-sra/stimuli/Scan-Card_Guessing_Game/logs/10886/sub10886_SR-Ratings-1.csv	04881b7f48190f9c5324875401f4f5c89eceeddcd7570912581ff896a453d4e9	6	1	1	6	1	0.0	1	0.0	1	0.0	1	0.0	1	3.0	1	-3.0	3.0	-3.0	false	false		
rf1	10887	/ZPOOL/data/projects/rf1-sra/stimuli/Scan-Card_Guessing_Game/logs/10887/sub10887_SR-Ratings-1.csv	unique	1	/ZPOOL/data/projects/rf1-sra/stimuli/Scan-Card_Guessing_Game/logs/10887/sub10887_SR-Ratings-1.csv	feef88acaaa497e18bca22379cb1022f9ec052caf973d8ab6d99259d5818ff08	6	1	1	6	1	5.0	1	-1.0	1	5.0	1	-1.0	1	5.0	1	-1.0	15.0	-3.0	false	false		
rf1	10896	/ZPOOL/data/projects/rf1-sra/stimuli/Scan-Card_Guessing_Game/logs/10896/sub10896_SR-Ratings-1.csv	unique	1	/ZPOOL/data/projects/rf1-sra/stimuli/Scan-Card_Guessing_Game/logs/10896/sub10896_SR-Ratings-1.csv	ba7f05db1af8fd5f33dd243703cb2580f182af21daac37143db575e88be3184c	6	1	1	6	1	5.0	1	-5.0	1	5.0	1	-3.0	1	5.0	1	-3.0	15.0	-11.0	false	false		
rf1	10897	/ZPOOL/data/projects/rf1-sra/stimuli/Scan-Card_Guessing_Game/logs/10897/sub10897_SR-Ratings-1.csv	unique	1	/ZPOOL/data/projects/rf1-sra/stimuli/Scan-Card_Guessing_Game/logs/10897/sub10897_SR-Ratings-1.csv	6408069ff837041e6561799532a160891b3cfbebd193270e1c42624b253e709a	6	1	1	6	1	-1.0	1	0.0	1	2.0	1	-1.0	1	5.0	1	-3.0	6.0	-4.0	false	false		
rf1	10898	/ZPOOL/data/projects/rf1-sra/stimuli/Scan-Card_Guessing_Game/logs/10898/sub10898_SR-Ratings-1.csv	unique	1	/ZPOOL/data/projects/rf1-sra/stimuli/Scan-Card_Guessing_Game/logs/10898/sub10898_SR-Ratings-1.csv	b268e1a90f094c50f52090268aa5ae6047e241837a085d5aff9fa18b2faa4623	6	1	1	6	1	0.0	1	0.0	1	3.0	1	-2.0	1	5.0	1	-5.0	8.0	-7.0	false	false		
rf1	10908	/ZPOOL/data/projects/rf1-sra/stimuli/Scan-Card_Guessing_Game/logs/10908/sub10908_SR-Ratings-1.csv	unique	1	/ZPOOL/data/projects/rf1-sra/stimuli/Scan-Card_Guessing_Game/logs/10908/sub10908_SR-Ratings-1.csv	429b0b40919ee65ba93520a9fac692b934fc028a976b0cba43fa080ded24d40a	6	1	1	6	1	2.0	1	1.0	1	2.0	1	1.0	1	5.0	1	5.0	9.0	7.0	false	false		
rf1	10913	/ZPOOL/data/projects/rf1-sra/stimuli/Scan-Card_Guessing_Game/logs/10913/sub10913_SR-Ratings-1.csv	unique	1	/ZPOOL/data/projects/rf1-sra/stimuli/Scan-Card_Guessing_Game/logs/10913/sub10913_SR-Ratings-1.csv	538c59b838cae16007b401416f45770fb300639f61f5f213b5b12c0f353fb0ed	6	1	1	6	1	5.0	1	5.0	1	5.0	1	5.0	1	5.0	1	5.0	15.0	15.0	true	true	identical_ratings	
rf1	10918	/ZPOOL/data/projects/rf1-sra/stimuli/Scan-Card_Guessing_Game/logs/10918/sub10918_SR-Ratings-1.csv	unique	1	/ZPOOL/data/projects/rf1-sra/stimuli/Scan-Card_Guessing_Game/logs/10918/sub10918_SR-Ratings-1.csv	782d65795449b3440fc413becaadcff75e5549ee5871561ccfe8d100fd3abd58	6	1	1	6	1	0.0	1	0.0	1	0.0	1	0.0	1	3.0	1	-2.0	3.0	-2.0	false	false		
rf1	10919	/ZPOOL/data/projects/rf1-sra/stimuli/Scan-Card_Guessing_Game/logs/10919/sub10919_SR-Ratings-1.csv	unique	1	/ZPOOL/data/projects/rf1-sra/stimuli/Scan-Card_Guessing_Game/logs/10919/sub10919_SR-Ratings-1.csv	2e55c2be19385b9b1cb32801a40e17a469d030a35b912517fa05f9ebabc3320d	6	1	1	6	1	2.0	1	-1.0	1	3.0	1	-2.0	1	5.0	1	-3.0	10.0	-6.0	false	false		
rf1	10924	/ZPOOL/data/projects/rf1-sra/stimuli/Scan-Card_Guessing_Game/logs/10924/sub10924_SR-Ratings-1.csv	unique	1	/ZPOOL/data/projects/rf1-sra/stimuli/Scan-Card_Guessing_Game/logs/10924/sub10924_SR-Ratings-1.csv	94d501297e3db99327758c5fb46e5165e7dcd2857ff977db596834f02765b71f	6	1	1	6	1	-1.0	1	-2.0	1	1.0	1	-1.0	1	5.0	1	3.0	5.0	0.0	false	false		
rf1	10926	/ZPOOL/data/projects/rf1-sra/stimuli/Scan-Card_Guessing_Game/logs/10926/sub10926_SR-Ratings-1.csv	unique	1	/ZPOOL/data/projects/rf1-sra/stimuli/Scan-Card_Guessing_Game/logs/10926/sub10926_SR-Ratings-1.csv	265989f24d7e5264eff969bc12acbab10fb02f64d3a065bfdf622414968de664	6	1	1	6	1	-2.0	1	-2.0	1	-1.0	1	0.0	1	3.0	1	-2.0	0.0	-4.0	false	false		
rf1	10928	/ZPOOL/data/projects/rf1-sra/stimuli/Scan-Card_Guessing_Game/logs/10928/sub10928_SR-Ratings-1.csv	unique	1	/ZPOOL/data/projects/rf1-sra/stimuli/Scan-Card_Guessing_Game/logs/10928/sub10928_SR-Ratings-1.csv	1350ce4a7e5bdd9812bf55cc77a4bff260f365696c9a42b506fb5ccf0f3956e5	6	1	1	6	1	1.0	1	0.0	1	3.0	1	0.0	1	5.0	1	0.0	9.0	0.0	false	false		
rf1	10929	/ZPOOL/data/projects/rf1-sra/stimuli/Scan-Card_Guessing_Game/logs/10929/sub10929_SR-Ratings-1.csv	unique	1	/ZPOOL/data/projects/rf1-sra/stimuli/Scan-Card_Guessing_Game/logs/10929/sub10929_SR-Ratings-1.csv	cd24d5af3b2712e8ad0588a6b3b4360c6b95e73be0a334dfd32009697c1cdf3a	6	1	1	6	1	5.0	1	0.0	1	5.0	1	-3.0	1	5.0	1	-5.0	15.0	-8.0	false	false		
rf1	10930	/ZPOOL/data/projects/rf1-sra/stimuli/Scan-Card_Guessing_Game/logs/10930/sub10930_SR-Ratings-1.csv	unique	1	/ZPOOL/data/projects/rf1-sra/stimuli/Scan-Card_Guessing_Game/logs/10930/sub10930_SR-Ratings-1.csv	c80ff026c1f8d4a00b05993b4367be226d84522c80db3d8f5b984d5073424533	6	1	1	6	1	5.0	1	-1.0	1	5.0	1	-3.0	1	5.0	1	-5.0	15.0	-9.0	false	false		
rf1	10938	/ZPOOL/data/projects/rf1-sra/stimuli/Scan-Card_Guessing_Game/logs/10938/sub10938_SR-Ratings-1.csv	unique	1	/ZPOOL/data/projects/rf1-sra/stimuli/Scan-Card_Guessing_Game/logs/10938/sub10938_SR-Ratings-1.csv	538c59b838cae16007b401416f45770fb300639f61f5f213b5b12c0f353fb0ed	6	1	1	6	1	5.0	1	5.0	1	5.0	1	5.0	1	5.0	1	5.0	15.0	15.0	true	true	identical_ratings	
rf1	10940	/ZPOOL/data/projects/rf1-sra/stimuli/Scan-Card_Guessing_Game/logs/10940/sub10940_SR-Ratings-1.csv	unique	1	/ZPOOL/data/projects/rf1-sra/stimuli/Scan-Card_Guessing_Game/logs/10940/sub10940_SR-Ratings-1.csv	b37c27bf5f30244d93581ae81b15a34b8dbbeedb5f536caf9ae087d160feac90	6	1	1	6	1	2.0	1	2.0	1	0.0	1	0.0	1	-2.0	1	3.0	0.0	5.0	false	true	loss_sum_greater_than_win_sum	
rf1	10950	/ZPOOL/data/projects/rf1-sra/stimuli/Scan-Card_Guessing_Game/logs/10950/sub10950_SR-Ratings-2.csv	unique	1	/ZPOOL/data/projects/rf1-sra/stimuli/Scan-Card_Guessing_Game/logs/10950/sub10950_SR-Ratings-2.csv	4d303ae454d0d0838ea417cd63ec51c463cbcb95192abb932b66df306134b934	6	1	1	6	1	0.0	1	0.0	1	0.0	1	0.0	1	2.0	1	-3.0	2.0	-3.0	false	false		
rf1	10951	/ZPOOL/data/projects/rf1-sra/stimuli/Scan-Card_Guessing_Game/logs/10951/sub10951_SR-Ratings-1.csv	unique	1	/ZPOOL/data/projects/rf1-sra/stimuli/Scan-Card_Guessing_Game/logs/10951/sub10951_SR-Ratings-1.csv	5050f6e19816df00d39ebdcc46e3fc1f264ba47d2fe6f8b70665034780f71367	6	1	1	6	1	1.0	1	-1.0	1	2.0	1	-1.0	1	5.0	1	-5.0	8.0	-7.0	false	false		
rf1	10952	/ZPOOL/data/projects/rf1-sra/stimuli/Scan-Card_Guessing_Game/logs/10952/sub10952_SR-Ratings-1.csv	unique	1	/ZPOOL/data/projects/rf1-sra/stimuli/Scan-Card_Guessing_Game/logs/10952/sub10952_SR-Ratings-1.csv	22393c3e6815db4308347236345ec0b7f7faadc2745967dfe02ff96d6dbb2f0f	6	1	1	6	1	0.0	1	0.0	1	5.0	1	0.0	1	5.0	1	0.0	10.0	0.0	false	false		
rf1	10953	/ZPOOL/data/projects/rf1-sra/stimuli/Scan-Card_Guessing_Game/logs/10953/sub10953_SR-Ratings-1.csv	unique	1	/ZPOOL/data/projects/rf1-sra/stimuli/Scan-Card_Guessing_Game/logs/10953/sub10953_SR-Ratings-1.csv	4b8c588f9df9e4f29ab72f7cbd47dc67828513163a71fd41e731a8c8af097c1e	6	1	1	6	1	5.0	1	0.0	1	5.0	1	0.0	1	5.0	1	0.0	15.0	0.0	false	false		
rf1	10954	/ZPOOL/data/projects/rf1-sra/stimuli/Scan-Card_Guessing_Game/logs/10954/sub10954_SR-Ratings-1.csv	unique	1	/ZPOOL/data/projects/rf1-sra/stimuli/Scan-Card_Guessing_Game/logs/10954/sub10954_SR-Ratings-1.csv	ce4845b47d9c940fd29620d53ad571310e49cdcc8c40abe4e9087d82265d42b6	6	1	1	6	1	4.0	1	0.0	1	5.0	1	-1.0	1	0.0	1	4.0	9.0	3.0	false	false		
rf1	10956	/ZPOOL/data/projects/rf1-sra/stimuli/Scan-Card_Guessing_Game/logs/10956/sub10956_SR-Ratings-1.csv	unique	1	/ZPOOL/data/projects/rf1-sra/stimuli/Scan-Card_Guessing_Game/logs/10956/sub10956_SR-Ratings-1.csv	6577fa9746a1d9e1cf794a2d5765226a6bbf920a4665758ee74bb871861c7f46	6	1	1	6	1	0.0	1	-5.0	1	5.0	1	-5.0	1	5.0	1	-5.0	10.0	-15.0	false	false		
rf1	10958	/ZPOOL/data/projects/rf1-sra/stimuli/Scan-Card_Guessing_Game/logs/10958/sub10958_SR-Ratings-1.csv	unique	1	/ZPOOL/data/projects/rf1-sra/stimuli/Scan-Card_Guessing_Game/logs/10958/sub10958_SR-Ratings-1.csv	30e8da8128243aacbe90b52aef63e7cc181315c2c215dc4791bd00f7f0308024	6	1	1	6	1	-2.0	1	2.0	1	2.0	1	-1.0	1	5.0	1	0.0	5.0	1.0	false	false		
rf1	10961	/ZPOOL/data/projects/rf1-sra/stimuli/Scan-Card_Guessing_Game/logs/10961/sub10961_SR-Ratings-1.csv	unique	1	/ZPOOL/data/projects/rf1-sra/stimuli/Scan-Card_Guessing_Game/logs/10961/sub10961_SR-Ratings-1.csv	196624068d88027e449e4f4be8da669acd2617770d610ccfe8e2c792ccb76327	6	1	1	6	1	5.0	1	-1.0	1	5.0	1	-3.0	1	4.0	1	-5.0	14.0	-9.0	false	false		
rf1	10964	/ZPOOL/data/projects/rf1-sra/stimuli/Scan-Card_Guessing_Game/logs/10964/sub10964_SR-Ratings-1.csv	unique	1	/ZPOOL/data/projects/rf1-sra/stimuli/Scan-Card_Guessing_Game/logs/10964/sub10964_SR-Ratings-1.csv	bab0072142757ff497487b053b3d780fa47a0ee7681fd83707edf9f3b5bc1c6f	6	1	1	6	1	4.0	1	-3.0	1	2.0	1	-3.0	1	0.0	1	-3.0	6.0	-9.0	false	false		
rf1	10966	/ZPOOL/data/projects/rf1-sra/stimuli/Scan-Card_Guessing_Game/logs/10966/sub10966_SR-Ratings-1.csv	unique	1	/ZPOOL/data/projects/rf1-sra/stimuli/Scan-Card_Guessing_Game/logs/10966/sub10966_SR-Ratings-1.csv	072b491f55720485cedb8744a5629057c8f796408866356b3a07458d26aa05e4	6	1	1	6	1	0.0	1	0.0	1	2.0	1	0.0	1	4.0	1	-4.0	6.0	-4.0	false	false		
rf1	10969	/ZPOOL/data/projects/rf1-sra/stimuli/Scan-Card_Guessing_Game/logs/10969/sub10969_SR-Ratings-1.csv	unique	1	/ZPOOL/data/projects/rf1-sra/stimuli/Scan-Card_Guessing_Game/logs/10969/sub10969_SR-Ratings-1.csv	778fdfef0165f4a7ec12001f2510bedd5980c4e14abc88fcbe4df7b41df8fbfa	6	1	1	6	1	0.0	1	0.0	1	0.0	1	0.0	1	5.0	1	-5.0	5.0	-5.0	false	false		
rf1	10974	/ZPOOL/data/projects/rf1-sra/stimuli/Scan-Card_Guessing_Game/logs/10974/sub10974_SR-Ratings-1.csv	unique	1	/ZPOOL/data/projects/rf1-sra/stimuli/Scan-Card_Guessing_Game/logs/10974/sub10974_SR-Ratings-1.csv	c8db7582357ab91cf6b9498db52fb35b8bf2b088d0c083a99ce24e3c8719b189	13	2	2	6	1	2.0	1	0.0	1	3.0	1	-1.0	1	5.0	1	-4.0	10.0	-5.0	false	false		selected_last_complete_block:2_of_2
rf1	10977		missing	0			0	0		0																true	missing_ratings_file	
rf1	10979	/ZPOOL/data/projects/rf1-sra/stimuli/Scan-Card_Guessing_Game/logs/10979/sub10979_SR-Ratings-1.csv	unique	1	/ZPOOL/data/projects/rf1-sra/stimuli/Scan-Card_Guessing_Game/logs/10979/sub10979_SR-Ratings-1.csv	6442f39964c7df5daafb5ab2177d8e57f6c93b3a4e78b66c0b186d9d63e0ab5b	6	1	1	6	1	2.0	1	-1.0	1	1.0	1	0.0	1	4.0	1	-5.0	7.0	-6.0	false	false		
rf1	10983	/ZPOOL/data/projects/rf1-sra/stimuli/Scan-Card_Guessing_Game/logs/10983/sub10983_SR-Ratings-1.csv	unique	1	/ZPOOL/data/projects/rf1-sra/stimuli/Scan-Card_Guessing_Game/logs/10983/sub10983_SR-Ratings-1.csv	b64bc7b34c73a5c3e112f7cf152dd0db151b9d67811107c2d87ddcb1d153a0ea	6	1	1	6	1	0.0	1	-5.0	1	2.0	1	-1.0	1	5.0	1	0.0	7.0	-6.0	false	false		
rf1	10984	/ZPOOL/data/projects/rf1-sra/stimuli/Scan-Card_Guessing_Game/logs/10984/sub10984_SR-Ratings-2.csv	unique	1	/ZPOOL/data/projects/rf1-sra/stimuli/Scan-Card_Guessing_Game/logs/10984/sub10984_SR-Ratings-2.csv	5b9ec150d1ffcb8014df126ddf4bc98b690dba79f7b0864090c29bb0fd7e1048	6	1	1	6	1	5.0	1	-5.0	1	5.0	1	-5.0	1	0.0	1	5.0	10.0	-5.0	false	false		
rf1	10998	/ZPOOL/data/projects/rf1-sra/stimuli/Scan-Card_Guessing_Game/logs/10998/sub10998_SR-Ratings-2.csv	unique	1	/ZPOOL/data/projects/rf1-sra/stimuli/Scan-Card_Guessing_Game/logs/10998/sub10998_SR-Ratings-2.csv	653ca8d697670376423d99cfd642141287103fa80ef47576e7a0c15f8d8fd9db	6	1	1	6	1	-2.0	1	-2.0	1	0.0	1	0.0	1	5.0	1	-3.0	3.0	-5.0	false	false		
rf1	11005	/ZPOOL/data/projects/rf1-sra/stimuli/Scan-Card_Guessing_Game/logs/11005/sub11005_SR-Ratings-1.csv	unique	1	/ZPOOL/data/projects/rf1-sra/stimuli/Scan-Card_Guessing_Game/logs/11005/sub11005_SR-Ratings-1.csv	c31c5597029712e8667eba8438f19a508977eae28819be9b62201d45eee7bbc7	13	2	2	6	1	4.0	1	-5.0	1	5.0	1	-5.0	1	5.0	1	-5.0	14.0	-15.0	false	false		selected_last_complete_block:2_of_2
rf1	11007	/ZPOOL/data/projects/rf1-sra/stimuli/Scan-Card_Guessing_Game/logs/11007/sub11007_SR-Ratings-1.csv	unique	1	/ZPOOL/data/projects/rf1-sra/stimuli/Scan-Card_Guessing_Game/logs/11007/sub11007_SR-Ratings-1.csv	a68b858f37f4660ee4893d6aba45c940ad0de5ac16290fa44584f2e20e9d298d	6	1	1	6	1	0.0	1	0.0	1	0.0	1	-1.0	1	5.0	1	-2.0	5.0	-3.0	false	false		
rf1	11012	/ZPOOL/data/projects/rf1-sra/stimuli/Scan-Card_Guessing_Game/logs/11012/sub11012_SR-Ratings-1.csv	unique	1	/ZPOOL/data/projects/rf1-sra/stimuli/Scan-Card_Guessing_Game/logs/11012/sub11012_SR-Ratings-1.csv	ccb261cd85a60dc73ad3f9433c957578f335385191db97e0cdc5948e019a571c	6	1	1	6	1	5.0	1	-5.0	1	5.0	1	-2.0	1	5.0	1	-5.0	15.0	-12.0	false	false		
rf1	11016	/ZPOOL/data/projects/rf1-sra/stimuli/Scan-Card_Guessing_Game/logs/11016/sub11016_SR-Ratings-1.csv	unique	1	/ZPOOL/data/projects/rf1-sra/stimuli/Scan-Card_Guessing_Game/logs/11016/sub11016_SR-Ratings-1.csv	36cf95112ce7e40936a8e6578a9017d4d9304a05f480242b955bacdf6cccd52a	6	1	1	6	1	1.0	1	-1.0	1	4.0	1	-2.0	1	5.0	1	-3.0	10.0	-6.0	false	false		
rf1	11021	/ZPOOL/data/projects/rf1-sra/stimuli/Scan-Card_Guessing_Game/logs/11021/sub11021_SR-Ratings-1.csv	unique	1	/ZPOOL/data/projects/rf1-sra/stimuli/Scan-Card_Guessing_Game/logs/11021/sub11021_SR-Ratings-1.csv	5faa1cf7545ae6872990d8a52ae23ca177f1c8a851649adf085903edfb10aebb	6	1	1	6	1	5.0	1	0.0	1	3.0	1	-2.0	1	5.0	1	-4.0	13.0	-6.0	false	false		
rf1	11030	/ZPOOL/data/projects/rf1-sra/stimuli/Scan-Card_Guessing_Game/logs/11030/sub11030_SR-Ratings-2.csv	unique	1	/ZPOOL/data/projects/rf1-sra/stimuli/Scan-Card_Guessing_Game/logs/11030/sub11030_SR-Ratings-2.csv	4850bd54ba72f49d647e780b914ac7bb4c86b3440186253e44df609785e207ee	6	1	1	6	1	2.0	1	-1.0	1	1.0	1	-2.0	1	2.0	1	-3.0	5.0	-6.0	false	false		
rf1	11031	/ZPOOL/data/projects/rf1-sra/stimuli/Scan-Card_Guessing_Game/logs/11031/sub11031_SR-Ratings-1.csv	unique	1	/ZPOOL/data/projects/rf1-sra/stimuli/Scan-Card_Guessing_Game/logs/11031/sub11031_SR-Ratings-1.csv	d793931248d729ade4c2f021c7a82914c3024b5359b294fce7d7a759a765df5d	6	1	1	6	1	2.0	1	-5.0	1	3.0	1	-4.0	1	5.0	1	-4.0	10.0	-13.0	false	false		
rf1	11036	/ZPOOL/data/projects/rf1-sra/stimuli/Scan-Card_Guessing_Game/logs/11036/sub11036_SR-Ratings-1.csv	unique	1	/ZPOOL/data/projects/rf1-sra/stimuli/Scan-Card_Guessing_Game/logs/11036/sub11036_SR-Ratings-1.csv	10d21c5651bcda6ce33c7159e671d11e291a07f029ce8279f9c010b4cbeef584	6	1	1	6	1	2.0	1	-2.0	1	2.0	1	-3.0	1	5.0	1	2.0	9.0	-3.0	false	false		
rf1	11039	/ZPOOL/data/projects/rf1-sra/stimuli/Scan-Card_Guessing_Game/logs/11039/sub11039_SR-Ratings-1.csv	unique	1	/ZPOOL/data/projects/rf1-sra/stimuli/Scan-Card_Guessing_Game/logs/11039/sub11039_SR-Ratings-1.csv	137072b115cb2200a397fa4b960911175e2949a7509b72aa2fc2cec984d8968f	6	1	1	6	1	-5.0	1	-5.0	1	4.0	1	-5.0	1	5.0	1	-5.0	4.0	-15.0	false	false		
rf1	11042	/ZPOOL/data/projects/rf1-sra/stimuli/Scan-Card_Guessing_Game/logs/11042/sub11042_SR-Ratings-2.csv	unique	1	/ZPOOL/data/projects/rf1-sra/stimuli/Scan-Card_Guessing_Game/logs/11042/sub11042_SR-Ratings-2.csv	02d33d13dd49ebab550ce72d3d73451fce912939a0337c7262b3d5cb04c8b9c0	6	1	1	6	1	0.0	1	0.0	1	0.0	1	0.0	1	4.0	1	-3.0	4.0	-3.0	false	false		
rf1	11053	/ZPOOL/data/projects/rf1-sra/stimuli/Scan-Card_Guessing_Game/logs/11053/sub11053_SR-Ratings-1.csv	unique	1	/ZPOOL/data/projects/rf1-sra/stimuli/Scan-Card_Guessing_Game/logs/11053/sub11053_SR-Ratings-1.csv	92a5003559de281acb02ae3b0ce871575a43b9c7f0f36208545cfe3cca6d3f37	6	1	1	6	1	0.0	1	-1.0	1	3.0	1	-2.0	1	5.0	1	-5.0	8.0	-8.0	false	false		
rf1	11058	/ZPOOL/data/projects/rf1-sra/stimuli/Scan-Card_Guessing_Game/logs/11058/sub11058_SR-Ratings-1.csv	unique	1	/ZPOOL/data/projects/rf1-sra/stimuli/Scan-Card_Guessing_Game/logs/11058/sub11058_SR-Ratings-1.csv	55162a3aae137d9618406680391d35bcd25456049b69bd55299ff8496fde9f7c	6	1	1	6	1	5.0	1	-4.0	1	5.0	1	-4.0	1	5.0	1	-5.0	15.0	-13.0	false	false		
rf1	11060	/ZPOOL/data/projects/rf1-sra/stimuli/Scan-Card_Guessing_Game/logs/11060/sub11060_SR-Ratings-1.csv	unique	1	/ZPOOL/data/projects/rf1-sra/stimuli/Scan-Card_Guessing_Game/logs/11060/sub11060_SR-Ratings-1.csv	d68c476f79daf35971da0a2ae8fee87a48545e73dbfe3218663f75db07068606	6	1	1	6	1	0.0	1	0.0	1	0.0	1	0.0	1	5.0	1	-3.0	5.0	-3.0	false	false		
rf1	11063	/ZPOOL/data/projects/rf1-sra/stimuli/Scan-Card_Guessing_Game/logs/11063/sub11063_SR-Ratings-1.csv	unique	1	/ZPOOL/data/projects/rf1-sra/stimuli/Scan-Card_Guessing_Game/logs/11063/sub11063_SR-Ratings-1.csv	2cbd467aea883566243aba2ff7702840ca43b8722394303e7715af0851490d70	6	1	1	6	1	3.0	1	-1.0	1	3.0	1	-2.0	1	5.0	1	-4.0	11.0	-7.0	false	false		
rf1	11064	/ZPOOL/data/projects/rf1-sra/stimuli/Scan-Card_Guessing_Game/logs/11064/sub11064_SR-Ratings-1.csv	unique	1	/ZPOOL/data/projects/rf1-sra/stimuli/Scan-Card_Guessing_Game/logs/11064/sub11064_SR-Ratings-1.csv	98bd63ab66cb0489d6f2ea10c358fd9934b92ef60cbdca8d84bdf6c7fdc94e5f	6	1	1	6	1	5.0	1	-5.0	1	0.0	1	-4.0	1	5.0	1	-2.0	10.0	-11.0	false	false		
rf1	11065	/ZPOOL/data/projects/rf1-sra/stimuli/Scan-Card_Guessing_Game/logs/11065/sub11065_SR-Ratings-1.csv	unique	1	/ZPOOL/data/projects/rf1-sra/stimuli/Scan-Card_Guessing_Game/logs/11065/sub11065_SR-Ratings-1.csv	3e45ef506d4faa1ac592b4f7d04660f2bc0206af4d34990007133260c4110874	13	2	2	6	1	2.0	1	-5.0	1	0.0	1	0.0	1	5.0	1	-3.0	7.0	-8.0	false	false		selected_last_complete_block:2_of_2
rf1	11066	/ZPOOL/data/projects/rf1-sra/stimuli/Scan-Card_Guessing_Game/logs/11066/sub11066_SR-Ratings-1.csv	unique	1	/ZPOOL/data/projects/rf1-sra/stimuli/Scan-Card_Guessing_Game/logs/11066/sub11066_SR-Ratings-1.csv	2610ee97dbb1622ad0250536e0c67c223517e03f345e9f588eb1a42d9d6be478	6	1	1	6	1	3.0	1	-3.0	1	2.0	1	-3.0	1	5.0	1	-2.0	10.0	-8.0	false	false		
rf1	11068	/ZPOOL/data/projects/rf1-sra/stimuli/Scan-Card_Guessing_Game/logs/11068/sub11068_SR-Ratings-1.csv	unique	1	/ZPOOL/data/projects/rf1-sra/stimuli/Scan-Card_Guessing_Game/logs/11068/sub11068_SR-Ratings-1.csv	95416019adefbc53546e25a0900f45055cd4c86ae13863633f2ffdd30aef6752	6	1	1	6	1	0.0	1	0.0	1	4.0	1	0.0	1	4.0	1	4.0	8.0	4.0	false	false		
rf1	11071	/ZPOOL/data/projects/rf1-sra/stimuli/Scan-Card_Guessing_Game/logs/11071/sub11071_SR-Ratings-1.csv	unique	1	/ZPOOL/data/projects/rf1-sra/stimuli/Scan-Card_Guessing_Game/logs/11071/sub11071_SR-Ratings-1.csv	d0acb18d4da3b0621b6bc76d585577df5dcc87f71fb629a063918625ac7dcc46	6	1	1	6	1	0.0	1	0.0	1	0.0	1	0.0	1	0.0	1	0.0	0.0	0.0	true	true	identical_ratings	
rf1	11072	/ZPOOL/data/projects/rf1-sra/stimuli/Scan-Card_Guessing_Game/logs/11072/sub11072_SR-Ratings-2.csv	unique	1	/ZPOOL/data/projects/rf1-sra/stimuli/Scan-Card_Guessing_Game/logs/11072/sub11072_SR-Ratings-2.csv	878aee25b72a3bcc3066518ffb19c2c01c070b74fab27dc964755754c05e1e72	6	1	1	6	1	0.0	1	0.0	1	0.0	1	0.0	1	5.0	1	0.0	5.0	0.0	false	false		
rf1	11074	/ZPOOL/data/projects/rf1-sra/stimuli/Scan-Card_Guessing_Game/logs/11074/sub11074_SR-Ratings-1.csv	unique	1	/ZPOOL/data/projects/rf1-sra/stimuli/Scan-Card_Guessing_Game/logs/11074/sub11074_SR-Ratings-1.csv	878aee25b72a3bcc3066518ffb19c2c01c070b74fab27dc964755754c05e1e72	6	1	1	6	1	0.0	1	0.0	1	0.0	1	0.0	1	5.0	1	0.0	5.0	0.0	false	false		
rf1	11075	/ZPOOL/data/projects/rf1-sra/stimuli/Scan-Card_Guessing_Game/logs/11075/sub11075_SR-Ratings-1.csv	unique	1	/ZPOOL/data/projects/rf1-sra/stimuli/Scan-Card_Guessing_Game/logs/11075/sub11075_SR-Ratings-1.csv	d842d91cfc68672bb287e4568b173d1a654255198a72bd958dbd5875a2e87cb5	6	1	1	6	1	2.0	1	-5.0	1	3.0	1	0.0	1	5.0	1	-4.0	10.0	-9.0	false	false		
rf1	11076	/ZPOOL/data/projects/rf1-sra/stimuli/Scan-Card_Guessing_Game/logs/11076/sub11076_SR-Ratings-1.csv	unique	1	/ZPOOL/data/projects/rf1-sra/stimuli/Scan-Card_Guessing_Game/logs/11076/sub11076_SR-Ratings-1.csv	37c22d5fb2de651f400a950a416b08103648e95f3cf97ba3a9114b2265b8dad8	6	1	1	6	1	0.0	1	0.0	1	5.0	1	-3.0	1	5.0	1	-2.0	10.0	-5.0	false	false		
rf1	11078	/ZPOOL/data/projects/rf1-sra/stimuli/Scan-Card_Guessing_Game/logs/11078/sub11078_SR-Ratings-1.csv	unique	1	/ZPOOL/data/projects/rf1-sra/stimuli/Scan-Card_Guessing_Game/logs/11078/sub11078_SR-Ratings-1.csv	906e92bc39fc0f03a24b4d2e038bbfd46e3d42be90bd8dcf2d6affb548d1f1e7	6	1	1	6	1	0.0	1	0.0	1	3.0	1	0.0	1	4.0	1	-3.0	7.0	-3.0	false	false		
rf1	11083	/ZPOOL/data/projects/rf1-sra/stimuli/Scan-Card_Guessing_Game/logs/11083/sub11083_SR-Ratings-1.csv	unique	1	/ZPOOL/data/projects/rf1-sra/stimuli/Scan-Card_Guessing_Game/logs/11083/sub11083_SR-Ratings-1.csv	30fae9c98eb3b94b394269a4d74fc952c0a1cd071cb7392089f12d441678ea6b	6	1	1	6	1	0.0	1	-2.0	1	-2.0	1	0.0	1	5.0	1	1.0	3.0	-1.0	false	false		
rf1	11084	/ZPOOL/data/projects/rf1-sra/stimuli/Scan-Card_Guessing_Game/logs/11084/sub11084_SR-Ratings-1.csv	unique	1	/ZPOOL/data/projects/rf1-sra/stimuli/Scan-Card_Guessing_Game/logs/11084/sub11084_SR-Ratings-1.csv	778fdfef0165f4a7ec12001f2510bedd5980c4e14abc88fcbe4df7b41df8fbfa	6	1	1	6	1	0.0	1	0.0	1	0.0	1	0.0	1	5.0	1	-5.0	5.0	-5.0	false	false		
rf1	11085	/ZPOOL/data/projects/rf1-sra/stimuli/Scan-Card_Guessing_Game/logs/11085/sub11085_SR-Ratings-1.csv	unique	1	/ZPOOL/data/projects/rf1-sra/stimuli/Scan-Card_Guessing_Game/logs/11085/sub11085_SR-Ratings-1.csv	d0acb18d4da3b0621b6bc76d585577df5dcc87f71fb629a063918625ac7dcc46	6	1	1	6	1	0.0	1	0.0	1	0.0	1	0.0	1	0.0	1	0.0	0.0	0.0	true	true	identical_ratings	
rf1	11090	/ZPOOL/data/projects/rf1-sra/stimuli/Scan-Card_Guessing_Game/logs/11090/sub11090_SR-Ratings-1.csv	unique	1	/ZPOOL/data/projects/rf1-sra/stimuli/Scan-Card_Guessing_Game/logs/11090/sub11090_SR-Ratings-1.csv	b05397b9c6be59dcc09297739d3c6695fa67c75550e68c85fa710028692aabe2	6	1	1	6	1	5.0	1	-3.0	1	5.0	1	-1.0	1	5.0	1	0.0	15.0	-4.0	false	false		
rf1	11110	/ZPOOL/data/projects/rf1-sra/stimuli/Scan-Card_Guessing_Game/logs/11110/sub11110_SR-Ratings-1.csv	unique	1	/ZPOOL/data/projects/rf1-sra/stimuli/Scan-Card_Guessing_Game/logs/11110/sub11110_SR-Ratings-1.csv	d68c476f79daf35971da0a2ae8fee87a48545e73dbfe3218663f75db07068606	6	1	1	6	1	0.0	1	0.0	1	0.0	1	0.0	1	5.0	1	-3.0	5.0	-3.0	false	false		
rf1	11113	/ZPOOL/data/projects/rf1-sra/stimuli/Scan-Card_Guessing_Game/logs/11113/sub11113_SR-Ratings-1.csv	unique	1	/ZPOOL/data/projects/rf1-sra/stimuli/Scan-Card_Guessing_Game/logs/11113/sub11113_SR-Ratings-1.csv	fbf0067b08e49ecc2f021ef24087558527f6e1081bcffb880c46323b482fe710	6	1	1	6	1	3.0	1	-2.0	1	2.0	1	0.0	1	5.0	1	-3.0	10.0	-5.0	false	false		
rf1	11116	/ZPOOL/data/projects/rf1-sra/stimuli/Scan-Card_Guessing_Game/logs/11116/sub11116_SR-Ratings-1.csv	unique	1	/ZPOOL/data/projects/rf1-sra/stimuli/Scan-Card_Guessing_Game/logs/11116/sub11116_SR-Ratings-1.csv	664ecda9b20bca29b8641062c5a9ee05a20e2cde77496fe41962340c0f99a136	6	1	1	6	1	5.0	1	0.0	1	2.0	1	0.0	1	4.0	1	-3.0	11.0	-3.0	false	false		
rf1	11120	/ZPOOL/data/projects/rf1-sra/stimuli/Scan-Card_Guessing_Game/logs/11120/sub11120_SR-Ratings-2.csv	unique	1	/ZPOOL/data/projects/rf1-sra/stimuli/Scan-Card_Guessing_Game/logs/11120/sub11120_SR-Ratings-2.csv	ef7f8db79e05a7c2655ba82f7e84414d1991093bcd1e1a6dde7e0c610669cd87	6	1	1	6	1	4.0	1	0.0	1	2.0	1	0.0	1	0.0	1	-2.0	6.0	-2.0	false	false		
rf1	11125	/ZPOOL/data/projects/rf1-sra/stimuli/Scan-Card_Guessing_Game/logs/11125/sub11125_SR-Ratings-1.csv	unique	1	/ZPOOL/data/projects/rf1-sra/stimuli/Scan-Card_Guessing_Game/logs/11125/sub11125_SR-Ratings-1.csv	a13ef62cc9e73c2d0c13708b343bab0a3f8813e61c3210e30797090191314df8	6	1	1	6	1	-2.0	1	-1.0	1	0.0	1	0.0	1	0.0	1	0.0	-2.0	-1.0	false	true	loss_sum_greater_than_win_sum	
rf1	11126	/ZPOOL/data/projects/rf1-sra/stimuli/Scan-Card_Guessing_Game/logs/11126/sub11126_SR-Ratings-1.csv	unique	1	/ZPOOL/data/projects/rf1-sra/stimuli/Scan-Card_Guessing_Game/logs/11126/sub11126_SR-Ratings-1.csv	213c6dc366c8a5387423c2cbf235f89c6d0e4daaa645419ce6eba1df30fdc5e4	6	1	1	6	1	0.0	1	-1.0	1	1.0	1	1.0	1	2.0	1	0.0	3.0	0.0	false	false		
rf1	11128	/ZPOOL/data/projects/rf1-sra/stimuli/Scan-Card_Guessing_Game/logs/11128/sub11128_SR-Ratings-1.csv	unique	1	/ZPOOL/data/projects/rf1-sra/stimuli/Scan-Card_Guessing_Game/logs/11128/sub11128_SR-Ratings-1.csv	1ab2743692464ed2982675ec7cfc9d35b285a5d777665a3431bd632d2d0113bd	6	1	1	6	1	4.0	1	-4.0	1	4.0	1	-4.0	1	5.0	1	-4.0	13.0	-12.0	false	false		
rf1	11134	/ZPOOL/data/projects/rf1-sra/stimuli/Scan-Card_Guessing_Game/logs/11134/sub11134_SR-Ratings-1.csv	unique	1	/ZPOOL/data/projects/rf1-sra/stimuli/Scan-Card_Guessing_Game/logs/11134/sub11134_SR-Ratings-1.csv	4ba2e44aba7b4c84400d2456195be6aaa2a34dda13f32b18facceae31505469b	6	1	1	6	1	3.0	1	5.0	1	-1.0	1	5.0	1	0.0	1	5.0	2.0	15.0	false	true	loss_sum_greater_than_win_sum	
rf1	11139	/ZPOOL/data/projects/rf1-sra/stimuli/Scan-Card_Guessing_Game/logs/11139/sub11139_SR-Ratings-1.csv	unique	1	/ZPOOL/data/projects/rf1-sra/stimuli/Scan-Card_Guessing_Game/logs/11139/sub11139_SR-Ratings-1.csv	106890873308fe4facf8a28533c4a38aac4cf6a4a354941875b5df9f68014168	6	1	1	6	1	-5.0	1	-3.0	1	1.0	1	-2.0	1	5.0	1	-5.0	1.0	-10.0	false	false		
rf1	11145	/ZPOOL/data/projects/rf1-sra/stimuli/Scan-Card_Guessing_Game/logs/11145/sub11145_SR-Ratings-1.csv	unique	1	/ZPOOL/data/projects/rf1-sra/stimuli/Scan-Card_Guessing_Game/logs/11145/sub11145_SR-Ratings-1.csv	2746ace9873f4b631dfed3184000c56209a5b6a1e1d38ae78f96565cf4dcc1d3	6	1	1	6	1	0.0	1	0.0	1	0.0	1	0.0	1	5.0	1	5.0	5.0	5.0	false	false		
rf1	11164	/ZPOOL/data/projects/rf1-sra/stimuli/Scan-Card_Guessing_Game/logs/11164/sub11164_SR-Ratings-1.csv	unique	1	/ZPOOL/data/projects/rf1-sra/stimuli/Scan-Card_Guessing_Game/logs/11164/sub11164_SR-Ratings-1.csv	66cda9245a9d72247afd8fdc12a588041571874fdea550807e70a8dbdc0ceb6f	6	1	1	6	1	0.0	1	0.0	1	0.0	1	-1.0	1	1.0	1	1.0	1.0	0.0	false	false		
rf1	11167	/ZPOOL/data/projects/rf1-sra/stimuli/Scan-Card_Guessing_Game/logs/11167/sub11167_SR-Ratings-1.csv	unique	1	/ZPOOL/data/projects/rf1-sra/stimuli/Scan-Card_Guessing_Game/logs/11167/sub11167_SR-Ratings-1.csv	6577fa9746a1d9e1cf794a2d5765226a6bbf920a4665758ee74bb871861c7f46	6	1	1	6	1	0.0	1	-5.0	1	5.0	1	-5.0	1	5.0	1	-5.0	10.0	-15.0	false	false		
rf1	11168	/ZPOOL/data/projects/rf1-sra/stimuli/Scan-Card_Guessing_Game/logs/11168/sub11168_SR-Ratings-1.csv	unique	1	/ZPOOL/data/projects/rf1-sra/stimuli/Scan-Card_Guessing_Game/logs/11168/sub11168_SR-Ratings-1.csv	f26969e0d7593efd80ca4daaedb1ce6656c666297bb4e57faab4956def88e3d8	6	1	1	6	1	1.0	1	-2.0	1	2.0	1	-2.0	1	4.0	1	-2.0	7.0	-6.0	false	false		
rf1	11171	/ZPOOL/data/projects/rf1-sra/stimuli/Scan-Card_Guessing_Game/logs/11171/sub11171_SR-Ratings-1.csv	unique	1	/ZPOOL/data/projects/rf1-sra/stimuli/Scan-Card_Guessing_Game/logs/11171/sub11171_SR-Ratings-1.csv	e4d75c1b0b83edf665e0cafe00e5112caa3ddb13d8788223e87661b56f18f35c	6	1	1	6	1	0.0	1	0.0	1	-1.0	1	0.0	1	4.0	1	-2.0	3.0	-2.0	false	false		
rf1	11177	/ZPOOL/data/projects/rf1-sra/stimuli/Scan-Card_Guessing_Game/logs/11177/sub11177_SR-Ratings-1.csv	unique	1	/ZPOOL/data/projects/rf1-sra/stimuli/Scan-Card_Guessing_Game/logs/11177/sub11177_SR-Ratings-1.csv	3f2d186483e4d4123d0767fa17f92dc2684a441748148271124e60bafd3970a5	6	1	1	6	1	0.0	1	0.0	1	0.0	1	-2.0	1	2.0	1	-4.0	2.0	-6.0	false	false		
rf1	11192	/ZPOOL/data/projects/rf1-sra/stimuli/Scan-Card_Guessing_Game/logs/11192/sub11192_SR-Ratings-1.csv	unique	1	/ZPOOL/data/projects/rf1-sra/stimuli/Scan-Card_Guessing_Game/logs/11192/sub11192_SR-Ratings-1.csv	bc40957cd70b09e646fc01c764f60931bfa7cb54c925cd99b3d54ab040a207d6	6	1	1	6	1	4.0	1	0.0	1	3.0	1	-2.0	1	0.0	1	-4.0	7.0	-6.0	false	false		
rf1	11193	/ZPOOL/data/projects/rf1-sra/stimuli/Scan-Card_Guessing_Game/logs/11193/sub11193_SR-Ratings-1.csv	unique	1	/ZPOOL/data/projects/rf1-sra/stimuli/Scan-Card_Guessing_Game/logs/11193/sub11193_SR-Ratings-1.csv	4b8c588f9df9e4f29ab72f7cbd47dc67828513163a71fd41e731a8c8af097c1e	6	1	1	6	1	5.0	1	0.0	1	5.0	1	0.0	1	5.0	1	0.0	15.0	0.0	false	false		
rf1	11201	/ZPOOL/data/projects/rf1-sra/stimuli/Scan-Card_Guessing_Game/logs/11201/sub11201_SR-Ratings-1.csv	unique	1	/ZPOOL/data/projects/rf1-sra/stimuli/Scan-Card_Guessing_Game/logs/11201/sub11201_SR-Ratings-1.csv	c0882c4fda555ec9b59562e6c5ffbd91a5a43e3d8b70cc10c5ed6276f1ea26f0	6	1	1	6	1	5.0	1	-5.0	1	5.0	1	-5.0	1	5.0	1	-5.0	15.0	-15.0	false	false		
rf1	11203	/ZPOOL/data/projects/rf1-sra/stimuli/Scan-Card_Guessing_Game/logs/11203/sub11203_SR-Ratings-1.csv	unique	1	/ZPOOL/data/projects/rf1-sra/stimuli/Scan-Card_Guessing_Game/logs/11203/sub11203_SR-Ratings-1.csv	0b35768008d69d761bad3c35c88981f1e2543e6e7a60632543fd982761524ed6	6	1	1	6	1	0.0	1	2.0	1	4.0	1	0.0	1	-4.0	1	0.0	0.0	2.0	false	true	loss_sum_greater_than_win_sum	
rf1	11209	/ZPOOL/data/projects/rf1-sra/stimuli/Scan-Card_Guessing_Game/logs/11209/sub11209_SR-Ratings-1.csv	unique	1	/ZPOOL/data/projects/rf1-sra/stimuli/Scan-Card_Guessing_Game/logs/11209/sub11209_SR-Ratings-1.csv	9a2d8e980952bb59cf47a3f0098fa2dbc05c65472f770a823ddfcf3f5b83d036	6	1	1	6	1	-4.0	1	0.0	1	-5.0	1	0.0	1	4.0	1	0.0	-5.0	0.0	false	true	loss_sum_greater_than_win_sum	
rf1	11227	/ZPOOL/data/projects/rf1-sra/stimuli/Scan-Card_Guessing_Game/logs/11227/sub11227_SR-Ratings-1.csv	unique	1	/ZPOOL/data/projects/rf1-sra/stimuli/Scan-Card_Guessing_Game/logs/11227/sub11227_SR-Ratings-1.csv	6faefe963f53e56f70a35d06cd56d5ddcb8a44d01f50cb725d31ff3dda681614	6	1	1	6	1	-2.0	1	0.0	1	2.0	1	0.0	1	3.0	1	-2.0	3.0	-2.0	false	false		
rf1	11238	/ZPOOL/data/projects/rf1-sra/stimuli/Scan-Card_Guessing_Game/logs/11238/sub11238_SR-Ratings-1.csv	unique	1	/ZPOOL/data/projects/rf1-sra/stimuli/Scan-Card_Guessing_Game/logs/11238/sub11238_SR-Ratings-1.csv	7836b9c513d584f652e27492af93aa19e3a417b7122efbe799d9d8eac047e25d	6	1	1	6	1	-5.0	1	-5.0	1	2.0	1	-2.0	1	5.0	1	3.0	2.0	-4.0	false	false		
rf1	11241	/ZPOOL/data/projects/rf1-sra/stimuli/Scan-Card_Guessing_Game/logs/11241/sub11241_SR-Ratings-1.csv	unique	1	/ZPOOL/data/projects/rf1-sra/stimuli/Scan-Card_Guessing_Game/logs/11241/sub11241_SR-Ratings-1.csv	c80ff026c1f8d4a00b05993b4367be226d84522c80db3d8f5b984d5073424533	6	1	1	6	1	5.0	1	-1.0	1	5.0	1	-3.0	1	5.0	1	-5.0	15.0	-9.0	false	false		
rf1	11246	/ZPOOL/data/projects/rf1-sra/stimuli/Scan-Card_Guessing_Game/logs/11246/sub11246_SR-Ratings-1.csv	unique	1	/ZPOOL/data/projects/rf1-sra/stimuli/Scan-Card_Guessing_Game/logs/11246/sub11246_SR-Ratings-1.csv	d9ce5d7d95164bfe739ff6b570ea2c902b0e089b18404ee242e1f4a54aa79325	6	1	1	6	1	1.0	1	-4.0	1	2.0	1	-3.0	1	5.0	1	2.0	8.0	-5.0	false	false		
rf1	11276	/ZPOOL/data/projects/rf1-sra/stimuli/Scan-Card_Guessing_Game/logs/11276/sub11276_SR-Ratings-1.csv	unique	1	/ZPOOL/data/projects/rf1-sra/stimuli/Scan-Card_Guessing_Game/logs/11276/sub11276_SR-Ratings-1.csv	ff1a6c7bd708571853b111f5a7e9f796fa5c50c8d8579a3fce9cfe1042314469	6	1	1	6	1	-2.0	1	-3.0	1	-3.0	1	-2.0	1	3.0	1	3.0	-2.0	-2.0	false	false		
rf1	11286	/ZPOOL/data/projects/rf1-sra/stimuli/Scan-Card_Guessing_Game/logs/11286/sub11286_SR-Ratings-1.csv	unique	1	/ZPOOL/data/projects/rf1-sra/stimuli/Scan-Card_Guessing_Game/logs/11286/sub11286_SR-Ratings-1.csv	5add17e4dc6ba5455c2a0b9333bc6c300e5ae72e7f271eb9608d0c270de31056	6	1	1	6	1	-1.0	1	-1.0	1	3.0	1	-1.0	1	3.0	1	-3.0	5.0	-5.0	false	false		
rf1	11301	/ZPOOL/data/projects/rf1-sra/stimuli/Scan-Card_Guessing_Game/logs/11301/sub11301_SR-Ratings-1.csv	unique	1	/ZPOOL/data/projects/rf1-sra/stimuli/Scan-Card_Guessing_Game/logs/11301/sub11301_SR-Ratings-1.csv	6405b4aba0fbec9639e3206230de296caf09ae0427065eb76024db2753332340	6	1	1	6	1	-1.0	1	-1.0	1	-1.0	1	-1.0	1	5.0	1	-1.0	3.0	-3.0	false	false		
rf1	11311	/ZPOOL/data/projects/rf1-sra/stimuli/Scan-Card_Guessing_Game/logs/11311/sub11311_SR-Ratings-1.csv	unique	1	/ZPOOL/data/projects/rf1-sra/stimuli/Scan-Card_Guessing_Game/logs/11311/sub11311_SR-Ratings-1.csv	b1185d49396c9a166b726208c2ba3c4dfcb6df7d3120a46cfa9bbb01d1813dd0	6	1	1	6	1	-3.0	1	-2.0	1	0.0	1	0.0	1	5.0	1	0.0	2.0	-2.0	false	false		
rf1	11312	/ZPOOL/data/projects/rf1-sra/stimuli/Scan-Card_Guessing_Game/logs/11312/sub11312_SR-Ratings-1.csv	unique	1	/ZPOOL/data/projects/rf1-sra/stimuli/Scan-Card_Guessing_Game/logs/11312/sub11312_SR-Ratings-1.csv	fa9df60416b795dec4d223ef981958a54757a719f3f18bbb6d17cb2b77ae70e2	6	1	1	6	1	0.0	1	-2.0	1	2.0	1	-1.0	1	4.0	1	-2.0	6.0	-5.0	false	false		
rf1	11316	/ZPOOL/data/projects/rf1-sra/stimuli/Scan-Card_Guessing_Game/logs/11316/sub11316_SR-Ratings-1.csv	unique	1	/ZPOOL/data/projects/rf1-sra/stimuli/Scan-Card_Guessing_Game/logs/11316/sub11316_SR-Ratings-1.csv	2746ace9873f4b631dfed3184000c56209a5b6a1e1d38ae78f96565cf4dcc1d3	6	1	1	6	1	0.0	1	0.0	1	0.0	1	0.0	1	5.0	1	5.0	5.0	5.0	false	false		
rf1	11318	/ZPOOL/data/projects/rf1-sra/stimuli/Scan-Card_Guessing_Game/logs/11318/sub11318_SR-Ratings-1.csv	unique	1	/ZPOOL/data/projects/rf1-sra/stimuli/Scan-Card_Guessing_Game/logs/11318/sub11318_SR-Ratings-1.csv	416b45fa8883cffb650324d40a110ec993fd924ab9583c24eb6ca974126ab9f1	6	1	1	6	1	0.0	1	-5.0	1	0.0	1	0.0	1	3.0	1	-3.0	3.0	-8.0	false	false		
rf1	11321	/ZPOOL/data/projects/rf1-sra/stimuli/Scan-Card_Guessing_Game/logs/11321/sub11321_SR-Ratings-1.csv	unique	1	/ZPOOL/data/projects/rf1-sra/stimuli/Scan-Card_Guessing_Game/logs/11321/sub11321_SR-Ratings-1.csv	ed9a27074f5a9915c96e440d5b52df0ae493f1cabf079b0b7c61bf4af3af2b15	6	1	1	6	1	3.0	1	-3.0	1	5.0	1	-3.0	1	5.0	1	-3.0	13.0	-9.0	false	false		
rf1	11325	/ZPOOL/data/projects/rf1-sra/stimuli/Scan-Card_Guessing_Game/logs/11325/sub11325_SR-Ratings-.csv	unique	1	/ZPOOL/data/projects/rf1-sra/stimuli/Scan-Card_Guessing_Game/logs/11325/sub11325_SR-Ratings-.csv	914cdd031431628d343fedd339da719fc54db658c5bf7ce0489a7100ba496963	6	1	1	6	1	0.0	1	0.0	1	1.0	1	-1.0	1	4.0	1	-3.0	5.0	-4.0	false	false		
rf1	11326	/ZPOOL/data/projects/rf1-sra/stimuli/Scan-Card_Guessing_Game/logs/11326/sub11326_SR-Ratings-2.csv	unique	1	/ZPOOL/data/projects/rf1-sra/stimuli/Scan-Card_Guessing_Game/logs/11326/sub11326_SR-Ratings-2.csv	a41660ea27f8a52fe5a04e50189d6862533ae8a1dbc3212d34191ab25dcd256c	6	1	1	6	1	1.0	1	-3.0	1	4.0	1	-2.0	1	2.0	1	-5.0	7.0	-10.0	false	false		
rf1	11329	/ZPOOL/data/projects/rf1-sra/stimuli/Scan-Card_Guessing_Game/logs/11329/sub11329_SR-Ratings-1.csv	unique	1	/ZPOOL/data/projects/rf1-sra/stimuli/Scan-Card_Guessing_Game/logs/11329/sub11329_SR-Ratings-1.csv	fcef402d2d8e0f81fb8a2e87b8acabb849ce87d84fbb3e4c810a1c8ac92f6752	6	1	1	6	1	5.0	1	-5.0	1	5.0	1	-2.0	1	5.0	1	-4.0	15.0	-11.0	false	false		
rf1	11330	/ZPOOL/data/projects/rf1-sra/stimuli/Scan-Card_Guessing_Game/logs/11330/sub11330_SR-Ratings-1.csv	unique	1	/ZPOOL/data/projects/rf1-sra/stimuli/Scan-Card_Guessing_Game/logs/11330/sub11330_SR-Ratings-1.csv	2dfb333e8f5efadb4a7c6fa5228c4a7283b33935fab06b16326a686a1eb13dc3	6	1	1	6	1	4.0	1	-2.0	1	4.0	1	-2.0	1	4.0	1	-2.0	12.0	-6.0	false	false		
rf1	11337	/ZPOOL/data/projects/rf1-sra/stimuli/Scan-Card_Guessing_Game/logs/11337/sub11337_SR-Ratings-1.csv	unique	1	/ZPOOL/data/projects/rf1-sra/stimuli/Scan-Card_Guessing_Game/logs/11337/sub11337_SR-Ratings-1.csv	549738a975c55e044cdc15cf259ae27d924eeb69e221eb14160c3fd2a2fc9804	6	1	1	6	1	4.0	1	-4.0	1	4.0	1	-4.0	1	5.0	1	-5.0	13.0	-13.0	false	false		
rf1	11338	/ZPOOL/data/projects/rf1-sra/stimuli/Scan-Card_Guessing_Game/logs/11338/sub11338_SR-Ratings-1.csv	unique	1	/ZPOOL/data/projects/rf1-sra/stimuli/Scan-Card_Guessing_Game/logs/11338/sub11338_SR-Ratings-1.csv	477c4f4af4abb82ef077d03f5d74bd0868a2aa6658569801b9437e22ade2947e	6	1	1	6	1	0.0	1	-3.0	1	3.0	1	-5.0	1	5.0	1	-5.0	8.0	-13.0	false	false		
rf1	11340	/ZPOOL/data/projects/rf1-sra/stimuli/Scan-Card_Guessing_Game/logs/11340/sub11340_SR-Ratings-1.csv	unique	1	/ZPOOL/data/projects/rf1-sra/stimuli/Scan-Card_Guessing_Game/logs/11340/sub11340_SR-Ratings-1.csv	fc44738f57ce766ebaa9a13397c469262fd02d250a89b34a55b4f3f2c933dd66	6	1	1	6	1	5.0	1	-2.0	1	5.0	1	-2.0	1	5.0	1	-5.0	15.0	-9.0	false	false		
rf1	11343	/ZPOOL/data/projects/rf1-sra/stimuli/Scan-Card_Guessing_Game/logs/11343/sub11343_SR-Ratings-.csv	unique	1	/ZPOOL/data/projects/rf1-sra/stimuli/Scan-Card_Guessing_Game/logs/11343/sub11343_SR-Ratings-.csv	c3d6de8519d920b86917834b1bb259e71aba82afae22e30d5925a715e5ce09b7	6	1	1	6	1	2.0	1	-2.0	1	3.0	1	-3.0	1	5.0	1	-4.0	10.0	-9.0	false	false		
rf1	11345	/ZPOOL/data/projects/rf1-sra/stimuli/Scan-Card_Guessing_Game/logs/11345/sub11345_SR-Ratings-1.csv	unique	1	/ZPOOL/data/projects/rf1-sra/stimuli/Scan-Card_Guessing_Game/logs/11345/sub11345_SR-Ratings-1.csv	bef88f3b6923df087270a540c34fd72f7b4bf507b34a7f283f22520d31f9da41	6	1	1	6	1	1.0	1	-1.0	1	3.0	1	-3.0	1	5.0	1	-5.0	9.0	-9.0	false	false		
rf1	11348	/ZPOOL/data/projects/rf1-sra/stimuli/Scan-Card_Guessing_Game/logs/11348/sub11348_SR-Ratings-1.csv	unique	1	/ZPOOL/data/projects/rf1-sra/stimuli/Scan-Card_Guessing_Game/logs/11348/sub11348_SR-Ratings-1.csv	9248d08e16c84d75f5672dc2a31be4b3b053d8f253599e1e47422f6af2fb73cc	13	2	2	6	1	0.0	1	0.0	1	0.0	1	0.0	1	2.0	1	2.0	2.0	2.0	false	false		selected_last_complete_block:2_of_2
rf1	11358	/ZPOOL/data/projects/rf1-sra/stimuli/Scan-Card_Guessing_Game/logs/11358/sub11358_SR-Ratings-1.csv	unique	1	/ZPOOL/data/projects/rf1-sra/stimuli/Scan-Card_Guessing_Game/logs/11358/sub11358_SR-Ratings-1.csv	260ec1aff9334a048b4b7a718f980363dfea75fea2ae1fcbc5410d991a1fb5f9	6	1	1	6	1	0.0	1	-1.0	1	3.0	1	-1.0	1	-2.0	1	-4.0	1.0	-6.0	false	false		
rf1	11364	/ZPOOL/data/projects/rf1-sra/stimuli/Scan-Card_Guessing_Game/logs/11364/sub11364_SR-Ratings-1.csv	unique	1	/ZPOOL/data/projects/rf1-sra/stimuli/Scan-Card_Guessing_Game/logs/11364/sub11364_SR-Ratings-1.csv	65aabfe2ca42a5fe6e979aebc8e43bf17c86122ec08f9c5ea7bb08ceb50193c3	6	1	1	6	1	5.0	1	-4.0	1	5.0	1	-4.0	1	5.0	1	-4.0	15.0	-12.0	false	false		
rf1	11367	/ZPOOL/data/projects/rf1-sra/stimuli/Scan-Card_Guessing_Game/logs/11367/sub11367_SR-Ratings-.csv	unique	1	/ZPOOL/data/projects/rf1-sra/stimuli/Scan-Card_Guessing_Game/logs/11367/sub11367_SR-Ratings-.csv	b6d749e50b72ab4d52c8ecb760c325b73de150662f3c8a0ea4ad8dd6b98f3b09	6	1	1	6	1	5.0	1	-2.0	1	4.0	1	-4.0	1	4.0	1	-5.0	13.0	-11.0	false	false		
rf1	11374	/ZPOOL/data/projects/rf1-sra/stimuli/Scan-Card_Guessing_Game/logs/11374/sub11374_SR-Ratings-1.csv	unique	1	/ZPOOL/data/projects/rf1-sra/stimuli/Scan-Card_Guessing_Game/logs/11374/sub11374_SR-Ratings-1.csv	433176869b21e7efc2bcd9b4935fbb85bf79dbfc27156c5c9850a1ca51141be3	6	1	1	6	1	-1.0	1	-1.0	1	3.0	1	1.0	1	4.0	1	2.0	6.0	2.0	false	false		
rf1	11376	/ZPOOL/data/projects/rf1-sra/stimuli/Scan-Card_Guessing_Game/logs/11376/sub11376_SR-Ratings-1.csv	unique	1	/ZPOOL/data/projects/rf1-sra/stimuli/Scan-Card_Guessing_Game/logs/11376/sub11376_SR-Ratings-1.csv	6911cfd2edc08f713e97f5698e12fad6be1df670a30dbb4262315149f3dfc7ce	6	1	1	6	1	0.0	1	0.0	1	5.0	1	1.0	1	5.0	1	1.0	10.0	2.0	false	false		
rf1	11377	/ZPOOL/data/projects/rf1-sra/stimuli/Scan-Card_Guessing_Game/logs/11377/sub11377_SR-Ratings-.csv	unique	1	/ZPOOL/data/projects/rf1-sra/stimuli/Scan-Card_Guessing_Game/logs/11377/sub11377_SR-Ratings-.csv	12a4f906c3913fb140e7edfbc5245c6b4117f74f6b71e03d654748553d568039	6	1	1	6	1	5.0	1	-5.0	1	5.0	1	-4.0	1	5.0	1	-3.0	15.0	-12.0	false	false		
rf1	11387	/ZPOOL/data/projects/rf1-sra/stimuli/Scan-Card_Guessing_Game/logs/11387/sub11387_SR-Ratings-1.csv	unique	1	/ZPOOL/data/projects/rf1-sra/stimuli/Scan-Card_Guessing_Game/logs/11387/sub11387_SR-Ratings-1.csv	0eb10c73e3c40d8b6bb4ce1a51823b15c5e663e48567ff02dda1de78344070df	6	1	1	6	1	0.0	1	0.0	1	0.0	1	0.0	1	5.0	1	-2.0	5.0	-2.0	false	false		
rf1	11410	/ZPOOL/data/projects/rf1-sra/stimuli/Scan-Card_Guessing_Game/logs/11410/sub11410_SR-Ratings-1.csv	unique	1	/ZPOOL/data/projects/rf1-sra/stimuli/Scan-Card_Guessing_Game/logs/11410/sub11410_SR-Ratings-1.csv	c0882c4fda555ec9b59562e6c5ffbd91a5a43e3d8b70cc10c5ed6276f1ea26f0	6	1	1	6	1	5.0	1	-5.0	1	5.0	1	-5.0	1	5.0	1	-5.0	15.0	-15.0	false	false		
rf1	11416	/ZPOOL/data/projects/rf1-sra/stimuli/Scan-Card_Guessing_Game/logs/11416/sub11416_SR-Ratings-1.csv	unique	1	/ZPOOL/data/projects/rf1-sra/stimuli/Scan-Card_Guessing_Game/logs/11416/sub11416_SR-Ratings-1.csv	d069f66542984ef3c27e0e8ece51685effd489e10d219fe235d4b6c3e82287ad	6	1	1	6	1	-4.0	1	-4.0	1	4.0	1	-5.0	1	5.0	1	-5.0	5.0	-14.0	false	false		
rf1	11426	/ZPOOL/data/projects/rf1-sra/stimuli/Scan-Card_Guessing_Game/logs/11426/sub11426_SR-Ratings-1.csv	unique	1	/ZPOOL/data/projects/rf1-sra/stimuli/Scan-Card_Guessing_Game/logs/11426/sub11426_SR-Ratings-1.csv	9e610ce9eabf900ae0ff20f2c188bddbba4f0926d54a537820273b83adf9e29c	6	1	1	6	1	1.0	1	0.0	1	1.0	1	0.0	1	3.0	1	-1.0	5.0	-1.0	false	false		
rf1	11430	/ZPOOL/data/projects/rf1-sra/stimuli/Scan-Card_Guessing_Game/logs/11430/sub11430_SR-Ratings-.csv	unique	1	/ZPOOL/data/projects/rf1-sra/stimuli/Scan-Card_Guessing_Game/logs/11430/sub11430_SR-Ratings-.csv	ae24538152c45a735836ea19d7fe7b98f34b4d8f58794ce1c2f0bb8b9f2ede4d	6	1	1	6	1	-4.0	1	-1.0	1	-2.0	1	-1.0	1	3.0	1	-4.0	-3.0	-6.0	false	false		
rf1	11432	/ZPOOL/data/projects/rf1-sra/stimuli/Scan-Card_Guessing_Game/logs/11432/sub11432_SR-Ratings-1.csv	unique	1	/ZPOOL/data/projects/rf1-sra/stimuli/Scan-Card_Guessing_Game/logs/11432/sub11432_SR-Ratings-1.csv	901b238037a9b7168cc2059d66be0dbe7f33754ea80e3ec0db5fef3a59857402	6	1	1	6	1	2.0	1	-1.0	1	3.0	1	0.0	1	5.0	1	-4.0	10.0	-5.0	false	false		
rf1	11433	/ZPOOL/data/projects/rf1-sra/stimuli/Scan-Card_Guessing_Game/logs/11433/sub11433_SR-Ratings-.csv	unique	1	/ZPOOL/data/projects/rf1-sra/stimuli/Scan-Card_Guessing_Game/logs/11433/sub11433_SR-Ratings-.csv	eaf58fa2c9c58db1efa7e934371a7b118126c88752af3add30dd3c2470aa00cf	6	1	1	6	1	0.0	1	-1.0	1	4.0	1	-4.0	1	5.0	1	-5.0	9.0	-10.0	false	false		
rf1	11435	/ZPOOL/data/projects/rf1-sra/stimuli/Scan-Card_Guessing_Game/logs/11435/sub11435_SR-Ratings-1.csv	unique	1	/ZPOOL/data/projects/rf1-sra/stimuli/Scan-Card_Guessing_Game/logs/11435/sub11435_SR-Ratings-1.csv	589ee5f6824e469ad9da17f374793d853e1f1d353c748198f38088f4a4595b46	6	1	1	6	1	0.0	1	-2.0	1	2.0	1	-2.0	1	4.0	1	2.0	6.0	-2.0	false	false		
rf1	11439	/ZPOOL/data/projects/rf1-sra/stimuli/Scan-Card_Guessing_Game/logs/11439/sub11439_SR-Ratings-1.csv	unique	1	/ZPOOL/data/projects/rf1-sra/stimuli/Scan-Card_Guessing_Game/logs/11439/sub11439_SR-Ratings-1.csv	2e5ee5c4e46ac5d6a925bdc9c04b02579a40cdccfdda920c1a9b1a92ce5cd4a7	6	1	1	6	1	0.0	1	0.0	1	3.0	1	-3.0	1	5.0	1	-5.0	8.0	-8.0	false	false		
rf1	11440	/ZPOOL/data/projects/rf1-sra/stimuli/Scan-Card_Guessing_Game/logs/11440/sub11440_SR-Ratings-1.csv	unique	1	/ZPOOL/data/projects/rf1-sra/stimuli/Scan-Card_Guessing_Game/logs/11440/sub11440_SR-Ratings-1.csv	8c8a2ff623ec9bd1af78c237857809011624ff1889c310f2bdcfa5749a652ad6	6	1	1	6	1	3.0	1	-1.0	1	2.0	1	-1.0	1	5.0	1	1.0	10.0	-1.0	false	false		
rf1	11443	/ZPOOL/data/projects/rf1-sra/stimuli/Scan-Card_Guessing_Game/logs/11443/sub11443_SR-Ratings-1.csv	unique	1	/ZPOOL/data/projects/rf1-sra/stimuli/Scan-Card_Guessing_Game/logs/11443/sub11443_SR-Ratings-1.csv	a92486c4057afda87bf3ea3ed1aa6aa7b7af4b374be602c148b58e7c0816b0dd	6	1	1	6	1	2.0	1	1.0	1	0.0	1	2.0	1	4.0	1	-2.0	6.0	1.0	false	false		
rf1	11450	/ZPOOL/data/projects/rf1-sra/stimuli/Scan-Card_Guessing_Game/logs/11450/sub11450_SR-Ratings-.csv	unique	1	/ZPOOL/data/projects/rf1-sra/stimuli/Scan-Card_Guessing_Game/logs/11450/sub11450_SR-Ratings-.csv	5e9496802bc90a7b87c7a860bf4e0187c378c4e00b6246ad55e00f33b1248f54	6	1	1	6	1	5.0	1	-1.0	1	5.0	1	-1.0	1	5.0	1	2.0	15.0	0.0	false	false		
rf1	11451	/ZPOOL/data/projects/rf1-sra/stimuli/Scan-Card_Guessing_Game/logs/11451/sub11451_SR-Ratings-.csv	unique	1	/ZPOOL/data/projects/rf1-sra/stimuli/Scan-Card_Guessing_Game/logs/11451/sub11451_SR-Ratings-.csv	2b3c0c99704c2ac1f87fa9eadb8e23a7419439364218ae3b9a42bbc76028f8a5	6	1	1	6	1	4.0	1	0.0	1	3.0	1	-3.0	1	4.0	1	-5.0	11.0	-8.0	false	false		
rf1	11461	/ZPOOL/data/projects/rf1-sra/stimuli/Scan-Card_Guessing_Game/logs/11461/sub11461_SR-Ratings-.csv	unique	1	/ZPOOL/data/projects/rf1-sra/stimuli/Scan-Card_Guessing_Game/logs/11461/sub11461_SR-Ratings-.csv	c46be7cc84a483822750157263b32b253cbc527dc568046e94fa2e5531abdeb9	6	1	1	6	1	0.0	1	-5.0	1	0.0	1	0.0	1	5.0	1	-5.0	5.0	-10.0	false	false		
rf1	11462	/ZPOOL/data/projects/rf1-sra/stimuli/Scan-Card_Guessing_Game/logs/11462/sub11462_SR-Ratings-1.csv	unique	1	/ZPOOL/data/projects/rf1-sra/stimuli/Scan-Card_Guessing_Game/logs/11462/sub11462_SR-Ratings-1.csv	34eeae854e7db0ff4bdf78fbe0adefbd1e4512ca44ac4819645f0797a6643ad1	6	1	1	6	1	1.0	1	1.0	1	0.0	1	0.0	1	1.0	1	0.0	2.0	1.0	false	false		
rf1	11472		missing	0			0	0		0																true	missing_ratings_file	
rf1	11492	/ZPOOL/data/projects/rf1-sra/stimuli/Scan-Card_Guessing_Game/logs/11492/sub11492_SR-Ratings-.csv	unique	1	/ZPOOL/data/projects/rf1-sra/stimuli/Scan-Card_Guessing_Game/logs/11492/sub11492_SR-Ratings-.csv	d0acb18d4da3b0621b6bc76d585577df5dcc87f71fb629a063918625ac7dcc46	6	1	1	6	1	0.0	1	0.0	1	0.0	1	0.0	1	0.0	1	0.0	0.0	0.0	true	true	identical_ratings	
rf1	11493	/ZPOOL/data/projects/rf1-sra/stimuli/Scan-Card_Guessing_Game/logs/11493/sub11493_SR-Ratings-1.csv	unique	1	/ZPOOL/data/projects/rf1-sra/stimuli/Scan-Card_Guessing_Game/logs/11493/sub11493_SR-Ratings-1.csv	5227d587526c10208cb57855e76912b5e4e8778edc8b4f7bbdcf18757b0a21a5	6	1	1	6	1	0.0	1	0.0	1	-2.0	1	4.0	1	0.0	1	0.0	-2.0	4.0	false	true	loss_sum_greater_than_win_sum	
rf1	11498	/ZPOOL/data/projects/rf1-sra/stimuli/Scan-Card_Guessing_Game/logs/11498/sub11498_SR-Ratings-1.csv	unique	1	/ZPOOL/data/projects/rf1-sra/stimuli/Scan-Card_Guessing_Game/logs/11498/sub11498_SR-Ratings-1.csv	3a34ed51a6cf1651a6e18082d84cbbf974d997cc448aa98a8e30eaf40c05500b	6	1	1	6	1	3.0	1	0.0	1	-1.0	1	-2.0	1	5.0	1	3.0	7.0	1.0	false	false		
rf1	11517	/ZPOOL/data/projects/rf1-sra/stimuli/Scan-Card_Guessing_Game/logs/11517/sub11517_SR-Ratings-1.csv	unique	1	/ZPOOL/data/projects/rf1-sra/stimuli/Scan-Card_Guessing_Game/logs/11517/sub11517_SR-Ratings-1.csv	1a00d4379b602b00cb65cc8488fcb04a979580b80dce4f32893edcd90555a41d	6	1	1	6	1	-2.0	1	0.0	1	1.0	1	-3.0	1	5.0	1	-5.0	4.0	-8.0	false	false		
rf1	11518	/ZPOOL/data/projects/rf1-sra/stimuli/Scan-Card_Guessing_Game/logs/11518/sub11518_SR-Ratings-1.csv	unique	1	/ZPOOL/data/projects/rf1-sra/stimuli/Scan-Card_Guessing_Game/logs/11518/sub11518_SR-Ratings-1.csv	f40872e4e52093f5f3b0b6d01b2d5d6c4b26d1b7e9dc15c2e2f4f46efcef3a03	6	1	1	6	1	0.0	1	0.0	1	1.0	1	0.0	1	5.0	1	-2.0	6.0	-2.0	false	false		
rf1	11523	/ZPOOL/data/projects/rf1-sra/stimuli/Scan-Card_Guessing_Game/logs/11523/sub11523_SR-Ratings-1.csv	unique	1	/ZPOOL/data/projects/rf1-sra/stimuli/Scan-Card_Guessing_Game/logs/11523/sub11523_SR-Ratings-1.csv	028d590f8c7f6f4d18f2b8ceb09078965c32baee92d1398eb296f1623cc0f837	6	1	1	6	1	2.0	1	0.0	1	1.0	1	0.0	1	4.0	1	-2.0	7.0	-2.0	false	false		
rf1	11526	/ZPOOL/data/projects/rf1-sra/stimuli/Scan-Card_Guessing_Game/logs/11526/sub11526_SR-Ratings-1.csv	unique	1	/ZPOOL/data/projects/rf1-sra/stimuli/Scan-Card_Guessing_Game/logs/11526/sub11526_SR-Ratings-1.csv	e1d5db7c09fd7b043ea6f538c90cc44c8584d8740483aed09a01267498395b9c	6	1	1	6	1	1.0	1	0.0	1	1.0	1	0.0	1	4.0	1	-1.0	6.0	-1.0	false	false		
rf1	11527	/ZPOOL/data/projects/rf1-sra/stimuli/Scan-Card_Guessing_Game/logs/11527/sub11527_SR-Ratings-1.csv	unique	1	/ZPOOL/data/projects/rf1-sra/stimuli/Scan-Card_Guessing_Game/logs/11527/sub11527_SR-Ratings-1.csv	feef88acaaa497e18bca22379cb1022f9ec052caf973d8ab6d99259d5818ff08	6	1	1	6	1	5.0	1	-1.0	1	5.0	1	-1.0	1	5.0	1	-1.0	15.0	-3.0	false	false		
rf1	11529	/ZPOOL/data/projects/rf1-sra/stimuli/Scan-Card_Guessing_Game/logs/11529/sub11529_SR-Ratings-.csv	unique	1	/ZPOOL/data/projects/rf1-sra/stimuli/Scan-Card_Guessing_Game/logs/11529/sub11529_SR-Ratings-.csv	6c86706e9e713d22c84aae430cde2f149b91e0b3b7c44021266f9c31157f3766	6	1	1	6	1	1.0	1	-1.0	1	2.0	1	-1.0	1	5.0	1	-4.0	8.0	-6.0	false	false		
rf1	11530	/ZPOOL/data/projects/rf1-sra/stimuli/Scan-Card_Guessing_Game/logs/11530/sub11530_SR-Ratings-1.csv	unique	1	/ZPOOL/data/projects/rf1-sra/stimuli/Scan-Card_Guessing_Game/logs/11530/sub11530_SR-Ratings-1.csv	a7258ec7637631bf5c8d569ce9129f2e4eb5c078df85ce2857ed6b692e6823cc	6	1	1	6	1	2.0	1	-2.0	1	5.0	1	-2.0	1	5.0	1	-4.0	12.0	-8.0	false	false		
rf1	11532	/ZPOOL/data/projects/rf1-sra/stimuli/Scan-Card_Guessing_Game/logs/11532/sub11532_SR-Ratings-1.csv	unique	1	/ZPOOL/data/projects/rf1-sra/stimuli/Scan-Card_Guessing_Game/logs/11532/sub11532_SR-Ratings-1.csv	ab3acc14e49329217fb5447f839d790b25128bc46e225cba2e01b515f58eb3ac	6	1	1	6	1	5.0	1	-1.0	1	5.0	1	0.0	1	5.0	1	0.0	15.0	-1.0	false	false		
rf1	11533	/ZPOOL/data/projects/rf1-sra/stimuli/Scan-Card_Guessing_Game/logs/11533/sub11533_SR-Ratings-.csv	unique	1	/ZPOOL/data/projects/rf1-sra/stimuli/Scan-Card_Guessing_Game/logs/11533/sub11533_SR-Ratings-.csv	cb0cbb48660eb8273de150e94dee1802435ff5e24c7768501cd138e9e977f54b	6	1	1	6	1	3.0	1	-3.0	1	3.0	1	-3.0	1	5.0	1	-5.0	11.0	-11.0	false	false		
rf1	11534	/ZPOOL/data/projects/rf1-sra/stimuli/Scan-Card_Guessing_Game/logs/11534/sub11534_SR-Ratings-1.csv	unique	1	/ZPOOL/data/projects/rf1-sra/stimuli/Scan-Card_Guessing_Game/logs/11534/sub11534_SR-Ratings-1.csv	b4f67999801935c0a807bed7cfd92a9e90c631c435fec5646c1ee0cfd87e9812	6	1	1	6	1	0.0	1	-3.0	1	0.0	1	-2.0	1	5.0	1	1.0	5.0	-4.0	false	false		
rf1	11535	/ZPOOL/data/projects/rf1-sra/stimuli/Scan-Card_Guessing_Game/logs/11535/sub11535_SR-Ratings-.csv	unique	1	/ZPOOL/data/projects/rf1-sra/stimuli/Scan-Card_Guessing_Game/logs/11535/sub11535_SR-Ratings-.csv	e1b4089370e32624252c65f417356d21b2559579fe9faa24b504975db94cb124	6	1	1	6	1	0.0	1	0.0	1	0.0	1	0.0	1	5.0	1	-4.0	5.0	-4.0	false	false		
rf1	11536	/ZPOOL/data/projects/rf1-sra/stimuli/Scan-Card_Guessing_Game/logs/11536/sub11536_SR-Ratings-1.csv	unique	1	/ZPOOL/data/projects/rf1-sra/stimuli/Scan-Card_Guessing_Game/logs/11536/sub11536_SR-Ratings-1.csv	189e180ad52662bbdf6b764a16ddf330f486915b0d38d537e319ec37b2ad80c9	6	1	1	6	1	2.0	1	-1.0	1	2.0	1	-2.0	1	5.0	1	-3.0	9.0	-6.0	false	false		
rf1	11539		missing	0			0	0		0																true	missing_ratings_file	
rf1	11540	/ZPOOL/data/projects/rf1-sra/stimuli/Scan-Card_Guessing_Game/logs/11540/sub11540_SR-Ratings-1.csv	unique	1	/ZPOOL/data/projects/rf1-sra/stimuli/Scan-Card_Guessing_Game/logs/11540/sub11540_SR-Ratings-1.csv	3301764481fed0d6546d4d719b2b22ff3874935bab77e5235669b29db6e29a6c	6	1	1	6	1	5.0	1	-3.0	1	5.0	1	-2.0	1	5.0	1	-1.0	15.0	-6.0	false	false		
rf1	11542	/ZPOOL/data/projects/rf1-sra/stimuli/Scan-Card_Guessing_Game/logs/11542/sub11542_SR-Ratings-1.csv	unique	1	/ZPOOL/data/projects/rf1-sra/stimuli/Scan-Card_Guessing_Game/logs/11542/sub11542_SR-Ratings-1.csv	856f2bf959937479aaa6ab6056f3d6067f0bd1e9c7645d2a402056dccfd505d8	6	1	1	6	1	0.0	1	0.0	1	4.0	1	-2.0	1	5.0	1	-5.0	9.0	-7.0	false	false		
rf1	11545	/ZPOOL/data/projects/rf1-sra/stimuli/Scan-Card_Guessing_Game/logs/11545/sub11545_SR-Ratings-.csv	unique	1	/ZPOOL/data/projects/rf1-sra/stimuli/Scan-Card_Guessing_Game/logs/11545/sub11545_SR-Ratings-.csv	62b6db71bbdd5eb66164e8e567322f970396a45d6680adcdff51929c9d7cd2d2	6	1	1	6	1	0.0	1	-1.0	1	0.0	1	0.0	1	5.0	1	5.0	5.0	4.0	false	false		
rf1	11551	/ZPOOL/data/projects/rf1-sra/stimuli/Scan-Card_Guessing_Game/logs/11551/sub11551_SR-Ratings-1.csv	unique	1	/ZPOOL/data/projects/rf1-sra/stimuli/Scan-Card_Guessing_Game/logs/11551/sub11551_SR-Ratings-1.csv	2edaa8d4312227efe5409d8b9fcb59c46f7a566b961bad1b39467eb1a46c0a3b	6	1	1	6	1	5.0	1	-5.0	1	4.0	1	-2.0	1	4.0	1	0.0	13.0	-7.0	false	false		
rf1	11559	/ZPOOL/data/projects/rf1-sra/stimuli/Scan-Card_Guessing_Game/logs/11559/sub11559_SR-Ratings-.csv	unique	1	/ZPOOL/data/projects/rf1-sra/stimuli/Scan-Card_Guessing_Game/logs/11559/sub11559_SR-Ratings-.csv	219d78584406fe99a33dfe78a9504c9c9178fa84d44c7bd1eb66397debbdbe16	6	1	1	6	1	2.0	1	-1.0	1	2.0	1	-2.0	1	3.0	1	-3.0	7.0	-6.0	false	false		
rf1	11560	/ZPOOL/data/projects/rf1-sra/stimuli/Scan-Card_Guessing_Game/logs/11560/sub11560_SR-Ratings-1.csv	unique	1	/ZPOOL/data/projects/rf1-sra/stimuli/Scan-Card_Guessing_Game/logs/11560/sub11560_SR-Ratings-1.csv	494e44c85fb1e764de06d5f91dd63acf099018d80d863fcdd188b11bc70f6b1c	6	1	1	6	1	0.0	1	0.0	1	0.0	1	0.0	1	-1.0	1	-1.0	-1.0	-1.0	false	false		
rf1	11563	/ZPOOL/data/projects/rf1-sra/stimuli/Scan-Card_Guessing_Game/logs/11563/sub11563_SR-Ratings-1.csv	unique	1	/ZPOOL/data/projects/rf1-sra/stimuli/Scan-Card_Guessing_Game/logs/11563/sub11563_SR-Ratings-1.csv	417373452f54005834220647e2240fbef327674d5e7935f16795163f77699d64	6	1	1	6	1	2.0	1	-4.0	1	5.0	1	-3.0	1	5.0	1	-3.0	12.0	-10.0	false	false		
rf1	11570	/ZPOOL/data/projects/rf1-sra/stimuli/Scan-Card_Guessing_Game/logs/11570/sub11570_SR-Ratings-1.csv	unique	1	/ZPOOL/data/projects/rf1-sra/stimuli/Scan-Card_Guessing_Game/logs/11570/sub11570_SR-Ratings-1.csv	48850d59b38c88fc7c775813568c0bb38561916a84a02ac0f1318b1adadbfa8f	6	1	1	6	1	0.0	1	-1.0	1	2.0	1	0.0	1	5.0	1	-2.0	7.0	-3.0	false	false		
rf1	11572	/ZPOOL/data/projects/rf1-sra/stimuli/Scan-Card_Guessing_Game/logs/11572/sub11572_SR-Ratings-1.csv	unique	1	/ZPOOL/data/projects/rf1-sra/stimuli/Scan-Card_Guessing_Game/logs/11572/sub11572_SR-Ratings-1.csv	c2290caf4a65dcc7d37c2ab553458e0379ed7867e7b2cdf0e2d956aaf198d596	6	1	1	6	1	4.0	1	0.0	1	2.0	1	-2.0	1	2.0	1	-5.0	8.0	-7.0	false	false		
rf1	11579	/ZPOOL/data/projects/rf1-sra/stimuli/Scan-Card_Guessing_Game/logs/11579/sub11579_SR-Ratings-1.csv	unique	1	/ZPOOL/data/projects/rf1-sra/stimuli/Scan-Card_Guessing_Game/logs/11579/sub11579_SR-Ratings-1.csv	c631cf6c29194ed78442865edcf4ebc3696ec99ae82f1799d4b1ce03666cce9e	6	1	1	6	1	4.0	1	-2.0	1	-1.0	1	-3.0	1	5.0	1	-1.0	8.0	-6.0	false	false		
rf1	11586	/ZPOOL/data/projects/rf1-sra/stimuli/Scan-Card_Guessing_Game/logs/11586/sub11586_SR-Ratings-1.csv	unique	1	/ZPOOL/data/projects/rf1-sra/stimuli/Scan-Card_Guessing_Game/logs/11586/sub11586_SR-Ratings-1.csv	4b2be54db484cf84fc972b545cfe7accebfaa20b7b14e4fb16767327c9485c6f	6	1	1	6	1	3.0	1	-1.0	1	2.0	1	-2.0	1	2.0	1	-2.0	7.0	-5.0	false	false		
rf1	11587		missing	0			0	0		0																true	missing_ratings_file	
rf1	11588	/ZPOOL/data/projects/rf1-sra/stimuli/Scan-Card_Guessing_Game/logs/11588/sub11588_SR-Ratings-1.csv	unique	1	/ZPOOL/data/projects/rf1-sra/stimuli/Scan-Card_Guessing_Game/logs/11588/sub11588_SR-Ratings-1.csv	6c86706e9e713d22c84aae430cde2f149b91e0b3b7c44021266f9c31157f3766	6	1	1	6	1	1.0	1	-1.0	1	2.0	1	-1.0	1	5.0	1	-4.0	8.0	-6.0	false	false		
rf1	11591	/ZPOOL/data/projects/rf1-sra/stimuli/Scan-Card_Guessing_Game/logs/11591/sub11591_SR-Ratings-1.csv	unique	1	/ZPOOL/data/projects/rf1-sra/stimuli/Scan-Card_Guessing_Game/logs/11591/sub11591_SR-Ratings-1.csv	3909db9fe914468370a959d1721e8d198230352512e793d46c5799aa129a353c	6	1	1	6	1	4.0	1	-1.0	1	4.0	1	1.0	1	3.0	1	1.0	11.0	1.0	false	false		
rf1	11597	/ZPOOL/data/projects/rf1-sra/stimuli/Scan-Card_Guessing_Game/logs/11597/sub11597_SR-Ratings-1.csv	unique	1	/ZPOOL/data/projects/rf1-sra/stimuli/Scan-Card_Guessing_Game/logs/11597/sub11597_SR-Ratings-1.csv	41c0478c0561c09263a25d9ae771546afdd33f69b6e3f3d3f67acb4b940f845a	6	1	1	6	1	0.0	1	0.0	1	5.0	1	-5.0	1	5.0	1	-5.0	10.0	-10.0	false	false		
rf1	11598	/ZPOOL/data/projects/rf1-sra/stimuli/Scan-Card_Guessing_Game/logs/11598/sub11598_SR-Ratings-1.csv	unique	1	/ZPOOL/data/projects/rf1-sra/stimuli/Scan-Card_Guessing_Game/logs/11598/sub11598_SR-Ratings-1.csv	963aa80b85e4690917697b21bedc5f339583dcda7e711fc1cfff3fcf5265290e	6	1	1	6	1	2.0	1	-2.0	1	2.0	1	-2.0	1	2.0	1	-2.0	6.0	-6.0	false	false		
rf1	11599	/ZPOOL/data/projects/rf1-sra/stimuli/Scan-Card_Guessing_Game/logs/11599/sub11599_SR-Ratings-1.csv	unique	1	/ZPOOL/data/projects/rf1-sra/stimuli/Scan-Card_Guessing_Game/logs/11599/sub11599_SR-Ratings-1.csv	c973a649d11559197686648b89313c04dca95c280cceaacaf8983eb27be177b4	6	1	1	6	1	-5.0	1	-5.0	1	5.0	1	-1.0	1	5.0	1	-1.0	5.0	-7.0	false	false		
rf1	11600	/ZPOOL/data/projects/rf1-sra/stimuli/Scan-Card_Guessing_Game/logs/11600/sub11600_SR-Ratings-.csv	unique	1	/ZPOOL/data/projects/rf1-sra/stimuli/Scan-Card_Guessing_Game/logs/11600/sub11600_SR-Ratings-.csv	0003c9333e91d0d38cd597830503ca65fc0355e26dc291620953c373f37119f9	6	1	1	6	1	3.0	1	-1.0	1	3.0	1	-2.0	1	5.0	1	-5.0	11.0	-8.0	false	false		
rf1	11606	/ZPOOL/data/projects/rf1-sra/stimuli/Scan-Card_Guessing_Game/logs/11606/sub11606_SR-Ratings-1.csv	unique	1	/ZPOOL/data/projects/rf1-sra/stimuli/Scan-Card_Guessing_Game/logs/11606/sub11606_SR-Ratings-1.csv	40a3f284860866712b5b95187d93efb530255e407ed6f04a718a62a38296f21c	6	1	1	6	1	0.0	1	0.0	1	0.0	1	0.0	1	0.0	1	5.0	0.0	5.0	false	true	loss_sum_greater_than_win_sum	
rf1	11614	/ZPOOL/data/projects/rf1-sra/stimuli/Scan-Card_Guessing_Game/logs/11614/sub11614_SR-Ratings-1.csv	unique	1	/ZPOOL/data/projects/rf1-sra/stimuli/Scan-Card_Guessing_Game/logs/11614/sub11614_SR-Ratings-1.csv	29d95aa7bf2d9104c81e9bbc74ec3d33f6f4d5c53d4e41e4e291cf74869241b9	6	1	1	6	1	-3.0	1	-4.0	1	-4.0	1	-4.0	1	-4.0	1	3.0	-11.0	-5.0	false	true	loss_sum_greater_than_win_sum	
rf1	11622	/ZPOOL/data/projects/rf1-sra/stimuli/Scan-Card_Guessing_Game/logs/11622/sub11622_SR-Ratings-1.csv	unique	1	/ZPOOL/data/projects/rf1-sra/stimuli/Scan-Card_Guessing_Game/logs/11622/sub11622_SR-Ratings-1.csv	2efee05fab032131b4a46624cd452ee514c511d0cc3bd2b40683981e168a4335	6	1	1	6	1	2.0	1	1.0	1	3.0	1	2.0	1	5.0	1	3.0	10.0	6.0	false	false		
rf1	11623	/ZPOOL/data/projects/rf1-sra/stimuli/Scan-Card_Guessing_Game/logs/11623/sub11623_SR-Ratings-1.csv	unique	1	/ZPOOL/data/projects/rf1-sra/stimuli/Scan-Card_Guessing_Game/logs/11623/sub11623_SR-Ratings-1.csv	f56ba2f3a7836475a84705f06018f6ab30ff1eee372a7fc2b85c5f988d5430c8	6	1	1	6	1	0.0	1	0.0	1	5.0	1	-1.0	1	5.0	1	-1.0	10.0	-2.0	false	false		
rf1	11625	/ZPOOL/data/projects/rf1-sra/stimuli/Scan-Card_Guessing_Game/logs/11625/sub11625_SR-Ratings-.csv	unique	1	/ZPOOL/data/projects/rf1-sra/stimuli/Scan-Card_Guessing_Game/logs/11625/sub11625_SR-Ratings-.csv	b268e1a90f094c50f52090268aa5ae6047e241837a085d5aff9fa18b2faa4623	6	1	1	6	1	0.0	1	0.0	1	3.0	1	-2.0	1	5.0	1	-5.0	8.0	-7.0	false	false		
rf1	11626	/ZPOOL/data/projects/rf1-sra/stimuli/Scan-Card_Guessing_Game/logs/11626/sub11626_SR-Ratings-.csv	unique	1	/ZPOOL/data/projects/rf1-sra/stimuli/Scan-Card_Guessing_Game/logs/11626/sub11626_SR-Ratings-.csv	72c47e19e774e019cbf7a619a0b9c470c2d579410b7f1b2d1d42ce7ec418b3fd	6	1	1	6	1	2.0	1	0.0	1	1.0	1	0.0	1	5.0	1	-2.0	8.0	-2.0	false	false		
rf1	11628	/ZPOOL/data/projects/rf1-sra/stimuli/Scan-Card_Guessing_Game/logs/11628/sub11628_SR-Ratings-1.csv	unique	1	/ZPOOL/data/projects/rf1-sra/stimuli/Scan-Card_Guessing_Game/logs/11628/sub11628_SR-Ratings-1.csv	c0882c4fda555ec9b59562e6c5ffbd91a5a43e3d8b70cc10c5ed6276f1ea26f0	6	1	1	6	1	5.0	1	-5.0	1	5.0	1	-5.0	1	5.0	1	-5.0	15.0	-15.0	false	false		
rf1	11631	/ZPOOL/data/projects/rf1-sra/stimuli/Scan-Card_Guessing_Game/logs/11631/sub11631_SR-Ratings-1.csv	unique	1	/ZPOOL/data/projects/rf1-sra/stimuli/Scan-Card_Guessing_Game/logs/11631/sub11631_SR-Ratings-1.csv	11b71694f549238a7c730eb738c4dd2be2747b6d6f39c0d9131c2205d9f001cd	6	1	1	6	1	-3.0	1	0.0	1	0.0	1	0.0	1	5.0	1	0.0	2.0	0.0	false	false		
rf1	11651	/ZPOOL/data/projects/rf1-sra/stimuli/Scan-Card_Guessing_Game/logs/11651/sub11651_SR-Ratings-1.csv	unique	1	/ZPOOL/data/projects/rf1-sra/stimuli/Scan-Card_Guessing_Game/logs/11651/sub11651_SR-Ratings-1.csv	d8eab825594ed44a4223e30f8e2eccd13ee24baf661a8fef080902bbe5e94f99	6	1	1	6	1	4.0	1	-2.0	1	4.0	1	-4.0	1	4.0	1	-5.0	12.0	-11.0	false	false		
rf1	11660	/ZPOOL/data/projects/rf1-sra/stimuli/Scan-Card_Guessing_Game/logs/11660/sub11660_SR-Ratings-.csv	unique	1	/ZPOOL/data/projects/rf1-sra/stimuli/Scan-Card_Guessing_Game/logs/11660/sub11660_SR-Ratings-.csv	5885cb40ac65ef53d50fd8357e075a8106f0ac78044174b150182eb8370be6c2	6	1	1	6	1	-3.0	1	2.0	1	-2.0	1	-1.0	1	5.0	1	-4.0	0.0	-3.0	false	false		
rf1	11670	/ZPOOL/data/projects/rf1-sra/stimuli/Scan-Card_Guessing_Game/logs/11670/sub11670_SR-Ratings-1.csv	unique	1	/ZPOOL/data/projects/rf1-sra/stimuli/Scan-Card_Guessing_Game/logs/11670/sub11670_SR-Ratings-1.csv	cea10e097f7505883470898ab087ef77517d171606b6d945102f6775fe1b71e3	6	1	1	6	1	1.0	1	0.0	1	0.0	1	-2.0	1	5.0	1	0.0	6.0	-2.0	false	false		
rf1	11674	/ZPOOL/data/projects/rf1-sra/stimuli/Scan-Card_Guessing_Game/logs/11674/sub11674_SR-Ratings-1.csv	unique	1	/ZPOOL/data/projects/rf1-sra/stimuli/Scan-Card_Guessing_Game/logs/11674/sub11674_SR-Ratings-1.csv	b5873253a88bc8ad87473d66bed5c20c74726dc7dc26abaa49a7ffb5e5051666	6	1	1	6	1	0.0	1	-2.0	1	1.0	1	-1.0	1	2.0	1	-1.0	3.0	-4.0	false	false		
rf1	11679	/ZPOOL/data/projects/rf1-sra/stimuli/Scan-Card_Guessing_Game/logs/11679/sub11679_SR-Ratings-1.csv	unique	1	/ZPOOL/data/projects/rf1-sra/stimuli/Scan-Card_Guessing_Game/logs/11679/sub11679_SR-Ratings-1.csv	13870b281ebd11029dca5e71af7ef0a2a594a189701452cf35823bf822820a96	6	1	1	6	1	0.0	1	-1.0	1	4.0	1	-1.0	1	5.0	1	1.0	9.0	-1.0	false	false		
rf1	11681		missing	0			0	0		0																true	missing_ratings_file	
rf1	11692	/ZPOOL/data/projects/rf1-sra/stimuli/Scan-Card_Guessing_Game/logs/11692/sub11692_SR-Ratings-1.csv	unique	1	/ZPOOL/data/projects/rf1-sra/stimuli/Scan-Card_Guessing_Game/logs/11692/sub11692_SR-Ratings-1.csv	5720322c5bdc66548b80e5d0a1d34f5121c89d6245da388653e66b13bd619159	6	1	1	6	1	0.0	1	0.0	1	0.0	1	-3.0	1	5.0	1	-3.0	5.0	-6.0	false	false		
rf1	11694		missing	0			0	0		0																true	missing_ratings_file	
rf1	11701	/ZPOOL/data/projects/rf1-sra/stimuli/Scan-Card_Guessing_Game/logs/11701/sub11701_SR-Ratings-1.csv	unique	1	/ZPOOL/data/projects/rf1-sra/stimuli/Scan-Card_Guessing_Game/logs/11701/sub11701_SR-Ratings-1.csv	435bedb5ff84277d23550daffa52932ee1f262e119e600a14ccafca41dee3bdb	6	1	1	6	1	0.0	1	0.0	1	0.0	1	0.0	1	0.0	1	-3.0	0.0	-3.0	false	false		
rf1	11703	/ZPOOL/data/projects/rf1-sra/stimuli/Scan-Card_Guessing_Game/logs/11703/sub11703_SR-Ratings-1.csv	unique	1	/ZPOOL/data/projects/rf1-sra/stimuli/Scan-Card_Guessing_Game/logs/11703/sub11703_SR-Ratings-1.csv	42979fc4495fb4099b2a52eea7ed3f8236c925c0a723ca1ee8c2518e1cc09254	6	1	1	6	1	5.0	1	-3.0	1	5.0	1	-3.0	1	5.0	1	-3.0	15.0	-9.0	false	false		
rf1	11705	/ZPOOL/data/projects/rf1-sra/stimuli/Scan-Card_Guessing_Game/logs/11705/sub11705_SR-Ratings-1.csv	unique	1	/ZPOOL/data/projects/rf1-sra/stimuli/Scan-Card_Guessing_Game/logs/11705/sub11705_SR-Ratings-1.csv	8de0dd4bde1f3a66b0cdd937ca93c687a752b21452c2fd53288239e1d45b3ad9	6	1	1	6	1	1.0	1	-2.0	1	2.0	1	-2.0	1	3.0	1	-3.0	6.0	-7.0	false	false		
rf1	11709	/ZPOOL/data/projects/rf1-sra/stimuli/Scan-Card_Guessing_Game/logs/11709/sub11709_SR-Ratings-1.csv	unique	1	/ZPOOL/data/projects/rf1-sra/stimuli/Scan-Card_Guessing_Game/logs/11709/sub11709_SR-Ratings-1.csv	5f85e1f491f07879c955e9c02a85ee8d6a033580c3b1bf0ba8dcf1d638ff3f84	6	1	1	6	1	0.0	1	0.0	1	2.0	1	0.0	1	4.0	1	-1.0	6.0	-1.0	false	false		
rf1	11710	/ZPOOL/data/projects/rf1-sra/stimuli/Scan-Card_Guessing_Game/logs/11710/sub11710_SR-Ratings-1.csv	unique	1	/ZPOOL/data/projects/rf1-sra/stimuli/Scan-Card_Guessing_Game/logs/11710/sub11710_SR-Ratings-1.csv	26554b42a02adf0f2f211cc4c656486207accfdb57fd6ee02df2a5f203719c75	6	1	1	6	1	0.0	1	-5.0	1	2.0	1	-5.0	1	5.0	1	-4.0	7.0	-14.0	false	false		
rf1	11714	/ZPOOL/data/projects/rf1-sra/stimuli/Scan-Card_Guessing_Game/logs/11714/sub11714_SR-Ratings-.csv	unique	1	/ZPOOL/data/projects/rf1-sra/stimuli/Scan-Card_Guessing_Game/logs/11714/sub11714_SR-Ratings-.csv	c0f236208f4b65203f52f231dccc5952c8589379f8e74db67f824825ca744e63	6	1	1	6	1	0.0	1	-2.0	1	2.0	1	0.0	1	4.0	1	0.0	6.0	-2.0	false	false		
rf1	11719	/ZPOOL/data/projects/rf1-sra/stimuli/Scan-Card_Guessing_Game/logs/11719/sub11719_SR-Ratings-1.csv	unique	1	/ZPOOL/data/projects/rf1-sra/stimuli/Scan-Card_Guessing_Game/logs/11719/sub11719_SR-Ratings-1.csv	197224a38b00382721dbb913bbf3c7e9bd0a4b0cf3a710678ff7a3a8905e58b3	6	1	1	6	1	0.0	1	0.0	1	5.0	1	-2.0	1	5.0	1	0.0	10.0	-2.0	false	false		
rf1	11720	/ZPOOL/data/projects/rf1-sra/stimuli/Scan-Card_Guessing_Game/logs/11720/sub11720_SR-Ratings-1.csv	unique	1	/ZPOOL/data/projects/rf1-sra/stimuli/Scan-Card_Guessing_Game/logs/11720/sub11720_SR-Ratings-1.csv	c0882c4fda555ec9b59562e6c5ffbd91a5a43e3d8b70cc10c5ed6276f1ea26f0	6	1	1	6	1	5.0	1	-5.0	1	5.0	1	-5.0	1	5.0	1	-5.0	15.0	-15.0	false	false		
rf1	11722	/ZPOOL/data/projects/rf1-sra/stimuli/Scan-Card_Guessing_Game/logs/11722/sub11722_SR-Ratings-1.csv	unique	1	/ZPOOL/data/projects/rf1-sra/stimuli/Scan-Card_Guessing_Game/logs/11722/sub11722_SR-Ratings-1.csv	4b8c588f9df9e4f29ab72f7cbd47dc67828513163a71fd41e731a8c8af097c1e	6	1	1	6	1	5.0	1	0.0	1	5.0	1	0.0	1	5.0	1	0.0	15.0	0.0	false	false		
rf1	11723	/ZPOOL/data/projects/rf1-sra/stimuli/Scan-Card_Guessing_Game/logs/11723/sub11723_SR-Ratings-1.csv	unique	1	/ZPOOL/data/projects/rf1-sra/stimuli/Scan-Card_Guessing_Game/logs/11723/sub11723_SR-Ratings-1.csv	eb99d3a56dfd77b06a1cfe6c2e512d7d67a252d10803686f4b56459f0b5f2f56	6	1	1	6	1	0.0	1	-2.0	1	-1.0	1	1.0	1	4.0	1	1.0	3.0	0.0	false	false		
rf1	11736	/ZPOOL/data/projects/rf1-sra/stimuli/Scan-Card_Guessing_Game/logs/11736/sub11736_SR-Ratings-.csv	unique	1	/ZPOOL/data/projects/rf1-sra/stimuli/Scan-Card_Guessing_Game/logs/11736/sub11736_SR-Ratings-.csv	054d0e83b3a92806223bc1affcf14654a525e32d0d478ec2db91a28e3eb09f44	6	1	1	6	1	0.0	1	0.0	1	2.0	1	-2.0	1	5.0	1	-2.0	7.0	-4.0	false	false		
rf1	11744	/ZPOOL/data/projects/rf1-sra/stimuli/Scan-Card_Guessing_Game/logs/11744/sub11744_SR-Ratings-1.csv	unique	1	/ZPOOL/data/projects/rf1-sra/stimuli/Scan-Card_Guessing_Game/logs/11744/sub11744_SR-Ratings-1.csv	2c8b2316a901e8284f536e30f23d3d481b35da1c1bd49f4bc886dc843c9e7643	6	1	1	6	1	0.0	1	0.0	1	2.0	1	1.0	1	3.0	1	1.0	5.0	2.0	false	false		
rf1	11746	/ZPOOL/data/projects/rf1-sra/stimuli/Scan-Card_Guessing_Game/logs/11746/sub11746_SR-Ratings-1.csv	unique	1	/ZPOOL/data/projects/rf1-sra/stimuli/Scan-Card_Guessing_Game/logs/11746/sub11746_SR-Ratings-1.csv	7f6591191cc1bef2c2163e5b96938e01470f651170848f4f6890abf90a2dbb93	6	1	1	6	1	1.0	1	0.0	1	0.0	1	-1.0	1	5.0	1	3.0	6.0	2.0	false	false		
rf1	11748	/ZPOOL/data/projects/rf1-sra/stimuli/Scan-Card_Guessing_Game/logs/11748/sub11748_SR-Ratings-.csv	unique	1	/ZPOOL/data/projects/rf1-sra/stimuli/Scan-Card_Guessing_Game/logs/11748/sub11748_SR-Ratings-.csv	778fdfef0165f4a7ec12001f2510bedd5980c4e14abc88fcbe4df7b41df8fbfa	6	1	1	6	1	0.0	1	0.0	1	0.0	1	0.0	1	5.0	1	-5.0	5.0	-5.0	false	false		
rf1	11756	/ZPOOL/data/projects/rf1-sra/stimuli/Scan-Card_Guessing_Game/logs/11756/sub11756_SR-Ratings-.csv	unique	1	/ZPOOL/data/projects/rf1-sra/stimuli/Scan-Card_Guessing_Game/logs/11756/sub11756_SR-Ratings-.csv	bf984a5e08a6c08cc26e901d6c4808353d7055c17d134a5e56a17096f686ff8f	6	1	1	6	1	3.0	1	0.0	1	3.0	1	0.0	1	5.0	1	5.0	11.0	5.0	false	false		
rf1	11764	/ZPOOL/data/projects/rf1-sra/stimuli/Scan-Card_Guessing_Game/logs/11764/sub11764_SR-Ratings-1.csv	unique	1	/ZPOOL/data/projects/rf1-sra/stimuli/Scan-Card_Guessing_Game/logs/11764/sub11764_SR-Ratings-1.csv	9a33c582e420adc12992aed223aaba2fa301ea7744c114a9dcd485d28adf9ce7	6	1	1	6	1	0.0	1	0.0	1	4.0	1	-4.0	1	5.0	1	-4.0	9.0	-8.0	false	false		
rf1	11772	/ZPOOL/data/projects/rf1-sra/stimuli/Scan-Card_Guessing_Game/logs/11772/sub11772_SR-Ratings-1.csv	unique	1	/ZPOOL/data/projects/rf1-sra/stimuli/Scan-Card_Guessing_Game/logs/11772/sub11772_SR-Ratings-1.csv	778fdfef0165f4a7ec12001f2510bedd5980c4e14abc88fcbe4df7b41df8fbfa	6	1	1	6	1	0.0	1	0.0	1	0.0	1	0.0	1	5.0	1	-5.0	5.0	-5.0	false	false		
rf1	11773	/ZPOOL/data/projects/rf1-sra/stimuli/Scan-Card_Guessing_Game/logs/11773/sub11773_SR-Ratings-.csv	unique	1	/ZPOOL/data/projects/rf1-sra/stimuli/Scan-Card_Guessing_Game/logs/11773/sub11773_SR-Ratings-.csv	daaeef3fe625f4d564328ed41001dc6c1be33446dd70bb9f259462bcc20ce951	6	1	1	6	1	3.0	1	0.0	1	5.0	1	-2.0	1	5.0	1	-2.0	13.0	-4.0	false	false		
rf1	11774	/ZPOOL/data/projects/rf1-sra/stimuli/Scan-Card_Guessing_Game/logs/11774/sub11774_SR-Ratings-1.csv	unique	1	/ZPOOL/data/projects/rf1-sra/stimuli/Scan-Card_Guessing_Game/logs/11774/sub11774_SR-Ratings-1.csv	c679e1eb773fa9214f8efa7059b928a991bd3d0dbf9a39f2419017e6c7321db4	6	1	1	6	1	1.0	1	0.0	1	3.0	1	-2.0	1	5.0	1	-5.0	9.0	-7.0	false	false		
rf1	11784	/ZPOOL/data/projects/rf1-sra/stimuli/Scan-Card_Guessing_Game/logs/11784/sub11784_SR-Ratings-.csv	unique	1	/ZPOOL/data/projects/rf1-sra/stimuli/Scan-Card_Guessing_Game/logs/11784/sub11784_SR-Ratings-.csv	c0882c4fda555ec9b59562e6c5ffbd91a5a43e3d8b70cc10c5ed6276f1ea26f0	6	1	1	6	1	5.0	1	-5.0	1	5.0	1	-5.0	1	5.0	1	-5.0	15.0	-15.0	false	false		
rf1	11787	/ZPOOL/data/projects/rf1-sra/stimuli/Scan-Card_Guessing_Game/logs/11787/sub11787_SR-Ratings-1.csv	unique	1	/ZPOOL/data/projects/rf1-sra/stimuli/Scan-Card_Guessing_Game/logs/11787/sub11787_SR-Ratings-1.csv	096b64feef3d8b7217cddac03a7faace6910ea5203f4484f9520936571cf016e	6	1	1	6	1	2.0	1	-2.0	1	3.0	1	-2.0	1	5.0	1	-3.0	10.0	-7.0	false	false		
rf1	11788	/ZPOOL/data/projects/rf1-sra/stimuli/Scan-Card_Guessing_Game/logs/11788/sub11788_SR-Ratings-1.csv	unique	1	/ZPOOL/data/projects/rf1-sra/stimuli/Scan-Card_Guessing_Game/logs/11788/sub11788_SR-Ratings-1.csv	150ae38d3917f2a6dc570e8cb204eabe38a42076884f4e89a98632d08932106f	6	1	1	6	1	4.0	1	-1.0	1	2.0	1	-2.0	1	3.0	1	-1.0	9.0	-4.0	false	false		
rf1	11789	/ZPOOL/data/projects/rf1-sra/stimuli/Scan-Card_Guessing_Game/logs/11789/sub11789_SR-Ratings-.csv	unique	1	/ZPOOL/data/projects/rf1-sra/stimuli/Scan-Card_Guessing_Game/logs/11789/sub11789_SR-Ratings-.csv	7c43c51c649ba9f445ebe8be9126c933cf7f23ff2033f9dba78be5d156b98259	6	1	1	6	1	5.0	1	0.0	1	5.0	1	-5.0	1	5.0	1	-5.0	15.0	-10.0	false	false		
rf1	11790	/ZPOOL/data/projects/rf1-sra/stimuli/Scan-Card_Guessing_Game/logs/11790/sub11790_SR-Ratings-.csv	unique	1	/ZPOOL/data/projects/rf1-sra/stimuli/Scan-Card_Guessing_Game/logs/11790/sub11790_SR-Ratings-.csv	f1835e9e29e0750565537bde7c17a7041c77e9165d13faa5c61ac86fd8365289	6	1	1	6	1	0.0	1	-2.0	1	5.0	1	-2.0	1	5.0	1	-2.0	10.0	-6.0	false	false		
rf1	11793	/ZPOOL/data/projects/rf1-sra/stimuli/Scan-Card_Guessing_Game/logs/11793/sub11793_SR-Ratings-.csv	unique	1	/ZPOOL/data/projects/rf1-sra/stimuli/Scan-Card_Guessing_Game/logs/11793/sub11793_SR-Ratings-.csv	6ee98b1cf3bfa019ee7b20fbe10ed5394c83c2724df382b7a91362ca868e422e	6	1	1	6	1	0.0	1	-3.0	1	4.0	1	-2.0	1	5.0	1	-5.0	9.0	-10.0	false	false		
rf1	11795	/ZPOOL/data/projects/rf1-sra/stimuli/Scan-Card_Guessing_Game/logs/11795/sub11795_SR-Ratings-1.csv	unique	1	/ZPOOL/data/projects/rf1-sra/stimuli/Scan-Card_Guessing_Game/logs/11795/sub11795_SR-Ratings-1.csv	044258314ca033c414d18b072624d0c79375a9cdd34964786c823d50ab2ef5f7	6	1	1	6	1	3.0	1	-2.0	1	1.0	1	-1.0	1	3.0	1	-2.0	7.0	-5.0	false	false		
rf1	11815	/ZPOOL/data/projects/rf1-sra/stimuli/Scan-Card_Guessing_Game/logs/11815/sub11815_SR-Ratings-1.csv	unique	1	/ZPOOL/data/projects/rf1-sra/stimuli/Scan-Card_Guessing_Game/logs/11815/sub11815_SR-Ratings-1.csv	0a34ffef7c21073ee21f290c9013ae4ddaa6b92084510c171c8adfa90e900908	6	1	1	6	1	-1.0	1	0.0	1	2.0	1	-2.0	1	2.0	1	-2.0	3.0	-4.0	false	false		
rf1	11822	/ZPOOL/data/projects/rf1-sra/stimuli/Scan-Card_Guessing_Game/logs/11822/sub11822_SR-Ratings-1.csv	unique	1	/ZPOOL/data/projects/rf1-sra/stimuli/Scan-Card_Guessing_Game/logs/11822/sub11822_SR-Ratings-1.csv	197a4ca75a019153df368b53785fb48649a09db5ffb481f543566d9ecc8414be	6	1	1	6	1	0.0	1	0.0	1	2.0	1	-2.0	1	5.0	1	-5.0	7.0	-7.0	false	false		
rf1	11823	/ZPOOL/data/projects/rf1-sra/stimuli/Scan-Card_Guessing_Game/logs/11823/sub11823_SR-Ratings-1.csv	unique	1	/ZPOOL/data/projects/rf1-sra/stimuli/Scan-Card_Guessing_Game/logs/11823/sub11823_SR-Ratings-1.csv	a9662b635da3f449ac1a6bbf4138258a5a6cba82e524aef24dbc2bf5cd1fa7d3	6	1	1	6	1	0.0	1	0.0	1	2.0	1	-2.0	1	4.0	1	-3.0	6.0	-5.0	false	false		
rf1	11824	/ZPOOL/data/projects/rf1-sra/stimuli/Scan-Card_Guessing_Game/logs/11824/sub11824_SR-Ratings-1.csv	unique	1	/ZPOOL/data/projects/rf1-sra/stimuli/Scan-Card_Guessing_Game/logs/11824/sub11824_SR-Ratings-1.csv	e95de31489bdf3efff68e3dbaeddabedbe620c127082bf483dad1016319fe23d	6	1	1	6	1	0.0	1	-1.0	1	3.0	1	-3.0	1	4.0	1	-4.0	7.0	-8.0	false	false		
rf1	11828	/ZPOOL/data/projects/rf1-sra/stimuli/Scan-Card_Guessing_Game/logs/11828/sub11828_SR-Ratings-1.csv	unique	1	/ZPOOL/data/projects/rf1-sra/stimuli/Scan-Card_Guessing_Game/logs/11828/sub11828_SR-Ratings-1.csv	e841ba8613202898c4634f13824766495c1bd95a12abfca9de8453329a04b907	6	1	1	6	1	0.0	1	0.0	1	0.0	1	0.0	1	5.0	1	-1.0	5.0	-1.0	false	false		
rf1	11829	/ZPOOL/data/projects/rf1-sra/stimuli/Scan-Card_Guessing_Game/logs/11829/sub11829_SR-Ratings-1.csv	unique	1	/ZPOOL/data/projects/rf1-sra/stimuli/Scan-Card_Guessing_Game/logs/11829/sub11829_SR-Ratings-1.csv	55162a3aae137d9618406680391d35bcd25456049b69bd55299ff8496fde9f7c	6	1	1	6	1	5.0	1	-4.0	1	5.0	1	-4.0	1	5.0	1	-5.0	15.0	-13.0	false	false		
rf1	11840	/ZPOOL/data/projects/rf1-sra/stimuli/Scan-Card_Guessing_Game/logs/11840/sub11840_SR-Ratings-1.csv	unique	1	/ZPOOL/data/projects/rf1-sra/stimuli/Scan-Card_Guessing_Game/logs/11840/sub11840_SR-Ratings-1.csv	4b173a59e5b4dab3c4e6c8962d511a498ae08c22de811390562900da36cce4ed	6	1	1	6	1	2.0	1	0.0	1	3.0	1	-3.0	1	3.0	1	-2.0	8.0	-5.0	false	false		
rf1	11847	/ZPOOL/data/projects/rf1-sra/stimuli/Scan-Card_Guessing_Game/logs/11847/sub11847_SR-Ratings-1.csv	unique	1	/ZPOOL/data/projects/rf1-sra/stimuli/Scan-Card_Guessing_Game/logs/11847/sub11847_SR-Ratings-1.csv	d68c476f79daf35971da0a2ae8fee87a48545e73dbfe3218663f75db07068606	6	1	1	6	1	0.0	1	0.0	1	0.0	1	0.0	1	5.0	1	-3.0	5.0	-3.0	false	false		
rf1	11853	/ZPOOL/data/projects/rf1-sra/stimuli/Scan-Card_Guessing_Game/logs/11853/sub11853_SR-Ratings-1.csv	unique	1	/ZPOOL/data/projects/rf1-sra/stimuli/Scan-Card_Guessing_Game/logs/11853/sub11853_SR-Ratings-1.csv	405e74ed5848890c49da984e7cd04fcc5bc8a6e1a21758c0416d90ae8c6ff453	6	1	1	6	1	0.0	1	0.0	1	0.0	1	-5.0	1	-1.0	1	-4.0	-1.0	-9.0	false	false		
rf1	11854	/ZPOOL/data/projects/rf1-sra/stimuli/Scan-Card_Guessing_Game/logs/11854/sub11854_SR-Ratings-.csv	unique	1	/ZPOOL/data/projects/rf1-sra/stimuli/Scan-Card_Guessing_Game/logs/11854/sub11854_SR-Ratings-.csv	d8c820b48d15a20024efd758febc42701700da78f1e1cbb97713ef8b81c680d0	6	1	1	6	1	5.0	1	-5.0	1	0.0	1	0.0	1	5.0	1	-5.0	10.0	-10.0	false	false		
rf1	11861	/ZPOOL/data/projects/rf1-sra/stimuli/Scan-Card_Guessing_Game/logs/11861/sub11861_SR-Ratings-1.csv	unique	1	/ZPOOL/data/projects/rf1-sra/stimuli/Scan-Card_Guessing_Game/logs/11861/sub11861_SR-Ratings-1.csv	65be1579b0ad241f1fc472919bbc77b07585345379b2741e4f807955149ca2df	6	1	1	6	1	4.0	1	-2.0	1	3.0	1	0.0	1	3.0	1	-3.0	10.0	-5.0	false	false		
rf1	11866	/ZPOOL/data/projects/rf1-sra/stimuli/Scan-Card_Guessing_Game/logs/11866/sub11866_SR-Ratings-1.csv	unique	1	/ZPOOL/data/projects/rf1-sra/stimuli/Scan-Card_Guessing_Game/logs/11866/sub11866_SR-Ratings-1.csv	a7744833978d44093152ab5ed7e1ce481e19cbc835c4745ea28efaaa7413fd69	6	1	1	6	1	3.0	1	-1.0	1	4.0	1	-2.0	1	5.0	1	-5.0	12.0	-8.0	false	false		
rf1	11867	/ZPOOL/data/projects/rf1-sra/stimuli/Scan-Card_Guessing_Game/logs/11867/sub11867_SR-Ratings-1.csv	unique	1	/ZPOOL/data/projects/rf1-sra/stimuli/Scan-Card_Guessing_Game/logs/11867/sub11867_SR-Ratings-1.csv	b7462c32094a16dcf29fa7ed959b3f869e745fa2218f9581267aa9c6be0b50bb	6	1	1	6	1	1.0	1	0.0	1	3.0	1	0.0	1	5.0	1	-5.0	9.0	-5.0	false	false		
rf1	11870	/ZPOOL/data/projects/rf1-sra/stimuli/Scan-Card_Guessing_Game/logs/11870/sub11870_SR-Ratings-1.csv	unique	1	/ZPOOL/data/projects/rf1-sra/stimuli/Scan-Card_Guessing_Game/logs/11870/sub11870_SR-Ratings-1.csv	577849566d92231af5ba98f39787907b47f8fafcbf3009fdd6434d12aa1e2a3e	6	1	1	6	1	2.0	1	0.0	1	2.0	1	0.0	1	5.0	1	3.0	9.0	3.0	false	false		
rf1	11872	/ZPOOL/data/projects/rf1-sra/stimuli/Scan-Card_Guessing_Game/logs/11872/sub11872_SR-Ratings-1.csv	unique	1	/ZPOOL/data/projects/rf1-sra/stimuli/Scan-Card_Guessing_Game/logs/11872/sub11872_SR-Ratings-1.csv	76413ab5ad603cf5bd135e2f0b971faa46d34153052e3459fb286ea8daff1f38	6	1	1	6	1	-3.0	1	4.0	1	2.0	1	-2.0	1	5.0	1	-5.0	4.0	-3.0	false	false		
rf1	11876	/ZPOOL/data/projects/rf1-sra/stimuli/Scan-Card_Guessing_Game/logs/11876/sub11876_SR-Ratings-1.csv	unique	1	/ZPOOL/data/projects/rf1-sra/stimuli/Scan-Card_Guessing_Game/logs/11876/sub11876_SR-Ratings-1.csv	2e5ee5c4e46ac5d6a925bdc9c04b02579a40cdccfdda920c1a9b1a92ce5cd4a7	6	1	1	6	1	0.0	1	0.0	1	3.0	1	-3.0	1	5.0	1	-5.0	8.0	-8.0	false	false		
rf1	11877	/ZPOOL/data/projects/rf1-sra/stimuli/Scan-Card_Guessing_Game/logs/11877/sub11877_SR-Ratings-1.csv	unique	1	/ZPOOL/data/projects/rf1-sra/stimuli/Scan-Card_Guessing_Game/logs/11877/sub11877_SR-Ratings-1.csv	94ad643ef0967ec8d90c36469020fbcfdcc1dfbde949ec39a803be63c3663347	6	1	1	6	1	-5.0	1	-5.0	1	0.0	1	-5.0	1	-2.0	1	-4.0	-7.0	-14.0	false	false		
rf1	11881	/ZPOOL/data/projects/rf1-sra/stimuli/Scan-Card_Guessing_Game/logs/11881/sub11881_SR-Ratings-1.csv	unique	1	/ZPOOL/data/projects/rf1-sra/stimuli/Scan-Card_Guessing_Game/logs/11881/sub11881_SR-Ratings-1.csv	b68eb9f3262fc2ebd1af000c01fe5b3cca01b21a0a6836ab2bc454494146e29e	6	1	1	6	1	1.0	1	3.0	1	3.0	1	2.0	1	3.0	1	1.0	7.0	6.0	false	false		
rf1	11885	/ZPOOL/data/projects/rf1-sra/stimuli/Scan-Card_Guessing_Game/logs/11885/sub11885_SR-Ratings-1.csv	unique	1	/ZPOOL/data/projects/rf1-sra/stimuli/Scan-Card_Guessing_Game/logs/11885/sub11885_SR-Ratings-1.csv	edc8f431341e544a77650858fcc5ba9667ba3b9b1a287b71474dac2aaac273bf	6	1	1	6	1	0.0	1	0.0	1	0.0	1	-2.0	1	5.0	1	-3.0	5.0	-5.0	false	false		
rf1	11891	/ZPOOL/data/projects/rf1-sra/stimuli/Scan-Card_Guessing_Game/logs/11891/sub11891_SR-Ratings-1.csv	unique	1	/ZPOOL/data/projects/rf1-sra/stimuli/Scan-Card_Guessing_Game/logs/11891/sub11891_SR-Ratings-1.csv	4c56e1d68ffefd78c9742a6a4e5ffcc284d7f43ef762eb0ced7528aaceaba821	6	1	1	6	1	0.0	1	-3.0	1	1.0	1	-2.0	1	4.0	1	-1.0	5.0	-6.0	false	false		
rf1	11897	/ZPOOL/data/projects/rf1-sra/stimuli/Scan-Card_Guessing_Game/logs/11897/sub11897_SR-Ratings-1.csv	unique	1	/ZPOOL/data/projects/rf1-sra/stimuli/Scan-Card_Guessing_Game/logs/11897/sub11897_SR-Ratings-1.csv	785abd3328b3fa9aa10bf420d4cf8962defa3317c786acc8ddcf419c9cb20265	6	1	1	6	1	-1.0	1	0.0	1	2.0	1	-2.0	1	5.0	1	-2.0	6.0	-4.0	false	false		
rf1	11900	/ZPOOL/data/projects/rf1-sra/stimuli/Scan-Card_Guessing_Game/logs/11900/sub11900_SR-Ratings-1.csv	unique	1	/ZPOOL/data/projects/rf1-sra/stimuli/Scan-Card_Guessing_Game/logs/11900/sub11900_SR-Ratings-1.csv	197a4ca75a019153df368b53785fb48649a09db5ffb481f543566d9ecc8414be	6	1	1	6	1	0.0	1	0.0	1	2.0	1	-2.0	1	5.0	1	-5.0	7.0	-7.0	false	false		
rf1	11902	/ZPOOL/data/projects/rf1-sra/stimuli/Scan-Card_Guessing_Game/logs/11902/sub11902_SR-Ratings-1.csv	unique	1	/ZPOOL/data/projects/rf1-sra/stimuli/Scan-Card_Guessing_Game/logs/11902/sub11902_SR-Ratings-1.csv	502bfb5130c0c6b5a4c7b1dce8c91459c5cbbb362eca09acd1aff590b76773d5	6	1	1	6	1	0.0	1	0.0	1	0.0	1	0.0	1	3.0	1	-1.0	3.0	-1.0	false	false		
rf1	11909	/ZPOOL/data/projects/rf1-sra/stimuli/Scan-Card_Guessing_Game/logs/11909/sub11909_SR-Ratings-.csv	unique	1	/ZPOOL/data/projects/rf1-sra/stimuli/Scan-Card_Guessing_Game/logs/11909/sub11909_SR-Ratings-.csv	c49e60447e12a1f7bf22d88cf1e20e36b8e27a03f258b5304cbb41a2e804892a	6	1	1	6	1	0.0	1	-1.0	1	0.0	1	-1.0	1	5.0	1	-2.0	5.0	-4.0	false	false		
rf1	11913	/ZPOOL/data/projects/rf1-sra/stimuli/Scan-Card_Guessing_Game/logs/11913/sub11913_SR-Ratings-1.csv	unique	1	/ZPOOL/data/projects/rf1-sra/stimuli/Scan-Card_Guessing_Game/logs/11913/sub11913_SR-Ratings-1.csv	55162a3aae137d9618406680391d35bcd25456049b69bd55299ff8496fde9f7c	6	1	1	6	1	5.0	1	-4.0	1	5.0	1	-4.0	1	5.0	1	-5.0	15.0	-13.0	false	false		
rf1	11914	/ZPOOL/data/projects/rf1-sra/stimuli/Scan-Card_Guessing_Game/logs/11914/sub11914_SR-Ratings-.csv	unique	1	/ZPOOL/data/projects/rf1-sra/stimuli/Scan-Card_Guessing_Game/logs/11914/sub11914_SR-Ratings-.csv	d0acb18d4da3b0621b6bc76d585577df5dcc87f71fb629a063918625ac7dcc46	6	1	1	6	1	0.0	1	0.0	1	0.0	1	0.0	1	0.0	1	0.0	0.0	0.0	true	true	identical_ratings	
rf1	11920	/ZPOOL/data/projects/rf1-sra/stimuli/Scan-Card_Guessing_Game/logs/11920/sub11920_SR-Ratings-1.csv	unique	1	/ZPOOL/data/projects/rf1-sra/stimuli/Scan-Card_Guessing_Game/logs/11920/sub11920_SR-Ratings-1.csv	9cb89e980c9c60aa27ff15f2b99c0cce3f44feafa6b67813274bd035979e53c9	6	1	1	6	1	3.0	1	-5.0	1	2.0	1	-4.0	1	5.0	1	1.0	10.0	-8.0	false	false		
rf1	11922	/ZPOOL/data/projects/rf1-sra/stimuli/Scan-Card_Guessing_Game/logs/11922/sub11922_SR-Ratings-.csv	unique	1	/ZPOOL/data/projects/rf1-sra/stimuli/Scan-Card_Guessing_Game/logs/11922/sub11922_SR-Ratings-.csv	eeb8e0176280327a777aa68436e2ac307ea2a4a2caef0841baaa26b19db7ef46	6	1	1	6	1	4.0	1	1.0	1	-2.0	1	-2.0	1	5.0	1	-5.0	7.0	-6.0	false	false		
rf1	11923	/ZPOOL/data/projects/rf1-sra/stimuli/Scan-Card_Guessing_Game/logs/11923/sub11923_SR-Ratings-1.csv	unique	1	/ZPOOL/data/projects/rf1-sra/stimuli/Scan-Card_Guessing_Game/logs/11923/sub11923_SR-Ratings-1.csv	b82e8e0aa2870dce8036abc47b2ed278f5e7c0f5a867e1e17822a206d9aeddd8	6	1	1	6	1	5.0	1	-1.0	1	5.0	1	-2.0	1	5.0	1	-4.0	15.0	-7.0	false	false		
rf1	11924	/ZPOOL/data/projects/rf1-sra/stimuli/Scan-Card_Guessing_Game/logs/11924/sub11924_SR-Ratings-.csv	unique	1	/ZPOOL/data/projects/rf1-sra/stimuli/Scan-Card_Guessing_Game/logs/11924/sub11924_SR-Ratings-.csv	ba3ebc6a88bf990211ab050dcc9520d563060465e9eb49581296f5cb506abe8e	6	1	1	6	1	-5.0	1	-5.0	1	0.0	1	-3.0	1	5.0	1	-2.0	0.0	-10.0	false	false		
rf1	11926	/ZPOOL/data/projects/rf1-sra/stimuli/Scan-Card_Guessing_Game/logs/11926/sub11926_SR-Ratings-1.csv	unique	1	/ZPOOL/data/projects/rf1-sra/stimuli/Scan-Card_Guessing_Game/logs/11926/sub11926_SR-Ratings-1.csv	80ade925cdda2fcf209e00fb89b2cd38d8e149f0c2c43660b149371c28eab1bf	6	1	1	6	1	0.0	1	0.0	1	1.0	1	-2.0	1	5.0	1	-4.0	6.0	-6.0	false	false		
rf1	11928	/ZPOOL/data/projects/rf1-sra/stimuli/Scan-Card_Guessing_Game/logs/11928/sub11928_SR-Ratings-1.csv	unique	1	/ZPOOL/data/projects/rf1-sra/stimuli/Scan-Card_Guessing_Game/logs/11928/sub11928_SR-Ratings-1.csv	034ff0af68c1041fff557aca405ce0a802cc33589a5cf164bdd4c9bb21df7efc	6	1	1	6	1	5.0	1	0.0	1	5.0	1	-1.0	1	5.0	1	-1.0	15.0	-2.0	false	false		
rf1	11929	/ZPOOL/data/projects/rf1-sra/stimuli/Scan-Card_Guessing_Game/logs/11929/sub11929_SR-Ratings-1.csv	unique	1	/ZPOOL/data/projects/rf1-sra/stimuli/Scan-Card_Guessing_Game/logs/11929/sub11929_SR-Ratings-1.csv	0eb10c73e3c40d8b6bb4ce1a51823b15c5e663e48567ff02dda1de78344070df	6	1	1	6	1	0.0	1	0.0	1	0.0	1	0.0	1	5.0	1	-2.0	5.0	-2.0	false	false		
rf1	11931	/ZPOOL/data/projects/rf1-sra/stimuli/Scan-Card_Guessing_Game/logs/11931/sub11931_SR-Ratings-1.csv	unique	1	/ZPOOL/data/projects/rf1-sra/stimuli/Scan-Card_Guessing_Game/logs/11931/sub11931_SR-Ratings-1.csv	c0882c4fda555ec9b59562e6c5ffbd91a5a43e3d8b70cc10c5ed6276f1ea26f0	6	1	1	6	1	5.0	1	-5.0	1	5.0	1	-5.0	1	5.0	1	-5.0	15.0	-15.0	false	false		
rf1	11935	/ZPOOL/data/projects/rf1-sra/stimuli/Scan-Card_Guessing_Game/logs/11935/sub11935_SR-Ratings-1.csv	unique	1	/ZPOOL/data/projects/rf1-sra/stimuli/Scan-Card_Guessing_Game/logs/11935/sub11935_SR-Ratings-1.csv	8d731671e27451bef346b28f479e725fa78d183a92a3902d788b39f039e06746	6	1	1	6	1	0.0	1	-1.0	1	2.0	1	-1.0	1	4.0	1	-1.0	6.0	-3.0	false	false		
rf1	11939	/ZPOOL/data/projects/rf1-sra/stimuli/Scan-Card_Guessing_Game/logs/11939/sub11939_SR-Ratings-1.csv	unique	1	/ZPOOL/data/projects/rf1-sra/stimuli/Scan-Card_Guessing_Game/logs/11939/sub11939_SR-Ratings-1.csv	430acae11660fbc681464c52bcd7059929f9f16a885e48e56449060470297f47	6	1	1	6	1	0.0	1	0.0	1	0.0	1	0.0	1	3.0	1	0.0	3.0	0.0	false	false		
rf1	11943	/ZPOOL/data/projects/rf1-sra/stimuli/Scan-Card_Guessing_Game/logs/11943/sub11943_SR-Ratings-1.csv	unique	1	/ZPOOL/data/projects/rf1-sra/stimuli/Scan-Card_Guessing_Game/logs/11943/sub11943_SR-Ratings-1.csv	5bb3345bc49c8070ffd08c4f1dfd8c848056435db8b0f9f81dcc9c96d01e7d98	6	1	1	6	1	1.0	1	-1.0	1	2.0	1	-4.0	1	5.0	1	4.0	8.0	-1.0	false	false		
rf1	11949	/ZPOOL/data/projects/rf1-sra/stimuli/Scan-Card_Guessing_Game/logs/11949/sub11949_SR-Ratings-1.csv	unique	1	/ZPOOL/data/projects/rf1-sra/stimuli/Scan-Card_Guessing_Game/logs/11949/sub11949_SR-Ratings-1.csv	4430ca94ea6fbaa82c59ad186537cbba711574bb0d8528c1b1ddbd18d0fcf88f	6	1	1	6	1	0.0	1	0.0	1	1.0	1	-1.0	1	5.0	1	-5.0	6.0	-6.0	false	false		
rf1	11960	/ZPOOL/data/projects/rf1-sra/stimuli/Scan-Card_Guessing_Game/logs/11960/sub11960_SR-Ratings-1.csv	unique	1	/ZPOOL/data/projects/rf1-sra/stimuli/Scan-Card_Guessing_Game/logs/11960/sub11960_SR-Ratings-1.csv	0d97024c9bbb83938385b4f864b91ac2c1c5b7dba158569f832522542f8a4990	6	1	1	6	1	5.0	1	-5.0	1	5.0	1	-1.0	1	5.0	1	-4.0	15.0	-10.0	false	false		
rf1	11969	/ZPOOL/data/projects/rf1-sra/stimuli/Scan-Card_Guessing_Game/logs/11969/sub11969_SR-Ratings-1.csv	unique	1	/ZPOOL/data/projects/rf1-sra/stimuli/Scan-Card_Guessing_Game/logs/11969/sub11969_SR-Ratings-1.csv	cb1d380781921ad82440acffee9bf9828293ac34699108a31ebe60eab86533b0	6	1	1	6	1	0.0	1	0.0	1	5.0	1	-4.0	1	5.0	1	-5.0	10.0	-9.0	false	false		
rf1	11974	/ZPOOL/data/projects/rf1-sra/stimuli/Scan-Card_Guessing_Game/logs/11974/sub11974_SR-Ratings-1.csv	unique	1	/ZPOOL/data/projects/rf1-sra/stimuli/Scan-Card_Guessing_Game/logs/11974/sub11974_SR-Ratings-1.csv	49b3854a111013df84ebe04ee61189f15e6f5546661beca5ded065d70d03b4d3	6	1	1	6	1	0.0	1	0.0	1	0.0	1	-1.0	1	5.0	1	-1.0	5.0	-2.0	false	false		
rf1	11976	/ZPOOL/data/projects/rf1-sra/stimuli/Scan-Card_Guessing_Game/logs/11976/sub11976_SR-Ratings-1.csv	unique	1	/ZPOOL/data/projects/rf1-sra/stimuli/Scan-Card_Guessing_Game/logs/11976/sub11976_SR-Ratings-1.csv	0f9252b5b1c601c2e21e7ce14caf17f8366d3b36149fe24f61b26e02860d583d	6	1	1	6	1	0.0	1	0.0	1	4.0	1	2.0	1	5.0	1	2.0	9.0	4.0	false	false		
rf1	11982	/ZPOOL/data/projects/rf1-sra/stimuli/Scan-Card_Guessing_Game/logs/11982/sub11982_SR-Ratings-1.csv	unique	1	/ZPOOL/data/projects/rf1-sra/stimuli/Scan-Card_Guessing_Game/logs/11982/sub11982_SR-Ratings-1.csv	c01daf7e90d0f580aa9af6c88041e8999ceabb083d0e74a52a5f051de27926f4	6	1	1	6	1	0.0	1	0.0	1	0.0	1	0.0	1	2.0	1	2.0	2.0	2.0	false	false		
rf1	11984	/ZPOOL/data/projects/rf1-sra/stimuli/Scan-Card_Guessing_Game/logs/11984/sub11984_SR-Ratings-1.csv	unique	1	/ZPOOL/data/projects/rf1-sra/stimuli/Scan-Card_Guessing_Game/logs/11984/sub11984_SR-Ratings-1.csv	55162a3aae137d9618406680391d35bcd25456049b69bd55299ff8496fde9f7c	6	1	1	6	1	5.0	1	-4.0	1	5.0	1	-4.0	1	5.0	1	-5.0	15.0	-13.0	false	false		
rf1	12008	/ZPOOL/data/projects/rf1-sra/stimuli/Scan-Card_Guessing_Game/logs/12008/sub12008_SR-Ratings-1.csv	unique	1	/ZPOOL/data/projects/rf1-sra/stimuli/Scan-Card_Guessing_Game/logs/12008/sub12008_SR-Ratings-1.csv	2746ace9873f4b631dfed3184000c56209a5b6a1e1d38ae78f96565cf4dcc1d3	6	1	1	6	1	0.0	1	0.0	1	0.0	1	0.0	1	5.0	1	5.0	5.0	5.0	false	false		
rf1	12011	/ZPOOL/data/projects/rf1-sra/stimuli/Scan-Card_Guessing_Game/logs/12011/sub12011_SR-Ratings-1.csv	unique	1	/ZPOOL/data/projects/rf1-sra/stimuli/Scan-Card_Guessing_Game/logs/12011/sub12011_SR-Ratings-1.csv	a58a59efe9a6037273c51eb79b8c5d0ebab2e638e03ecbce4dee50fdba114b83	6	1	1	6	1	3.0	1	-1.0	1	3.0	1	-1.0	1	5.0	1	-5.0	11.0	-7.0	false	false		
rf1	12013	/ZPOOL/data/projects/rf1-sra/stimuli/Scan-Card_Guessing_Game/logs/12013/sub12013_SR-Ratings-1.csv	unique	1	/ZPOOL/data/projects/rf1-sra/stimuli/Scan-Card_Guessing_Game/logs/12013/sub12013_SR-Ratings-1.csv	b3da3c86f67b8468c585a39f37aacb1103a0dae8d9c7217dc8a5d1c3a0ebc9b0	6	1	1	6	1	5.0	1	0.0	1	0.0	1	-5.0	1	-1.0	1	-5.0	4.0	-10.0	false	false		
rf1	12018	/ZPOOL/data/projects/rf1-sra/stimuli/Scan-Card_Guessing_Game/logs/12018/sub12018_SR-Ratings-1.csv	unique	1	/ZPOOL/data/projects/rf1-sra/stimuli/Scan-Card_Guessing_Game/logs/12018/sub12018_SR-Ratings-1.csv	55c924a164ffe05409b716a7125970840f220afd27f971450662f660393f23ae	6	1	1	6	1	3.0	1	-2.0	1	2.0	1	-2.0	1	4.0	1	-5.0	9.0	-9.0	false	false		
rf1	12020	/ZPOOL/data/projects/rf1-sra/stimuli/Scan-Card_Guessing_Game/logs/12020/sub12020_SR-Ratings-1.csv	unique	1	/ZPOOL/data/projects/rf1-sra/stimuli/Scan-Card_Guessing_Game/logs/12020/sub12020_SR-Ratings-1.csv	00fa6b816bf85539b1b4861b9549371e6a41fb82f63bf5d208fdf012cabce43d	6	1	1	6	1	1.0	1	0.0	1	1.0	1	-1.0	1	3.0	1	-2.0	5.0	-3.0	false	false		
rf1	12021	/ZPOOL/data/projects/rf1-sra/stimuli/Scan-Card_Guessing_Game/logs/12021/sub12021_SR-Ratings-.csv	unique	1	/ZPOOL/data/projects/rf1-sra/stimuli/Scan-Card_Guessing_Game/logs/12021/sub12021_SR-Ratings-.csv	44f43a3031d07e78081d45293c9ae635295238ace6ff90db384a9662e6e7cc58	6	1	1	6	1	5.0	1	0.0	1	-2.0	1	-1.0	1	4.0	1	-3.0	7.0	-4.0	false	false		
rf1	12031	/ZPOOL/data/projects/rf1-sra/stimuli/Scan-Card_Guessing_Game/logs/12031/sub12031_SR-Ratings-1.csv	unique	1	/ZPOOL/data/projects/rf1-sra/stimuli/Scan-Card_Guessing_Game/logs/12031/sub12031_SR-Ratings-1.csv	2058296a43f9902965f59a44ba8a34ee34ba98d35497dffe4f51ccccc668b408	6	1	1	6	1	-3.0	1	-4.0	1	0.0	1	0.0	1	5.0	1	-4.0	2.0	-8.0	false	false		
rf1	12032	/ZPOOL/data/projects/rf1-sra/stimuli/Scan-Card_Guessing_Game/logs/12032/sub12032_SR-Ratings-1.csv	unique	1	/ZPOOL/data/projects/rf1-sra/stimuli/Scan-Card_Guessing_Game/logs/12032/sub12032_SR-Ratings-1.csv	c0882c4fda555ec9b59562e6c5ffbd91a5a43e3d8b70cc10c5ed6276f1ea26f0	6	1	1	6	1	5.0	1	-5.0	1	5.0	1	-5.0	1	5.0	1	-5.0	15.0	-15.0	false	false		
rf1	12033	/ZPOOL/data/projects/rf1-sra/stimuli/Scan-Card_Guessing_Game/logs/12033/sub12033_SR-Ratings-1.csv	unique	1	/ZPOOL/data/projects/rf1-sra/stimuli/Scan-Card_Guessing_Game/logs/12033/sub12033_SR-Ratings-1.csv	257d02d5e1b6f3a939bc6d31f587e3837c6884f4cd90100320babeb490acd50d	6	1	1	6	1	0.0	1	0.0	1	3.0	1	-2.0	1	4.0	1	-2.0	7.0	-4.0	false	false		
rf1	12036	/ZPOOL/data/projects/rf1-sra/stimuli/Scan-Card_Guessing_Game/logs/12036/sub12036_SR-Ratings-1.csv	unique	1	/ZPOOL/data/projects/rf1-sra/stimuli/Scan-Card_Guessing_Game/logs/12036/sub12036_SR-Ratings-1.csv	d0acb18d4da3b0621b6bc76d585577df5dcc87f71fb629a063918625ac7dcc46	6	1	1	6	1	0.0	1	0.0	1	0.0	1	0.0	1	0.0	1	0.0	0.0	0.0	true	true	identical_ratings	
rf1	12037		missing	0			0	0		0																true	missing_ratings_file	
rf1	12038	/ZPOOL/data/projects/rf1-sra/stimuli/Scan-Card_Guessing_Game/logs/12038/sub12038_SR-Ratings-1.csv	unique	1	/ZPOOL/data/projects/rf1-sra/stimuli/Scan-Card_Guessing_Game/logs/12038/sub12038_SR-Ratings-1.csv	4bfa11b1328a5cafc715d2d0ef09dd520269645dcd6d0bb9a7220952ce379266	6	1	1	6	1	0.0	1	0.0	1	2.0	1	0.0	1	5.0	1	0.0	7.0	0.0	false	false		
rf1	12039	/ZPOOL/data/projects/rf1-sra/stimuli/Scan-Card_Guessing_Game/logs/12039/sub12039_SR-Ratings-2.csv	unique	1	/ZPOOL/data/projects/rf1-sra/stimuli/Scan-Card_Guessing_Game/logs/12039/sub12039_SR-Ratings-2.csv	1c9b7d70cbc41d30751a0b4abdb11c8d81b40864ba0d8e94f1be28432c523086	6	1	1	6	1	-1.0	1	-5.0	1	2.0	1	-4.0	1	5.0	1	-1.0	6.0	-10.0	false	false		
rf1	12041	/ZPOOL/data/projects/rf1-sra/stimuli/Scan-Card_Guessing_Game/logs/12041/sub12041_SR-Ratings-1.csv	unique	1	/ZPOOL/data/projects/rf1-sra/stimuli/Scan-Card_Guessing_Game/logs/12041/sub12041_SR-Ratings-1.csv	341bb427aa78d15699781e5cdf111f8442c4f73dd665a8bd364346913b15f454	6	1	1	6	1	1.0	1	-3.0	1	1.0	1	-2.0	1	4.0	1	0.0	6.0	-5.0	false	false		
rf1	12047	/ZPOOL/data/projects/rf1-sra/stimuli/Scan-Card_Guessing_Game/logs/12047/sub12047_SR-Ratings-.csv	unique	1	/ZPOOL/data/projects/rf1-sra/stimuli/Scan-Card_Guessing_Game/logs/12047/sub12047_SR-Ratings-.csv	7cdb8bb3e26dfb7c4b635503335713665e2cb58a8af17b6b3c101af7b84a71eb	6	1	1	6	1	3.0	1	-5.0	1	5.0	1	-3.0	1	5.0	1	-5.0	13.0	-13.0	false	false		
rf1	12049	/ZPOOL/data/projects/rf1-sra/stimuli/Scan-Card_Guessing_Game/logs/12049/sub12049_SR-Ratings-1.csv	unique	1	/ZPOOL/data/projects/rf1-sra/stimuli/Scan-Card_Guessing_Game/logs/12049/sub12049_SR-Ratings-1.csv	185ed302b42b98c7d26d4911c874305b1ee259d7f5d214596f495abdfaa5169f	6	1	1	6	1	3.0	1	-2.0	1	2.0	1	0.0	1	5.0	1	-5.0	10.0	-7.0	false	false		
rf1	12051	/ZPOOL/data/projects/rf1-sra/stimuli/Scan-Card_Guessing_Game/logs/12051/sub12051_SR-Ratings-1.csv	unique	1	/ZPOOL/data/projects/rf1-sra/stimuli/Scan-Card_Guessing_Game/logs/12051/sub12051_SR-Ratings-1.csv	7a78ab90813531dfb3842ca99b22a9d97bca2342686bdf5f2ba3027bd9206339	6	1	1	6	1	2.0	1	-1.0	1	3.0	1	-2.0	1	5.0	1	-4.0	10.0	-7.0	false	false		
rf1	12054	/ZPOOL/data/projects/rf1-sra/stimuli/Scan-Card_Guessing_Game/logs/12054/sub12054_SR-Ratings-1.csv	unique	1	/ZPOOL/data/projects/rf1-sra/stimuli/Scan-Card_Guessing_Game/logs/12054/sub12054_SR-Ratings-1.csv	6347382ae6bcf580495409354d51ce329d1602ca4a910be60cbc0dcdf1af0f10	6	1	1	6	1	0.0	1	-5.0	1	2.0	1	-5.0	1	5.0	1	-5.0	7.0	-15.0	false	false		
rf1	12055	/ZPOOL/data/projects/rf1-sra/stimuli/Scan-Card_Guessing_Game/logs/12055/sub12055_SR-Ratings-1.csv	unique	1	/ZPOOL/data/projects/rf1-sra/stimuli/Scan-Card_Guessing_Game/logs/12055/sub12055_SR-Ratings-1.csv	8465b9dab8b7be475130f3c4e12736109a58f6df9662172349daca153e57d4b4	6	1	1	6	1	5.0	1	-5.0	1	2.0	1	-2.0	1	3.0	1	-1.0	10.0	-8.0	false	false		
rf1	12057	/ZPOOL/data/projects/rf1-sra/stimuli/Scan-Card_Guessing_Game/logs/12057/sub12057_SR-Ratings-1.csv	unique	1	/ZPOOL/data/projects/rf1-sra/stimuli/Scan-Card_Guessing_Game/logs/12057/sub12057_SR-Ratings-1.csv	1176bfeba59267e2168e06f59961cbd7b76d0217d40c0cb2fa8fdbabe788822d	6	1	1	6	1	3.0	1	0.0	1	3.0	1	0.0	1	5.0	1	-3.0	11.0	-3.0	false	false		
