dataset	subject	session	run	input_bold	input_mask	output_bold	target_fwhm_mm	classic_fwhm_x	classic_fwhm_y	classic_fwhm_z	classic_fwhm_combined	acf_a	acf_b	acf_c	acf_effective_fwhm	afni_version
ds003745	104		01	/ZPOOL/data/projects/sharedreward-aging/derivatives/harmonized/sub-104/func/sub-104_task-sharedreward_run-01_space-MNI152NLin6Asym_desc-rf1Grid_bold.nii.gz	/ZPOOL/data/projects/sharedreward-aging/derivatives/harmonized/sub-104/func/sub-104_task-sharedreward_run-01_space-MNI152NLin6Asym_desc-rf1Grid_mask.nii.gz	/ZPOOL/data/projects/sharedreward-aging/derivatives/harmonized/sub-104/func/sub-104_task-sharedreward_run-01_space-MNI152NLin6Asym_desc-smoothToFWHM6_bold.nii.gz	6	5.95843	5.93601	5.93886	5.94443	0.574016	3.13097	11.4741	8.88883	Precompiled binary linux_ubuntu_24_64: Aug  4 2026 (Version AFNI_26.2.03 'Gordian III')
ds003745	104		02	/ZPOOL/data/projects/sharedreward-aging/derivatives/harmonized/sub-104/func/sub-104_task-sharedreward_run-02_space-MNI152NLin6Asym_desc-rf1Grid_bold.nii.gz	/ZPOOL/data/projects/sharedreward-aging/derivatives/harmonized/sub-104/func/sub-104_task-sharedreward_run-02_space-MNI152NLin6Asym_desc-rf1Grid_mask.nii.gz	/ZPOOL/data/projects/sharedreward-aging/derivatives/harmonized/sub-104/func/sub-104_task-sharedreward_run-02_space-MNI152NLin6Asym_desc-smoothToFWHM6_bold.nii.gz	6	5.85066	5.82593	5.80562	5.82737	0.563073	3.05727	11.1329	8.72503	Precompiled binary linux_ubuntu_24_64: Aug  4 2026 (Version AFNI_26.2.03 'Gordian III')
ds003745	105		01	/ZPOOL/data/projects/sharedreward-aging/derivatives/harmonized/sub-105/func/sub-105_task-sharedreward_run-01_space-MNI152NLin6Asym_desc-rf1Grid_bold.nii.gz	/ZPOOL/data/projects/sharedreward-aging/derivatives/harmonized/sub-105/func/sub-105_task-sharedreward_run-01_space-MNI152NLin6Asym_desc-rf1Grid_mask.nii.gz	/ZPOOL/data/projects/sharedreward-aging/derivatives/harmonized/sub-105/func/sub-105_task-sharedreward_run-01_space-MNI152NLin6Asym_desc-smoothToFWHM6_bold.nii.gz	6	5.81094	5.7891	5.80939	5.80313	0.599441	3.11372	11.521	8.72814	Precompiled binary linux_ubuntu_24_64: Aug  4 2026 (Version AFNI_26.2.03 'Gordian III')
ds003745	105		02	/ZPOOL/data/projects/sharedreward-aging/derivatives/harmonized/sub-105/func/sub-105_task-sharedreward_run-02_space-MNI152NLin6Asym_desc-rf1Grid_bold.nii.gz	/ZPOOL/data/projects/sharedreward-aging/derivatives/harmonized/sub-105/func/sub-105_task-sharedreward_run-02_space-MNI152NLin6Asym_desc-rf1Grid_mask.nii.gz	/ZPOOL/data/projects/sharedreward-aging/derivatives/harmonized/sub-105/func/sub-105_task-sharedreward_run-02_space-MNI152NLin6Asym_desc-smoothToFWHM6_bold.nii.gz	6	5.81385	5.82574	5.82514	5.82158	0.566919	3.11053	11.1696	8.82947	Precompiled binary linux_ubuntu_24_64: Aug  4 2026 (Version AFNI_26.2.03 'Gordian III')
ds003745	106		01	/ZPOOL/data/projects/sharedreward-aging/derivatives/harmonized/sub-106/func/sub-106_task-sharedreward_run-01_space-MNI152NLin6Asym_desc-rf1Grid_bold.nii.gz	/ZPOOL/data/projects/sharedreward-aging/derivatives/harmonized/sub-106/func/sub-106_task-sharedreward_run-01_space-MNI152NLin6Asym_desc-rf1Grid_mask.nii.gz	/ZPOOL/data/projects/sharedreward-aging/derivatives/harmonized/sub-106/func/sub-106_task-sharedreward_run-01_space-MNI152NLin6Asym_desc-smoothToFWHM6_bold.nii.gz	6	5.74515	5.71232	5.74911	5.7355	0.574144	3.03418	11.2608	8.63701	Precompiled binary linux_ubuntu_24_64: Aug  4 2026 (Version AFNI_26.2.03 'Gordian III')
ds003745	106		02	/ZPOOL/data/projects/sharedreward-aging/derivatives/harmonized/sub-106/func/sub-106_task-sharedreward_run-02_space-MNI152NLin6Asym_desc-rf1Grid_bold.nii.gz	/ZPOOL/data/projects/sharedreward-aging/derivatives/harmonized/sub-106/func/sub-106_task-sharedreward_run-02_space-MNI152NLin6Asym_desc-rf1Grid_mask.nii.gz	/ZPOOL/data/projects/sharedreward-aging/derivatives/harmonized/sub-106/func/sub-106_task-sharedreward_run-02_space-MNI152NLin6Asym_desc-smoothToFWHM6_bold.nii.gz	6	5.6675	5.66	5.71668	5.68134	0.58064	3.00756	11.4461	8.57154	Precompiled binary linux_ubuntu_24_64: Aug  4 2026 (Version AFNI_26.2.03 'Gordian III')
ds003745	107		01	/ZPOOL/data/projects/sharedreward-aging/derivatives/harmonized/sub-107/func/sub-107_task-sharedreward_run-01_space-MNI152NLin6Asym_desc-rf1Grid_bold.nii.gz	/ZPOOL/data/projects/sharedreward-aging/derivatives/harmonized/sub-107/func/sub-107_task-sharedreward_run-01_space-MNI152NLin6Asym_desc-rf1Grid_mask.nii.gz	/ZPOOL/data/projects/sharedreward-aging/derivatives/harmonized/sub-107/func/sub-107_task-sharedreward_run-01_space-MNI152NLin6Asym_desc-smoothToFWHM6_bold.nii.gz	6	5.86108	5.85813	5.87904	5.86607	0.598738	3.09678	13.111	8.90501	Precompiled binary linux_ubuntu_24_64: Aug  4 2026 (Version AFNI_26.2.03 'Gordian III')
ds003745	107		02	/ZPOOL/data/projects/sharedreward-aging/derivatives/harmonized/sub-107/func/sub-107_task-sharedreward_run-02_space-MNI152NLin6Asym_desc-rf1Grid_bold.nii.gz	/ZPOOL/data/projects/sharedreward-aging/derivatives/harmonized/sub-107/func/sub-107_task-sharedreward_run-02_space-MNI152NLin6Asym_desc-rf1Grid_mask.nii.gz	/ZPOOL/data/projects/sharedreward-aging/derivatives/harmonized/sub-107/func/sub-107_task-sharedreward_run-02_space-MNI152NLin6Asym_desc-smoothToFWHM6_bold.nii.gz	6	5.83327	5.79604	5.83081	5.82002	0.59491	3.09619	11.9769	8.7767	Precompiled binary linux_ubuntu_24_64: Aug  4 2026 (Version AFNI_26.2.03 'Gordian III')
ds003745	108		01	/ZPOOL/data/projects/sharedreward-aging/derivatives/harmonized/sub-108/func/sub-108_task-sharedreward_run-01_space-MNI152NLin6Asym_desc-rf1Grid_bold.nii.gz	/ZPOOL/data/projects/sharedreward-aging/derivatives/harmonized/sub-108/func/sub-108_task-sharedreward_run-01_space-MNI152NLin6Asym_desc-rf1Grid_mask.nii.gz	/ZPOOL/data/projects/sharedreward-aging/derivatives/harmonized/sub-108/func/sub-108_task-sharedreward_run-01_space-MNI152NLin6Asym_desc-smoothToFWHM6_bold.nii.gz	6	5.88939	5.87547	5.88673	5.88386	0.631019	3.13398	12.8205	8.7776	Precompiled binary linux_ubuntu_24_64: Aug  4 2026 (Version AFNI_26.2.03 'Gordian III')
ds003745	108		02	/ZPOOL/data/projects/sharedreward-aging/derivatives/harmonized/sub-108/func/sub-108_task-sharedreward_run-02_space-MNI152NLin6Asym_desc-rf1Grid_bold.nii.gz	/ZPOOL/data/projects/sharedreward-aging/derivatives/harmonized/sub-108/func/sub-108_task-sharedreward_run-02_space-MNI152NLin6Asym_desc-rf1Grid_mask.nii.gz	/ZPOOL/data/projects/sharedreward-aging/derivatives/harmonized/sub-108/func/sub-108_task-sharedreward_run-02_space-MNI152NLin6Asym_desc-smoothToFWHM6_bold.nii.gz	6	5.69812	5.70138	5.72586	5.70844	0.627804	3.01397	12.3775	8.46115	Precompiled binary linux_ubuntu_24_64: Aug  4 2026 (Version AFNI_26.2.03 'Gordian III')
ds003745	109		01	/ZPOOL/data/projects/sharedreward-aging/derivatives/harmonized/sub-109/func/sub-109_task-sharedreward_run-01_space-MNI152NLin6Asym_desc-rf1Grid_bold.nii.gz	/ZPOOL/data/projects/sharedreward-aging/derivatives/harmonized/sub-109/func/sub-109_task-sharedreward_run-01_space-MNI152NLin6Asym_desc-rf1Grid_mask.nii.gz	/ZPOOL/data/projects/sharedreward-aging/derivatives/harmonized/sub-109/func/sub-109_task-sharedreward_run-01_space-MNI152NLin6Asym_desc-smoothToFWHM6_bold.nii.gz	6	5.81444	5.77663	5.78124	5.79074	0.576532	3.06686	11.6607	8.76164	Precompiled binary linux_ubuntu_24_64: Aug  4 2026 (Version AFNI_26.2.03 'Gordian III')
ds003745	109		02	/ZPOOL/data/projects/sharedreward-aging/derivatives/harmonized/sub-109/func/sub-109_task-sharedreward_run-02_space-MNI152NLin6Asym_desc-rf1Grid_bold.nii.gz	/ZPOOL/data/projects/sharedreward-aging/derivatives/harmonized/sub-109/func/sub-109_task-sharedreward_run-02_space-MNI152NLin6Asym_desc-rf1Grid_mask.nii.gz	/ZPOOL/data/projects/sharedreward-aging/derivatives/harmonized/sub-109/func/sub-109_task-sharedreward_run-02_space-MNI152NLin6Asym_desc-smoothToFWHM6_bold.nii.gz	6	5.82091	5.81098	5.78145	5.80442	0.55445	2.97631	12.8826	8.86797	Precompiled binary linux_ubuntu_24_64: Aug  4 2026 (Version AFNI_26.2.03 'Gordian III')
ds003745	110		01	/ZPOOL/data/projects/sharedreward-aging/derivatives/harmonized/sub-110/func/sub-110_task-sharedreward_run-01_space-MNI152NLin6Asym_desc-rf1Grid_bold.nii.gz	/ZPOOL/data/projects/sharedreward-aging/derivatives/harmonized/sub-110/func/sub-110_task-sharedreward_run-01_space-MNI152NLin6Asym_desc-rf1Grid_mask.nii.gz	/ZPOOL/data/projects/sharedreward-aging/derivatives/harmonized/sub-110/func/sub-110_task-sharedreward_run-01_space-MNI152NLin6Asym_desc-smoothToFWHM6_bold.nii.gz	6	5.8008	5.79632	5.79763	5.79825	0.587218	3.09611	11.5545	8.75526	Precompiled binary linux_ubuntu_24_64: Aug  4 2026 (Version AFNI_26.2.03 'Gordian III')
ds003745	110		02	/ZPOOL/data/projects/sharedreward-aging/derivatives/harmonized/sub-110/func/sub-110_task-sharedreward_run-02_space-MNI152NLin6Asym_desc-rf1Grid_bold.nii.gz	/ZPOOL/data/projects/sharedreward-aging/derivatives/harmonized/sub-110/func/sub-110_task-sharedreward_run-02_space-MNI152NLin6Asym_desc-rf1Grid_mask.nii.gz	/ZPOOL/data/projects/sharedreward-aging/derivatives/harmonized/sub-110/func/sub-110_task-sharedreward_run-02_space-MNI152NLin6Asym_desc-smoothToFWHM6_bold.nii.gz	6	5.87449	5.85753	5.72923	5.82005	0.564416	3.06649	11.2574	8.75981	Precompiled binary linux_ubuntu_24_64: Aug  4 2026 (Version AFNI_26.2.03 'Gordian III')
ds003745	111		01	/ZPOOL/data/projects/sharedreward-aging/derivatives/harmonized/sub-111/func/sub-111_task-sharedreward_run-01_space-MNI152NLin6Asym_desc-rf1Grid_bold.nii.gz	/ZPOOL/data/projects/sharedreward-aging/derivatives/harmonized/sub-111/func/sub-111_task-sharedreward_run-01_space-MNI152NLin6Asym_desc-rf1Grid_mask.nii.gz	/ZPOOL/data/projects/sharedreward-aging/derivatives/harmonized/sub-111/func/sub-111_task-sharedreward_run-01_space-MNI152NLin6Asym_desc-smoothToFWHM6_bold.nii.gz	6	5.78169	5.73201	5.67449	5.72923	0.582373	2.89515	15.1884	8.76022	Precompiled binary linux_ubuntu_24_64: Aug  4 2026 (Version AFNI_26.2.03 'Gordian III')
ds003745	111		02	/ZPOOL/data/projects/sharedreward-aging/derivatives/harmonized/sub-111/func/sub-111_task-sharedreward_run-02_space-MNI152NLin6Asym_desc-rf1Grid_bold.nii.gz	/ZPOOL/data/projects/sharedreward-aging/derivatives/harmonized/sub-111/func/sub-111_task-sharedreward_run-02_space-MNI152NLin6Asym_desc-rf1Grid_mask.nii.gz	/ZPOOL/data/projects/sharedreward-aging/derivatives/harmonized/sub-111/func/sub-111_task-sharedreward_run-02_space-MNI152NLin6Asym_desc-smoothToFWHM6_bold.nii.gz	6	5.83473	5.7875	5.7585	5.79349	0.61148	2.95957	17.2104	8.88269	Precompiled binary linux_ubuntu_24_64: Aug  4 2026 (Version AFNI_26.2.03 'Gordian III')
ds003745	112		01	/ZPOOL/data/projects/sharedreward-aging/derivatives/harmonized/sub-112/func/sub-112_task-sharedreward_run-01_space-MNI152NLin6Asym_desc-rf1Grid_bold.nii.gz	/ZPOOL/data/projects/sharedreward-aging/derivatives/harmonized/sub-112/func/sub-112_task-sharedreward_run-01_space-MNI152NLin6Asym_desc-rf1Grid_mask.nii.gz	/ZPOOL/data/projects/sharedreward-aging/derivatives/harmonized/sub-112/func/sub-112_task-sharedreward_run-01_space-MNI152NLin6Asym_desc-smoothToFWHM6_bold.nii.gz	6	5.78335	5.77051	5.78389	5.77925	0.599301	3.0848	11.5344	8.6651	Precompiled binary linux_ubuntu_24_64: Aug  4 2026 (Version AFNI_26.2.03 'Gordian III')
ds003745	112		02	/ZPOOL/data/projects/sharedreward-aging/derivatives/harmonized/sub-112/func/sub-112_task-sharedreward_run-02_space-MNI152NLin6Asym_desc-rf1Grid_bold.nii.gz	/ZPOOL/data/projects/sharedreward-aging/derivatives/harmonized/sub-112/func/sub-112_task-sharedreward_run-02_space-MNI152NLin6Asym_desc-rf1Grid_mask.nii.gz	/ZPOOL/data/projects/sharedreward-aging/derivatives/harmonized/sub-112/func/sub-112_task-sharedreward_run-02_space-MNI152NLin6Asym_desc-smoothToFWHM6_bold.nii.gz	6	5.84884	5.798	5.85132	5.83267	0.577116	3.06793	12.1509	8.83462	Precompiled binary linux_ubuntu_24_64: Aug  4 2026 (Version AFNI_26.2.03 'Gordian III')
ds003745	113		01	/ZPOOL/data/projects/sharedreward-aging/derivatives/harmonized/sub-113/func/sub-113_task-sharedreward_run-01_space-MNI152NLin6Asym_desc-rf1Grid_bold.nii.gz	/ZPOOL/data/projects/sharedreward-aging/derivatives/harmonized/sub-113/func/sub-113_task-sharedreward_run-01_space-MNI152NLin6Asym_desc-rf1Grid_mask.nii.gz	/ZPOOL/data/projects/sharedreward-aging/derivatives/harmonized/sub-113/func/sub-113_task-sharedreward_run-01_space-MNI152NLin6Asym_desc-smoothToFWHM6_bold.nii.gz	6	5.7358	5.70814	5.71738	5.72043	0.603545	2.96101	14.0638	8.66034	Precompiled binary linux_ubuntu_24_64: Aug  4 2026 (Version AFNI_26.2.03 'Gordian III')
ds003745	113		02	/ZPOOL/data/projects/sharedreward-aging/derivatives/harmonized/sub-113/func/sub-113_task-sharedreward_run-02_space-MNI152NLin6Asym_desc-rf1Grid_bold.nii.gz	/ZPOOL/data/projects/sharedreward-aging/derivatives/harmonized/sub-113/func/sub-113_task-sharedreward_run-02_space-MNI152NLin6Asym_desc-rf1Grid_mask.nii.gz	/ZPOOL/data/projects/sharedreward-aging/derivatives/harmonized/sub-113/func/sub-113_task-sharedreward_run-02_space-MNI152NLin6Asym_desc-smoothToFWHM6_bold.nii.gz	6	5.73666	5.66844	5.7199	5.70826	0.616658	2.99223	14.5311	8.69934	Precompiled binary linux_ubuntu_24_64: Aug  4 2026 (Version AFNI_26.2.03 'Gordian III')
ds003745	115		01	/ZPOOL/data/projects/sharedreward-aging/derivatives/harmonized/sub-115/func/sub-115_task-sharedreward_run-01_space-MNI152NLin6Asym_desc-rf1Grid_bold.nii.gz	/ZPOOL/data/projects/sharedreward-aging/derivatives/harmonized/sub-115/func/sub-115_task-sharedreward_run-01_space-MNI152NLin6Asym_desc-rf1Grid_mask.nii.gz	/ZPOOL/data/projects/sharedreward-aging/derivatives/harmonized/sub-115/func/sub-115_task-sharedreward_run-01_space-MNI152NLin6Asym_desc-smoothToFWHM6_bold.nii.gz	6	5.77686	5.76885	5.76424	5.76998	0.577799	3.06141	11.4252	8.70583	Precompiled binary linux_ubuntu_24_64: Aug  4 2026 (Version AFNI_26.2.03 'Gordian III')
ds003745	115		02	/ZPOOL/data/projects/sharedreward-aging/derivatives/harmonized/sub-115/func/sub-115_task-sharedreward_run-02_space-MNI152NLin6Asym_desc-rf1Grid_bold.nii.gz	/ZPOOL/data/projects/sharedreward-aging/derivatives/harmonized/sub-115/func/sub-115_task-sharedreward_run-02_space-MNI152NLin6Asym_desc-rf1Grid_mask.nii.gz	/ZPOOL/data/projects/sharedreward-aging/derivatives/harmonized/sub-115/func/sub-115_task-sharedreward_run-02_space-MNI152NLin6Asym_desc-smoothToFWHM6_bold.nii.gz	6	5.75705	5.74504	5.75055	5.75088	0.567063	3.05128	10.9347	8.65698	Precompiled binary linux_ubuntu_24_64: Aug  4 2026 (Version AFNI_26.2.03 'Gordian III')
ds003745	116		01	/ZPOOL/data/projects/sharedreward-aging/derivatives/harmonized/sub-116/func/sub-116_task-sharedreward_run-01_space-MNI152NLin6Asym_desc-rf1Grid_bold.nii.gz	/ZPOOL/data/projects/sharedreward-aging/derivatives/harmonized/sub-116/func/sub-116_task-sharedreward_run-01_space-MNI152NLin6Asym_desc-rf1Grid_mask.nii.gz	/ZPOOL/data/projects/sharedreward-aging/derivatives/harmonized/sub-116/func/sub-116_task-sharedreward_run-01_space-MNI152NLin6Asym_desc-smoothToFWHM6_bold.nii.gz	6	5.76783	5.75735	5.71677	5.74727	0.605758	3.0604	11.4595	8.56622	Precompiled binary linux_ubuntu_24_64: Aug  4 2026 (Version AFNI_26.2.03 'Gordian III')
ds003745	116		02	/ZPOOL/data/projects/sharedreward-aging/derivatives/harmonized/sub-116/func/sub-116_task-sharedreward_run-02_space-MNI152NLin6Asym_desc-rf1Grid_bold.nii.gz	/ZPOOL/data/projects/sharedreward-aging/derivatives/harmonized/sub-116/func/sub-116_task-sharedreward_run-02_space-MNI152NLin6Asym_desc-rf1Grid_mask.nii.gz	/ZPOOL/data/projects/sharedreward-aging/derivatives/harmonized/sub-116/func/sub-116_task-sharedreward_run-02_space-MNI152NLin6Asym_desc-smoothToFWHM6_bold.nii.gz	6	5.76487	5.77896	5.69261	5.74535	0.599035	3.01919	11.9264	8.57011	Precompiled binary linux_ubuntu_24_64: Aug  4 2026 (Version AFNI_26.2.03 'Gordian III')
ds003745	117		01	/ZPOOL/data/projects/sharedreward-aging/derivatives/harmonized/sub-117/func/sub-117_task-sharedreward_run-01_space-MNI152NLin6Asym_desc-rf1Grid_bold.nii.gz	/ZPOOL/data/projects/sharedreward-aging/derivatives/harmonized/sub-117/func/sub-117_task-sharedreward_run-01_space-MNI152NLin6Asym_desc-rf1Grid_mask.nii.gz	/ZPOOL/data/projects/sharedreward-aging/derivatives/harmonized/sub-117/func/sub-117_task-sharedreward_run-01_space-MNI152NLin6Asym_desc-smoothToFWHM6_bold.nii.gz	6	5.7917	5.77774	5.76293	5.77745	0.552376	2.95247	13.2464	8.8781	Precompiled binary linux_ubuntu_24_64: Aug  4 2026 (Version AFNI_26.2.03 'Gordian III')
ds003745	117		02	/ZPOOL/data/projects/sharedreward-aging/derivatives/harmonized/sub-117/func/sub-117_task-sharedreward_run-02_space-MNI152NLin6Asym_desc-rf1Grid_bold.nii.gz	/ZPOOL/data/projects/sharedreward-aging/derivatives/harmonized/sub-117/func/sub-117_task-sharedreward_run-02_space-MNI152NLin6Asym_desc-rf1Grid_mask.nii.gz	/ZPOOL/data/projects/sharedreward-aging/derivatives/harmonized/sub-117/func/sub-117_task-sharedreward_run-02_space-MNI152NLin6Asym_desc-smoothToFWHM6_bold.nii.gz	6	5.79037	5.77923	5.76927	5.77962	0.560673	2.98542	12.82	8.84013	Precompiled binary linux_ubuntu_24_64: Aug  4 2026 (Version AFNI_26.2.03 'Gordian III')
ds003745	118		01	/ZPOOL/data/projects/sharedreward-aging/derivatives/harmonized/sub-118/func/sub-118_task-sharedreward_run-01_space-MNI152NLin6Asym_desc-rf1Grid_bold.nii.gz	/ZPOOL/data/projects/sharedreward-aging/derivatives/harmonized/sub-118/func/sub-118_task-sharedreward_run-01_space-MNI152NLin6Asym_desc-rf1Grid_mask.nii.gz	/ZPOOL/data/projects/sharedreward-aging/derivatives/harmonized/sub-118/func/sub-118_task-sharedreward_run-01_space-MNI152NLin6Asym_desc-smoothToFWHM6_bold.nii.gz	6	5.84563	5.87795	5.79012	5.83779	0.551064	3.04111	11.8102	8.86968	Precompiled binary linux_ubuntu_24_64: Aug  4 2026 (Version AFNI_26.2.03 'Gordian III')
ds003745	118		02	/ZPOOL/data/projects/sharedreward-aging/derivatives/harmonized/sub-118/func/sub-118_task-sharedreward_run-02_space-MNI152NLin6Asym_desc-rf1Grid_bold.nii.gz	/ZPOOL/data/projects/sharedreward-aging/derivatives/harmonized/sub-118/func/sub-118_task-sharedreward_run-02_space-MNI152NLin6Asym_desc-rf1Grid_mask.nii.gz	/ZPOOL/data/projects/sharedreward-aging/derivatives/harmonized/sub-118/func/sub-118_task-sharedreward_run-02_space-MNI152NLin6Asym_desc-smoothToFWHM6_bold.nii.gz	6	6.07519	6.01462	5.89177	5.99337	0.553827	3.11522	12.2067	9.08367	Precompiled binary linux_ubuntu_24_64: Aug  4 2026 (Version AFNI_26.2.03 'Gordian III')
ds003745	120		01	/ZPOOL/data/projects/sharedreward-aging/derivatives/harmonized/sub-120/func/sub-120_task-sharedreward_run-01_space-MNI152NLin6Asym_desc-rf1Grid_bold.nii.gz	/ZPOOL/data/projects/sharedreward-aging/derivatives/harmonized/sub-120/func/sub-120_task-sharedreward_run-01_space-MNI152NLin6Asym_desc-rf1Grid_mask.nii.gz	/ZPOOL/data/projects/sharedreward-aging/derivatives/harmonized/sub-120/func/sub-120_task-sharedreward_run-01_space-MNI152NLin6Asym_desc-smoothToFWHM6_bold.nii.gz	6	5.93702	5.93049	5.74005	5.86847	0.552064	2.97111	12.9719	8.88448	Precompiled binary linux_ubuntu_24_64: Aug  4 2026 (Version AFNI_26.2.03 'Gordian III')
ds003745	120		02	/ZPOOL/data/projects/sharedreward-aging/derivatives/harmonized/sub-120/func/sub-120_task-sharedreward_run-02_space-MNI152NLin6Asym_desc-rf1Grid_bold.nii.gz	/ZPOOL/data/projects/sharedreward-aging/derivatives/harmonized/sub-120/func/sub-120_task-sharedreward_run-02_space-MNI152NLin6Asym_desc-rf1Grid_mask.nii.gz	/ZPOOL/data/projects/sharedreward-aging/derivatives/harmonized/sub-120/func/sub-120_task-sharedreward_run-02_space-MNI152NLin6Asym_desc-smoothToFWHM6_bold.nii.gz	6	5.87637	5.79725	5.61404	5.7615	0.539176	2.80411	13.6775	8.6779	Precompiled binary linux_ubuntu_24_64: Aug  4 2026 (Version AFNI_26.2.03 'Gordian III')
ds003745	121		01	/ZPOOL/data/projects/sharedreward-aging/derivatives/harmonized/sub-121/func/sub-121_task-sharedreward_run-01_space-MNI152NLin6Asym_desc-rf1Grid_bold.nii.gz	/ZPOOL/data/projects/sharedreward-aging/derivatives/harmonized/sub-121/func/sub-121_task-sharedreward_run-01_space-MNI152NLin6Asym_desc-rf1Grid_mask.nii.gz	/ZPOOL/data/projects/sharedreward-aging/derivatives/harmonized/sub-121/func/sub-121_task-sharedreward_run-01_space-MNI152NLin6Asym_desc-smoothToFWHM6_bold.nii.gz	6	5.77584	5.76036	5.80533	5.78048	0.662653	3.15185	12.2727	8.60157	Precompiled binary linux_ubuntu_24_64: Aug  4 2026 (Version AFNI_26.2.03 'Gordian III')
ds003745	121		02	/ZPOOL/data/projects/sharedreward-aging/derivatives/harmonized/sub-121/func/sub-121_task-sharedreward_run-02_space-MNI152NLin6Asym_desc-rf1Grid_bold.nii.gz	/ZPOOL/data/projects/sharedreward-aging/derivatives/harmonized/sub-121/func/sub-121_task-sharedreward_run-02_space-MNI152NLin6Asym_desc-rf1Grid_mask.nii.gz	/ZPOOL/data/projects/sharedreward-aging/derivatives/harmonized/sub-121/func/sub-121_task-sharedreward_run-02_space-MNI152NLin6Asym_desc-smoothToFWHM6_bold.nii.gz	6	5.79429	5.76904	5.8084	5.79055	0.659804	3.13784	12.4823	8.60398	Precompiled binary linux_ubuntu_24_64: Aug  4 2026 (Version AFNI_26.2.03 'Gordian III')
ds003745	122		01	/ZPOOL/data/projects/sharedreward-aging/derivatives/harmonized/sub-122/func/sub-122_task-sharedreward_run-01_space-MNI152NLin6Asym_desc-rf1Grid_bold.nii.gz	/ZPOOL/data/projects/sharedreward-aging/derivatives/harmonized/sub-122/func/sub-122_task-sharedreward_run-01_space-MNI152NLin6Asym_desc-rf1Grid_mask.nii.gz	/ZPOOL/data/projects/sharedreward-aging/derivatives/harmonized/sub-122/func/sub-122_task-sharedreward_run-01_space-MNI152NLin6Asym_desc-smoothToFWHM6_bold.nii.gz	6	5.82214	5.77511	5.84497	5.814	0.61744	3.07712	13.5673	8.80137	Precompiled binary linux_ubuntu_24_64: Aug  4 2026 (Version AFNI_26.2.03 'Gordian III')
ds003745	122		02	/ZPOOL/data/projects/sharedreward-aging/derivatives/harmonized/sub-122/func/sub-122_task-sharedreward_run-02_space-MNI152NLin6Asym_desc-rf1Grid_bold.nii.gz	/ZPOOL/data/projects/sharedreward-aging/derivatives/harmonized/sub-122/func/sub-122_task-sharedreward_run-02_space-MNI152NLin6Asym_desc-rf1Grid_mask.nii.gz	/ZPOOL/data/projects/sharedreward-aging/derivatives/harmonized/sub-122/func/sub-122_task-sharedreward_run-02_space-MNI152NLin6Asym_desc-smoothToFWHM6_bold.nii.gz	6	5.7578	5.77026	5.77661	5.76822	0.612557	3.05653	12.4738	8.65515	Precompiled binary linux_ubuntu_24_64: Aug  4 2026 (Version AFNI_26.2.03 'Gordian III')
ds003745	124		01	/ZPOOL/data/projects/sharedreward-aging/derivatives/harmonized/sub-124/func/sub-124_task-sharedreward_run-01_space-MNI152NLin6Asym_desc-rf1Grid_bold.nii.gz	/ZPOOL/data/projects/sharedreward-aging/derivatives/harmonized/sub-124/func/sub-124_task-sharedreward_run-01_space-MNI152NLin6Asym_desc-rf1Grid_mask.nii.gz	/ZPOOL/data/projects/sharedreward-aging/derivatives/harmonized/sub-124/func/sub-124_task-sharedreward_run-01_space-MNI152NLin6Asym_desc-smoothToFWHM6_bold.nii.gz	6	5.86984	5.80088	5.8157	5.82873	0.585856	3.0569	11.4688	8.66048	Precompiled binary linux_ubuntu_24_64: Aug  4 2026 (Version AFNI_26.2.03 'Gordian III')
ds003745	124		02	/ZPOOL/data/projects/sharedreward-aging/derivatives/harmonized/sub-124/func/sub-124_task-sharedreward_run-02_space-MNI152NLin6Asym_desc-rf1Grid_bold.nii.gz	/ZPOOL/data/projects/sharedreward-aging/derivatives/harmonized/sub-124/func/sub-124_task-sharedreward_run-02_space-MNI152NLin6Asym_desc-rf1Grid_mask.nii.gz	/ZPOOL/data/projects/sharedreward-aging/derivatives/harmonized/sub-124/func/sub-124_task-sharedreward_run-02_space-MNI152NLin6Asym_desc-smoothToFWHM6_bold.nii.gz	6	5.82046	5.78734	5.7707	5.7928	0.593132	3.04338	11.757	8.63398	Precompiled binary linux_ubuntu_24_64: Aug  4 2026 (Version AFNI_26.2.03 'Gordian III')
ds003745	125		01	/ZPOOL/data/projects/sharedreward-aging/derivatives/harmonized/sub-125/func/sub-125_task-sharedreward_run-01_space-MNI152NLin6Asym_desc-rf1Grid_bold.nii.gz	/ZPOOL/data/projects/sharedreward-aging/derivatives/harmonized/sub-125/func/sub-125_task-sharedreward_run-01_space-MNI152NLin6Asym_desc-rf1Grid_mask.nii.gz	/ZPOOL/data/projects/sharedreward-aging/derivatives/harmonized/sub-125/func/sub-125_task-sharedreward_run-01_space-MNI152NLin6Asym_desc-smoothToFWHM6_bold.nii.gz	6	5.77808	5.74517	5.75458	5.75926	0.637681	3.08225	12.3573	8.56974	Precompiled binary linux_ubuntu_24_64: Aug  4 2026 (Version AFNI_26.2.03 'Gordian III')
ds003745	125		02	/ZPOOL/data/projects/sharedreward-aging/derivatives/harmonized/sub-125/func/sub-125_task-sharedreward_run-02_space-MNI152NLin6Asym_desc-rf1Grid_bold.nii.gz	/ZPOOL/data/projects/sharedreward-aging/derivatives/harmonized/sub-125/func/sub-125_task-sharedreward_run-02_space-MNI152NLin6Asym_desc-rf1Grid_mask.nii.gz	/ZPOOL/data/projects/sharedreward-aging/derivatives/harmonized/sub-125/func/sub-125_task-sharedreward_run-02_space-MNI152NLin6Asym_desc-smoothToFWHM6_bold.nii.gz	6	5.78643	5.76401	5.7819	5.77744	0.621521	3.0944	11.9764	8.63475	Precompiled binary linux_ubuntu_24_64: Aug  4 2026 (Version AFNI_26.2.03 'Gordian III')
ds003745	126		01	/ZPOOL/data/projects/sharedreward-aging/derivatives/harmonized/sub-126/func/sub-126_task-sharedreward_run-01_space-MNI152NLin6Asym_desc-rf1Grid_bold.nii.gz	/ZPOOL/data/projects/sharedreward-aging/derivatives/harmonized/sub-126/func/sub-126_task-sharedreward_run-01_space-MNI152NLin6Asym_desc-rf1Grid_mask.nii.gz	/ZPOOL/data/projects/sharedreward-aging/derivatives/harmonized/sub-126/func/sub-126_task-sharedreward_run-01_space-MNI152NLin6Asym_desc-smoothToFWHM6_bold.nii.gz	6	5.98158	5.9498	5.67145	5.86594	0.569756	2.94147	13.8429	8.81213	Precompiled binary linux_ubuntu_24_64: Aug  4 2026 (Version AFNI_26.2.03 'Gordian III')
ds003745	126		02	/ZPOOL/data/projects/sharedreward-aging/derivatives/harmonized/sub-126/func/sub-126_task-sharedreward_run-02_space-MNI152NLin6Asym_desc-rf1Grid_bold.nii.gz	/ZPOOL/data/projects/sharedreward-aging/derivatives/harmonized/sub-126/func/sub-126_task-sharedreward_run-02_space-MNI152NLin6Asym_desc-rf1Grid_mask.nii.gz	/ZPOOL/data/projects/sharedreward-aging/derivatives/harmonized/sub-126/func/sub-126_task-sharedreward_run-02_space-MNI152NLin6Asym_desc-smoothToFWHM6_bold.nii.gz	6	5.97947	5.96931	5.72465	5.88996	0.546513	2.99644	12.4477	8.89944	Precompiled binary linux_ubuntu_24_64: Aug  4 2026 (Version AFNI_26.2.03 'Gordian III')
ds003745	127		01	/ZPOOL/data/projects/sharedreward-aging/derivatives/harmonized/sub-127/func/sub-127_task-sharedreward_run-01_space-MNI152NLin6Asym_desc-rf1Grid_bold.nii.gz	/ZPOOL/data/projects/sharedreward-aging/derivatives/harmonized/sub-127/func/sub-127_task-sharedreward_run-01_space-MNI152NLin6Asym_desc-rf1Grid_mask.nii.gz	/ZPOOL/data/projects/sharedreward-aging/derivatives/harmonized/sub-127/func/sub-127_task-sharedreward_run-01_space-MNI152NLin6Asym_desc-smoothToFWHM6_bold.nii.gz	6	5.78184	5.72957	5.69957	5.73689	0.558822	2.87078	13.9173	8.72747	Precompiled binary linux_ubuntu_24_64: Aug  4 2026 (Version AFNI_26.2.03 'Gordian III')
ds003745	127		02	/ZPOOL/data/projects/sharedreward-aging/derivatives/harmonized/sub-127/func/sub-127_task-sharedreward_run-02_space-MNI152NLin6Asym_desc-rf1Grid_bold.nii.gz	/ZPOOL/data/projects/sharedreward-aging/derivatives/harmonized/sub-127/func/sub-127_task-sharedreward_run-02_space-MNI152NLin6Asym_desc-rf1Grid_mask.nii.gz	/ZPOOL/data/projects/sharedreward-aging/derivatives/harmonized/sub-127/func/sub-127_task-sharedreward_run-02_space-MNI152NLin6Asym_desc-smoothToFWHM6_bold.nii.gz	6	5.73193	5.73595	5.73218	5.73335	0.564962	2.90108	13.5622	8.71266	Precompiled binary linux_ubuntu_24_64: Aug  4 2026 (Version AFNI_26.2.03 'Gordian III')
ds003745	128		01	/ZPOOL/data/projects/sharedreward-aging/derivatives/harmonized/sub-128/func/sub-128_task-sharedreward_run-01_space-MNI152NLin6Asym_desc-rf1Grid_bold.nii.gz	/ZPOOL/data/projects/sharedreward-aging/derivatives/harmonized/sub-128/func/sub-128_task-sharedreward_run-01_space-MNI152NLin6Asym_desc-rf1Grid_mask.nii.gz	/ZPOOL/data/projects/sharedreward-aging/derivatives/harmonized/sub-128/func/sub-128_task-sharedreward_run-01_space-MNI152NLin6Asym_desc-smoothToFWHM6_bold.nii.gz	6	5.67654	5.63358	5.64877	5.65293	0.60236	2.96015	14.0533	8.66475	Precompiled binary linux_ubuntu_24_64: Aug  4 2026 (Version AFNI_26.2.03 'Gordian III')
ds003745	128		02	/ZPOOL/data/projects/sharedreward-aging/derivatives/harmonized/sub-128/func/sub-128_task-sharedreward_run-02_space-MNI152NLin6Asym_desc-rf1Grid_bold.nii.gz	/ZPOOL/data/projects/sharedreward-aging/derivatives/harmonized/sub-128/func/sub-128_task-sharedreward_run-02_space-MNI152NLin6Asym_desc-rf1Grid_mask.nii.gz	/ZPOOL/data/projects/sharedreward-aging/derivatives/harmonized/sub-128/func/sub-128_task-sharedreward_run-02_space-MNI152NLin6Asym_desc-smoothToFWHM6_bold.nii.gz	6	5.70964	5.70506	5.67561	5.69675	0.586848	2.9548	13.8902	8.73495	Precompiled binary linux_ubuntu_24_64: Aug  4 2026 (Version AFNI_26.2.03 'Gordian III')
ds003745	129		01	/ZPOOL/data/projects/sharedreward-aging/derivatives/harmonized/sub-129/func/sub-129_task-sharedreward_run-01_space-MNI152NLin6Asym_desc-rf1Grid_bold.nii.gz	/ZPOOL/data/projects/sharedreward-aging/derivatives/harmonized/sub-129/func/sub-129_task-sharedreward_run-01_space-MNI152NLin6Asym_desc-rf1Grid_mask.nii.gz	/ZPOOL/data/projects/sharedreward-aging/derivatives/harmonized/sub-129/func/sub-129_task-sharedreward_run-01_space-MNI152NLin6Asym_desc-smoothToFWHM6_bold.nii.gz	6	5.80959	5.78039	5.61978	5.73597	0.567748	2.96995	13.293	8.82318	Precompiled binary linux_ubuntu_24_64: Aug  4 2026 (Version AFNI_26.2.03 'Gordian III')
ds003745	129		02	/ZPOOL/data/projects/sharedreward-aging/derivatives/harmonized/sub-129/func/sub-129_task-sharedreward_run-02_space-MNI152NLin6Asym_desc-rf1Grid_bold.nii.gz	/ZPOOL/data/projects/sharedreward-aging/derivatives/harmonized/sub-129/func/sub-129_task-sharedreward_run-02_space-MNI152NLin6Asym_desc-rf1Grid_mask.nii.gz	/ZPOOL/data/projects/sharedreward-aging/derivatives/harmonized/sub-129/func/sub-129_task-sharedreward_run-02_space-MNI152NLin6Asym_desc-smoothToFWHM6_bold.nii.gz	6	5.81457	5.73758	5.50108	5.68283	0.592607	2.98237	13.6388	8.7351	Precompiled binary linux_ubuntu_24_64: Aug  4 2026 (Version AFNI_26.2.03 'Gordian III')
ds003745	130		01	/ZPOOL/data/projects/sharedreward-aging/derivatives/harmonized/sub-130/func/sub-130_task-sharedreward_run-01_space-MNI152NLin6Asym_desc-rf1Grid_bold.nii.gz	/ZPOOL/data/projects/sharedreward-aging/derivatives/harmonized/sub-130/func/sub-130_task-sharedreward_run-01_space-MNI152NLin6Asym_desc-rf1Grid_mask.nii.gz	/ZPOOL/data/projects/sharedreward-aging/derivatives/harmonized/sub-130/func/sub-130_task-sharedreward_run-01_space-MNI152NLin6Asym_desc-smoothToFWHM6_bold.nii.gz	6	5.79207	5.74882	5.62878	5.7228	0.62827	2.99816	12.9144	8.48033	Precompiled binary linux_ubuntu_24_64: Aug  4 2026 (Version AFNI_26.2.03 'Gordian III')
ds003745	130		02	/ZPOOL/data/projects/sharedreward-aging/derivatives/harmonized/sub-130/func/sub-130_task-sharedreward_run-02_space-MNI152NLin6Asym_desc-rf1Grid_bold.nii.gz	/ZPOOL/data/projects/sharedreward-aging/derivatives/harmonized/sub-130/func/sub-130_task-sharedreward_run-02_space-MNI152NLin6Asym_desc-rf1Grid_mask.nii.gz	/ZPOOL/data/projects/sharedreward-aging/derivatives/harmonized/sub-130/func/sub-130_task-sharedreward_run-02_space-MNI152NLin6Asym_desc-smoothToFWHM6_bold.nii.gz	6	5.89282	5.83008	5.73416	5.81865	0.615671	3.03054	13.5611	8.70013	Precompiled binary linux_ubuntu_24_64: Aug  4 2026 (Version AFNI_26.2.03 'Gordian III')
ds003745	131		01	/ZPOOL/data/projects/sharedreward-aging/derivatives/harmonized/sub-131/func/sub-131_task-sharedreward_run-01_space-MNI152NLin6Asym_desc-rf1Grid_bold.nii.gz	/ZPOOL/data/projects/sharedreward-aging/derivatives/harmonized/sub-131/func/sub-131_task-sharedreward_run-01_space-MNI152NLin6Asym_desc-rf1Grid_mask.nii.gz	/ZPOOL/data/projects/sharedreward-aging/derivatives/harmonized/sub-131/func/sub-131_task-sharedreward_run-01_space-MNI152NLin6Asym_desc-smoothToFWHM6_bold.nii.gz	6	5.82304	5.70702	5.74999	5.75982	0.609721	3.04678	12.5112	8.65236	Precompiled binary linux_ubuntu_24_64: Aug  4 2026 (Version AFNI_26.2.03 'Gordian III')
ds003745	131		02	/ZPOOL/data/projects/sharedreward-aging/derivatives/harmonized/sub-131/func/sub-131_task-sharedreward_run-02_space-MNI152NLin6Asym_desc-rf1Grid_bold.nii.gz	/ZPOOL/data/projects/sharedreward-aging/derivatives/harmonized/sub-131/func/sub-131_task-sharedreward_run-02_space-MNI152NLin6Asym_desc-rf1Grid_mask.nii.gz	/ZPOOL/data/projects/sharedreward-aging/derivatives/harmonized/sub-131/func/sub-131_task-sharedreward_run-02_space-MNI152NLin6Asym_desc-smoothToFWHM6_bold.nii.gz	6	5.90348	5.75798	5.81931	5.82662	0.599835	3.07861	12.8027	8.81835	Precompiled binary linux_ubuntu_24_64: Aug  4 2026 (Version AFNI_26.2.03 'Gordian III')
ds003745	132		01	/ZPOOL/data/projects/sharedreward-aging/derivatives/harmonized/sub-132/func/sub-132_task-sharedreward_run-01_space-MNI152NLin6Asym_desc-rf1Grid_bold.nii.gz	/ZPOOL/data/projects/sharedreward-aging/derivatives/harmonized/sub-132/func/sub-132_task-sharedreward_run-01_space-MNI152NLin6Asym_desc-rf1Grid_mask.nii.gz	/ZPOOL/data/projects/sharedreward-aging/derivatives/harmonized/sub-132/func/sub-132_task-sharedreward_run-01_space-MNI152NLin6Asym_desc-smoothToFWHM6_bold.nii.gz	6	5.89697	5.8875	5.89939	5.89461	0.639594	3.12554	14.457	8.87358	Precompiled binary linux_ubuntu_24_64: Aug  4 2026 (Version AFNI_26.2.03 'Gordian III')
ds003745	132		02	/ZPOOL/data/projects/sharedreward-aging/derivatives/harmonized/sub-132/func/sub-132_task-sharedreward_run-02_space-MNI152NLin6Asym_desc-rf1Grid_bold.nii.gz	/ZPOOL/data/projects/sharedreward-aging/derivatives/harmonized/sub-132/func/sub-132_task-sharedreward_run-02_space-MNI152NLin6Asym_desc-rf1Grid_mask.nii.gz	/ZPOOL/data/projects/sharedreward-aging/derivatives/harmonized/sub-132/func/sub-132_task-sharedreward_run-02_space-MNI152NLin6Asym_desc-smoothToFWHM6_bold.nii.gz	6	5.81011	5.80195	5.79981	5.80395	0.627926	3.05164	13.7852	8.70146	Precompiled binary linux_ubuntu_24_64: Aug  4 2026 (Version AFNI_26.2.03 'Gordian III')
ds003745	133		01	/ZPOOL/data/projects/sharedreward-aging/derivatives/harmonized/sub-133/func/sub-133_task-sharedreward_run-01_space-MNI152NLin6Asym_desc-rf1Grid_bold.nii.gz	/ZPOOL/data/projects/sharedreward-aging/derivatives/harmonized/sub-133/func/sub-133_task-sharedreward_run-01_space-MNI152NLin6Asym_desc-rf1Grid_mask.nii.gz	/ZPOOL/data/projects/sharedreward-aging/derivatives/harmonized/sub-133/func/sub-133_task-sharedreward_run-01_space-MNI152NLin6Asym_desc-smoothToFWHM6_bold.nii.gz	6	5.73097	5.72916	5.72277	5.72763	0.608862	3.02249	12.5153	8.60036	Precompiled binary linux_ubuntu_24_64: Aug  4 2026 (Version AFNI_26.2.03 'Gordian III')
ds003745	133		02	/ZPOOL/data/projects/sharedreward-aging/derivatives/harmonized/sub-133/func/sub-133_task-sharedreward_run-02_space-MNI152NLin6Asym_desc-rf1Grid_bold.nii.gz	/ZPOOL/data/projects/sharedreward-aging/derivatives/harmonized/sub-133/func/sub-133_task-sharedreward_run-02_space-MNI152NLin6Asym_desc-rf1Grid_mask.nii.gz	/ZPOOL/data/projects/sharedreward-aging/derivatives/harmonized/sub-133/func/sub-133_task-sharedreward_run-02_space-MNI152NLin6Asym_desc-smoothToFWHM6_bold.nii.gz	6	5.70132	5.67213	5.70748	5.69362	0.631887	3.02259	12.9598	8.52412	Precompiled binary linux_ubuntu_24_64: Aug  4 2026 (Version AFNI_26.2.03 'Gordian III')
ds003745	134		01	/ZPOOL/data/projects/sharedreward-aging/derivatives/harmonized/sub-134/func/sub-134_task-sharedreward_run-01_space-MNI152NLin6Asym_desc-rf1Grid_bold.nii.gz	/ZPOOL/data/projects/sharedreward-aging/derivatives/harmonized/sub-134/func/sub-134_task-sharedreward_run-01_space-MNI152NLin6Asym_desc-rf1Grid_mask.nii.gz	/ZPOOL/data/projects/sharedreward-aging/derivatives/harmonized/sub-134/func/sub-134_task-sharedreward_run-01_space-MNI152NLin6Asym_desc-smoothToFWHM6_bold.nii.gz	6	5.72458	5.69459	5.61182	5.6768	0.595323	3.03055	11.8765	8.60953	Precompiled binary linux_ubuntu_24_64: Aug  4 2026 (Version AFNI_26.2.03 'Gordian III')
ds003745	134		02	/ZPOOL/data/projects/sharedreward-aging/derivatives/harmonized/sub-134/func/sub-134_task-sharedreward_run-02_space-MNI152NLin6Asym_desc-rf1Grid_bold.nii.gz	/ZPOOL/data/projects/sharedreward-aging/derivatives/harmonized/sub-134/func/sub-134_task-sharedreward_run-02_space-MNI152NLin6Asym_desc-rf1Grid_mask.nii.gz	/ZPOOL/data/projects/sharedreward-aging/derivatives/harmonized/sub-134/func/sub-134_task-sharedreward_run-02_space-MNI152NLin6Asym_desc-smoothToFWHM6_bold.nii.gz	6	5.7494	5.73313	5.6279	5.70322	0.595938	3.00843	12.3302	8.6159	Precompiled binary linux_ubuntu_24_64: Aug  4 2026 (Version AFNI_26.2.03 'Gordian III')
ds003745	135		01	/ZPOOL/data/projects/sharedreward-aging/derivatives/harmonized/sub-135/func/sub-135_task-sharedreward_run-01_space-MNI152NLin6Asym_desc-rf1Grid_bold.nii.gz	/ZPOOL/data/projects/sharedreward-aging/derivatives/harmonized/sub-135/func/sub-135_task-sharedreward_run-01_space-MNI152NLin6Asym_desc-rf1Grid_mask.nii.gz	/ZPOOL/data/projects/sharedreward-aging/derivatives/harmonized/sub-135/func/sub-135_task-sharedreward_run-01_space-MNI152NLin6Asym_desc-smoothToFWHM6_bold.nii.gz	6	5.87893	5.86669	5.70049	5.8148	0.585721	3.03342	12.7652	8.79051	Precompiled binary linux_ubuntu_24_64: Aug  4 2026 (Version AFNI_26.2.03 'Gordian III')
ds003745	135		02	/ZPOOL/data/projects/sharedreward-aging/derivatives/harmonized/sub-135/func/sub-135_task-sharedreward_run-02_space-MNI152NLin6Asym_desc-rf1Grid_bold.nii.gz	/ZPOOL/data/projects/sharedreward-aging/derivatives/harmonized/sub-135/func/sub-135_task-sharedreward_run-02_space-MNI152NLin6Asym_desc-rf1Grid_mask.nii.gz	/ZPOOL/data/projects/sharedreward-aging/derivatives/harmonized/sub-135/func/sub-135_task-sharedreward_run-02_space-MNI152NLin6Asym_desc-smoothToFWHM6_bold.nii.gz	6	5.82823	5.76893	5.58289	5.72572	0.551364	2.9758	11.6315	8.6907	Precompiled binary linux_ubuntu_24_64: Aug  4 2026 (Version AFNI_26.2.03 'Gordian III')
ds003745	136		01	/ZPOOL/data/projects/sharedreward-aging/derivatives/harmonized/sub-136/func/sub-136_task-sharedreward_run-01_space-MNI152NLin6Asym_desc-rf1Grid_bold.nii.gz	/ZPOOL/data/projects/sharedreward-aging/derivatives/harmonized/sub-136/func/sub-136_task-sharedreward_run-01_space-MNI152NLin6Asym_desc-rf1Grid_mask.nii.gz	/ZPOOL/data/projects/sharedreward-aging/derivatives/harmonized/sub-136/func/sub-136_task-sharedreward_run-01_space-MNI152NLin6Asym_desc-smoothToFWHM6_bold.nii.gz	6	5.85691	5.80844	5.81899	5.82808	0.610731	3.07679	12.3504	8.69704	Precompiled binary linux_ubuntu_24_64: Aug  4 2026 (Version AFNI_26.2.03 'Gordian III')
ds003745	136		02	/ZPOOL/data/projects/sharedreward-aging/derivatives/harmonized/sub-136/func/sub-136_task-sharedreward_run-02_space-MNI152NLin6Asym_desc-rf1Grid_bold.nii.gz	/ZPOOL/data/projects/sharedreward-aging/derivatives/harmonized/sub-136/func/sub-136_task-sharedreward_run-02_space-MNI152NLin6Asym_desc-rf1Grid_mask.nii.gz	/ZPOOL/data/projects/sharedreward-aging/derivatives/harmonized/sub-136/func/sub-136_task-sharedreward_run-02_space-MNI152NLin6Asym_desc-smoothToFWHM6_bold.nii.gz	6	5.77493	5.74195	5.77093	5.76258	0.595414	3.03744	11.6202	8.58875	Precompiled binary linux_ubuntu_24_64: Aug  4 2026 (Version AFNI_26.2.03 'Gordian III')
ds003745	137		01	/ZPOOL/data/projects/sharedreward-aging/derivatives/harmonized/sub-137/func/sub-137_task-sharedreward_run-01_space-MNI152NLin6Asym_desc-rf1Grid_bold.nii.gz	/ZPOOL/data/projects/sharedreward-aging/derivatives/harmonized/sub-137/func/sub-137_task-sharedreward_run-01_space-MNI152NLin6Asym_desc-rf1Grid_mask.nii.gz	/ZPOOL/data/projects/sharedreward-aging/derivatives/harmonized/sub-137/func/sub-137_task-sharedreward_run-01_space-MNI152NLin6Asym_desc-smoothToFWHM6_bold.nii.gz	6	5.92252	5.8976	5.83308	5.88428	0.608006	3.08526	13.6784	8.8889	Precompiled binary linux_ubuntu_24_64: Aug  4 2026 (Version AFNI_26.2.03 'Gordian III')
ds003745	137		02	/ZPOOL/data/projects/sharedreward-aging/derivatives/harmonized/sub-137/func/sub-137_task-sharedreward_run-02_space-MNI152NLin6Asym_desc-rf1Grid_bold.nii.gz	/ZPOOL/data/projects/sharedreward-aging/derivatives/harmonized/sub-137/func/sub-137_task-sharedreward_run-02_space-MNI152NLin6Asym_desc-rf1Grid_mask.nii.gz	/ZPOOL/data/projects/sharedreward-aging/derivatives/harmonized/sub-137/func/sub-137_task-sharedreward_run-02_space-MNI152NLin6Asym_desc-smoothToFWHM6_bold.nii.gz	6	5.9119	5.88692	5.80922	5.86918	0.605293	3.06747	13.5617	8.85026	Precompiled binary linux_ubuntu_24_64: Aug  4 2026 (Version AFNI_26.2.03 'Gordian III')
ds003745	138		01	/ZPOOL/data/projects/sharedreward-aging/derivatives/harmonized/sub-138/func/sub-138_task-sharedreward_run-01_space-MNI152NLin6Asym_desc-rf1Grid_bold.nii.gz	/ZPOOL/data/projects/sharedreward-aging/derivatives/harmonized/sub-138/func/sub-138_task-sharedreward_run-01_space-MNI152NLin6Asym_desc-rf1Grid_mask.nii.gz	/ZPOOL/data/projects/sharedreward-aging/derivatives/harmonized/sub-138/func/sub-138_task-sharedreward_run-01_space-MNI152NLin6Asym_desc-smoothToFWHM6_bold.nii.gz	6	5.81476	5.82369	5.7387	5.79226	0.59503	2.99848	14.4696	8.84986	Precompiled binary linux_ubuntu_24_64: Aug  4 2026 (Version AFNI_26.2.03 'Gordian III')
ds003745	138		02	/ZPOOL/data/projects/sharedreward-aging/derivatives/harmonized/sub-138/func/sub-138_task-sharedreward_run-02_space-MNI152NLin6Asym_desc-rf1Grid_bold.nii.gz	/ZPOOL/data/projects/sharedreward-aging/derivatives/harmonized/sub-138/func/sub-138_task-sharedreward_run-02_space-MNI152NLin6Asym_desc-rf1Grid_mask.nii.gz	/ZPOOL/data/projects/sharedreward-aging/derivatives/harmonized/sub-138/func/sub-138_task-sharedreward_run-02_space-MNI152NLin6Asym_desc-smoothToFWHM6_bold.nii.gz	6	5.82836	5.77749	5.64978	5.75138	0.557936	2.9289	13.527	8.82287	Precompiled binary linux_ubuntu_24_64: Aug  4 2026 (Version AFNI_26.2.03 'Gordian III')
ds003745	140		01	/ZPOOL/data/projects/sharedreward-aging/derivatives/harmonized/sub-140/func/sub-140_task-sharedreward_run-01_space-MNI152NLin6Asym_desc-rf1Grid_bold.nii.gz	/ZPOOL/data/projects/sharedreward-aging/derivatives/harmonized/sub-140/func/sub-140_task-sharedreward_run-01_space-MNI152NLin6Asym_desc-rf1Grid_mask.nii.gz	/ZPOOL/data/projects/sharedreward-aging/derivatives/harmonized/sub-140/func/sub-140_task-sharedreward_run-01_space-MNI152NLin6Asym_desc-smoothToFWHM6_bold.nii.gz	6	5.72511	5.71305	5.76076	5.73293	0.636792	3.04419	13.5804	8.612	Precompiled binary linux_ubuntu_24_64: Aug  4 2026 (Version AFNI_26.2.03 'Gordian III')
ds003745	140		02	/ZPOOL/data/projects/sharedreward-aging/derivatives/harmonized/sub-140/func/sub-140_task-sharedreward_run-02_space-MNI152NLin6Asym_desc-rf1Grid_bold.nii.gz	/ZPOOL/data/projects/sharedreward-aging/derivatives/harmonized/sub-140/func/sub-140_task-sharedreward_run-02_space-MNI152NLin6Asym_desc-rf1Grid_mask.nii.gz	/ZPOOL/data/projects/sharedreward-aging/derivatives/harmonized/sub-140/func/sub-140_task-sharedreward_run-02_space-MNI152NLin6Asym_desc-smoothToFWHM6_bold.nii.gz	6	5.86848	5.83677	5.84138	5.84886	0.656359	3.14187	13.5407	8.73421	Precompiled binary linux_ubuntu_24_64: Aug  4 2026 (Version AFNI_26.2.03 'Gordian III')
ds003745	141		01	/ZPOOL/data/projects/sharedreward-aging/derivatives/harmonized/sub-141/func/sub-141_task-sharedreward_run-01_space-MNI152NLin6Asym_desc-rf1Grid_bold.nii.gz	/ZPOOL/data/projects/sharedreward-aging/derivatives/harmonized/sub-141/func/sub-141_task-sharedreward_run-01_space-MNI152NLin6Asym_desc-rf1Grid_mask.nii.gz	/ZPOOL/data/projects/sharedreward-aging/derivatives/harmonized/sub-141/func/sub-141_task-sharedreward_run-01_space-MNI152NLin6Asym_desc-smoothToFWHM6_bold.nii.gz	6	5.84239	5.82375	5.85991	5.842	0.60218	3.07831	13.0656	8.83638	Precompiled binary linux_ubuntu_24_64: Aug  4 2026 (Version AFNI_26.2.03 'Gordian III')
ds003745	141		02	/ZPOOL/data/projects/sharedreward-aging/derivatives/harmonized/sub-141/func/sub-141_task-sharedreward_run-02_space-MNI152NLin6Asym_desc-rf1Grid_bold.nii.gz	/ZPOOL/data/projects/sharedreward-aging/derivatives/harmonized/sub-141/func/sub-141_task-sharedreward_run-02_space-MNI152NLin6Asym_desc-rf1Grid_mask.nii.gz	/ZPOOL/data/projects/sharedreward-aging/derivatives/harmonized/sub-141/func/sub-141_task-sharedreward_run-02_space-MNI152NLin6Asym_desc-smoothToFWHM6_bold.nii.gz	6	5.78624	5.75868	5.81715	5.78731	0.604696	3.06154	12.7428	8.74346	Precompiled binary linux_ubuntu_24_64: Aug  4 2026 (Version AFNI_26.2.03 'Gordian III')
ds003745	142		01	/ZPOOL/data/projects/sharedreward-aging/derivatives/harmonized/sub-142/func/sub-142_task-sharedreward_run-01_space-MNI152NLin6Asym_desc-rf1Grid_bold.nii.gz	/ZPOOL/data/projects/sharedreward-aging/derivatives/harmonized/sub-142/func/sub-142_task-sharedreward_run-01_space-MNI152NLin6Asym_desc-rf1Grid_mask.nii.gz	/ZPOOL/data/projects/sharedreward-aging/derivatives/harmonized/sub-142/func/sub-142_task-sharedreward_run-01_space-MNI152NLin6Asym_desc-smoothToFWHM6_bold.nii.gz	6	5.7665	5.71491	5.67167	5.71756	0.612487	3.05731	12.329	8.63948	Precompiled binary linux_ubuntu_24_64: Aug  4 2026 (Version AFNI_26.2.03 'Gordian III')
ds003745	142		02	/ZPOOL/data/projects/sharedreward-aging/derivatives/harmonized/sub-142/func/sub-142_task-sharedreward_run-02_space-MNI152NLin6Asym_desc-rf1Grid_bold.nii.gz	/ZPOOL/data/projects/sharedreward-aging/derivatives/harmonized/sub-142/func/sub-142_task-sharedreward_run-02_space-MNI152NLin6Asym_desc-rf1Grid_mask.nii.gz	/ZPOOL/data/projects/sharedreward-aging/derivatives/harmonized/sub-142/func/sub-142_task-sharedreward_run-02_space-MNI152NLin6Asym_desc-smoothToFWHM6_bold.nii.gz	6	5.62919	5.60638	5.48267	5.57237	0.634599	3.02143	12.438	8.45008	Precompiled binary linux_ubuntu_24_64: Aug  4 2026 (Version AFNI_26.2.03 'Gordian III')
ds003745	143		01	/ZPOOL/data/projects/sharedreward-aging/derivatives/harmonized/sub-143/func/sub-143_task-sharedreward_run-01_space-MNI152NLin6Asym_desc-rf1Grid_bold.nii.gz	/ZPOOL/data/projects/sharedreward-aging/derivatives/harmonized/sub-143/func/sub-143_task-sharedreward_run-01_space-MNI152NLin6Asym_desc-rf1Grid_mask.nii.gz	/ZPOOL/data/projects/sharedreward-aging/derivatives/harmonized/sub-143/func/sub-143_task-sharedreward_run-01_space-MNI152NLin6Asym_desc-smoothToFWHM6_bold.nii.gz	6	5.77696	5.7446	5.79565	5.77236	0.648278	3.01709	15.4978	8.64222	Precompiled binary linux_ubuntu_24_64: Aug  4 2026 (Version AFNI_26.2.03 'Gordian III')
ds003745	143		02	/ZPOOL/data/projects/sharedreward-aging/derivatives/harmonized/sub-143/func/sub-143_task-sharedreward_run-02_space-MNI152NLin6Asym_desc-rf1Grid_bold.nii.gz	/ZPOOL/data/projects/sharedreward-aging/derivatives/harmonized/sub-143/func/sub-143_task-sharedreward_run-02_space-MNI152NLin6Asym_desc-rf1Grid_mask.nii.gz	/ZPOOL/data/projects/sharedreward-aging/derivatives/harmonized/sub-143/func/sub-143_task-sharedreward_run-02_space-MNI152NLin6Asym_desc-smoothToFWHM6_bold.nii.gz	6	5.84854	5.76042	5.82949	5.81269	0.655138	3.05602	15.8904	8.72469	Precompiled binary linux_ubuntu_24_64: Aug  4 2026 (Version AFNI_26.2.03 'Gordian III')
ds003745	144		01	/ZPOOL/data/projects/sharedreward-aging/derivatives/harmonized/sub-144/func/sub-144_task-sharedreward_run-01_space-MNI152NLin6Asym_desc-rf1Grid_bold.nii.gz	/ZPOOL/data/projects/sharedreward-aging/derivatives/harmonized/sub-144/func/sub-144_task-sharedreward_run-01_space-MNI152NLin6Asym_desc-rf1Grid_mask.nii.gz	/ZPOOL/data/projects/sharedreward-aging/derivatives/harmonized/sub-144/func/sub-144_task-sharedreward_run-01_space-MNI152NLin6Asym_desc-smoothToFWHM6_bold.nii.gz	6	5.78281	5.73572	5.74522	5.75455	0.644695	2.99387	15.1558	8.58022	Precompiled binary linux_ubuntu_24_64: Aug  4 2026 (Version AFNI_26.2.03 'Gordian III')
ds003745	144		02	/ZPOOL/data/projects/sharedreward-aging/derivatives/harmonized/sub-144/func/sub-144_task-sharedreward_run-02_space-MNI152NLin6Asym_desc-rf1Grid_bold.nii.gz	/ZPOOL/data/projects/sharedreward-aging/derivatives/harmonized/sub-144/func/sub-144_task-sharedreward_run-02_space-MNI152NLin6Asym_desc-rf1Grid_mask.nii.gz	/ZPOOL/data/projects/sharedreward-aging/derivatives/harmonized/sub-144/func/sub-144_task-sharedreward_run-02_space-MNI152NLin6Asym_desc-smoothToFWHM6_bold.nii.gz	6	5.6887	5.65112	5.69111	5.67695	0.656075	2.98038	14.1848	8.3991	Precompiled binary linux_ubuntu_24_64: Aug  4 2026 (Version AFNI_26.2.03 'Gordian III')
ds003745	145		01	/ZPOOL/data/projects/sharedreward-aging/derivatives/harmonized/sub-145/func/sub-145_task-sharedreward_run-01_space-MNI152NLin6Asym_desc-rf1Grid_bold.nii.gz	/ZPOOL/data/projects/sharedreward-aging/derivatives/harmonized/sub-145/func/sub-145_task-sharedreward_run-01_space-MNI152NLin6Asym_desc-rf1Grid_mask.nii.gz	/ZPOOL/data/projects/sharedreward-aging/derivatives/harmonized/sub-145/func/sub-145_task-sharedreward_run-01_space-MNI152NLin6Asym_desc-smoothToFWHM6_bold.nii.gz	6	5.76324	5.73966	5.53791	5.67936	0.558665	2.81993	14.7593	8.70502	Precompiled binary linux_ubuntu_24_64: Aug  4 2026 (Version AFNI_26.2.03 'Gordian III')
ds003745	145		02	/ZPOOL/data/projects/sharedreward-aging/derivatives/harmonized/sub-145/func/sub-145_task-sharedreward_run-02_space-MNI152NLin6Asym_desc-rf1Grid_bold.nii.gz	/ZPOOL/data/projects/sharedreward-aging/derivatives/harmonized/sub-145/func/sub-145_task-sharedreward_run-02_space-MNI152NLin6Asym_desc-rf1Grid_mask.nii.gz	/ZPOOL/data/projects/sharedreward-aging/derivatives/harmonized/sub-145/func/sub-145_task-sharedreward_run-02_space-MNI152NLin6Asym_desc-smoothToFWHM6_bold.nii.gz	6	5.67571	5.72931	5.42348	5.6079	0.569584	2.808	14.055	8.51183	Precompiled binary linux_ubuntu_24_64: Aug  4 2026 (Version AFNI_26.2.03 'Gordian III')
ds003745	147		01	/ZPOOL/data/projects/sharedreward-aging/derivatives/harmonized/sub-147/func/sub-147_task-sharedreward_run-01_space-MNI152NLin6Asym_desc-rf1Grid_bold.nii.gz	/ZPOOL/data/projects/sharedreward-aging/derivatives/harmonized/sub-147/func/sub-147_task-sharedreward_run-01_space-MNI152NLin6Asym_desc-rf1Grid_mask.nii.gz	/ZPOOL/data/projects/sharedreward-aging/derivatives/harmonized/sub-147/func/sub-147_task-sharedreward_run-01_space-MNI152NLin6Asym_desc-smoothToFWHM6_bold.nii.gz	6	5.81102	5.77192	5.76779	5.78354	0.686174	3.11759	14.6276	8.60307	Precompiled binary linux_ubuntu_24_64: Aug  4 2026 (Version AFNI_26.2.03 'Gordian III')
ds003745	147		02	/ZPOOL/data/projects/sharedreward-aging/derivatives/harmonized/sub-147/func/sub-147_task-sharedreward_run-02_space-MNI152NLin6Asym_desc-rf1Grid_bold.nii.gz	/ZPOOL/data/projects/sharedreward-aging/derivatives/harmonized/sub-147/func/sub-147_task-sharedreward_run-02_space-MNI152NLin6Asym_desc-rf1Grid_mask.nii.gz	/ZPOOL/data/projects/sharedreward-aging/derivatives/harmonized/sub-147/func/sub-147_task-sharedreward_run-02_space-MNI152NLin6Asym_desc-smoothToFWHM6_bold.nii.gz	6	5.7617	5.74054	5.70642	5.73618	0.655485	3.0687	13.5752	8.56662	Precompiled binary linux_ubuntu_24_64: Aug  4 2026 (Version AFNI_26.2.03 'Gordian III')
ds003745	149		01	/ZPOOL/data/projects/sharedreward-aging/derivatives/harmonized/sub-149/func/sub-149_task-sharedreward_run-01_space-MNI152NLin6Asym_desc-rf1Grid_bold.nii.gz	/ZPOOL/data/projects/sharedreward-aging/derivatives/harmonized/sub-149/func/sub-149_task-sharedreward_run-01_space-MNI152NLin6Asym_desc-rf1Grid_mask.nii.gz	/ZPOOL/data/projects/sharedreward-aging/derivatives/harmonized/sub-149/func/sub-149_task-sharedreward_run-01_space-MNI152NLin6Asym_desc-smoothToFWHM6_bold.nii.gz	6	5.79805	5.65955	5.6702	5.70892	0.632377	3.05965	13.6108	8.67747	Precompiled binary linux_ubuntu_24_64: Aug  4 2026 (Version AFNI_26.2.03 'Gordian III')
ds003745	149		02	/ZPOOL/data/projects/sharedreward-aging/derivatives/harmonized/sub-149/func/sub-149_task-sharedreward_run-02_space-MNI152NLin6Asym_desc-rf1Grid_bold.nii.gz	/ZPOOL/data/projects/sharedreward-aging/derivatives/harmonized/sub-149/func/sub-149_task-sharedreward_run-02_space-MNI152NLin6Asym_desc-rf1Grid_mask.nii.gz	/ZPOOL/data/projects/sharedreward-aging/derivatives/harmonized/sub-149/func/sub-149_task-sharedreward_run-02_space-MNI152NLin6Asym_desc-smoothToFWHM6_bold.nii.gz	6	5.64786	5.65052	5.57906	5.62572	0.630331	2.98638	13.8729	8.53729	Precompiled binary linux_ubuntu_24_64: Aug  4 2026 (Version AFNI_26.2.03 'Gordian III')
ds003745	150		01	/ZPOOL/data/projects/sharedreward-aging/derivatives/harmonized/sub-150/func/sub-150_task-sharedreward_run-01_space-MNI152NLin6Asym_desc-rf1Grid_bold.nii.gz	/ZPOOL/data/projects/sharedreward-aging/derivatives/harmonized/sub-150/func/sub-150_task-sharedreward_run-01_space-MNI152NLin6Asym_desc-rf1Grid_mask.nii.gz	/ZPOOL/data/projects/sharedreward-aging/derivatives/harmonized/sub-150/func/sub-150_task-sharedreward_run-01_space-MNI152NLin6Asym_desc-smoothToFWHM6_bold.nii.gz	6	5.79419	5.74656	5.77117	5.77061	0.641058	3.11423	11.798	8.5633	Precompiled binary linux_ubuntu_24_64: Aug  4 2026 (Version AFNI_26.2.03 'Gordian III')
ds003745	150		02	/ZPOOL/data/projects/sharedreward-aging/derivatives/harmonized/sub-150/func/sub-150_task-sharedreward_run-02_space-MNI152NLin6Asym_desc-rf1Grid_bold.nii.gz	/ZPOOL/data/projects/sharedreward-aging/derivatives/harmonized/sub-150/func/sub-150_task-sharedreward_run-02_space-MNI152NLin6Asym_desc-rf1Grid_mask.nii.gz	/ZPOOL/data/projects/sharedreward-aging/derivatives/harmonized/sub-150/func/sub-150_task-sharedreward_run-02_space-MNI152NLin6Asym_desc-smoothToFWHM6_bold.nii.gz	6	5.86071	5.81792	5.83357	5.83737	0.627962	3.12921	11.9711	8.68246	Precompiled binary linux_ubuntu_24_64: Aug  4 2026 (Version AFNI_26.2.03 'Gordian III')
ds003745	151		01	/ZPOOL/data/projects/sharedreward-aging/derivatives/harmonized/sub-151/func/sub-151_task-sharedreward_run-01_space-MNI152NLin6Asym_desc-rf1Grid_bold.nii.gz	/ZPOOL/data/projects/sharedreward-aging/derivatives/harmonized/sub-151/func/sub-151_task-sharedreward_run-01_space-MNI152NLin6Asym_desc-rf1Grid_mask.nii.gz	/ZPOOL/data/projects/sharedreward-aging/derivatives/harmonized/sub-151/func/sub-151_task-sharedreward_run-01_space-MNI152NLin6Asym_desc-smoothToFWHM6_bold.nii.gz	6	5.67795	5.61946	5.61206	5.63641	0.606362	3.05092	11.6519	8.56809	Precompiled binary linux_ubuntu_24_64: Aug  4 2026 (Version AFNI_26.2.03 'Gordian III')
ds003745	151		02	/ZPOOL/data/projects/sharedreward-aging/derivatives/harmonized/sub-151/func/sub-151_task-sharedreward_run-02_space-MNI152NLin6Asym_desc-rf1Grid_bold.nii.gz	/ZPOOL/data/projects/sharedreward-aging/derivatives/harmonized/sub-151/func/sub-151_task-sharedreward_run-02_space-MNI152NLin6Asym_desc-rf1Grid_mask.nii.gz	/ZPOOL/data/projects/sharedreward-aging/derivatives/harmonized/sub-151/func/sub-151_task-sharedreward_run-02_space-MNI152NLin6Asym_desc-smoothToFWHM6_bold.nii.gz	6	5.55161	5.50899	5.50516	5.52188	0.609795	3.01236	11.0147	8.37189	Precompiled binary linux_ubuntu_24_64: Aug  4 2026 (Version AFNI_26.2.03 'Gordian III')
ds003745	152		01	/ZPOOL/data/projects/sharedreward-aging/derivatives/harmonized/sub-152/func/sub-152_task-sharedreward_run-01_space-MNI152NLin6Asym_desc-rf1Grid_bold.nii.gz	/ZPOOL/data/projects/sharedreward-aging/derivatives/harmonized/sub-152/func/sub-152_task-sharedreward_run-01_space-MNI152NLin6Asym_desc-rf1Grid_mask.nii.gz	/ZPOOL/data/projects/sharedreward-aging/derivatives/harmonized/sub-152/func/sub-152_task-sharedreward_run-01_space-MNI152NLin6Asym_desc-smoothToFWHM6_bold.nii.gz	6	5.65633	5.63538	5.47582	5.58859	0.651909	3.02787	13.2699	8.45865	Precompiled binary linux_ubuntu_24_64: Aug  4 2026 (Version AFNI_26.2.03 'Gordian III')
ds003745	152		02	/ZPOOL/data/projects/sharedreward-aging/derivatives/harmonized/sub-152/func/sub-152_task-sharedreward_run-02_space-MNI152NLin6Asym_desc-rf1Grid_bold.nii.gz	/ZPOOL/data/projects/sharedreward-aging/derivatives/harmonized/sub-152/func/sub-152_task-sharedreward_run-02_space-MNI152NLin6Asym_desc-rf1Grid_mask.nii.gz	/ZPOOL/data/projects/sharedreward-aging/derivatives/harmonized/sub-152/func/sub-152_task-sharedreward_run-02_space-MNI152NLin6Asym_desc-smoothToFWHM6_bold.nii.gz	6	5.62622	5.60816	5.45439	5.56239	0.648637	2.96079	13.8581	8.36518	Precompiled binary linux_ubuntu_24_64: Aug  4 2026 (Version AFNI_26.2.03 'Gordian III')
ds003745	153		01	/ZPOOL/data/projects/sharedreward-aging/derivatives/harmonized/sub-153/func/sub-153_task-sharedreward_run-01_space-MNI152NLin6Asym_desc-rf1Grid_bold.nii.gz	/ZPOOL/data/projects/sharedreward-aging/derivatives/harmonized/sub-153/func/sub-153_task-sharedreward_run-01_space-MNI152NLin6Asym_desc-rf1Grid_mask.nii.gz	/ZPOOL/data/projects/sharedreward-aging/derivatives/harmonized/sub-153/func/sub-153_task-sharedreward_run-01_space-MNI152NLin6Asym_desc-smoothToFWHM6_bold.nii.gz	6	5.8817	5.81919	5.87501	5.85857	0.613753	3.08038	13.8397	8.86014	Precompiled binary linux_ubuntu_24_64: Aug  4 2026 (Version AFNI_26.2.03 'Gordian III')
ds003745	153		02	/ZPOOL/data/projects/sharedreward-aging/derivatives/harmonized/sub-153/func/sub-153_task-sharedreward_run-02_space-MNI152NLin6Asym_desc-rf1Grid_bold.nii.gz	/ZPOOL/data/projects/sharedreward-aging/derivatives/harmonized/sub-153/func/sub-153_task-sharedreward_run-02_space-MNI152NLin6Asym_desc-rf1Grid_mask.nii.gz	/ZPOOL/data/projects/sharedreward-aging/derivatives/harmonized/sub-153/func/sub-153_task-sharedreward_run-02_space-MNI152NLin6Asym_desc-smoothToFWHM6_bold.nii.gz	6	5.89157	5.88797	5.8598	5.87976	0.613063	3.06717	14.3315	8.88382	Precompiled binary linux_ubuntu_24_64: Aug  4 2026 (Version AFNI_26.2.03 'Gordian III')
ds003745	154		01	/ZPOOL/data/projects/sharedreward-aging/derivatives/harmonized/sub-154/func/sub-154_task-sharedreward_run-01_space-MNI152NLin6Asym_desc-rf1Grid_bold.nii.gz	/ZPOOL/data/projects/sharedreward-aging/derivatives/harmonized/sub-154/func/sub-154_task-sharedreward_run-01_space-MNI152NLin6Asym_desc-rf1Grid_mask.nii.gz	/ZPOOL/data/projects/sharedreward-aging/derivatives/harmonized/sub-154/func/sub-154_task-sharedreward_run-01_space-MNI152NLin6Asym_desc-smoothToFWHM6_bold.nii.gz	6	5.71735	5.69961	5.71777	5.71157	0.657675	3.10438	12.7799	8.56532	Precompiled binary linux_ubuntu_24_64: Aug  4 2026 (Version AFNI_26.2.03 'Gordian III')
ds003745	154		02	/ZPOOL/data/projects/sharedreward-aging/derivatives/harmonized/sub-154/func/sub-154_task-sharedreward_run-02_space-MNI152NLin6Asym_desc-rf1Grid_bold.nii.gz	/ZPOOL/data/projects/sharedreward-aging/derivatives/harmonized/sub-154/func/sub-154_task-sharedreward_run-02_space-MNI152NLin6Asym_desc-rf1Grid_mask.nii.gz	/ZPOOL/data/projects/sharedreward-aging/derivatives/harmonized/sub-154/func/sub-154_task-sharedreward_run-02_space-MNI152NLin6Asym_desc-smoothToFWHM6_bold.nii.gz	6	5.68251	5.66324	5.6889	5.6782	0.65285	3.05603	12.7494	8.47124	Precompiled binary linux_ubuntu_24_64: Aug  4 2026 (Version AFNI_26.2.03 'Gordian III')
ds003745	155		01	/ZPOOL/data/projects/sharedreward-aging/derivatives/harmonized/sub-155/func/sub-155_task-sharedreward_run-01_space-MNI152NLin6Asym_desc-rf1Grid_bold.nii.gz	/ZPOOL/data/projects/sharedreward-aging/derivatives/harmonized/sub-155/func/sub-155_task-sharedreward_run-01_space-MNI152NLin6Asym_desc-rf1Grid_mask.nii.gz	/ZPOOL/data/projects/sharedreward-aging/derivatives/harmonized/sub-155/func/sub-155_task-sharedreward_run-01_space-MNI152NLin6Asym_desc-smoothToFWHM6_bold.nii.gz	6	5.81194	5.79739	5.77843	5.7959	0.671238	3.18959	11.4147	8.55819	Precompiled binary linux_ubuntu_24_64: Aug  4 2026 (Version AFNI_26.2.03 'Gordian III')
ds003745	155		02	/ZPOOL/data/projects/sharedreward-aging/derivatives/harmonized/sub-155/func/sub-155_task-sharedreward_run-02_space-MNI152NLin6Asym_desc-rf1Grid_bold.nii.gz	/ZPOOL/data/projects/sharedreward-aging/derivatives/harmonized/sub-155/func/sub-155_task-sharedreward_run-02_space-MNI152NLin6Asym_desc-rf1Grid_mask.nii.gz	/ZPOOL/data/projects/sharedreward-aging/derivatives/harmonized/sub-155/func/sub-155_task-sharedreward_run-02_space-MNI152NLin6Asym_desc-smoothToFWHM6_bold.nii.gz	6	5.76934	5.76495	5.78939	5.77455	0.641675	3.1542	11.166	8.57407	Precompiled binary linux_ubuntu_24_64: Aug  4 2026 (Version AFNI_26.2.03 'Gordian III')
ds003745	156		01	/ZPOOL/data/projects/sharedreward-aging/derivatives/harmonized/sub-156/func/sub-156_task-sharedreward_run-01_space-MNI152NLin6Asym_desc-rf1Grid_bold.nii.gz	/ZPOOL/data/projects/sharedreward-aging/derivatives/harmonized/sub-156/func/sub-156_task-sharedreward_run-01_space-MNI152NLin6Asym_desc-rf1Grid_mask.nii.gz	/ZPOOL/data/projects/sharedreward-aging/derivatives/harmonized/sub-156/func/sub-156_task-sharedreward_run-01_space-MNI152NLin6Asym_desc-smoothToFWHM6_bold.nii.gz	6	5.96647	5.93895	5.93058	5.94531	0.665125	3.22942	12.2659	8.76958	Precompiled binary linux_ubuntu_24_64: Aug  4 2026 (Version AFNI_26.2.03 'Gordian III')
ds003745	156		02	/ZPOOL/data/projects/sharedreward-aging/derivatives/harmonized/sub-156/func/sub-156_task-sharedreward_run-02_space-MNI152NLin6Asym_desc-rf1Grid_bold.nii.gz	/ZPOOL/data/projects/sharedreward-aging/derivatives/harmonized/sub-156/func/sub-156_task-sharedreward_run-02_space-MNI152NLin6Asym_desc-rf1Grid_mask.nii.gz	/ZPOOL/data/projects/sharedreward-aging/derivatives/harmonized/sub-156/func/sub-156_task-sharedreward_run-02_space-MNI152NLin6Asym_desc-smoothToFWHM6_bold.nii.gz	6	5.9589	5.84293	5.86498	5.88872	0.69184	3.20194	13.1962	8.66625	Precompiled binary linux_ubuntu_24_64: Aug  4 2026 (Version AFNI_26.2.03 'Gordian III')
ds003745	157		01	/ZPOOL/data/projects/sharedreward-aging/derivatives/harmonized/sub-157/func/sub-157_task-sharedreward_run-01_space-MNI152NLin6Asym_desc-rf1Grid_bold.nii.gz	/ZPOOL/data/projects/sharedreward-aging/derivatives/harmonized/sub-157/func/sub-157_task-sharedreward_run-01_space-MNI152NLin6Asym_desc-rf1Grid_mask.nii.gz	/ZPOOL/data/projects/sharedreward-aging/derivatives/harmonized/sub-157/func/sub-157_task-sharedreward_run-01_space-MNI152NLin6Asym_desc-smoothToFWHM6_bold.nii.gz	6	5.82229	5.81178	5.84331	5.82577	0.592727	3.04763	12.3295	8.72529	Precompiled binary linux_ubuntu_24_64: Aug  4 2026 (Version AFNI_26.2.03 'Gordian III')
ds003745	157		02	/ZPOOL/data/projects/sharedreward-aging/derivatives/harmonized/sub-157/func/sub-157_task-sharedreward_run-02_space-MNI152NLin6Asym_desc-rf1Grid_bold.nii.gz	/ZPOOL/data/projects/sharedreward-aging/derivatives/harmonized/sub-157/func/sub-157_task-sharedreward_run-02_space-MNI152NLin6Asym_desc-rf1Grid_mask.nii.gz	/ZPOOL/data/projects/sharedreward-aging/derivatives/harmonized/sub-157/func/sub-157_task-sharedreward_run-02_space-MNI152NLin6Asym_desc-smoothToFWHM6_bold.nii.gz	6	5.93448	5.90142	5.8535	5.89637	0.564529	3.08948	11.5179	8.85399	Precompiled binary linux_ubuntu_24_64: Aug  4 2026 (Version AFNI_26.2.03 'Gordian III')
ds003745	158		01	/ZPOOL/data/projects/sharedreward-aging/derivatives/harmonized/sub-158/func/sub-158_task-sharedreward_run-01_space-MNI152NLin6Asym_desc-rf1Grid_bold.nii.gz	/ZPOOL/data/projects/sharedreward-aging/derivatives/harmonized/sub-158/func/sub-158_task-sharedreward_run-01_space-MNI152NLin6Asym_desc-rf1Grid_mask.nii.gz	/ZPOOL/data/projects/sharedreward-aging/derivatives/harmonized/sub-158/func/sub-158_task-sharedreward_run-01_space-MNI152NLin6Asym_desc-smoothToFWHM6_bold.nii.gz	6	5.86629	5.86421	5.84722	5.85923	0.582048	3.15033	10.9152	8.79949	Precompiled binary linux_ubuntu_24_64: Aug  4 2026 (Version AFNI_26.2.03 'Gordian III')
ds003745	158		02	/ZPOOL/data/projects/sharedreward-aging/derivatives/harmonized/sub-158/func/sub-158_task-sharedreward_run-02_space-MNI152NLin6Asym_desc-rf1Grid_bold.nii.gz	/ZPOOL/data/projects/sharedreward-aging/derivatives/harmonized/sub-158/func/sub-158_task-sharedreward_run-02_space-MNI152NLin6Asym_desc-rf1Grid_mask.nii.gz	/ZPOOL/data/projects/sharedreward-aging/derivatives/harmonized/sub-158/func/sub-158_task-sharedreward_run-02_space-MNI152NLin6Asym_desc-smoothToFWHM6_bold.nii.gz	6	5.90613	5.91061	5.83849	5.88498	0.562473	3.08136	11.3253	8.81461	Precompiled binary linux_ubuntu_24_64: Aug  4 2026 (Version AFNI_26.2.03 'Gordian III')
ds003745	159		01	/ZPOOL/data/projects/sharedreward-aging/derivatives/harmonized/sub-159/func/sub-159_task-sharedreward_run-01_space-MNI152NLin6Asym_desc-rf1Grid_bold.nii.gz	/ZPOOL/data/projects/sharedreward-aging/derivatives/harmonized/sub-159/func/sub-159_task-sharedreward_run-01_space-MNI152NLin6Asym_desc-rf1Grid_mask.nii.gz	/ZPOOL/data/projects/sharedreward-aging/derivatives/harmonized/sub-159/func/sub-159_task-sharedreward_run-01_space-MNI152NLin6Asym_desc-smoothToFWHM6_bold.nii.gz	6	5.84518	5.8355	5.8519	5.84419	0.565878	3.01966	12.5165	8.84323	Precompiled binary linux_ubuntu_24_64: Aug  4 2026 (Version AFNI_26.2.03 'Gordian III')
ds003745	159		02	/ZPOOL/data/projects/sharedreward-aging/derivatives/harmonized/sub-159/func/sub-159_task-sharedreward_run-02_space-MNI152NLin6Asym_desc-rf1Grid_bold.nii.gz	/ZPOOL/data/projects/sharedreward-aging/derivatives/harmonized/sub-159/func/sub-159_task-sharedreward_run-02_space-MNI152NLin6Asym_desc-rf1Grid_mask.nii.gz	/ZPOOL/data/projects/sharedreward-aging/derivatives/harmonized/sub-159/func/sub-159_task-sharedreward_run-02_space-MNI152NLin6Asym_desc-smoothToFWHM6_bold.nii.gz	6	5.80702	5.84215	5.78852	5.81252	0.577617	3.00753	12.6659	8.76528	Precompiled binary linux_ubuntu_24_64: Aug  4 2026 (Version AFNI_26.2.03 'Gordian III')
rf1	10317	01	1	/ZPOOL/data/projects/rf1-sra-linux2/derivatives/fmriprep/sub-10317/ses-01/func/sub-10317_ses-01_task-sharedreward_run-1_part-mag_space-MNI152NLin6Asym_desc-preproc_bold.nii.gz	/ZPOOL/data/projects/rf1-sra-linux2/derivatives/fmriprep/sub-10317/ses-01/func/sub-10317_ses-01_task-sharedreward_run-1_part-mag_space-MNI152NLin6Asym_desc-brain_mask.nii.gz	/ZPOOL/data/projects/rf1-sra-sharedreward/derivatives/harmonized/sub-10317/ses-01/func/sub-10317_ses-01_task-sharedreward_run-1_space-MNI152NLin6Asym_desc-smoothToFWHM6_bold.nii.gz	6	5.75161	5.73597	5.75572	5.74776	0.735317	3.39069	8.07325	8.39223	Precompiled binary linux_ubuntu_24_64: Aug  4 2026 (Version AFNI_26.2.03 'Gordian III')
rf1	10317	01	2	/ZPOOL/data/projects/rf1-sra-linux2/derivatives/fmriprep/sub-10317/ses-01/func/sub-10317_ses-01_task-sharedreward_run-2_part-mag_space-MNI152NLin6Asym_desc-preproc_bold.nii.gz	/ZPOOL/data/projects/rf1-sra-linux2/derivatives/fmriprep/sub-10317/ses-01/func/sub-10317_ses-01_task-sharedreward_run-2_part-mag_space-MNI152NLin6Asym_desc-brain_mask.nii.gz	/ZPOOL/data/projects/rf1-sra-sharedreward/derivatives/harmonized/sub-10317/ses-01/func/sub-10317_ses-01_task-sharedreward_run-2_space-MNI152NLin6Asym_desc-smoothToFWHM6_bold.nii.gz	6	5.8773	5.88739	5.88118	5.88196	0.759733	3.41757	9.83834	8.60517	Precompiled binary linux_ubuntu_24_64: Aug  4 2026 (Version AFNI_26.2.03 'Gordian III')
rf1	10369	01	1	/ZPOOL/data/projects/rf1-sra-linux2/derivatives/fmriprep/sub-10369/ses-01/func/sub-10369_ses-01_task-sharedreward_run-1_part-mag_space-MNI152NLin6Asym_desc-preproc_bold.nii.gz	/ZPOOL/data/projects/rf1-sra-linux2/derivatives/fmriprep/sub-10369/ses-01/func/sub-10369_ses-01_task-sharedreward_run-1_part-mag_space-MNI152NLin6Asym_desc-brain_mask.nii.gz	/ZPOOL/data/projects/rf1-sra-sharedreward/derivatives/harmonized/sub-10369/ses-01/func/sub-10369_ses-01_task-sharedreward_run-1_space-MNI152NLin6Asym_desc-smoothToFWHM6_bold.nii.gz	6	5.88468	5.87504	5.87144	5.87705	0.763054	3.39478	9.97537	8.55772	Precompiled binary linux_ubuntu_24_64: Aug  4 2026 (Version AFNI_26.2.03 'Gordian III')
rf1	10369	01	2	/ZPOOL/data/projects/rf1-sra-linux2/derivatives/fmriprep/sub-10369/ses-01/func/sub-10369_ses-01_task-sharedreward_run-2_part-mag_space-MNI152NLin6Asym_desc-preproc_bold.nii.gz	/ZPOOL/data/projects/rf1-sra-linux2/derivatives/fmriprep/sub-10369/ses-01/func/sub-10369_ses-01_task-sharedreward_run-2_part-mag_space-MNI152NLin6Asym_desc-brain_mask.nii.gz	/ZPOOL/data/projects/rf1-sra-sharedreward/derivatives/harmonized/sub-10369/ses-01/func/sub-10369_ses-01_task-sharedreward_run-2_space-MNI152NLin6Asym_desc-smoothToFWHM6_bold.nii.gz	6	5.89087	5.88302	5.82826	5.86732	0.75585	3.37637	10.0922	8.54767	Precompiled binary linux_ubuntu_24_64: Aug  4 2026 (Version AFNI_26.2.03 'Gordian III')
rf1	10402	01	1	/ZPOOL/data/projects/rf1-sra-linux2/derivatives/fmriprep/sub-10402/ses-01/func/sub-10402_ses-01_task-sharedreward_run-1_part-mag_space-MNI152NLin6Asym_desc-preproc_bold.nii.gz	/ZPOOL/data/projects/rf1-sra-linux2/derivatives/fmriprep/sub-10402/ses-01/func/sub-10402_ses-01_task-sharedreward_run-1_part-mag_space-MNI152NLin6Asym_desc-brain_mask.nii.gz	/ZPOOL/data/projects/rf1-sra-sharedreward/derivatives/harmonized/sub-10402/ses-01/func/sub-10402_ses-01_task-sharedreward_run-1_space-MNI152NLin6Asym_desc-smoothToFWHM6_bold.nii.gz	6	5.99718	5.99693	5.95176	5.98192	0.764008	3.44896	10.3778	8.71414	Precompiled binary linux_ubuntu_24_64: Aug  4 2026 (Version AFNI_26.2.03 'Gordian III')
rf1	10402	01	2	/ZPOOL/data/projects/rf1-sra-linux2/derivatives/fmriprep/sub-10402/ses-01/func/sub-10402_ses-01_task-sharedreward_run-2_part-mag_space-MNI152NLin6Asym_desc-preproc_bold.nii.gz	/ZPOOL/data/projects/rf1-sra-linux2/derivatives/fmriprep/sub-10402/ses-01/func/sub-10402_ses-01_task-sharedreward_run-2_part-mag_space-MNI152NLin6Asym_desc-brain_mask.nii.gz	/ZPOOL/data/projects/rf1-sra-sharedreward/derivatives/harmonized/sub-10402/ses-01/func/sub-10402_ses-01_task-sharedreward_run-2_space-MNI152NLin6Asym_desc-smoothToFWHM6_bold.nii.gz	6	5.95497	5.96027	5.97611	5.96378	0.751848	3.41225	10.7686	8.70361	Precompiled binary linux_ubuntu_24_64: Aug  4 2026 (Version AFNI_26.2.03 'Gordian III')
rf1	10418	01	1	/ZPOOL/data/projects/rf1-sra-linux2/derivatives/fmriprep/sub-10418/ses-01/func/sub-10418_ses-01_task-sharedreward_run-1_part-mag_space-MNI152NLin6Asym_desc-preproc_bold.nii.gz	/ZPOOL/data/projects/rf1-sra-linux2/derivatives/fmriprep/sub-10418/ses-01/func/sub-10418_ses-01_task-sharedreward_run-1_part-mag_space-MNI152NLin6Asym_desc-brain_mask.nii.gz	/ZPOOL/data/projects/rf1-sra-sharedreward/derivatives/harmonized/sub-10418/ses-01/func/sub-10418_ses-01_task-sharedreward_run-1_space-MNI152NLin6Asym_desc-smoothToFWHM6_bold.nii.gz	6	5.8182	5.7919	5.80733	5.8058	0.804294	3.35074	11.276	8.43089	Precompiled binary linux_ubuntu_24_64: Aug  4 2026 (Version AFNI_26.2.03 'Gordian III')
rf1	10418	01	2	/ZPOOL/data/projects/rf1-sra-linux2/derivatives/fmriprep/sub-10418/ses-01/func/sub-10418_ses-01_task-sharedreward_run-2_part-mag_space-MNI152NLin6Asym_desc-preproc_bold.nii.gz	/ZPOOL/data/projects/rf1-sra-linux2/derivatives/fmriprep/sub-10418/ses-01/func/sub-10418_ses-01_task-sharedreward_run-2_part-mag_space-MNI152NLin6Asym_desc-brain_mask.nii.gz	/ZPOOL/data/projects/rf1-sra-sharedreward/derivatives/harmonized/sub-10418/ses-01/func/sub-10418_ses-01_task-sharedreward_run-2_space-MNI152NLin6Asym_desc-smoothToFWHM6_bold.nii.gz	6	5.81715	5.8157	5.79805	5.81029	0.790895	3.33475	11.4298	8.44705	Precompiled binary linux_ubuntu_24_64: Aug  4 2026 (Version AFNI_26.2.03 'Gordian III')
rf1	10462	01	1	/ZPOOL/data/projects/rf1-sra-linux2/derivatives/fmriprep/sub-10462/ses-01/func/sub-10462_ses-01_task-sharedreward_run-1_part-mag_space-MNI152NLin6Asym_desc-preproc_bold.nii.gz	/ZPOOL/data/projects/rf1-sra-linux2/derivatives/fmriprep/sub-10462/ses-01/func/sub-10462_ses-01_task-sharedreward_run-1_part-mag_space-MNI152NLin6Asym_desc-brain_mask.nii.gz	/ZPOOL/data/projects/rf1-sra-sharedreward/derivatives/harmonized/sub-10462/ses-01/func/sub-10462_ses-01_task-sharedreward_run-1_space-MNI152NLin6Asym_desc-smoothToFWHM6_bold.nii.gz	6	5.83326	5.81607	5.83818	5.82916	0.769234	3.3544	10.2755	8.47488	Precompiled binary linux_ubuntu_24_64: Aug  4 2026 (Version AFNI_26.2.03 'Gordian III')
rf1	10478	01	1	/ZPOOL/data/projects/rf1-sra-linux2/derivatives/fmriprep/sub-10478/ses-01/func/sub-10478_ses-01_task-sharedreward_run-1_part-mag_space-MNI152NLin6Asym_desc-preproc_bold.nii.gz	/ZPOOL/data/projects/rf1-sra-linux2/derivatives/fmriprep/sub-10478/ses-01/func/sub-10478_ses-01_task-sharedreward_run-1_part-mag_space-MNI152NLin6Asym_desc-brain_mask.nii.gz	/ZPOOL/data/projects/rf1-sra-sharedreward/derivatives/harmonized/sub-10478/ses-01/func/sub-10478_ses-01_task-sharedreward_run-1_space-MNI152NLin6Asym_desc-smoothToFWHM6_bold.nii.gz	6	5.87255	5.86239	5.88025	5.87172	0.765594	3.3652	10.669	8.54402	Precompiled binary linux_ubuntu_24_64: Aug  4 2026 (Version AFNI_26.2.03 'Gordian III')
rf1	10478	01	2	/ZPOOL/data/projects/rf1-sra-linux2/derivatives/fmriprep/sub-10478/ses-01/func/sub-10478_ses-01_task-sharedreward_run-2_part-mag_space-MNI152NLin6Asym_desc-preproc_bold.nii.gz	/ZPOOL/data/projects/rf1-sra-linux2/derivatives/fmriprep/sub-10478/ses-01/func/sub-10478_ses-01_task-sharedreward_run-2_part-mag_space-MNI152NLin6Asym_desc-brain_mask.nii.gz	/ZPOOL/data/projects/rf1-sra-sharedreward/derivatives/harmonized/sub-10478/ses-01/func/sub-10478_ses-01_task-sharedreward_run-2_space-MNI152NLin6Asym_desc-smoothToFWHM6_bold.nii.gz	6	5.89226	5.8914	5.89958	5.89441	0.743103	3.34415	10.8505	8.58467	Precompiled binary linux_ubuntu_24_64: Aug  4 2026 (Version AFNI_26.2.03 'Gordian III')
rf1	10486	01	1	/ZPOOL/data/projects/rf1-sra-linux2/derivatives/fmriprep/sub-10486/ses-01/func/sub-10486_ses-01_task-sharedreward_run-1_part-mag_space-MNI152NLin6Asym_desc-preproc_bold.nii.gz	/ZPOOL/data/projects/rf1-sra-linux2/derivatives/fmriprep/sub-10486/ses-01/func/sub-10486_ses-01_task-sharedreward_run-1_part-mag_space-MNI152NLin6Asym_desc-brain_mask.nii.gz	/ZPOOL/data/projects/rf1-sra-sharedreward/derivatives/harmonized/sub-10486/ses-01/func/sub-10486_ses-01_task-sharedreward_run-1_space-MNI152NLin6Asym_desc-smoothToFWHM6_bold.nii.gz	6	5.90277	5.91623	5.92292	5.91397	0.75059	3.34179	11.4051	8.60085	Precompiled binary linux_ubuntu_24_64: Aug  4 2026 (Version AFNI_26.2.03 'Gordian III')
rf1	10486	01	2	/ZPOOL/data/projects/rf1-sra-linux2/derivatives/fmriprep/sub-10486/ses-01/func/sub-10486_ses-01_task-sharedreward_run-2_part-mag_space-MNI152NLin6Asym_desc-preproc_bold.nii.gz	/ZPOOL/data/projects/rf1-sra-linux2/derivatives/fmriprep/sub-10486/ses-01/func/sub-10486_ses-01_task-sharedreward_run-2_part-mag_space-MNI152NLin6Asym_desc-brain_mask.nii.gz	/ZPOOL/data/projects/rf1-sra-sharedreward/derivatives/harmonized/sub-10486/ses-01/func/sub-10486_ses-01_task-sharedreward_run-2_space-MNI152NLin6Asym_desc-smoothToFWHM6_bold.nii.gz	6	5.85987	5.88006	5.86799	5.8693	0.763444	3.34759	10.6709	8.5105	Precompiled binary linux_ubuntu_24_64: Aug  4 2026 (Version AFNI_26.2.03 'Gordian III')
rf1	10529	01	1	/ZPOOL/data/projects/rf1-sra-linux2/derivatives/fmriprep/sub-10529/ses-01/func/sub-10529_ses-01_task-sharedreward_run-1_part-mag_space-MNI152NLin6Asym_desc-preproc_bold.nii.gz	/ZPOOL/data/projects/rf1-sra-linux2/derivatives/fmriprep/sub-10529/ses-01/func/sub-10529_ses-01_task-sharedreward_run-1_part-mag_space-MNI152NLin6Asym_desc-brain_mask.nii.gz	/ZPOOL/data/projects/rf1-sra-sharedreward/derivatives/harmonized/sub-10529/ses-01/func/sub-10529_ses-01_task-sharedreward_run-1_space-MNI152NLin6Asym_desc-smoothToFWHM6_bold.nii.gz	6	5.88528	5.8949	5.90314	5.89444	0.805426	3.43901	10.2279	8.5623	Precompiled binary linux_ubuntu_24_64: Aug  4 2026 (Version AFNI_26.2.03 'Gordian III')
rf1	10529	01	2	/ZPOOL/data/projects/rf1-sra-linux2/derivatives/fmriprep/sub-10529/ses-01/func/sub-10529_ses-01_task-sharedreward_run-2_part-mag_space-MNI152NLin6Asym_desc-preproc_bold.nii.gz	/ZPOOL/data/projects/rf1-sra-linux2/derivatives/fmriprep/sub-10529/ses-01/func/sub-10529_ses-01_task-sharedreward_run-2_part-mag_space-MNI152NLin6Asym_desc-brain_mask.nii.gz	/ZPOOL/data/projects/rf1-sra-sharedreward/derivatives/harmonized/sub-10529/ses-01/func/sub-10529_ses-01_task-sharedreward_run-2_space-MNI152NLin6Asym_desc-smoothToFWHM6_bold.nii.gz	6	5.90769	5.9101	5.87569	5.8978	0.793984	3.43257	10.1775	8.57501	Precompiled binary linux_ubuntu_24_64: Aug  4 2026 (Version AFNI_26.2.03 'Gordian III')
rf1	10541	01	1	/ZPOOL/data/projects/rf1-sra-linux2/derivatives/fmriprep/sub-10541/ses-01/func/sub-10541_ses-01_task-sharedreward_run-1_part-mag_space-MNI152NLin6Asym_desc-preproc_bold.nii.gz	/ZPOOL/data/projects/rf1-sra-linux2/derivatives/fmriprep/sub-10541/ses-01/func/sub-10541_ses-01_task-sharedreward_run-1_part-mag_space-MNI152NLin6Asym_desc-brain_mask.nii.gz	/ZPOOL/data/projects/rf1-sra-sharedreward/derivatives/harmonized/sub-10541/ses-01/func/sub-10541_ses-01_task-sharedreward_run-1_space-MNI152NLin6Asym_desc-smoothToFWHM6_bold.nii.gz	6	5.7362	5.72729	5.71723	5.7269	0.711282	3.32191	9.11483	8.43908	Precompiled binary linux_ubuntu_24_64: Aug  4 2026 (Version AFNI_26.2.03 'Gordian III')
rf1	10541	01	2	/ZPOOL/data/projects/rf1-sra-linux2/derivatives/fmriprep/sub-10541/ses-01/func/sub-10541_ses-01_task-sharedreward_run-2_part-mag_space-MNI152NLin6Asym_desc-preproc_bold.nii.gz	/ZPOOL/data/projects/rf1-sra-linux2/derivatives/fmriprep/sub-10541/ses-01/func/sub-10541_ses-01_task-sharedreward_run-2_part-mag_space-MNI152NLin6Asym_desc-brain_mask.nii.gz	/ZPOOL/data/projects/rf1-sra-sharedreward/derivatives/harmonized/sub-10541/ses-01/func/sub-10541_ses-01_task-sharedreward_run-2_space-MNI152NLin6Asym_desc-smoothToFWHM6_bold.nii.gz	6	5.87713	5.88474	5.82039	5.86068	0.728265	3.34069	11.0235	8.64385	Precompiled binary linux_ubuntu_24_64: Aug  4 2026 (Version AFNI_26.2.03 'Gordian III')
rf1	10559	01	1	/ZPOOL/data/projects/rf1-sra-linux2/derivatives/fmriprep/sub-10559/ses-01/func/sub-10559_ses-01_task-sharedreward_run-1_part-mag_space-MNI152NLin6Asym_desc-preproc_bold.nii.gz	/ZPOOL/data/projects/rf1-sra-linux2/derivatives/fmriprep/sub-10559/ses-01/func/sub-10559_ses-01_task-sharedreward_run-1_part-mag_space-MNI152NLin6Asym_desc-brain_mask.nii.gz	/ZPOOL/data/projects/rf1-sra-sharedreward/derivatives/harmonized/sub-10559/ses-01/func/sub-10559_ses-01_task-sharedreward_run-1_space-MNI152NLin6Asym_desc-smoothToFWHM6_bold.nii.gz	6	5.84079	5.85342	5.79895	5.83101	0.756016	3.30117	11.01	8.45571	Precompiled binary linux_ubuntu_24_64: Aug  4 2026 (Version AFNI_26.2.03 'Gordian III')
rf1	10559	01	2	/ZPOOL/data/projects/rf1-sra-linux2/derivatives/fmriprep/sub-10559/ses-01/func/sub-10559_ses-01_task-sharedreward_run-2_part-mag_space-MNI152NLin6Asym_desc-preproc_bold.nii.gz	/ZPOOL/data/projects/rf1-sra-linux2/derivatives/fmriprep/sub-10559/ses-01/func/sub-10559_ses-01_task-sharedreward_run-2_part-mag_space-MNI152NLin6Asym_desc-brain_mask.nii.gz	/ZPOOL/data/projects/rf1-sra-sharedreward/derivatives/harmonized/sub-10559/ses-01/func/sub-10559_ses-01_task-sharedreward_run-2_space-MNI152NLin6Asym_desc-smoothToFWHM6_bold.nii.gz	6	5.76615	5.75395	5.7112	5.74372	0.715231	3.17876	11.4152	8.35359	Precompiled binary linux_ubuntu_24_64: Aug  4 2026 (Version AFNI_26.2.03 'Gordian III')
rf1	10572	01	1	/ZPOOL/data/projects/rf1-sra-linux2/derivatives/fmriprep/sub-10572/ses-01/func/sub-10572_ses-01_task-sharedreward_run-1_part-mag_space-MNI152NLin6Asym_desc-preproc_bold.nii.gz	/ZPOOL/data/projects/rf1-sra-linux2/derivatives/fmriprep/sub-10572/ses-01/func/sub-10572_ses-01_task-sharedreward_run-1_part-mag_space-MNI152NLin6Asym_desc-brain_mask.nii.gz	/ZPOOL/data/projects/rf1-sra-sharedreward/derivatives/harmonized/sub-10572/ses-01/func/sub-10572_ses-01_task-sharedreward_run-1_space-MNI152NLin6Asym_desc-smoothToFWHM6_bold.nii.gz	6	5.66297	5.69107	5.66116	5.67172	0.76504	3.33165	9.25685	8.33948	Precompiled binary linux_ubuntu_24_64: Aug  4 2026 (Version AFNI_26.2.03 'Gordian III')
rf1	10572	01	2	/ZPOOL/data/projects/rf1-sra-linux2/derivatives/fmriprep/sub-10572/ses-01/func/sub-10572_ses-01_task-sharedreward_run-2_part-mag_space-MNI152NLin6Asym_desc-preproc_bold.nii.gz	/ZPOOL/data/projects/rf1-sra-linux2/derivatives/fmriprep/sub-10572/ses-01/func/sub-10572_ses-01_task-sharedreward_run-2_part-mag_space-MNI152NLin6Asym_desc-brain_mask.nii.gz	/ZPOOL/data/projects/rf1-sra-sharedreward/derivatives/harmonized/sub-10572/ses-01/func/sub-10572_ses-01_task-sharedreward_run-2_space-MNI152NLin6Asym_desc-smoothToFWHM6_bold.nii.gz	6	5.6424	5.63355	5.64461	5.64019	0.793881	3.28629	10.0043	8.22437	Precompiled binary linux_ubuntu_24_64: Aug  4 2026 (Version AFNI_26.2.03 'Gordian III')
rf1	10581	01	1	/ZPOOL/data/projects/rf1-sra-linux2/derivatives/fmriprep/sub-10581/ses-01/func/sub-10581_ses-01_task-sharedreward_run-1_part-mag_space-MNI152NLin6Asym_desc-preproc_bold.nii.gz	/ZPOOL/data/projects/rf1-sra-linux2/derivatives/fmriprep/sub-10581/ses-01/func/sub-10581_ses-01_task-sharedreward_run-1_part-mag_space-MNI152NLin6Asym_desc-brain_mask.nii.gz	/ZPOOL/data/projects/rf1-sra-sharedreward/derivatives/harmonized/sub-10581/ses-01/func/sub-10581_ses-01_task-sharedreward_run-1_space-MNI152NLin6Asym_desc-smoothToFWHM6_bold.nii.gz	6	5.86446	5.86248	5.83558	5.85416	0.906283	3.46741	13.8581	8.46571	Precompiled binary linux_ubuntu_24_64: Aug  4 2026 (Version AFNI_26.2.03 'Gordian III')
rf1	10581	01	2	/ZPOOL/data/projects/rf1-sra-linux2/derivatives/fmriprep/sub-10581/ses-01/func/sub-10581_ses-01_task-sharedreward_run-2_part-mag_space-MNI152NLin6Asym_desc-preproc_bold.nii.gz	/ZPOOL/data/projects/rf1-sra-linux2/derivatives/fmriprep/sub-10581/ses-01/func/sub-10581_ses-01_task-sharedreward_run-2_part-mag_space-MNI152NLin6Asym_desc-brain_mask.nii.gz	/ZPOOL/data/projects/rf1-sra-sharedreward/derivatives/harmonized/sub-10581/ses-01/func/sub-10581_ses-01_task-sharedreward_run-2_space-MNI152NLin6Asym_desc-smoothToFWHM6_bold.nii.gz	6	5.8266	5.83661	5.80001	5.82105	0.908426	3.44096	14.426	8.4057	Precompiled binary linux_ubuntu_24_64: Aug  4 2026 (Version AFNI_26.2.03 'Gordian III')
rf1	10584	01	1	/ZPOOL/data/projects/rf1-sra-linux2/derivatives/fmriprep/sub-10584/ses-01/func/sub-10584_ses-01_task-sharedreward_run-1_part-mag_space-MNI152NLin6Asym_desc-preproc_bold.nii.gz	/ZPOOL/data/projects/rf1-sra-linux2/derivatives/fmriprep/sub-10584/ses-01/func/sub-10584_ses-01_task-sharedreward_run-1_part-mag_space-MNI152NLin6Asym_desc-brain_mask.nii.gz	/ZPOOL/data/projects/rf1-sra-sharedreward/derivatives/harmonized/sub-10584/ses-01/func/sub-10584_ses-01_task-sharedreward_run-1_space-MNI152NLin6Asym_desc-smoothToFWHM6_bold.nii.gz	6	5.89809	5.89445	5.87077	5.88776	0.787233	3.40625	10.4299	8.5535	Precompiled binary linux_ubuntu_24_64: Aug  4 2026 (Version AFNI_26.2.03 'Gordian III')
rf1	10585	01	1	/ZPOOL/data/projects/rf1-sra-linux2/derivatives/fmriprep/sub-10585/ses-01/func/sub-10585_ses-01_task-sharedreward_run-1_part-mag_space-MNI152NLin6Asym_desc-preproc_bold.nii.gz	/ZPOOL/data/projects/rf1-sra-linux2/derivatives/fmriprep/sub-10585/ses-01/func/sub-10585_ses-01_task-sharedreward_run-1_part-mag_space-MNI152NLin6Asym_desc-brain_mask.nii.gz	/ZPOOL/data/projects/rf1-sra-sharedreward/derivatives/harmonized/sub-10585/ses-01/func/sub-10585_ses-01_task-sharedreward_run-1_space-MNI152NLin6Asym_desc-smoothToFWHM6_bold.nii.gz	6	5.92607	5.90397	5.87687	5.90227	0.795262	3.41296	10.9415	8.58224	Precompiled binary linux_ubuntu_24_64: Aug  4 2026 (Version AFNI_26.2.03 'Gordian III')
rf1	10585	01	2	/ZPOOL/data/projects/rf1-sra-linux2/derivatives/fmriprep/sub-10585/ses-01/func/sub-10585_ses-01_task-sharedreward_run-2_part-mag_space-MNI152NLin6Asym_desc-preproc_bold.nii.gz	/ZPOOL/data/projects/rf1-sra-linux2/derivatives/fmriprep/sub-10585/ses-01/func/sub-10585_ses-01_task-sharedreward_run-2_part-mag_space-MNI152NLin6Asym_desc-brain_mask.nii.gz	/ZPOOL/data/projects/rf1-sra-sharedreward/derivatives/harmonized/sub-10585/ses-01/func/sub-10585_ses-01_task-sharedreward_run-2_space-MNI152NLin6Asym_desc-smoothToFWHM6_bold.nii.gz	6	5.96397	5.93862	5.89236	5.93158	0.789132	3.41131	11.2471	8.61878	Precompiled binary linux_ubuntu_24_64: Aug  4 2026 (Version AFNI_26.2.03 'Gordian III')
rf1	10589	01	1	/ZPOOL/data/projects/rf1-sra-linux2/derivatives/fmriprep/sub-10589/ses-01/func/sub-10589_ses-01_task-sharedreward_run-1_part-mag_space-MNI152NLin6Asym_desc-preproc_bold.nii.gz	/ZPOOL/data/projects/rf1-sra-linux2/derivatives/fmriprep/sub-10589/ses-01/func/sub-10589_ses-01_task-sharedreward_run-1_part-mag_space-MNI152NLin6Asym_desc-brain_mask.nii.gz	/ZPOOL/data/projects/rf1-sra-sharedreward/derivatives/harmonized/sub-10589/ses-01/func/sub-10589_ses-01_task-sharedreward_run-1_space-MNI152NLin6Asym_desc-smoothToFWHM6_bold.nii.gz	6	5.77933	5.77757	5.77824	5.77838	0.78911	3.38962	8.78678	8.3685	Precompiled binary linux_ubuntu_24_64: Aug  4 2026 (Version AFNI_26.2.03 'Gordian III')
rf1	10589	01	2	/ZPOOL/data/projects/rf1-sra-linux2/derivatives/fmriprep/sub-10589/ses-01/func/sub-10589_ses-01_task-sharedreward_run-2_part-mag_space-MNI152NLin6Asym_desc-preproc_bold.nii.gz	/ZPOOL/data/projects/rf1-sra-linux2/derivatives/fmriprep/sub-10589/ses-01/func/sub-10589_ses-01_task-sharedreward_run-2_part-mag_space-MNI152NLin6Asym_desc-brain_mask.nii.gz	/ZPOOL/data/projects/rf1-sra-sharedreward/derivatives/harmonized/sub-10589/ses-01/func/sub-10589_ses-01_task-sharedreward_run-2_space-MNI152NLin6Asym_desc-smoothToFWHM6_bold.nii.gz	6	5.79542	5.80305	5.77121	5.78988	0.793235	3.36333	9.773	8.38646	Precompiled binary linux_ubuntu_24_64: Aug  4 2026 (Version AFNI_26.2.03 'Gordian III')
rf1	10590	01	1	/ZPOOL/data/projects/rf1-sra-linux2/derivatives/fmriprep/sub-10590/ses-01/func/sub-10590_ses-01_task-sharedreward_run-1_part-mag_space-MNI152NLin6Asym_desc-preproc_bold.nii.gz	/ZPOOL/data/projects/rf1-sra-linux2/derivatives/fmriprep/sub-10590/ses-01/func/sub-10590_ses-01_task-sharedreward_run-1_part-mag_space-MNI152NLin6Asym_desc-brain_mask.nii.gz	/ZPOOL/data/projects/rf1-sra-sharedreward/derivatives/harmonized/sub-10590/ses-01/func/sub-10590_ses-01_task-sharedreward_run-1_space-MNI152NLin6Asym_desc-smoothToFWHM6_bold.nii.gz	6	5.88463	5.91417	5.86753	5.88874	0.762758	3.38994	10.4727	8.5926	Precompiled binary linux_ubuntu_24_64: Aug  4 2026 (Version AFNI_26.2.03 'Gordian III')
rf1	10590	01	2	/ZPOOL/data/projects/rf1-sra-linux2/derivatives/fmriprep/sub-10590/ses-01/func/sub-10590_ses-01_task-sharedreward_run-2_part-mag_space-MNI152NLin6Asym_desc-preproc_bold.nii.gz	/ZPOOL/data/projects/rf1-sra-linux2/derivatives/fmriprep/sub-10590/ses-01/func/sub-10590_ses-01_task-sharedreward_run-2_part-mag_space-MNI152NLin6Asym_desc-brain_mask.nii.gz	/ZPOOL/data/projects/rf1-sra-sharedreward/derivatives/harmonized/sub-10590/ses-01/func/sub-10590_ses-01_task-sharedreward_run-2_space-MNI152NLin6Asym_desc-smoothToFWHM6_bold.nii.gz	6	5.92515	5.92374	5.89591	5.91492	0.757425	3.39398	10.5568	8.62564	Precompiled binary linux_ubuntu_24_64: Aug  4 2026 (Version AFNI_26.2.03 'Gordian III')
rf1	10596	01	1	/ZPOOL/data/projects/rf1-sra-linux2/derivatives/fmriprep/sub-10596/ses-01/func/sub-10596_ses-01_task-sharedreward_run-1_part-mag_space-MNI152NLin6Asym_desc-preproc_bold.nii.gz	/ZPOOL/data/projects/rf1-sra-linux2/derivatives/fmriprep/sub-10596/ses-01/func/sub-10596_ses-01_task-sharedreward_run-1_part-mag_space-MNI152NLin6Asym_desc-brain_mask.nii.gz	/ZPOOL/data/projects/rf1-sra-sharedreward/derivatives/harmonized/sub-10596/ses-01/func/sub-10596_ses-01_task-sharedreward_run-1_space-MNI152NLin6Asym_desc-smoothToFWHM6_bold.nii.gz	6	5.77984	5.77972	5.77068	5.77675	0.76925	3.27792	11.6366	8.40244	Precompiled binary linux_ubuntu_24_64: Aug  4 2026 (Version AFNI_26.2.03 'Gordian III')
rf1	10596	01	2	/ZPOOL/data/projects/rf1-sra-linux2/derivatives/fmriprep/sub-10596/ses-01/func/sub-10596_ses-01_task-sharedreward_run-2_part-mag_space-MNI152NLin6Asym_desc-preproc_bold.nii.gz	/ZPOOL/data/projects/rf1-sra-linux2/derivatives/fmriprep/sub-10596/ses-01/func/sub-10596_ses-01_task-sharedreward_run-2_part-mag_space-MNI152NLin6Asym_desc-brain_mask.nii.gz	/ZPOOL/data/projects/rf1-sra-sharedreward/derivatives/harmonized/sub-10596/ses-01/func/sub-10596_ses-01_task-sharedreward_run-2_space-MNI152NLin6Asym_desc-smoothToFWHM6_bold.nii.gz	6	5.90688	5.88708	5.85309	5.88231	0.76485	3.32675	12.3436	8.58193	Precompiled binary linux_ubuntu_24_64: Aug  4 2026 (Version AFNI_26.2.03 'Gordian III')
rf1	10603	01	1	/ZPOOL/data/projects/rf1-sra-linux2/derivatives/fmriprep/sub-10603/ses-01/func/sub-10603_ses-01_task-sharedreward_run-1_part-mag_space-MNI152NLin6Asym_desc-preproc_bold.nii.gz	/ZPOOL/data/projects/rf1-sra-linux2/derivatives/fmriprep/sub-10603/ses-01/func/sub-10603_ses-01_task-sharedreward_run-1_part-mag_space-MNI152NLin6Asym_desc-brain_mask.nii.gz	/ZPOOL/data/projects/rf1-sra-sharedreward/derivatives/harmonized/sub-10603/ses-01/func/sub-10603_ses-01_task-sharedreward_run-1_space-MNI152NLin6Asym_desc-smoothToFWHM6_bold.nii.gz	6	5.80167	5.79424	5.7992	5.79837	0.767673	3.27467	11.3823	8.38225	Precompiled binary linux_ubuntu_24_64: Aug  4 2026 (Version AFNI_26.2.03 'Gordian III')
rf1	10606	01	1	/ZPOOL/data/projects/rf1-sra-linux2/derivatives/fmriprep/sub-10606/ses-01/func/sub-10606_ses-01_task-sharedreward_run-1_part-mag_space-MNI152NLin6Asym_desc-preproc_bold.nii.gz	/ZPOOL/data/projects/rf1-sra-linux2/derivatives/fmriprep/sub-10606/ses-01/func/sub-10606_ses-01_task-sharedreward_run-1_part-mag_space-MNI152NLin6Asym_desc-brain_mask.nii.gz	/ZPOOL/data/projects/rf1-sra-sharedreward/derivatives/harmonized/sub-10606/ses-01/func/sub-10606_ses-01_task-sharedreward_run-1_space-MNI152NLin6Asym_desc-smoothToFWHM6_bold.nii.gz	6	5.81294	5.81527	5.81749	5.81523	0.751626	3.35994	9.79474	8.49344	Precompiled binary linux_ubuntu_24_64: Aug  4 2026 (Version AFNI_26.2.03 'Gordian III')
rf1	10606	01	2	/ZPOOL/data/projects/rf1-sra-linux2/derivatives/fmriprep/sub-10606/ses-01/func/sub-10606_ses-01_task-sharedreward_run-2_part-mag_space-MNI152NLin6Asym_desc-preproc_bold.nii.gz	/ZPOOL/data/projects/rf1-sra-linux2/derivatives/fmriprep/sub-10606/ses-01/func/sub-10606_ses-01_task-sharedreward_run-2_part-mag_space-MNI152NLin6Asym_desc-brain_mask.nii.gz	/ZPOOL/data/projects/rf1-sra-sharedreward/derivatives/harmonized/sub-10606/ses-01/func/sub-10606_ses-01_task-sharedreward_run-2_space-MNI152NLin6Asym_desc-smoothToFWHM6_bold.nii.gz	6	5.83083	5.83082	5.8471	5.83625	0.750229	3.38078	9.63347	8.52767	Precompiled binary linux_ubuntu_24_64: Aug  4 2026 (Version AFNI_26.2.03 'Gordian III')
rf1	10608	01	1	/ZPOOL/data/projects/rf1-sra-linux2/derivatives/fmriprep/sub-10608/ses-01/func/sub-10608_ses-01_task-sharedreward_run-1_part-mag_space-MNI152NLin6Asym_desc-preproc_bold.nii.gz	/ZPOOL/data/projects/rf1-sra-linux2/derivatives/fmriprep/sub-10608/ses-01/func/sub-10608_ses-01_task-sharedreward_run-1_part-mag_space-MNI152NLin6Asym_desc-brain_mask.nii.gz	/ZPOOL/data/projects/rf1-sra-sharedreward/derivatives/harmonized/sub-10608/ses-01/func/sub-10608_ses-01_task-sharedreward_run-1_space-MNI152NLin6Asym_desc-smoothToFWHM6_bold.nii.gz	6	5.81405	5.80954	5.79176	5.80511	0.830171	3.356	11.2177	8.35876	Precompiled binary linux_ubuntu_24_64: Aug  4 2026 (Version AFNI_26.2.03 'Gordian III')
rf1	10608	01	2	/ZPOOL/data/projects/rf1-sra-linux2/derivatives/fmriprep/sub-10608/ses-01/func/sub-10608_ses-01_task-sharedreward_run-2_part-mag_space-MNI152NLin6Asym_desc-preproc_bold.nii.gz	/ZPOOL/data/projects/rf1-sra-linux2/derivatives/fmriprep/sub-10608/ses-01/func/sub-10608_ses-01_task-sharedreward_run-2_part-mag_space-MNI152NLin6Asym_desc-brain_mask.nii.gz	/ZPOOL/data/projects/rf1-sra-sharedreward/derivatives/harmonized/sub-10608/ses-01/func/sub-10608_ses-01_task-sharedreward_run-2_space-MNI152NLin6Asym_desc-smoothToFWHM6_bold.nii.gz	6	5.99283	5.98434	5.9775	5.98489	0.804499	3.42725	12.049	8.65448	Precompiled binary linux_ubuntu_24_64: Aug  4 2026 (Version AFNI_26.2.03 'Gordian III')
rf1	10617	01	1	/ZPOOL/data/projects/rf1-sra-linux2/derivatives/fmriprep/sub-10617/ses-01/func/sub-10617_ses-01_task-sharedreward_run-1_part-mag_space-MNI152NLin6Asym_desc-preproc_bold.nii.gz	/ZPOOL/data/projects/rf1-sra-linux2/derivatives/fmriprep/sub-10617/ses-01/func/sub-10617_ses-01_task-sharedreward_run-1_part-mag_space-MNI152NLin6Asym_desc-brain_mask.nii.gz	/ZPOOL/data/projects/rf1-sra-sharedreward/derivatives/harmonized/sub-10617/ses-01/func/sub-10617_ses-01_task-sharedreward_run-1_space-MNI152NLin6Asym_desc-smoothToFWHM6_bold.nii.gz	6	5.84576	5.84158	5.87319	5.85349	0.811991	3.39891	10.5797	8.47577	Precompiled binary linux_ubuntu_24_64: Aug  4 2026 (Version AFNI_26.2.03 'Gordian III')
rf1	10636	01	1	/ZPOOL/data/projects/rf1-sra-linux2/derivatives/fmriprep/sub-10636/ses-01/func/sub-10636_ses-01_task-sharedreward_run-1_part-mag_space-MNI152NLin6Asym_desc-preproc_bold.nii.gz	/ZPOOL/data/projects/rf1-sra-linux2/derivatives/fmriprep/sub-10636/ses-01/func/sub-10636_ses-01_task-sharedreward_run-1_part-mag_space-MNI152NLin6Asym_desc-brain_mask.nii.gz	/ZPOOL/data/projects/rf1-sra-sharedreward/derivatives/harmonized/sub-10636/ses-01/func/sub-10636_ses-01_task-sharedreward_run-1_space-MNI152NLin6Asym_desc-smoothToFWHM6_bold.nii.gz	6	5.86773	5.85781	5.83285	5.85278	0.775965	3.31306	12.0894	8.4912	Precompiled binary linux_ubuntu_24_64: Aug  4 2026 (Version AFNI_26.2.03 'Gordian III')
rf1	10636	01	2	/ZPOOL/data/projects/rf1-sra-linux2/derivatives/fmriprep/sub-10636/ses-01/func/sub-10636_ses-01_task-sharedreward_run-2_part-mag_space-MNI152NLin6Asym_desc-preproc_bold.nii.gz	/ZPOOL/data/projects/rf1-sra-linux2/derivatives/fmriprep/sub-10636/ses-01/func/sub-10636_ses-01_task-sharedreward_run-2_part-mag_space-MNI152NLin6Asym_desc-brain_mask.nii.gz	/ZPOOL/data/projects/rf1-sra-sharedreward/derivatives/harmonized/sub-10636/ses-01/func/sub-10636_ses-01_task-sharedreward_run-2_space-MNI152NLin6Asym_desc-smoothToFWHM6_bold.nii.gz	6	5.77528	5.7778	5.76841	5.77383	0.723572	3.21202	11.5541	8.41172	Precompiled binary linux_ubuntu_24_64: Aug  4 2026 (Version AFNI_26.2.03 'Gordian III')
rf1	10638	01	1	/ZPOOL/data/projects/rf1-sra-linux2/derivatives/fmriprep/sub-10638/ses-01/func/sub-10638_ses-01_task-sharedreward_run-1_part-mag_space-MNI152NLin6Asym_desc-preproc_bold.nii.gz	/ZPOOL/data/projects/rf1-sra-linux2/derivatives/fmriprep/sub-10638/ses-01/func/sub-10638_ses-01_task-sharedreward_run-1_part-mag_space-MNI152NLin6Asym_desc-brain_mask.nii.gz	/ZPOOL/data/projects/rf1-sra-sharedreward/derivatives/harmonized/sub-10638/ses-01/func/sub-10638_ses-01_task-sharedreward_run-1_space-MNI152NLin6Asym_desc-smoothToFWHM6_bold.nii.gz	6	5.85275	5.85196	5.84982	5.85151	0.820686	3.45826	9.13488	8.48725	Precompiled binary linux_ubuntu_24_64: Aug  4 2026 (Version AFNI_26.2.03 'Gordian III')
rf1	10638	01	2	/ZPOOL/data/projects/rf1-sra-linux2/derivatives/fmriprep/sub-10638/ses-01/func/sub-10638_ses-01_task-sharedreward_run-2_part-mag_space-MNI152NLin6Asym_desc-preproc_bold.nii.gz	/ZPOOL/data/projects/rf1-sra-linux2/derivatives/fmriprep/sub-10638/ses-01/func/sub-10638_ses-01_task-sharedreward_run-2_part-mag_space-MNI152NLin6Asym_desc-brain_mask.nii.gz	/ZPOOL/data/projects/rf1-sra-sharedreward/derivatives/harmonized/sub-10638/ses-01/func/sub-10638_ses-01_task-sharedreward_run-2_space-MNI152NLin6Asym_desc-smoothToFWHM6_bold.nii.gz	6	5.77337	5.79294	5.78417	5.78349	0.795749	3.39169	9.11052	8.38882	Precompiled binary linux_ubuntu_24_64: Aug  4 2026 (Version AFNI_26.2.03 'Gordian III')
rf1	10640	01	1	/ZPOOL/data/projects/rf1-sra-linux2/derivatives/fmriprep/sub-10640/ses-01/func/sub-10640_ses-01_task-sharedreward_run-1_part-mag_space-MNI152NLin6Asym_desc-preproc_bold.nii.gz	/ZPOOL/data/projects/rf1-sra-linux2/derivatives/fmriprep/sub-10640/ses-01/func/sub-10640_ses-01_task-sharedreward_run-1_part-mag_space-MNI152NLin6Asym_desc-brain_mask.nii.gz	/ZPOOL/data/projects/rf1-sra-sharedreward/derivatives/harmonized/sub-10640/ses-01/func/sub-10640_ses-01_task-sharedreward_run-1_space-MNI152NLin6Asym_desc-smoothToFWHM6_bold.nii.gz	6	5.95197	5.92432	5.92387	5.93337	0.648303	3.3355	9.9301	8.77577	Precompiled binary linux_ubuntu_24_64: Aug  4 2026 (Version AFNI_26.2.03 'Gordian III')
rf1	10640	01	2	/ZPOOL/data/projects/rf1-sra-linux2/derivatives/fmriprep/sub-10640/ses-01/func/sub-10640_ses-01_task-sharedreward_run-2_part-mag_space-MNI152NLin6Asym_desc-preproc_bold.nii.gz	/ZPOOL/data/projects/rf1-sra-linux2/derivatives/fmriprep/sub-10640/ses-01/func/sub-10640_ses-01_task-sharedreward_run-2_part-mag_space-MNI152NLin6Asym_desc-brain_mask.nii.gz	/ZPOOL/data/projects/rf1-sra-sharedreward/derivatives/harmonized/sub-10640/ses-01/func/sub-10640_ses-01_task-sharedreward_run-2_space-MNI152NLin6Asym_desc-smoothToFWHM6_bold.nii.gz	6	6.01225	5.98371	5.93604	5.97725	0.635627	3.32395	10.2496	8.84534	Precompiled binary linux_ubuntu_24_64: Aug  4 2026 (Version AFNI_26.2.03 'Gordian III')
rf1	10641	01	1	/ZPOOL/data/projects/rf1-sra-linux2/derivatives/fmriprep/sub-10641/ses-01/func/sub-10641_ses-01_task-sharedreward_run-1_part-mag_space-MNI152NLin6Asym_desc-preproc_bold.nii.gz	/ZPOOL/data/projects/rf1-sra-linux2/derivatives/fmriprep/sub-10641/ses-01/func/sub-10641_ses-01_task-sharedreward_run-1_part-mag_space-MNI152NLin6Asym_desc-brain_mask.nii.gz	/ZPOOL/data/projects/rf1-sra-sharedreward/derivatives/harmonized/sub-10641/ses-01/func/sub-10641_ses-01_task-sharedreward_run-1_space-MNI152NLin6Asym_desc-smoothToFWHM6_bold.nii.gz	6	5.76505	5.77305	5.76689	5.76833	0.805273	3.335	10.6065	8.34836	Precompiled binary linux_ubuntu_24_64: Aug  4 2026 (Version AFNI_26.2.03 'Gordian III')
rf1	10642	01	1	/ZPOOL/data/projects/rf1-sra-linux2/derivatives/fmriprep/sub-10642/ses-01/func/sub-10642_ses-01_task-sharedreward_run-1_part-mag_space-MNI152NLin6Asym_desc-preproc_bold.nii.gz	/ZPOOL/data/projects/rf1-sra-linux2/derivatives/fmriprep/sub-10642/ses-01/func/sub-10642_ses-01_task-sharedreward_run-1_part-mag_space-MNI152NLin6Asym_desc-brain_mask.nii.gz	/ZPOOL/data/projects/rf1-sra-sharedreward/derivatives/harmonized/sub-10642/ses-01/func/sub-10642_ses-01_task-sharedreward_run-1_space-MNI152NLin6Asym_desc-smoothToFWHM6_bold.nii.gz	6	5.73621	5.74439	5.70228	5.7276	0.660256	3.33956	8.65741	8.53858	Precompiled binary linux_ubuntu_24_64: Aug  4 2026 (Version AFNI_26.2.03 'Gordian III')
rf1	10642	01	2	/ZPOOL/data/projects/rf1-sra-linux2/derivatives/fmriprep/sub-10642/ses-01/func/sub-10642_ses-01_task-sharedreward_run-2_part-mag_space-MNI152NLin6Asym_desc-preproc_bold.nii.gz	/ZPOOL/data/projects/rf1-sra-linux2/derivatives/fmriprep/sub-10642/ses-01/func/sub-10642_ses-01_task-sharedreward_run-2_part-mag_space-MNI152NLin6Asym_desc-brain_mask.nii.gz	/ZPOOL/data/projects/rf1-sra-sharedreward/derivatives/harmonized/sub-10642/ses-01/func/sub-10642_ses-01_task-sharedreward_run-2_space-MNI152NLin6Asym_desc-smoothToFWHM6_bold.nii.gz	6	5.58366	5.59914	5.56135	5.58136	0.684911	3.22987	9.00036	8.29066	Precompiled binary linux_ubuntu_24_64: Aug  4 2026 (Version AFNI_26.2.03 'Gordian III')
rf1	10644	01	1	/ZPOOL/data/projects/rf1-sra-linux2/derivatives/fmriprep/sub-10644/ses-01/func/sub-10644_ses-01_task-sharedreward_run-1_part-mag_space-MNI152NLin6Asym_desc-preproc_bold.nii.gz	/ZPOOL/data/projects/rf1-sra-linux2/derivatives/fmriprep/sub-10644/ses-01/func/sub-10644_ses-01_task-sharedreward_run-1_part-mag_space-MNI152NLin6Asym_desc-brain_mask.nii.gz	/ZPOOL/data/projects/rf1-sra-sharedreward/derivatives/harmonized/sub-10644/ses-01/func/sub-10644_ses-01_task-sharedreward_run-1_space-MNI152NLin6Asym_desc-smoothToFWHM6_bold.nii.gz	6	5.90377	5.92113	5.94191	5.92225	0.806813	3.44206	10.3181	8.57195	Precompiled binary linux_ubuntu_24_64: Aug  4 2026 (Version AFNI_26.2.03 'Gordian III')
rf1	10644	01	2	/ZPOOL/data/projects/rf1-sra-linux2/derivatives/fmriprep/sub-10644/ses-01/func/sub-10644_ses-01_task-sharedreward_run-2_part-mag_space-MNI152NLin6Asym_desc-preproc_bold.nii.gz	/ZPOOL/data/projects/rf1-sra-linux2/derivatives/fmriprep/sub-10644/ses-01/func/sub-10644_ses-01_task-sharedreward_run-2_part-mag_space-MNI152NLin6Asym_desc-brain_mask.nii.gz	/ZPOOL/data/projects/rf1-sra-sharedreward/derivatives/harmonized/sub-10644/ses-01/func/sub-10644_ses-01_task-sharedreward_run-2_space-MNI152NLin6Asym_desc-smoothToFWHM6_bold.nii.gz	6	5.84893	5.8544	5.86318	5.8555	0.817633	3.40757	10.3616	8.46578	Precompiled binary linux_ubuntu_24_64: Aug  4 2026 (Version AFNI_26.2.03 'Gordian III')
rf1	10647	01	1	/ZPOOL/data/projects/rf1-sra-linux2/derivatives/fmriprep/sub-10647/ses-01/func/sub-10647_ses-01_task-sharedreward_run-1_part-mag_space-MNI152NLin6Asym_desc-preproc_bold.nii.gz	/ZPOOL/data/projects/rf1-sra-linux2/derivatives/fmriprep/sub-10647/ses-01/func/sub-10647_ses-01_task-sharedreward_run-1_part-mag_space-MNI152NLin6Asym_desc-brain_mask.nii.gz	/ZPOOL/data/projects/rf1-sra-sharedreward/derivatives/harmonized/sub-10647/ses-01/func/sub-10647_ses-01_task-sharedreward_run-1_space-MNI152NLin6Asym_desc-smoothToFWHM6_bold.nii.gz	6	5.93322	5.93627	5.90495	5.9248	0.609356	3.39229	9.04648	8.8614	Precompiled binary linux_ubuntu_24_64: Aug  4 2026 (Version AFNI_26.2.03 'Gordian III')
rf1	10647	01	2	/ZPOOL/data/projects/rf1-sra-linux2/derivatives/fmriprep/sub-10647/ses-01/func/sub-10647_ses-01_task-sharedreward_run-2_part-mag_space-MNI152NLin6Asym_desc-preproc_bold.nii.gz	/ZPOOL/data/projects/rf1-sra-linux2/derivatives/fmriprep/sub-10647/ses-01/func/sub-10647_ses-01_task-sharedreward_run-2_part-mag_space-MNI152NLin6Asym_desc-brain_mask.nii.gz	/ZPOOL/data/projects/rf1-sra-sharedreward/derivatives/harmonized/sub-10647/ses-01/func/sub-10647_ses-01_task-sharedreward_run-2_space-MNI152NLin6Asym_desc-smoothToFWHM6_bold.nii.gz	6	5.9208	5.91197	5.88732	5.90668	0.614861	3.37856	9.30323	8.8675	Precompiled binary linux_ubuntu_24_64: Aug  4 2026 (Version AFNI_26.2.03 'Gordian III')
rf1	10649	01	1	/ZPOOL/data/projects/rf1-sra-linux2/derivatives/fmriprep/sub-10649/ses-01/func/sub-10649_ses-01_task-sharedreward_run-1_part-mag_space-MNI152NLin6Asym_desc-preproc_bold.nii.gz	/ZPOOL/data/projects/rf1-sra-linux2/derivatives/fmriprep/sub-10649/ses-01/func/sub-10649_ses-01_task-sharedreward_run-1_part-mag_space-MNI152NLin6Asym_desc-brain_mask.nii.gz	/ZPOOL/data/projects/rf1-sra-sharedreward/derivatives/harmonized/sub-10649/ses-01/func/sub-10649_ses-01_task-sharedreward_run-1_space-MNI152NLin6Asym_desc-smoothToFWHM6_bold.nii.gz	6	5.96336	5.96974	5.92783	5.95362	0.793195	3.43711	10.7246	8.6287	Precompiled binary linux_ubuntu_24_64: Aug  4 2026 (Version AFNI_26.2.03 'Gordian III')
rf1	10649	01	2	/ZPOOL/data/projects/rf1-sra-linux2/derivatives/fmriprep/sub-10649/ses-01/func/sub-10649_ses-01_task-sharedreward_run-2_part-mag_space-MNI152NLin6Asym_desc-preproc_bold.nii.gz	/ZPOOL/data/projects/rf1-sra-linux2/derivatives/fmriprep/sub-10649/ses-01/func/sub-10649_ses-01_task-sharedreward_run-2_part-mag_space-MNI152NLin6Asym_desc-brain_mask.nii.gz	/ZPOOL/data/projects/rf1-sra-sharedreward/derivatives/harmonized/sub-10649/ses-01/func/sub-10649_ses-01_task-sharedreward_run-2_space-MNI152NLin6Asym_desc-smoothToFWHM6_bold.nii.gz	6	5.97539	5.95765	5.97795	5.97032	0.746196	3.4017	10.8887	8.70891	Precompiled binary linux_ubuntu_24_64: Aug  4 2026 (Version AFNI_26.2.03 'Gordian III')
rf1	10652	01	1	/ZPOOL/data/projects/rf1-sra-linux2/derivatives/fmriprep/sub-10652/ses-01/func/sub-10652_ses-01_task-sharedreward_run-1_part-mag_space-MNI152NLin6Asym_desc-preproc_bold.nii.gz	/ZPOOL/data/projects/rf1-sra-linux2/derivatives/fmriprep/sub-10652/ses-01/func/sub-10652_ses-01_task-sharedreward_run-1_part-mag_space-MNI152NLin6Asym_desc-brain_mask.nii.gz	/ZPOOL/data/projects/rf1-sra-sharedreward/derivatives/harmonized/sub-10652/ses-01/func/sub-10652_ses-01_task-sharedreward_run-1_space-MNI152NLin6Asym_desc-smoothToFWHM6_bold.nii.gz	6	5.83331	5.82062	5.83104	5.82832	0.817014	3.41828	9.13522	8.40421	Precompiled binary linux_ubuntu_24_64: Aug  4 2026 (Version AFNI_26.2.03 'Gordian III')
rf1	10652	01	2	/ZPOOL/data/projects/rf1-sra-linux2/derivatives/fmriprep/sub-10652/ses-01/func/sub-10652_ses-01_task-sharedreward_run-2_part-mag_space-MNI152NLin6Asym_desc-preproc_bold.nii.gz	/ZPOOL/data/projects/rf1-sra-linux2/derivatives/fmriprep/sub-10652/ses-01/func/sub-10652_ses-01_task-sharedreward_run-2_part-mag_space-MNI152NLin6Asym_desc-brain_mask.nii.gz	/ZPOOL/data/projects/rf1-sra-sharedreward/derivatives/harmonized/sub-10652/ses-01/func/sub-10652_ses-01_task-sharedreward_run-2_space-MNI152NLin6Asym_desc-smoothToFWHM6_bold.nii.gz	6	5.87334	5.89592	5.87093	5.88005	0.831597	3.45217	9.77492	8.49427	Precompiled binary linux_ubuntu_24_64: Aug  4 2026 (Version AFNI_26.2.03 'Gordian III')
rf1	10656	01	1	/ZPOOL/data/projects/rf1-sra-linux2/derivatives/fmriprep/sub-10656/ses-01/func/sub-10656_ses-01_task-sharedreward_run-1_part-mag_space-MNI152NLin6Asym_desc-preproc_bold.nii.gz	/ZPOOL/data/projects/rf1-sra-linux2/derivatives/fmriprep/sub-10656/ses-01/func/sub-10656_ses-01_task-sharedreward_run-1_part-mag_space-MNI152NLin6Asym_desc-brain_mask.nii.gz	/ZPOOL/data/projects/rf1-sra-sharedreward/derivatives/harmonized/sub-10656/ses-01/func/sub-10656_ses-01_task-sharedreward_run-1_space-MNI152NLin6Asym_desc-smoothToFWHM6_bold.nii.gz	6	5.85431	5.86577	5.8434	5.85449	0.753234	3.36541	10.1383	8.5349	Precompiled binary linux_ubuntu_24_64: Aug  4 2026 (Version AFNI_26.2.03 'Gordian III')
rf1	10656	01	2	/ZPOOL/data/projects/rf1-sra-linux2/derivatives/fmriprep/sub-10656/ses-01/func/sub-10656_ses-01_task-sharedreward_run-2_part-mag_space-MNI152NLin6Asym_desc-preproc_bold.nii.gz	/ZPOOL/data/projects/rf1-sra-linux2/derivatives/fmriprep/sub-10656/ses-01/func/sub-10656_ses-01_task-sharedreward_run-2_part-mag_space-MNI152NLin6Asym_desc-brain_mask.nii.gz	/ZPOOL/data/projects/rf1-sra-sharedreward/derivatives/harmonized/sub-10656/ses-01/func/sub-10656_ses-01_task-sharedreward_run-2_space-MNI152NLin6Asym_desc-smoothToFWHM6_bold.nii.gz	6	5.81279	5.82511	5.81238	5.81676	0.757168	3.34756	9.68237	8.43884	Precompiled binary linux_ubuntu_24_64: Aug  4 2026 (Version AFNI_26.2.03 'Gordian III')
rf1	10657	01	2	/ZPOOL/data/projects/rf1-sra-linux2/derivatives/fmriprep/sub-10657/ses-01/func/sub-10657_ses-01_task-sharedreward_run-2_part-mag_space-MNI152NLin6Asym_desc-preproc_bold.nii.gz	/ZPOOL/data/projects/rf1-sra-linux2/derivatives/fmriprep/sub-10657/ses-01/func/sub-10657_ses-01_task-sharedreward_run-2_part-mag_space-MNI152NLin6Asym_desc-brain_mask.nii.gz	/ZPOOL/data/projects/rf1-sra-sharedreward/derivatives/harmonized/sub-10657/ses-01/func/sub-10657_ses-01_task-sharedreward_run-2_space-MNI152NLin6Asym_desc-smoothToFWHM6_bold.nii.gz	6	5.44481	5.43342	5.41995	5.43272	0.700312	3.25034	7.55035	8.06728	Precompiled binary linux_ubuntu_24_64: Aug  4 2026 (Version AFNI_26.2.03 'Gordian III')
rf1	10661	01	1	/ZPOOL/data/projects/rf1-sra-linux2/derivatives/fmriprep/sub-10661/ses-01/func/sub-10661_ses-01_task-sharedreward_run-1_part-mag_space-MNI152NLin6Asym_desc-preproc_bold.nii.gz	/ZPOOL/data/projects/rf1-sra-linux2/derivatives/fmriprep/sub-10661/ses-01/func/sub-10661_ses-01_task-sharedreward_run-1_part-mag_space-MNI152NLin6Asym_desc-brain_mask.nii.gz	/ZPOOL/data/projects/rf1-sra-sharedreward/derivatives/harmonized/sub-10661/ses-01/func/sub-10661_ses-01_task-sharedreward_run-1_space-MNI152NLin6Asym_desc-smoothToFWHM6_bold.nii.gz	6	5.89514	5.89577	5.89397	5.89496	0.806014	3.44992	9.26208	8.51073	Precompiled binary linux_ubuntu_24_64: Aug  4 2026 (Version AFNI_26.2.03 'Gordian III')
rf1	10661	01	2	/ZPOOL/data/projects/rf1-sra-linux2/derivatives/fmriprep/sub-10661/ses-01/func/sub-10661_ses-01_task-sharedreward_run-2_part-mag_space-MNI152NLin6Asym_desc-preproc_bold.nii.gz	/ZPOOL/data/projects/rf1-sra-linux2/derivatives/fmriprep/sub-10661/ses-01/func/sub-10661_ses-01_task-sharedreward_run-2_part-mag_space-MNI152NLin6Asym_desc-brain_mask.nii.gz	/ZPOOL/data/projects/rf1-sra-sharedreward/derivatives/harmonized/sub-10661/ses-01/func/sub-10661_ses-01_task-sharedreward_run-2_space-MNI152NLin6Asym_desc-smoothToFWHM6_bold.nii.gz	6	5.82549	5.81133	5.81704	5.81795	0.803113	3.42197	8.72524	8.40687	Precompiled binary linux_ubuntu_24_64: Aug  4 2026 (Version AFNI_26.2.03 'Gordian III')
rf1	10663	01	1	/ZPOOL/data/projects/rf1-sra-linux2/derivatives/fmriprep/sub-10663/ses-01/func/sub-10663_ses-01_task-sharedreward_run-1_part-mag_space-MNI152NLin6Asym_desc-preproc_bold.nii.gz	/ZPOOL/data/projects/rf1-sra-linux2/derivatives/fmriprep/sub-10663/ses-01/func/sub-10663_ses-01_task-sharedreward_run-1_part-mag_space-MNI152NLin6Asym_desc-brain_mask.nii.gz	/ZPOOL/data/projects/rf1-sra-sharedreward/derivatives/harmonized/sub-10663/ses-01/func/sub-10663_ses-01_task-sharedreward_run-1_space-MNI152NLin6Asym_desc-smoothToFWHM6_bold.nii.gz	6	5.8569	5.85701	5.79314	5.83561	0.71868	3.29437	10.4361	8.51226	Precompiled binary linux_ubuntu_24_64: Aug  4 2026 (Version AFNI_26.2.03 'Gordian III')
rf1	10663	01	2	/ZPOOL/data/projects/rf1-sra-linux2/derivatives/fmriprep/sub-10663/ses-01/func/sub-10663_ses-01_task-sharedreward_run-2_part-mag_space-MNI152NLin6Asym_desc-preproc_bold.nii.gz	/ZPOOL/data/projects/rf1-sra-linux2/derivatives/fmriprep/sub-10663/ses-01/func/sub-10663_ses-01_task-sharedreward_run-2_part-mag_space-MNI152NLin6Asym_desc-brain_mask.nii.gz	/ZPOOL/data/projects/rf1-sra-sharedreward/derivatives/harmonized/sub-10663/ses-01/func/sub-10663_ses-01_task-sharedreward_run-2_space-MNI152NLin6Asym_desc-smoothToFWHM6_bold.nii.gz	6	5.78783	5.78419	5.75474	5.77557	0.714881	3.23415	10.8079	8.42583	Precompiled binary linux_ubuntu_24_64: Aug  4 2026 (Version AFNI_26.2.03 'Gordian III')
rf1	10668	01	1	/ZPOOL/data/projects/rf1-sra-linux2/derivatives/fmriprep/sub-10668/ses-01/func/sub-10668_ses-01_task-sharedreward_run-1_part-mag_space-MNI152NLin6Asym_desc-preproc_bold.nii.gz	/ZPOOL/data/projects/rf1-sra-linux2/derivatives/fmriprep/sub-10668/ses-01/func/sub-10668_ses-01_task-sharedreward_run-1_part-mag_space-MNI152NLin6Asym_desc-brain_mask.nii.gz	/ZPOOL/data/projects/rf1-sra-sharedreward/derivatives/harmonized/sub-10668/ses-01/func/sub-10668_ses-01_task-sharedreward_run-1_space-MNI152NLin6Asym_desc-smoothToFWHM6_bold.nii.gz	6	5.86362	5.86397	5.83267	5.8534	0.692013	3.34018	10.7791	8.74642	Precompiled binary linux_ubuntu_24_64: Aug  4 2026 (Version AFNI_26.2.03 'Gordian III')
rf1	10673	01	1	/ZPOOL/data/projects/rf1-sra-linux2/derivatives/fmriprep/sub-10673/ses-01/func/sub-10673_ses-01_task-sharedreward_run-1_part-mag_space-MNI152NLin6Asym_desc-preproc_bold.nii.gz	/ZPOOL/data/projects/rf1-sra-linux2/derivatives/fmriprep/sub-10673/ses-01/func/sub-10673_ses-01_task-sharedreward_run-1_part-mag_space-MNI152NLin6Asym_desc-brain_mask.nii.gz	/ZPOOL/data/projects/rf1-sra-sharedreward/derivatives/harmonized/sub-10673/ses-01/func/sub-10673_ses-01_task-sharedreward_run-1_space-MNI152NLin6Asym_desc-smoothToFWHM6_bold.nii.gz	6	5.80974	5.81058	5.74977	5.78996	0.767743	3.34842	10.3405	8.47118	Precompiled binary linux_ubuntu_24_64: Aug  4 2026 (Version AFNI_26.2.03 'Gordian III')
rf1	10673	01	2	/ZPOOL/data/projects/rf1-sra-linux2/derivatives/fmriprep/sub-10673/ses-01/func/sub-10673_ses-01_task-sharedreward_run-2_part-mag_space-MNI152NLin6Asym_desc-preproc_bold.nii.gz	/ZPOOL/data/projects/rf1-sra-linux2/derivatives/fmriprep/sub-10673/ses-01/func/sub-10673_ses-01_task-sharedreward_run-2_part-mag_space-MNI152NLin6Asym_desc-brain_mask.nii.gz	/ZPOOL/data/projects/rf1-sra-sharedreward/derivatives/harmonized/sub-10673/ses-01/func/sub-10673_ses-01_task-sharedreward_run-2_space-MNI152NLin6Asym_desc-smoothToFWHM6_bold.nii.gz	6	5.79397	5.79088	5.75559	5.78012	0.771669	3.36246	9.95944	8.4587	Precompiled binary linux_ubuntu_24_64: Aug  4 2026 (Version AFNI_26.2.03 'Gordian III')
rf1	10674	01	1	/ZPOOL/data/projects/rf1-sra-linux2/derivatives/fmriprep/sub-10674/ses-01/func/sub-10674_ses-01_task-sharedreward_run-1_part-mag_space-MNI152NLin6Asym_desc-preproc_bold.nii.gz	/ZPOOL/data/projects/rf1-sra-linux2/derivatives/fmriprep/sub-10674/ses-01/func/sub-10674_ses-01_task-sharedreward_run-1_part-mag_space-MNI152NLin6Asym_desc-brain_mask.nii.gz	/ZPOOL/data/projects/rf1-sra-sharedreward/derivatives/harmonized/sub-10674/ses-01/func/sub-10674_ses-01_task-sharedreward_run-1_space-MNI152NLin6Asym_desc-smoothToFWHM6_bold.nii.gz	6	5.91195	5.91301	5.91273	5.91257	0.78745	3.45663	9.51752	8.59138	Precompiled binary linux_ubuntu_24_64: Aug  4 2026 (Version AFNI_26.2.03 'Gordian III')
rf1	10674	01	2	/ZPOOL/data/projects/rf1-sra-linux2/derivatives/fmriprep/sub-10674/ses-01/func/sub-10674_ses-01_task-sharedreward_run-2_part-mag_space-MNI152NLin6Asym_desc-preproc_bold.nii.gz	/ZPOOL/data/projects/rf1-sra-linux2/derivatives/fmriprep/sub-10674/ses-01/func/sub-10674_ses-01_task-sharedreward_run-2_part-mag_space-MNI152NLin6Asym_desc-brain_mask.nii.gz	/ZPOOL/data/projects/rf1-sra-sharedreward/derivatives/harmonized/sub-10674/ses-01/func/sub-10674_ses-01_task-sharedreward_run-2_space-MNI152NLin6Asym_desc-smoothToFWHM6_bold.nii.gz	6	5.95941	5.93942	5.91789	5.93889	0.750416	3.42675	9.751	8.64231	Precompiled binary linux_ubuntu_24_64: Aug  4 2026 (Version AFNI_26.2.03 'Gordian III')
rf1	10677	01	1	/ZPOOL/data/projects/rf1-sra-linux2/derivatives/fmriprep/sub-10677/ses-01/func/sub-10677_ses-01_task-sharedreward_run-1_part-mag_space-MNI152NLin6Asym_desc-preproc_bold.nii.gz	/ZPOOL/data/projects/rf1-sra-linux2/derivatives/fmriprep/sub-10677/ses-01/func/sub-10677_ses-01_task-sharedreward_run-1_part-mag_space-MNI152NLin6Asym_desc-brain_mask.nii.gz	/ZPOOL/data/projects/rf1-sra-sharedreward/derivatives/harmonized/sub-10677/ses-01/func/sub-10677_ses-01_task-sharedreward_run-1_space-MNI152NLin6Asym_desc-smoothToFWHM6_bold.nii.gz	6	5.95771	5.93871	5.87678	5.9243	0.77919	3.42167	10.2071	8.59379	Precompiled binary linux_ubuntu_24_64: Aug  4 2026 (Version AFNI_26.2.03 'Gordian III')
rf1	10677	01	2	/ZPOOL/data/projects/rf1-sra-linux2/derivatives/fmriprep/sub-10677/ses-01/func/sub-10677_ses-01_task-sharedreward_run-2_part-mag_space-MNI152NLin6Asym_desc-preproc_bold.nii.gz	/ZPOOL/data/projects/rf1-sra-linux2/derivatives/fmriprep/sub-10677/ses-01/func/sub-10677_ses-01_task-sharedreward_run-2_part-mag_space-MNI152NLin6Asym_desc-brain_mask.nii.gz	/ZPOOL/data/projects/rf1-sra-sharedreward/derivatives/harmonized/sub-10677/ses-01/func/sub-10677_ses-01_task-sharedreward_run-2_space-MNI152NLin6Asym_desc-smoothToFWHM6_bold.nii.gz	6	5.85794	5.87883	5.85358	5.86344	0.769344	3.33766	11.0961	8.50237	Precompiled binary linux_ubuntu_24_64: Aug  4 2026 (Version AFNI_26.2.03 'Gordian III')
rf1	10685	01	1	/ZPOOL/data/projects/rf1-sra-linux2/derivatives/fmriprep/sub-10685/ses-01/func/sub-10685_ses-01_task-sharedreward_run-1_part-mag_space-MNI152NLin6Asym_desc-preproc_bold.nii.gz	/ZPOOL/data/projects/rf1-sra-linux2/derivatives/fmriprep/sub-10685/ses-01/func/sub-10685_ses-01_task-sharedreward_run-1_part-mag_space-MNI152NLin6Asym_desc-brain_mask.nii.gz	/ZPOOL/data/projects/rf1-sra-sharedreward/derivatives/harmonized/sub-10685/ses-01/func/sub-10685_ses-01_task-sharedreward_run-1_space-MNI152NLin6Asym_desc-smoothToFWHM6_bold.nii.gz	6	5.90874	5.94549	5.91041	5.92152	0.649766	3.3084	10.2624	8.76174	Precompiled binary linux_ubuntu_24_64: Aug  4 2026 (Version AFNI_26.2.03 'Gordian III')
rf1	10685	01	2	/ZPOOL/data/projects/rf1-sra-linux2/derivatives/fmriprep/sub-10685/ses-01/func/sub-10685_ses-01_task-sharedreward_run-2_part-mag_space-MNI152NLin6Asym_desc-preproc_bold.nii.gz	/ZPOOL/data/projects/rf1-sra-linux2/derivatives/fmriprep/sub-10685/ses-01/func/sub-10685_ses-01_task-sharedreward_run-2_part-mag_space-MNI152NLin6Asym_desc-brain_mask.nii.gz	/ZPOOL/data/projects/rf1-sra-sharedreward/derivatives/harmonized/sub-10685/ses-01/func/sub-10685_ses-01_task-sharedreward_run-2_space-MNI152NLin6Asym_desc-smoothToFWHM6_bold.nii.gz	6	5.94589	5.96659	5.8618	5.92459	0.64422	3.26996	10.6525	8.75419	Precompiled binary linux_ubuntu_24_64: Aug  4 2026 (Version AFNI_26.2.03 'Gordian III')
rf1	10690	01	1	/ZPOOL/data/projects/rf1-sra-linux2/derivatives/fmriprep/sub-10690/ses-01/func/sub-10690_ses-01_task-sharedreward_run-1_part-mag_space-MNI152NLin6Asym_desc-preproc_bold.nii.gz	/ZPOOL/data/projects/rf1-sra-linux2/derivatives/fmriprep/sub-10690/ses-01/func/sub-10690_ses-01_task-sharedreward_run-1_part-mag_space-MNI152NLin6Asym_desc-brain_mask.nii.gz	/ZPOOL/data/projects/rf1-sra-sharedreward/derivatives/harmonized/sub-10690/ses-01/func/sub-10690_ses-01_task-sharedreward_run-1_space-MNI152NLin6Asym_desc-smoothToFWHM6_bold.nii.gz	6	5.81557	5.81494	5.77716	5.80253	0.686605	3.29066	10.2441	8.59022	Precompiled binary linux_ubuntu_24_64: Aug  4 2026 (Version AFNI_26.2.03 'Gordian III')
rf1	10690	01	2	/ZPOOL/data/projects/rf1-sra-linux2/derivatives/fmriprep/sub-10690/ses-01/func/sub-10690_ses-01_task-sharedreward_run-2_part-mag_space-MNI152NLin6Asym_desc-preproc_bold.nii.gz	/ZPOOL/data/projects/rf1-sra-linux2/derivatives/fmriprep/sub-10690/ses-01/func/sub-10690_ses-01_task-sharedreward_run-2_part-mag_space-MNI152NLin6Asym_desc-brain_mask.nii.gz	/ZPOOL/data/projects/rf1-sra-sharedreward/derivatives/harmonized/sub-10690/ses-01/func/sub-10690_ses-01_task-sharedreward_run-2_space-MNI152NLin6Asym_desc-smoothToFWHM6_bold.nii.gz	6	5.72502	5.73353	5.75868	5.73906	0.656475	3.23223	9.56206	8.46659	Precompiled binary linux_ubuntu_24_64: Aug  4 2026 (Version AFNI_26.2.03 'Gordian III')
rf1	10691	01	1	/ZPOOL/data/projects/rf1-sra-linux2/derivatives/fmriprep/sub-10691/ses-01/func/sub-10691_ses-01_task-sharedreward_run-1_part-mag_space-MNI152NLin6Asym_desc-preproc_bold.nii.gz	/ZPOOL/data/projects/rf1-sra-linux2/derivatives/fmriprep/sub-10691/ses-01/func/sub-10691_ses-01_task-sharedreward_run-1_part-mag_space-MNI152NLin6Asym_desc-brain_mask.nii.gz	/ZPOOL/data/projects/rf1-sra-sharedreward/derivatives/harmonized/sub-10691/ses-01/func/sub-10691_ses-01_task-sharedreward_run-1_space-MNI152NLin6Asym_desc-smoothToFWHM6_bold.nii.gz	6	5.81979	5.81315	5.82727	5.82007	0.770591	3.34103	10.3083	8.44294	Precompiled binary linux_ubuntu_24_64: Aug  4 2026 (Version AFNI_26.2.03 'Gordian III')
rf1	10691	01	2	/ZPOOL/data/projects/rf1-sra-linux2/derivatives/fmriprep/sub-10691/ses-01/func/sub-10691_ses-01_task-sharedreward_run-2_part-mag_space-MNI152NLin6Asym_desc-preproc_bold.nii.gz	/ZPOOL/data/projects/rf1-sra-linux2/derivatives/fmriprep/sub-10691/ses-01/func/sub-10691_ses-01_task-sharedreward_run-2_part-mag_space-MNI152NLin6Asym_desc-brain_mask.nii.gz	/ZPOOL/data/projects/rf1-sra-sharedreward/derivatives/harmonized/sub-10691/ses-01/func/sub-10691_ses-01_task-sharedreward_run-2_space-MNI152NLin6Asym_desc-smoothToFWHM6_bold.nii.gz	6	5.90515	5.89353	5.88053	5.89306	0.770539	3.39551	10.4383	8.57884	Precompiled binary linux_ubuntu_24_64: Aug  4 2026 (Version AFNI_26.2.03 'Gordian III')
rf1	10700	01	1	/ZPOOL/data/projects/rf1-sra-linux2/derivatives/fmriprep/sub-10700/ses-01/func/sub-10700_ses-01_task-sharedreward_run-1_part-mag_space-MNI152NLin6Asym_desc-preproc_bold.nii.gz	/ZPOOL/data/projects/rf1-sra-linux2/derivatives/fmriprep/sub-10700/ses-01/func/sub-10700_ses-01_task-sharedreward_run-1_part-mag_space-MNI152NLin6Asym_desc-brain_mask.nii.gz	/ZPOOL/data/projects/rf1-sra-sharedreward/derivatives/harmonized/sub-10700/ses-01/func/sub-10700_ses-01_task-sharedreward_run-1_space-MNI152NLin6Asym_desc-smoothToFWHM6_bold.nii.gz	6	5.87929	5.88766	5.9144	5.89377	0.783546	3.39282	10.8695	8.56701	Precompiled binary linux_ubuntu_24_64: Aug  4 2026 (Version AFNI_26.2.03 'Gordian III')
rf1	10700	01	2	/ZPOOL/data/projects/rf1-sra-linux2/derivatives/fmriprep/sub-10700/ses-01/func/sub-10700_ses-01_task-sharedreward_run-2_part-mag_space-MNI152NLin6Asym_desc-preproc_bold.nii.gz	/ZPOOL/data/projects/rf1-sra-linux2/derivatives/fmriprep/sub-10700/ses-01/func/sub-10700_ses-01_task-sharedreward_run-2_part-mag_space-MNI152NLin6Asym_desc-brain_mask.nii.gz	/ZPOOL/data/projects/rf1-sra-sharedreward/derivatives/harmonized/sub-10700/ses-01/func/sub-10700_ses-01_task-sharedreward_run-2_space-MNI152NLin6Asym_desc-smoothToFWHM6_bold.nii.gz	6	5.85247	5.84389	5.85338	5.84991	0.797448	3.41019	10.2325	8.5185	Precompiled binary linux_ubuntu_24_64: Aug  4 2026 (Version AFNI_26.2.03 'Gordian III')
rf1	10701	01	1	/ZPOOL/data/projects/rf1-sra-linux2/derivatives/fmriprep/sub-10701/ses-01/func/sub-10701_ses-01_task-sharedreward_run-1_part-mag_space-MNI152NLin6Asym_desc-preproc_bold.nii.gz	/ZPOOL/data/projects/rf1-sra-linux2/derivatives/fmriprep/sub-10701/ses-01/func/sub-10701_ses-01_task-sharedreward_run-1_part-mag_space-MNI152NLin6Asym_desc-brain_mask.nii.gz	/ZPOOL/data/projects/rf1-sra-sharedreward/derivatives/harmonized/sub-10701/ses-01/func/sub-10701_ses-01_task-sharedreward_run-1_space-MNI152NLin6Asym_desc-smoothToFWHM6_bold.nii.gz	6	5.85273	5.85436	5.85042	5.8525	0.751891	3.42615	8.82972	8.53498	Precompiled binary linux_ubuntu_24_64: Aug  4 2026 (Version AFNI_26.2.03 'Gordian III')
rf1	10701	01	2	/ZPOOL/data/projects/rf1-sra-linux2/derivatives/fmriprep/sub-10701/ses-01/func/sub-10701_ses-01_task-sharedreward_run-2_part-mag_space-MNI152NLin6Asym_desc-preproc_bold.nii.gz	/ZPOOL/data/projects/rf1-sra-linux2/derivatives/fmriprep/sub-10701/ses-01/func/sub-10701_ses-01_task-sharedreward_run-2_part-mag_space-MNI152NLin6Asym_desc-brain_mask.nii.gz	/ZPOOL/data/projects/rf1-sra-sharedreward/derivatives/harmonized/sub-10701/ses-01/func/sub-10701_ses-01_task-sharedreward_run-2_space-MNI152NLin6Asym_desc-smoothToFWHM6_bold.nii.gz	6	5.87471	5.86198	5.87782	5.8715	0.732746	3.39041	9.61188	8.59451	Precompiled binary linux_ubuntu_24_64: Aug  4 2026 (Version AFNI_26.2.03 'Gordian III')
rf1	10713	01	1	/ZPOOL/data/projects/rf1-sra-linux2/derivatives/fmriprep/sub-10713/ses-01/func/sub-10713_ses-01_task-sharedreward_run-1_part-mag_space-MNI152NLin6Asym_desc-preproc_bold.nii.gz	/ZPOOL/data/projects/rf1-sra-linux2/derivatives/fmriprep/sub-10713/ses-01/func/sub-10713_ses-01_task-sharedreward_run-1_part-mag_space-MNI152NLin6Asym_desc-brain_mask.nii.gz	/ZPOOL/data/projects/rf1-sra-sharedreward/derivatives/harmonized/sub-10713/ses-01/func/sub-10713_ses-01_task-sharedreward_run-1_space-MNI152NLin6Asym_desc-smoothToFWHM6_bold.nii.gz	6	5.79698	5.78754	5.67527	5.753	0.66057	3.23999	9.61253	8.47799	Precompiled binary linux_ubuntu_24_64: Aug  4 2026 (Version AFNI_26.2.03 'Gordian III')
rf1	10713	01	2	/ZPOOL/data/projects/rf1-sra-linux2/derivatives/fmriprep/sub-10713/ses-01/func/sub-10713_ses-01_task-sharedreward_run-2_part-mag_space-MNI152NLin6Asym_desc-preproc_bold.nii.gz	/ZPOOL/data/projects/rf1-sra-linux2/derivatives/fmriprep/sub-10713/ses-01/func/sub-10713_ses-01_task-sharedreward_run-2_part-mag_space-MNI152NLin6Asym_desc-brain_mask.nii.gz	/ZPOOL/data/projects/rf1-sra-sharedreward/derivatives/harmonized/sub-10713/ses-01/func/sub-10713_ses-01_task-sharedreward_run-2_space-MNI152NLin6Asym_desc-smoothToFWHM6_bold.nii.gz	6	5.80067	5.77987	5.6639	5.74783	0.666804	3.22877	9.84224	8.46587	Precompiled binary linux_ubuntu_24_64: Aug  4 2026 (Version AFNI_26.2.03 'Gordian III')
rf1	10716	01	1	/ZPOOL/data/projects/rf1-sra-linux2/derivatives/fmriprep/sub-10716/ses-01/func/sub-10716_ses-01_task-sharedreward_run-1_part-mag_space-MNI152NLin6Asym_desc-preproc_bold.nii.gz	/ZPOOL/data/projects/rf1-sra-linux2/derivatives/fmriprep/sub-10716/ses-01/func/sub-10716_ses-01_task-sharedreward_run-1_part-mag_space-MNI152NLin6Asym_desc-brain_mask.nii.gz	/ZPOOL/data/projects/rf1-sra-sharedreward/derivatives/harmonized/sub-10716/ses-01/func/sub-10716_ses-01_task-sharedreward_run-1_space-MNI152NLin6Asym_desc-smoothToFWHM6_bold.nii.gz	6	5.9936	5.98291	5.89332	5.95644	0.663221	3.31733	10.9242	8.82125	Precompiled binary linux_ubuntu_24_64: Aug  4 2026 (Version AFNI_26.2.03 'Gordian III')
rf1	10716	01	2	/ZPOOL/data/projects/rf1-sra-linux2/derivatives/fmriprep/sub-10716/ses-01/func/sub-10716_ses-01_task-sharedreward_run-2_part-mag_space-MNI152NLin6Asym_desc-preproc_bold.nii.gz	/ZPOOL/data/projects/rf1-sra-linux2/derivatives/fmriprep/sub-10716/ses-01/func/sub-10716_ses-01_task-sharedreward_run-2_part-mag_space-MNI152NLin6Asym_desc-brain_mask.nii.gz	/ZPOOL/data/projects/rf1-sra-sharedreward/derivatives/harmonized/sub-10716/ses-01/func/sub-10716_ses-01_task-sharedreward_run-2_space-MNI152NLin6Asym_desc-smoothToFWHM6_bold.nii.gz	6	5.98257	5.95206	5.91806	5.95084	0.657783	3.29187	11.255	8.828	Precompiled binary linux_ubuntu_24_64: Aug  4 2026 (Version AFNI_26.2.03 'Gordian III')
rf1	10718	01	1	/ZPOOL/data/projects/rf1-sra-linux2/derivatives/fmriprep/sub-10718/ses-01/func/sub-10718_ses-01_task-sharedreward_run-1_part-mag_space-MNI152NLin6Asym_desc-preproc_bold.nii.gz	/ZPOOL/data/projects/rf1-sra-linux2/derivatives/fmriprep/sub-10718/ses-01/func/sub-10718_ses-01_task-sharedreward_run-1_part-mag_space-MNI152NLin6Asym_desc-brain_mask.nii.gz	/ZPOOL/data/projects/rf1-sra-sharedreward/derivatives/harmonized/sub-10718/ses-01/func/sub-10718_ses-01_task-sharedreward_run-1_space-MNI152NLin6Asym_desc-smoothToFWHM6_bold.nii.gz	6	5.83976	5.83829	5.78274	5.8202	0.644103	3.18449	10.8985	8.59733	Precompiled binary linux_ubuntu_24_64: Aug  4 2026 (Version AFNI_26.2.03 'Gordian III')
rf1	10718	01	2	/ZPOOL/data/projects/rf1-sra-linux2/derivatives/fmriprep/sub-10718/ses-01/func/sub-10718_ses-01_task-sharedreward_run-2_part-mag_space-MNI152NLin6Asym_desc-preproc_bold.nii.gz	/ZPOOL/data/projects/rf1-sra-linux2/derivatives/fmriprep/sub-10718/ses-01/func/sub-10718_ses-01_task-sharedreward_run-2_part-mag_space-MNI152NLin6Asym_desc-brain_mask.nii.gz	/ZPOOL/data/projects/rf1-sra-sharedreward/derivatives/harmonized/sub-10718/ses-01/func/sub-10718_ses-01_task-sharedreward_run-2_space-MNI152NLin6Asym_desc-smoothToFWHM6_bold.nii.gz	6	5.87166	5.86767	5.80578	5.84829	0.622048	3.2205	10.2578	8.67313	Precompiled binary linux_ubuntu_24_64: Aug  4 2026 (Version AFNI_26.2.03 'Gordian III')
rf1	10720	01	1	/ZPOOL/data/projects/rf1-sra-linux2/derivatives/fmriprep/sub-10720/ses-01/func/sub-10720_ses-01_task-sharedreward_run-1_part-mag_space-MNI152NLin6Asym_desc-preproc_bold.nii.gz	/ZPOOL/data/projects/rf1-sra-linux2/derivatives/fmriprep/sub-10720/ses-01/func/sub-10720_ses-01_task-sharedreward_run-1_part-mag_space-MNI152NLin6Asym_desc-brain_mask.nii.gz	/ZPOOL/data/projects/rf1-sra-sharedreward/derivatives/harmonized/sub-10720/ses-01/func/sub-10720_ses-01_task-sharedreward_run-1_space-MNI152NLin6Asym_desc-smoothToFWHM6_bold.nii.gz	6	5.84572	5.84313	5.85142	5.84676	0.740125	3.33404	10.2383	8.51311	Precompiled binary linux_ubuntu_24_64: Aug  4 2026 (Version AFNI_26.2.03 'Gordian III')
rf1	10720	01	2	/ZPOOL/data/projects/rf1-sra-linux2/derivatives/fmriprep/sub-10720/ses-01/func/sub-10720_ses-01_task-sharedreward_run-2_part-mag_space-MNI152NLin6Asym_desc-preproc_bold.nii.gz	/ZPOOL/data/projects/rf1-sra-linux2/derivatives/fmriprep/sub-10720/ses-01/func/sub-10720_ses-01_task-sharedreward_run-2_part-mag_space-MNI152NLin6Asym_desc-brain_mask.nii.gz	/ZPOOL/data/projects/rf1-sra-sharedreward/derivatives/harmonized/sub-10720/ses-01/func/sub-10720_ses-01_task-sharedreward_run-2_space-MNI152NLin6Asym_desc-smoothToFWHM6_bold.nii.gz	6	5.81065	5.7984	5.81393	5.80766	0.742546	3.29021	10.9112	8.46789	Precompiled binary linux_ubuntu_24_64: Aug  4 2026 (Version AFNI_26.2.03 'Gordian III')
rf1	10723	01	1	/ZPOOL/data/projects/rf1-sra-linux2/derivatives/fmriprep/sub-10723/ses-01/func/sub-10723_ses-01_task-sharedreward_run-1_part-mag_space-MNI152NLin6Asym_desc-preproc_bold.nii.gz	/ZPOOL/data/projects/rf1-sra-linux2/derivatives/fmriprep/sub-10723/ses-01/func/sub-10723_ses-01_task-sharedreward_run-1_part-mag_space-MNI152NLin6Asym_desc-brain_mask.nii.gz	/ZPOOL/data/projects/rf1-sra-sharedreward/derivatives/harmonized/sub-10723/ses-01/func/sub-10723_ses-01_task-sharedreward_run-1_space-MNI152NLin6Asym_desc-smoothToFWHM6_bold.nii.gz	6	5.87867	5.87288	5.86111	5.87088	0.777029	3.40947	9.85086	8.54128	Precompiled binary linux_ubuntu_24_64: Aug  4 2026 (Version AFNI_26.2.03 'Gordian III')
rf1	10723	01	2	/ZPOOL/data/projects/rf1-sra-linux2/derivatives/fmriprep/sub-10723/ses-01/func/sub-10723_ses-01_task-sharedreward_run-2_part-mag_space-MNI152NLin6Asym_desc-preproc_bold.nii.gz	/ZPOOL/data/projects/rf1-sra-linux2/derivatives/fmriprep/sub-10723/ses-01/func/sub-10723_ses-01_task-sharedreward_run-2_part-mag_space-MNI152NLin6Asym_desc-brain_mask.nii.gz	/ZPOOL/data/projects/rf1-sra-sharedreward/derivatives/harmonized/sub-10723/ses-01/func/sub-10723_ses-01_task-sharedreward_run-2_space-MNI152NLin6Asym_desc-smoothToFWHM6_bold.nii.gz	6	5.93783	5.93505	5.90244	5.92509	0.766018	3.39932	10.508	8.60708	Precompiled binary linux_ubuntu_24_64: Aug  4 2026 (Version AFNI_26.2.03 'Gordian III')
rf1	10741	01	1	/ZPOOL/data/projects/rf1-sra-linux2/derivatives/fmriprep/sub-10741/ses-01/func/sub-10741_ses-01_task-sharedreward_run-1_part-mag_space-MNI152NLin6Asym_desc-preproc_bold.nii.gz	/ZPOOL/data/projects/rf1-sra-linux2/derivatives/fmriprep/sub-10741/ses-01/func/sub-10741_ses-01_task-sharedreward_run-1_part-mag_space-MNI152NLin6Asym_desc-brain_mask.nii.gz	/ZPOOL/data/projects/rf1-sra-sharedreward/derivatives/harmonized/sub-10741/ses-01/func/sub-10741_ses-01_task-sharedreward_run-1_space-MNI152NLin6Asym_desc-smoothToFWHM6_bold.nii.gz	6	5.84717	5.85333	5.83988	5.84679	0.758687	3.3602	9.95221	8.48951	Precompiled binary linux_ubuntu_24_64: Aug  4 2026 (Version AFNI_26.2.03 'Gordian III')
rf1	10741	01	2	/ZPOOL/data/projects/rf1-sra-linux2/derivatives/fmriprep/sub-10741/ses-01/func/sub-10741_ses-01_task-sharedreward_run-2_part-mag_space-MNI152NLin6Asym_desc-preproc_bold.nii.gz	/ZPOOL/data/projects/rf1-sra-linux2/derivatives/fmriprep/sub-10741/ses-01/func/sub-10741_ses-01_task-sharedreward_run-2_part-mag_space-MNI152NLin6Asym_desc-brain_mask.nii.gz	/ZPOOL/data/projects/rf1-sra-sharedreward/derivatives/harmonized/sub-10741/ses-01/func/sub-10741_ses-01_task-sharedreward_run-2_space-MNI152NLin6Asym_desc-smoothToFWHM6_bold.nii.gz	6	5.84385	5.84063	5.80601	5.83014	0.734738	3.32815	9.79484	8.46984	Precompiled binary linux_ubuntu_24_64: Aug  4 2026 (Version AFNI_26.2.03 'Gordian III')
rf1	10748	01	1	/ZPOOL/data/projects/rf1-sra-linux2/derivatives/fmriprep/sub-10748/ses-01/func/sub-10748_ses-01_task-sharedreward_run-1_part-mag_space-MNI152NLin6Asym_desc-preproc_bold.nii.gz	/ZPOOL/data/projects/rf1-sra-linux2/derivatives/fmriprep/sub-10748/ses-01/func/sub-10748_ses-01_task-sharedreward_run-1_part-mag_space-MNI152NLin6Asym_desc-brain_mask.nii.gz	/ZPOOL/data/projects/rf1-sra-sharedreward/derivatives/harmonized/sub-10748/ses-01/func/sub-10748_ses-01_task-sharedreward_run-1_space-MNI152NLin6Asym_desc-smoothToFWHM6_bold.nii.gz	6	5.81983	5.82774	5.82514	5.82423	0.70025	3.33919	9.52722	8.56254	Precompiled binary linux_ubuntu_24_64: Aug  4 2026 (Version AFNI_26.2.03 'Gordian III')
rf1	10748	01	2	/ZPOOL/data/projects/rf1-sra-linux2/derivatives/fmriprep/sub-10748/ses-01/func/sub-10748_ses-01_task-sharedreward_run-2_part-mag_space-MNI152NLin6Asym_desc-preproc_bold.nii.gz	/ZPOOL/data/projects/rf1-sra-linux2/derivatives/fmriprep/sub-10748/ses-01/func/sub-10748_ses-01_task-sharedreward_run-2_part-mag_space-MNI152NLin6Asym_desc-brain_mask.nii.gz	/ZPOOL/data/projects/rf1-sra-sharedreward/derivatives/harmonized/sub-10748/ses-01/func/sub-10748_ses-01_task-sharedreward_run-2_space-MNI152NLin6Asym_desc-smoothToFWHM6_bold.nii.gz	6	5.99442	5.98325	5.97494	5.9842	0.678204	3.38918	10.4016	8.85731	Precompiled binary linux_ubuntu_24_64: Aug  4 2026 (Version AFNI_26.2.03 'Gordian III')
rf1	10767	01	1	/ZPOOL/data/projects/rf1-sra-linux2/derivatives/fmriprep/sub-10767/ses-01/func/sub-10767_ses-01_task-sharedreward_run-1_part-mag_space-MNI152NLin6Asym_desc-preproc_bold.nii.gz	/ZPOOL/data/projects/rf1-sra-linux2/derivatives/fmriprep/sub-10767/ses-01/func/sub-10767_ses-01_task-sharedreward_run-1_part-mag_space-MNI152NLin6Asym_desc-brain_mask.nii.gz	/ZPOOL/data/projects/rf1-sra-sharedreward/derivatives/harmonized/sub-10767/ses-01/func/sub-10767_ses-01_task-sharedreward_run-1_space-MNI152NLin6Asym_desc-smoothToFWHM6_bold.nii.gz	6	5.82282	5.83089	5.79007	5.81457	0.632401	3.24456	9.62014	8.58333	Precompiled binary linux_ubuntu_24_64: Aug  4 2026 (Version AFNI_26.2.03 'Gordian III')
rf1	10767	01	2	/ZPOOL/data/projects/rf1-sra-linux2/derivatives/fmriprep/sub-10767/ses-01/func/sub-10767_ses-01_task-sharedreward_run-2_part-mag_space-MNI152NLin6Asym_desc-preproc_bold.nii.gz	/ZPOOL/data/projects/rf1-sra-linux2/derivatives/fmriprep/sub-10767/ses-01/func/sub-10767_ses-01_task-sharedreward_run-2_part-mag_space-MNI152NLin6Asym_desc-brain_mask.nii.gz	/ZPOOL/data/projects/rf1-sra-sharedreward/derivatives/harmonized/sub-10767/ses-01/func/sub-10767_ses-01_task-sharedreward_run-2_space-MNI152NLin6Asym_desc-smoothToFWHM6_bold.nii.gz	6	5.91361	5.90619	5.86727	5.89565	0.631421	3.27024	10.3076	8.75348	Precompiled binary linux_ubuntu_24_64: Aug  4 2026 (Version AFNI_26.2.03 'Gordian III')
rf1	10770	01	1	/ZPOOL/data/projects/rf1-sra-linux2/derivatives/fmriprep/sub-10770/ses-01/func/sub-10770_ses-01_task-sharedreward_run-1_part-mag_space-MNI152NLin6Asym_desc-preproc_bold.nii.gz	/ZPOOL/data/projects/rf1-sra-linux2/derivatives/fmriprep/sub-10770/ses-01/func/sub-10770_ses-01_task-sharedreward_run-1_part-mag_space-MNI152NLin6Asym_desc-brain_mask.nii.gz	/ZPOOL/data/projects/rf1-sra-sharedreward/derivatives/harmonized/sub-10770/ses-01/func/sub-10770_ses-01_task-sharedreward_run-1_space-MNI152NLin6Asym_desc-smoothToFWHM6_bold.nii.gz	6	5.92503	5.8934	5.87107	5.89646	0.688524	3.44586	8.74597	8.71006	Precompiled binary linux_ubuntu_24_64: Aug  4 2026 (Version AFNI_26.2.03 'Gordian III')
rf1	10770	01	2	/ZPOOL/data/projects/rf1-sra-linux2/derivatives/fmriprep/sub-10770/ses-01/func/sub-10770_ses-01_task-sharedreward_run-2_part-mag_space-MNI152NLin6Asym_desc-preproc_bold.nii.gz	/ZPOOL/data/projects/rf1-sra-linux2/derivatives/fmriprep/sub-10770/ses-01/func/sub-10770_ses-01_task-sharedreward_run-2_part-mag_space-MNI152NLin6Asym_desc-brain_mask.nii.gz	/ZPOOL/data/projects/rf1-sra-sharedreward/derivatives/harmonized/sub-10770/ses-01/func/sub-10770_ses-01_task-sharedreward_run-2_space-MNI152NLin6Asym_desc-smoothToFWHM6_bold.nii.gz	6	5.72726	5.71224	5.69466	5.71137	0.672596	3.3514	7.8042	8.37893	Precompiled binary linux_ubuntu_24_64: Aug  4 2026 (Version AFNI_26.2.03 'Gordian III')
rf1	10777	01	1	/ZPOOL/data/projects/rf1-sra-linux2/derivatives/fmriprep/sub-10777/ses-01/func/sub-10777_ses-01_task-sharedreward_run-1_part-mag_space-MNI152NLin6Asym_desc-preproc_bold.nii.gz	/ZPOOL/data/projects/rf1-sra-linux2/derivatives/fmriprep/sub-10777/ses-01/func/sub-10777_ses-01_task-sharedreward_run-1_part-mag_space-MNI152NLin6Asym_desc-brain_mask.nii.gz	/ZPOOL/data/projects/rf1-sra-sharedreward/derivatives/harmonized/sub-10777/ses-01/func/sub-10777_ses-01_task-sharedreward_run-1_space-MNI152NLin6Asym_desc-smoothToFWHM6_bold.nii.gz	6	5.72917	5.75747	5.76828	5.75162	0.647446	3.21727	9.55154	8.46179	Precompiled binary linux_ubuntu_24_64: Aug  4 2026 (Version AFNI_26.2.03 'Gordian III')
rf1	10777	01	2	/ZPOOL/data/projects/rf1-sra-linux2/derivatives/fmriprep/sub-10777/ses-01/func/sub-10777_ses-01_task-sharedreward_run-2_part-mag_space-MNI152NLin6Asym_desc-preproc_bold.nii.gz	/ZPOOL/data/projects/rf1-sra-linux2/derivatives/fmriprep/sub-10777/ses-01/func/sub-10777_ses-01_task-sharedreward_run-2_part-mag_space-MNI152NLin6Asym_desc-brain_mask.nii.gz	/ZPOOL/data/projects/rf1-sra-sharedreward/derivatives/harmonized/sub-10777/ses-01/func/sub-10777_ses-01_task-sharedreward_run-2_space-MNI152NLin6Asym_desc-smoothToFWHM6_bold.nii.gz	6	5.91321	5.91543	5.91978	5.91614	0.637462	3.2478	11.1645	8.80336	Precompiled binary linux_ubuntu_24_64: Aug  4 2026 (Version AFNI_26.2.03 'Gordian III')
rf1	10781	01	1	/ZPOOL/data/projects/rf1-sra-linux2/derivatives/fmriprep/sub-10781/ses-01/func/sub-10781_ses-01_task-sharedreward_run-1_part-mag_space-MNI152NLin6Asym_desc-preproc_bold.nii.gz	/ZPOOL/data/projects/rf1-sra-linux2/derivatives/fmriprep/sub-10781/ses-01/func/sub-10781_ses-01_task-sharedreward_run-1_part-mag_space-MNI152NLin6Asym_desc-brain_mask.nii.gz	/ZPOOL/data/projects/rf1-sra-sharedreward/derivatives/harmonized/sub-10781/ses-01/func/sub-10781_ses-01_task-sharedreward_run-1_space-MNI152NLin6Asym_desc-smoothToFWHM6_bold.nii.gz	6	5.79081	5.814	5.79156	5.79878	0.713638	3.28594	10.523	8.51939	Precompiled binary linux_ubuntu_24_64: Aug  4 2026 (Version AFNI_26.2.03 'Gordian III')
rf1	10781	01	2	/ZPOOL/data/projects/rf1-sra-linux2/derivatives/fmriprep/sub-10781/ses-01/func/sub-10781_ses-01_task-sharedreward_run-2_part-mag_space-MNI152NLin6Asym_desc-preproc_bold.nii.gz	/ZPOOL/data/projects/rf1-sra-linux2/derivatives/fmriprep/sub-10781/ses-01/func/sub-10781_ses-01_task-sharedreward_run-2_part-mag_space-MNI152NLin6Asym_desc-brain_mask.nii.gz	/ZPOOL/data/projects/rf1-sra-sharedreward/derivatives/harmonized/sub-10781/ses-01/func/sub-10781_ses-01_task-sharedreward_run-2_space-MNI152NLin6Asym_desc-smoothToFWHM6_bold.nii.gz	6	5.93544	5.95147	5.9243	5.93706	0.672356	3.31773	11.0069	8.7969	Precompiled binary linux_ubuntu_24_64: Aug  4 2026 (Version AFNI_26.2.03 'Gordian III')
rf1	10783	01	1	/ZPOOL/data/projects/rf1-sra-linux2/derivatives/fmriprep/sub-10783/ses-01/func/sub-10783_ses-01_task-sharedreward_run-1_part-mag_space-MNI152NLin6Asym_desc-preproc_bold.nii.gz	/ZPOOL/data/projects/rf1-sra-linux2/derivatives/fmriprep/sub-10783/ses-01/func/sub-10783_ses-01_task-sharedreward_run-1_part-mag_space-MNI152NLin6Asym_desc-brain_mask.nii.gz	/ZPOOL/data/projects/rf1-sra-sharedreward/derivatives/harmonized/sub-10783/ses-01/func/sub-10783_ses-01_task-sharedreward_run-1_space-MNI152NLin6Asym_desc-smoothToFWHM6_bold.nii.gz	6	5.83221	5.83899	5.77016	5.8137	0.664544	3.24577	11.4606	8.72045	Precompiled binary linux_ubuntu_24_64: Aug  4 2026 (Version AFNI_26.2.03 'Gordian III')
rf1	10783	01	2	/ZPOOL/data/projects/rf1-sra-linux2/derivatives/fmriprep/sub-10783/ses-01/func/sub-10783_ses-01_task-sharedreward_run-2_part-mag_space-MNI152NLin6Asym_desc-preproc_bold.nii.gz	/ZPOOL/data/projects/rf1-sra-linux2/derivatives/fmriprep/sub-10783/ses-01/func/sub-10783_ses-01_task-sharedreward_run-2_part-mag_space-MNI152NLin6Asym_desc-brain_mask.nii.gz	/ZPOOL/data/projects/rf1-sra-sharedreward/derivatives/harmonized/sub-10783/ses-01/func/sub-10783_ses-01_task-sharedreward_run-2_space-MNI152NLin6Asym_desc-smoothToFWHM6_bold.nii.gz	6	5.66502	5.68192	5.57663	5.641	0.632005	3.10588	10.4676	8.40917	Precompiled binary linux_ubuntu_24_64: Aug  4 2026 (Version AFNI_26.2.03 'Gordian III')
rf1	10785	01	1	/ZPOOL/data/projects/rf1-sra-linux2/derivatives/fmriprep/sub-10785/ses-01/func/sub-10785_ses-01_task-sharedreward_run-1_part-mag_space-MNI152NLin6Asym_desc-preproc_bold.nii.gz	/ZPOOL/data/projects/rf1-sra-linux2/derivatives/fmriprep/sub-10785/ses-01/func/sub-10785_ses-01_task-sharedreward_run-1_part-mag_space-MNI152NLin6Asym_desc-brain_mask.nii.gz	/ZPOOL/data/projects/rf1-sra-sharedreward/derivatives/harmonized/sub-10785/ses-01/func/sub-10785_ses-01_task-sharedreward_run-1_space-MNI152NLin6Asym_desc-smoothToFWHM6_bold.nii.gz	6	5.92297	5.90117	5.88381	5.90263	0.677485	3.37243	9.57008	8.70825	Precompiled binary linux_ubuntu_24_64: Aug  4 2026 (Version AFNI_26.2.03 'Gordian III')
rf1	10785	01	2	/ZPOOL/data/projects/rf1-sra-linux2/derivatives/fmriprep/sub-10785/ses-01/func/sub-10785_ses-01_task-sharedreward_run-2_part-mag_space-MNI152NLin6Asym_desc-preproc_bold.nii.gz	/ZPOOL/data/projects/rf1-sra-linux2/derivatives/fmriprep/sub-10785/ses-01/func/sub-10785_ses-01_task-sharedreward_run-2_part-mag_space-MNI152NLin6Asym_desc-brain_mask.nii.gz	/ZPOOL/data/projects/rf1-sra-sharedreward/derivatives/harmonized/sub-10785/ses-01/func/sub-10785_ses-01_task-sharedreward_run-2_space-MNI152NLin6Asym_desc-smoothToFWHM6_bold.nii.gz	6	5.80547	5.79105	5.77218	5.78955	0.692089	3.28538	9.8567	8.51103	Precompiled binary linux_ubuntu_24_64: Aug  4 2026 (Version AFNI_26.2.03 'Gordian III')
rf1	10794	01	1	/ZPOOL/data/projects/rf1-sra-linux2/derivatives/fmriprep/sub-10794/ses-01/func/sub-10794_ses-01_task-sharedreward_run-1_part-mag_space-MNI152NLin6Asym_desc-preproc_bold.nii.gz	/ZPOOL/data/projects/rf1-sra-linux2/derivatives/fmriprep/sub-10794/ses-01/func/sub-10794_ses-01_task-sharedreward_run-1_part-mag_space-MNI152NLin6Asym_desc-brain_mask.nii.gz	/ZPOOL/data/projects/rf1-sra-sharedreward/derivatives/harmonized/sub-10794/ses-01/func/sub-10794_ses-01_task-sharedreward_run-1_space-MNI152NLin6Asym_desc-smoothToFWHM6_bold.nii.gz	6	5.91038	5.91006	5.93158	5.91733	0.684598	3.45499	8.57026	8.70952	Precompiled binary linux_ubuntu_24_64: Aug  4 2026 (Version AFNI_26.2.03 'Gordian III')
rf1	10794	01	2	/ZPOOL/data/projects/rf1-sra-linux2/derivatives/fmriprep/sub-10794/ses-01/func/sub-10794_ses-01_task-sharedreward_run-2_part-mag_space-MNI152NLin6Asym_desc-preproc_bold.nii.gz	/ZPOOL/data/projects/rf1-sra-linux2/derivatives/fmriprep/sub-10794/ses-01/func/sub-10794_ses-01_task-sharedreward_run-2_part-mag_space-MNI152NLin6Asym_desc-brain_mask.nii.gz	/ZPOOL/data/projects/rf1-sra-sharedreward/derivatives/harmonized/sub-10794/ses-01/func/sub-10794_ses-01_task-sharedreward_run-2_space-MNI152NLin6Asym_desc-smoothToFWHM6_bold.nii.gz	6	5.91629	5.92127	5.93595	5.9245	0.678999	3.42086	9.03279	8.72621	Precompiled binary linux_ubuntu_24_64: Aug  4 2026 (Version AFNI_26.2.03 'Gordian III')
rf1	10800	01	1	/ZPOOL/data/projects/rf1-sra-linux2/derivatives/fmriprep/sub-10800/ses-01/func/sub-10800_ses-01_task-sharedreward_run-1_part-mag_space-MNI152NLin6Asym_desc-preproc_bold.nii.gz	/ZPOOL/data/projects/rf1-sra-linux2/derivatives/fmriprep/sub-10800/ses-01/func/sub-10800_ses-01_task-sharedreward_run-1_part-mag_space-MNI152NLin6Asym_desc-brain_mask.nii.gz	/ZPOOL/data/projects/rf1-sra-sharedreward/derivatives/harmonized/sub-10800/ses-01/func/sub-10800_ses-01_task-sharedreward_run-1_space-MNI152NLin6Asym_desc-smoothToFWHM6_bold.nii.gz	6	5.82021	5.80158	5.78282	5.80151	0.70345	3.31228	9.7912	8.52722	Precompiled binary linux_ubuntu_24_64: Aug  4 2026 (Version AFNI_26.2.03 'Gordian III')
rf1	10800	01	2	/ZPOOL/data/projects/rf1-sra-linux2/derivatives/fmriprep/sub-10800/ses-01/func/sub-10800_ses-01_task-sharedreward_run-2_part-mag_space-MNI152NLin6Asym_desc-preproc_bold.nii.gz	/ZPOOL/data/projects/rf1-sra-linux2/derivatives/fmriprep/sub-10800/ses-01/func/sub-10800_ses-01_task-sharedreward_run-2_part-mag_space-MNI152NLin6Asym_desc-brain_mask.nii.gz	/ZPOOL/data/projects/rf1-sra-sharedreward/derivatives/harmonized/sub-10800/ses-01/func/sub-10800_ses-01_task-sharedreward_run-2_space-MNI152NLin6Asym_desc-smoothToFWHM6_bold.nii.gz	6	5.80936	5.83232	5.7684	5.8033	0.669826	3.24514	10.135	8.53244	Precompiled binary linux_ubuntu_24_64: Aug  4 2026 (Version AFNI_26.2.03 'Gordian III')
rf1	10801	01	1	/ZPOOL/data/projects/rf1-sra-linux2/derivatives/fmriprep/sub-10801/ses-01/func/sub-10801_ses-01_task-sharedreward_run-1_part-mag_space-MNI152NLin6Asym_desc-preproc_bold.nii.gz	/ZPOOL/data/projects/rf1-sra-linux2/derivatives/fmriprep/sub-10801/ses-01/func/sub-10801_ses-01_task-sharedreward_run-1_part-mag_space-MNI152NLin6Asym_desc-brain_mask.nii.gz	/ZPOOL/data/projects/rf1-sra-sharedreward/derivatives/harmonized/sub-10801/ses-01/func/sub-10801_ses-01_task-sharedreward_run-1_space-MNI152NLin6Asym_desc-smoothToFWHM6_bold.nii.gz	6	5.79644	5.81301	5.79201	5.80048	0.732438	3.27224	11.1373	8.4821	Precompiled binary linux_ubuntu_24_64: Aug  4 2026 (Version AFNI_26.2.03 'Gordian III')
rf1	10801	01	2	/ZPOOL/data/projects/rf1-sra-linux2/derivatives/fmriprep/sub-10801/ses-01/func/sub-10801_ses-01_task-sharedreward_run-2_part-mag_space-MNI152NLin6Asym_desc-preproc_bold.nii.gz	/ZPOOL/data/projects/rf1-sra-linux2/derivatives/fmriprep/sub-10801/ses-01/func/sub-10801_ses-01_task-sharedreward_run-2_part-mag_space-MNI152NLin6Asym_desc-brain_mask.nii.gz	/ZPOOL/data/projects/rf1-sra-sharedreward/derivatives/harmonized/sub-10801/ses-01/func/sub-10801_ses-01_task-sharedreward_run-2_space-MNI152NLin6Asym_desc-smoothToFWHM6_bold.nii.gz	6	5.83789	5.85825	5.79458	5.83018	0.713705	3.25839	11.2893	8.53362	Precompiled binary linux_ubuntu_24_64: Aug  4 2026 (Version AFNI_26.2.03 'Gordian III')
rf1	10802	01	1	/ZPOOL/data/projects/rf1-sra-linux2/derivatives/fmriprep/sub-10802/ses-01/func/sub-10802_ses-01_task-sharedreward_run-1_part-mag_space-MNI152NLin6Asym_desc-preproc_bold.nii.gz	/ZPOOL/data/projects/rf1-sra-linux2/derivatives/fmriprep/sub-10802/ses-01/func/sub-10802_ses-01_task-sharedreward_run-1_part-mag_space-MNI152NLin6Asym_desc-brain_mask.nii.gz	/ZPOOL/data/projects/rf1-sra-sharedreward/derivatives/harmonized/sub-10802/ses-01/func/sub-10802_ses-01_task-sharedreward_run-1_space-MNI152NLin6Asym_desc-smoothToFWHM6_bold.nii.gz	6	5.9541	5.95468	5.92397	5.94424	0.675148	3.35486	10.2883	8.77754	Precompiled binary linux_ubuntu_24_64: Aug  4 2026 (Version AFNI_26.2.03 'Gordian III')
rf1	10802	01	2	/ZPOOL/data/projects/rf1-sra-linux2/derivatives/fmriprep/sub-10802/ses-01/func/sub-10802_ses-01_task-sharedreward_run-2_part-mag_space-MNI152NLin6Asym_desc-preproc_bold.nii.gz	/ZPOOL/data/projects/rf1-sra-linux2/derivatives/fmriprep/sub-10802/ses-01/func/sub-10802_ses-01_task-sharedreward_run-2_part-mag_space-MNI152NLin6Asym_desc-brain_mask.nii.gz	/ZPOOL/data/projects/rf1-sra-sharedreward/derivatives/harmonized/sub-10802/ses-01/func/sub-10802_ses-01_task-sharedreward_run-2_space-MNI152NLin6Asym_desc-smoothToFWHM6_bold.nii.gz	6	5.93733	5.94009	5.89972	5.92568	0.654284	3.29987	10.6768	8.78454	Precompiled binary linux_ubuntu_24_64: Aug  4 2026 (Version AFNI_26.2.03 'Gordian III')
rf1	10803	01	1	/ZPOOL/data/projects/rf1-sra-linux2/derivatives/fmriprep/sub-10803/ses-01/func/sub-10803_ses-01_task-sharedreward_run-1_part-mag_space-MNI152NLin6Asym_desc-preproc_bold.nii.gz	/ZPOOL/data/projects/rf1-sra-linux2/derivatives/fmriprep/sub-10803/ses-01/func/sub-10803_ses-01_task-sharedreward_run-1_part-mag_space-MNI152NLin6Asym_desc-brain_mask.nii.gz	/ZPOOL/data/projects/rf1-sra-sharedreward/derivatives/harmonized/sub-10803/ses-01/func/sub-10803_ses-01_task-sharedreward_run-1_space-MNI152NLin6Asym_desc-smoothToFWHM6_bold.nii.gz	6	5.84263	5.84773	5.85796	5.84944	0.659224	3.27346	10.2881	8.65422	Precompiled binary linux_ubuntu_24_64: Aug  4 2026 (Version AFNI_26.2.03 'Gordian III')
rf1	10804	01	1	/ZPOOL/data/projects/rf1-sra-linux2/derivatives/fmriprep/sub-10804/ses-01/func/sub-10804_ses-01_task-sharedreward_run-1_part-mag_space-MNI152NLin6Asym_desc-preproc_bold.nii.gz	/ZPOOL/data/projects/rf1-sra-linux2/derivatives/fmriprep/sub-10804/ses-01/func/sub-10804_ses-01_task-sharedreward_run-1_part-mag_space-MNI152NLin6Asym_desc-brain_mask.nii.gz	/ZPOOL/data/projects/rf1-sra-sharedreward/derivatives/harmonized/sub-10804/ses-01/func/sub-10804_ses-01_task-sharedreward_run-1_space-MNI152NLin6Asym_desc-smoothToFWHM6_bold.nii.gz	6	5.82421	5.84503	5.8076	5.8256	0.62971	3.21223	10.5069	8.663	Precompiled binary linux_ubuntu_24_64: Aug  4 2026 (Version AFNI_26.2.03 'Gordian III')
rf1	10804	01	2	/ZPOOL/data/projects/rf1-sra-linux2/derivatives/fmriprep/sub-10804/ses-01/func/sub-10804_ses-01_task-sharedreward_run-2_part-mag_space-MNI152NLin6Asym_desc-preproc_bold.nii.gz	/ZPOOL/data/projects/rf1-sra-linux2/derivatives/fmriprep/sub-10804/ses-01/func/sub-10804_ses-01_task-sharedreward_run-2_part-mag_space-MNI152NLin6Asym_desc-brain_mask.nii.gz	/ZPOOL/data/projects/rf1-sra-sharedreward/derivatives/harmonized/sub-10804/ses-01/func/sub-10804_ses-01_task-sharedreward_run-2_space-MNI152NLin6Asym_desc-smoothToFWHM6_bold.nii.gz	6	5.94695	5.95302	5.88817	5.92931	0.622982	3.24502	10.9798	8.83348	Precompiled binary linux_ubuntu_24_64: Aug  4 2026 (Version AFNI_26.2.03 'Gordian III')
rf1	10806	01	1	/ZPOOL/data/projects/rf1-sra-linux2/derivatives/fmriprep/sub-10806/ses-01/func/sub-10806_ses-01_task-sharedreward_run-1_part-mag_space-MNI152NLin6Asym_desc-preproc_bold.nii.gz	/ZPOOL/data/projects/rf1-sra-linux2/derivatives/fmriprep/sub-10806/ses-01/func/sub-10806_ses-01_task-sharedreward_run-1_part-mag_space-MNI152NLin6Asym_desc-brain_mask.nii.gz	/ZPOOL/data/projects/rf1-sra-sharedreward/derivatives/harmonized/sub-10806/ses-01/func/sub-10806_ses-01_task-sharedreward_run-1_space-MNI152NLin6Asym_desc-smoothToFWHM6_bold.nii.gz	6	6.0569	6.03195	5.90344	5.99706	0.631815	3.27099	10.8171	8.82988	Precompiled binary linux_ubuntu_24_64: Aug  4 2026 (Version AFNI_26.2.03 'Gordian III')
rf1	10806	01	2	/ZPOOL/data/projects/rf1-sra-linux2/derivatives/fmriprep/sub-10806/ses-01/func/sub-10806_ses-01_task-sharedreward_run-2_part-mag_space-MNI152NLin6Asym_desc-preproc_bold.nii.gz	/ZPOOL/data/projects/rf1-sra-linux2/derivatives/fmriprep/sub-10806/ses-01/func/sub-10806_ses-01_task-sharedreward_run-2_part-mag_space-MNI152NLin6Asym_desc-brain_mask.nii.gz	/ZPOOL/data/projects/rf1-sra-sharedreward/derivatives/harmonized/sub-10806/ses-01/func/sub-10806_ses-01_task-sharedreward_run-2_space-MNI152NLin6Asym_desc-smoothToFWHM6_bold.nii.gz	6	6.08993	6.07409	5.86334	6.00823	0.619053	3.23119	11.5453	8.90081	Precompiled binary linux_ubuntu_24_64: Aug  4 2026 (Version AFNI_26.2.03 'Gordian III')
rf1	10807	01	1	/ZPOOL/data/projects/rf1-sra-linux2/derivatives/fmriprep/sub-10807/ses-01/func/sub-10807_ses-01_task-sharedreward_run-1_part-mag_space-MNI152NLin6Asym_desc-preproc_bold.nii.gz	/ZPOOL/data/projects/rf1-sra-linux2/derivatives/fmriprep/sub-10807/ses-01/func/sub-10807_ses-01_task-sharedreward_run-1_part-mag_space-MNI152NLin6Asym_desc-brain_mask.nii.gz	/ZPOOL/data/projects/rf1-sra-sharedreward/derivatives/harmonized/sub-10807/ses-01/func/sub-10807_ses-01_task-sharedreward_run-1_space-MNI152NLin6Asym_desc-smoothToFWHM6_bold.nii.gz	6	5.81557	5.85828	5.75532	5.80957	0.65291	3.27597	9.77074	8.60634	Precompiled binary linux_ubuntu_24_64: Aug  4 2026 (Version AFNI_26.2.03 'Gordian III')
rf1	10807	01	2	/ZPOOL/data/projects/rf1-sra-linux2/derivatives/fmriprep/sub-10807/ses-01/func/sub-10807_ses-01_task-sharedreward_run-2_part-mag_space-MNI152NLin6Asym_desc-preproc_bold.nii.gz	/ZPOOL/data/projects/rf1-sra-linux2/derivatives/fmriprep/sub-10807/ses-01/func/sub-10807_ses-01_task-sharedreward_run-2_part-mag_space-MNI152NLin6Asym_desc-brain_mask.nii.gz	/ZPOOL/data/projects/rf1-sra-sharedreward/derivatives/harmonized/sub-10807/ses-01/func/sub-10807_ses-01_task-sharedreward_run-2_space-MNI152NLin6Asym_desc-smoothToFWHM6_bold.nii.gz	6	5.91246	5.90498	5.80371	5.87351	0.656467	3.27884	10.2726	8.67396	Precompiled binary linux_ubuntu_24_64: Aug  4 2026 (Version AFNI_26.2.03 'Gordian III')
rf1	10809	01	1	/ZPOOL/data/projects/rf1-sra-linux2/derivatives/fmriprep/sub-10809/ses-01/func/sub-10809_ses-01_task-sharedreward_run-1_part-mag_space-MNI152NLin6Asym_desc-preproc_bold.nii.gz	/ZPOOL/data/projects/rf1-sra-linux2/derivatives/fmriprep/sub-10809/ses-01/func/sub-10809_ses-01_task-sharedreward_run-1_part-mag_space-MNI152NLin6Asym_desc-brain_mask.nii.gz	/ZPOOL/data/projects/rf1-sra-sharedreward/derivatives/harmonized/sub-10809/ses-01/func/sub-10809_ses-01_task-sharedreward_run-1_space-MNI152NLin6Asym_desc-smoothToFWHM6_bold.nii.gz	6	5.8434	5.84494	5.85018	5.84617	0.654086	3.30409	9.98653	8.69632	Precompiled binary linux_ubuntu_24_64: Aug  4 2026 (Version AFNI_26.2.03 'Gordian III')
rf1	10809	01	2	/ZPOOL/data/projects/rf1-sra-linux2/derivatives/fmriprep/sub-10809/ses-01/func/sub-10809_ses-01_task-sharedreward_run-2_part-mag_space-MNI152NLin6Asym_desc-preproc_bold.nii.gz	/ZPOOL/data/projects/rf1-sra-linux2/derivatives/fmriprep/sub-10809/ses-01/func/sub-10809_ses-01_task-sharedreward_run-2_part-mag_space-MNI152NLin6Asym_desc-brain_mask.nii.gz	/ZPOOL/data/projects/rf1-sra-sharedreward/derivatives/harmonized/sub-10809/ses-01/func/sub-10809_ses-01_task-sharedreward_run-2_space-MNI152NLin6Asym_desc-smoothToFWHM6_bold.nii.gz	6	5.92162	5.94248	5.88829	5.91742	0.642479	3.31267	10.403	8.81864	Precompiled binary linux_ubuntu_24_64: Aug  4 2026 (Version AFNI_26.2.03 'Gordian III')
rf1	10810	01	1	/ZPOOL/data/projects/rf1-sra-linux2/derivatives/fmriprep/sub-10810/ses-01/func/sub-10810_ses-01_task-sharedreward_run-1_part-mag_space-MNI152NLin6Asym_desc-preproc_bold.nii.gz	/ZPOOL/data/projects/rf1-sra-linux2/derivatives/fmriprep/sub-10810/ses-01/func/sub-10810_ses-01_task-sharedreward_run-1_part-mag_space-MNI152NLin6Asym_desc-brain_mask.nii.gz	/ZPOOL/data/projects/rf1-sra-sharedreward/derivatives/harmonized/sub-10810/ses-01/func/sub-10810_ses-01_task-sharedreward_run-1_space-MNI152NLin6Asym_desc-smoothToFWHM6_bold.nii.gz	6	5.8241	5.8444	5.80852	5.82565	0.68589	3.32545	9.7307	8.60266	Precompiled binary linux_ubuntu_24_64: Aug  4 2026 (Version AFNI_26.2.03 'Gordian III')
rf1	10810	01	2	/ZPOOL/data/projects/rf1-sra-linux2/derivatives/fmriprep/sub-10810/ses-01/func/sub-10810_ses-01_task-sharedreward_run-2_part-mag_space-MNI152NLin6Asym_desc-preproc_bold.nii.gz	/ZPOOL/data/projects/rf1-sra-linux2/derivatives/fmriprep/sub-10810/ses-01/func/sub-10810_ses-01_task-sharedreward_run-2_part-mag_space-MNI152NLin6Asym_desc-brain_mask.nii.gz	/ZPOOL/data/projects/rf1-sra-sharedreward/derivatives/harmonized/sub-10810/ses-01/func/sub-10810_ses-01_task-sharedreward_run-2_space-MNI152NLin6Asym_desc-smoothToFWHM6_bold.nii.gz	6	5.90816	5.93255	5.87885	5.90648	0.715613	3.35339	11.0262	8.71793	Precompiled binary linux_ubuntu_24_64: Aug  4 2026 (Version AFNI_26.2.03 'Gordian III')
rf1	10812	01	1	/ZPOOL/data/projects/rf1-sra-linux2/derivatives/fmriprep/sub-10812/ses-01/func/sub-10812_ses-01_task-sharedreward_run-1_part-mag_space-MNI152NLin6Asym_desc-preproc_bold.nii.gz	/ZPOOL/data/projects/rf1-sra-linux2/derivatives/fmriprep/sub-10812/ses-01/func/sub-10812_ses-01_task-sharedreward_run-1_part-mag_space-MNI152NLin6Asym_desc-brain_mask.nii.gz	/ZPOOL/data/projects/rf1-sra-sharedreward/derivatives/harmonized/sub-10812/ses-01/func/sub-10812_ses-01_task-sharedreward_run-1_space-MNI152NLin6Asym_desc-smoothToFWHM6_bold.nii.gz	6	5.87478	5.85597	5.79545	5.84197	0.701344	3.27829	10.4258	8.53349	Precompiled binary linux_ubuntu_24_64: Aug  4 2026 (Version AFNI_26.2.03 'Gordian III')
rf1	10812	01	2	/ZPOOL/data/projects/rf1-sra-linux2/derivatives/fmriprep/sub-10812/ses-01/func/sub-10812_ses-01_task-sharedreward_run-2_part-mag_space-MNI152NLin6Asym_desc-preproc_bold.nii.gz	/ZPOOL/data/projects/rf1-sra-linux2/derivatives/fmriprep/sub-10812/ses-01/func/sub-10812_ses-01_task-sharedreward_run-2_part-mag_space-MNI152NLin6Asym_desc-brain_mask.nii.gz	/ZPOOL/data/projects/rf1-sra-sharedreward/derivatives/harmonized/sub-10812/ses-01/func/sub-10812_ses-01_task-sharedreward_run-2_space-MNI152NLin6Asym_desc-smoothToFWHM6_bold.nii.gz	6	5.91485	5.90726	5.83849	5.88677	0.730784	3.33627	10.9408	8.6171	Precompiled binary linux_ubuntu_24_64: Aug  4 2026 (Version AFNI_26.2.03 'Gordian III')
rf1	10817	01	1	/ZPOOL/data/projects/rf1-sra-linux2/derivatives/fmriprep/sub-10817/ses-01/func/sub-10817_ses-01_task-sharedreward_run-1_part-mag_space-MNI152NLin6Asym_desc-preproc_bold.nii.gz	/ZPOOL/data/projects/rf1-sra-linux2/derivatives/fmriprep/sub-10817/ses-01/func/sub-10817_ses-01_task-sharedreward_run-1_part-mag_space-MNI152NLin6Asym_desc-brain_mask.nii.gz	/ZPOOL/data/projects/rf1-sra-sharedreward/derivatives/harmonized/sub-10817/ses-01/func/sub-10817_ses-01_task-sharedreward_run-1_space-MNI152NLin6Asym_desc-smoothToFWHM6_bold.nii.gz	6	5.98011	5.97543	5.88658	5.94722	0.619765	3.22518	11.2928	8.84876	Precompiled binary linux_ubuntu_24_64: Aug  4 2026 (Version AFNI_26.2.03 'Gordian III')
rf1	10817	01	2	/ZPOOL/data/projects/rf1-sra-linux2/derivatives/fmriprep/sub-10817/ses-01/func/sub-10817_ses-01_task-sharedreward_run-2_part-mag_space-MNI152NLin6Asym_desc-preproc_bold.nii.gz	/ZPOOL/data/projects/rf1-sra-linux2/derivatives/fmriprep/sub-10817/ses-01/func/sub-10817_ses-01_task-sharedreward_run-2_part-mag_space-MNI152NLin6Asym_desc-brain_mask.nii.gz	/ZPOOL/data/projects/rf1-sra-sharedreward/derivatives/harmonized/sub-10817/ses-01/func/sub-10817_ses-01_task-sharedreward_run-2_space-MNI152NLin6Asym_desc-smoothToFWHM6_bold.nii.gz	6	5.89062	5.88983	5.8203	5.86683	0.617278	3.16237	11.1931	8.70543	Precompiled binary linux_ubuntu_24_64: Aug  4 2026 (Version AFNI_26.2.03 'Gordian III')
rf1	10827	01	1	/ZPOOL/data/projects/rf1-sra-linux2/derivatives/fmriprep/sub-10827/ses-01/func/sub-10827_ses-01_task-sharedreward_run-1_part-mag_space-MNI152NLin6Asym_desc-preproc_bold.nii.gz	/ZPOOL/data/projects/rf1-sra-linux2/derivatives/fmriprep/sub-10827/ses-01/func/sub-10827_ses-01_task-sharedreward_run-1_part-mag_space-MNI152NLin6Asym_desc-brain_mask.nii.gz	/ZPOOL/data/projects/rf1-sra-sharedreward/derivatives/harmonized/sub-10827/ses-01/func/sub-10827_ses-01_task-sharedreward_run-1_space-MNI152NLin6Asym_desc-smoothToFWHM6_bold.nii.gz	6	5.86005	5.85318	5.87315	5.86212	0.654545	3.25267	10.6127	8.67006	Precompiled binary linux_ubuntu_24_64: Aug  4 2026 (Version AFNI_26.2.03 'Gordian III')
rf1	10827	01	2	/ZPOOL/data/projects/rf1-sra-linux2/derivatives/fmriprep/sub-10827/ses-01/func/sub-10827_ses-01_task-sharedreward_run-2_part-mag_space-MNI152NLin6Asym_desc-preproc_bold.nii.gz	/ZPOOL/data/projects/rf1-sra-linux2/derivatives/fmriprep/sub-10827/ses-01/func/sub-10827_ses-01_task-sharedreward_run-2_part-mag_space-MNI152NLin6Asym_desc-brain_mask.nii.gz	/ZPOOL/data/projects/rf1-sra-sharedreward/derivatives/harmonized/sub-10827/ses-01/func/sub-10827_ses-01_task-sharedreward_run-2_space-MNI152NLin6Asym_desc-smoothToFWHM6_bold.nii.gz	6	5.69055	5.70222	5.66685	5.68652	0.617229	3.11962	9.78902	8.39242	Precompiled binary linux_ubuntu_24_64: Aug  4 2026 (Version AFNI_26.2.03 'Gordian III')
rf1	10831	01	1	/ZPOOL/data/projects/rf1-sra-linux2/derivatives/fmriprep/sub-10831/ses-01/func/sub-10831_ses-01_task-sharedreward_run-1_part-mag_space-MNI152NLin6Asym_desc-preproc_bold.nii.gz	/ZPOOL/data/projects/rf1-sra-linux2/derivatives/fmriprep/sub-10831/ses-01/func/sub-10831_ses-01_task-sharedreward_run-1_part-mag_space-MNI152NLin6Asym_desc-brain_mask.nii.gz	/ZPOOL/data/projects/rf1-sra-sharedreward/derivatives/harmonized/sub-10831/ses-01/func/sub-10831_ses-01_task-sharedreward_run-1_space-MNI152NLin6Asym_desc-smoothToFWHM6_bold.nii.gz	6	5.8306	5.79834	5.7228	5.78374	0.675955	3.14294	12.1273	8.50389	Precompiled binary linux_ubuntu_24_64: Aug  4 2026 (Version AFNI_26.2.03 'Gordian III')
rf1	10831	01	2	/ZPOOL/data/projects/rf1-sra-linux2/derivatives/fmriprep/sub-10831/ses-01/func/sub-10831_ses-01_task-sharedreward_run-2_part-mag_space-MNI152NLin6Asym_desc-preproc_bold.nii.gz	/ZPOOL/data/projects/rf1-sra-linux2/derivatives/fmriprep/sub-10831/ses-01/func/sub-10831_ses-01_task-sharedreward_run-2_part-mag_space-MNI152NLin6Asym_desc-brain_mask.nii.gz	/ZPOOL/data/projects/rf1-sra-sharedreward/derivatives/harmonized/sub-10831/ses-01/func/sub-10831_ses-01_task-sharedreward_run-2_space-MNI152NLin6Asym_desc-smoothToFWHM6_bold.nii.gz	6	6.01318	5.95205	5.90786	5.95754	0.652633	3.21843	12.6451	8.84397	Precompiled binary linux_ubuntu_24_64: Aug  4 2026 (Version AFNI_26.2.03 'Gordian III')
rf1	10834	01	1	/ZPOOL/data/projects/rf1-sra-linux2/derivatives/fmriprep/sub-10834/ses-01/func/sub-10834_ses-01_task-sharedreward_run-1_part-mag_space-MNI152NLin6Asym_desc-preproc_bold.nii.gz	/ZPOOL/data/projects/rf1-sra-linux2/derivatives/fmriprep/sub-10834/ses-01/func/sub-10834_ses-01_task-sharedreward_run-1_part-mag_space-MNI152NLin6Asym_desc-brain_mask.nii.gz	/ZPOOL/data/projects/rf1-sra-sharedreward/derivatives/harmonized/sub-10834/ses-01/func/sub-10834_ses-01_task-sharedreward_run-1_space-MNI152NLin6Asym_desc-smoothToFWHM6_bold.nii.gz	6	5.81733	5.83321	5.81859	5.82304	0.6283	3.23137	10.515	8.71216	Precompiled binary linux_ubuntu_24_64: Aug  4 2026 (Version AFNI_26.2.03 'Gordian III')
rf1	10834	01	2	/ZPOOL/data/projects/rf1-sra-linux2/derivatives/fmriprep/sub-10834/ses-01/func/sub-10834_ses-01_task-sharedreward_run-2_part-mag_space-MNI152NLin6Asym_desc-preproc_bold.nii.gz	/ZPOOL/data/projects/rf1-sra-linux2/derivatives/fmriprep/sub-10834/ses-01/func/sub-10834_ses-01_task-sharedreward_run-2_part-mag_space-MNI152NLin6Asym_desc-brain_mask.nii.gz	/ZPOOL/data/projects/rf1-sra-sharedreward/derivatives/harmonized/sub-10834/ses-01/func/sub-10834_ses-01_task-sharedreward_run-2_space-MNI152NLin6Asym_desc-smoothToFWHM6_bold.nii.gz	6	5.7859	5.75875	5.75083	5.76514	0.606728	3.18397	9.94116	8.60017	Precompiled binary linux_ubuntu_24_64: Aug  4 2026 (Version AFNI_26.2.03 'Gordian III')
rf1	10838	01	1	/ZPOOL/data/projects/rf1-sra-linux2/derivatives/fmriprep/sub-10838/ses-01/func/sub-10838_ses-01_task-sharedreward_run-1_part-mag_space-MNI152NLin6Asym_desc-preproc_bold.nii.gz	/ZPOOL/data/projects/rf1-sra-linux2/derivatives/fmriprep/sub-10838/ses-01/func/sub-10838_ses-01_task-sharedreward_run-1_part-mag_space-MNI152NLin6Asym_desc-brain_mask.nii.gz	/ZPOOL/data/projects/rf1-sra-sharedreward/derivatives/harmonized/sub-10838/ses-01/func/sub-10838_ses-01_task-sharedreward_run-1_space-MNI152NLin6Asym_desc-smoothToFWHM6_bold.nii.gz	6	6.01057	5.96994	5.9206	5.96692	0.633744	3.31304	10.1031	8.80559	Precompiled binary linux_ubuntu_24_64: Aug  4 2026 (Version AFNI_26.2.03 'Gordian III')
rf1	10838	01	2	/ZPOOL/data/projects/rf1-sra-linux2/derivatives/fmriprep/sub-10838/ses-01/func/sub-10838_ses-01_task-sharedreward_run-2_part-mag_space-MNI152NLin6Asym_desc-preproc_bold.nii.gz	/ZPOOL/data/projects/rf1-sra-linux2/derivatives/fmriprep/sub-10838/ses-01/func/sub-10838_ses-01_task-sharedreward_run-2_part-mag_space-MNI152NLin6Asym_desc-brain_mask.nii.gz	/ZPOOL/data/projects/rf1-sra-sharedreward/derivatives/harmonized/sub-10838/ses-01/func/sub-10838_ses-01_task-sharedreward_run-2_space-MNI152NLin6Asym_desc-smoothToFWHM6_bold.nii.gz	6	6.04856	6.03543	5.89462	5.99247	0.582227	3.21286	10.9416	8.9395	Precompiled binary linux_ubuntu_24_64: Aug  4 2026 (Version AFNI_26.2.03 'Gordian III')
rf1	10843	01	1	/ZPOOL/data/projects/rf1-sra-linux2/derivatives/fmriprep/sub-10843/ses-01/func/sub-10843_ses-01_task-sharedreward_run-1_part-mag_space-MNI152NLin6Asym_desc-preproc_bold.nii.gz	/ZPOOL/data/projects/rf1-sra-linux2/derivatives/fmriprep/sub-10843/ses-01/func/sub-10843_ses-01_task-sharedreward_run-1_part-mag_space-MNI152NLin6Asym_desc-brain_mask.nii.gz	/ZPOOL/data/projects/rf1-sra-sharedreward/derivatives/harmonized/sub-10843/ses-01/func/sub-10843_ses-01_task-sharedreward_run-1_space-MNI152NLin6Asym_desc-smoothToFWHM6_bold.nii.gz	6	5.78918	5.78602	5.80939	5.79485	0.736549	3.31821	10.1175	8.47595	Precompiled binary linux_ubuntu_24_64: Aug  4 2026 (Version AFNI_26.2.03 'Gordian III')
rf1	10843	01	2	/ZPOOL/data/projects/rf1-sra-linux2/derivatives/fmriprep/sub-10843/ses-01/func/sub-10843_ses-01_task-sharedreward_run-2_part-mag_space-MNI152NLin6Asym_desc-preproc_bold.nii.gz	/ZPOOL/data/projects/rf1-sra-linux2/derivatives/fmriprep/sub-10843/ses-01/func/sub-10843_ses-01_task-sharedreward_run-2_part-mag_space-MNI152NLin6Asym_desc-brain_mask.nii.gz	/ZPOOL/data/projects/rf1-sra-sharedreward/derivatives/harmonized/sub-10843/ses-01/func/sub-10843_ses-01_task-sharedreward_run-2_space-MNI152NLin6Asym_desc-smoothToFWHM6_bold.nii.gz	6	5.81277	5.80392	5.78456	5.8004	0.715678	3.29557	10.0585	8.48338	Precompiled binary linux_ubuntu_24_64: Aug  4 2026 (Version AFNI_26.2.03 'Gordian III')
rf1	10850	01	1	/ZPOOL/data/projects/rf1-sra-linux2/derivatives/fmriprep/sub-10850/ses-01/func/sub-10850_ses-01_task-sharedreward_run-1_part-mag_space-MNI152NLin6Asym_desc-preproc_bold.nii.gz	/ZPOOL/data/projects/rf1-sra-linux2/derivatives/fmriprep/sub-10850/ses-01/func/sub-10850_ses-01_task-sharedreward_run-1_part-mag_space-MNI152NLin6Asym_desc-brain_mask.nii.gz	/ZPOOL/data/projects/rf1-sra-sharedreward/derivatives/harmonized/sub-10850/ses-01/func/sub-10850_ses-01_task-sharedreward_run-1_space-MNI152NLin6Asym_desc-smoothToFWHM6_bold.nii.gz	6	5.85296	5.83394	5.83485	5.84058	0.603543	3.24504	9.84225	8.72634	Precompiled binary linux_ubuntu_24_64: Aug  4 2026 (Version AFNI_26.2.03 'Gordian III')
rf1	10850	01	2	/ZPOOL/data/projects/rf1-sra-linux2/derivatives/fmriprep/sub-10850/ses-01/func/sub-10850_ses-01_task-sharedreward_run-2_part-mag_space-MNI152NLin6Asym_desc-preproc_bold.nii.gz	/ZPOOL/data/projects/rf1-sra-linux2/derivatives/fmriprep/sub-10850/ses-01/func/sub-10850_ses-01_task-sharedreward_run-2_part-mag_space-MNI152NLin6Asym_desc-brain_mask.nii.gz	/ZPOOL/data/projects/rf1-sra-sharedreward/derivatives/harmonized/sub-10850/ses-01/func/sub-10850_ses-01_task-sharedreward_run-2_space-MNI152NLin6Asym_desc-smoothToFWHM6_bold.nii.gz	6	5.79032	5.80336	5.81431	5.80265	0.613779	3.18935	10.2998	8.64443	Precompiled binary linux_ubuntu_24_64: Aug  4 2026 (Version AFNI_26.2.03 'Gordian III')
rf1	10854	01	1	/ZPOOL/data/projects/rf1-sra-linux2/derivatives/fmriprep/sub-10854/ses-01/func/sub-10854_ses-01_task-sharedreward_run-1_part-mag_space-MNI152NLin6Asym_desc-preproc_bold.nii.gz	/ZPOOL/data/projects/rf1-sra-linux2/derivatives/fmriprep/sub-10854/ses-01/func/sub-10854_ses-01_task-sharedreward_run-1_part-mag_space-MNI152NLin6Asym_desc-brain_mask.nii.gz	/ZPOOL/data/projects/rf1-sra-sharedreward/derivatives/harmonized/sub-10854/ses-01/func/sub-10854_ses-01_task-sharedreward_run-1_space-MNI152NLin6Asym_desc-smoothToFWHM6_bold.nii.gz	6	5.88073	5.88802	5.83231	5.86697	0.723333	3.37834	10.0352	8.64284	Precompiled binary linux_ubuntu_24_64: Aug  4 2026 (Version AFNI_26.2.03 'Gordian III')
rf1	10854	01	2	/ZPOOL/data/projects/rf1-sra-linux2/derivatives/fmriprep/sub-10854/ses-01/func/sub-10854_ses-01_task-sharedreward_run-2_part-mag_space-MNI152NLin6Asym_desc-preproc_bold.nii.gz	/ZPOOL/data/projects/rf1-sra-linux2/derivatives/fmriprep/sub-10854/ses-01/func/sub-10854_ses-01_task-sharedreward_run-2_part-mag_space-MNI152NLin6Asym_desc-brain_mask.nii.gz	/ZPOOL/data/projects/rf1-sra-sharedreward/derivatives/harmonized/sub-10854/ses-01/func/sub-10854_ses-01_task-sharedreward_run-2_space-MNI152NLin6Asym_desc-smoothToFWHM6_bold.nii.gz	6	5.73716	5.73798	5.74239	5.73918	0.703554	3.32398	8.91844	8.43666	Precompiled binary linux_ubuntu_24_64: Aug  4 2026 (Version AFNI_26.2.03 'Gordian III')
rf1	10857	01	1	/ZPOOL/data/projects/rf1-sra-linux2/derivatives/fmriprep/sub-10857/ses-01/func/sub-10857_ses-01_task-sharedreward_run-1_part-mag_space-MNI152NLin6Asym_desc-preproc_bold.nii.gz	/ZPOOL/data/projects/rf1-sra-linux2/derivatives/fmriprep/sub-10857/ses-01/func/sub-10857_ses-01_task-sharedreward_run-1_part-mag_space-MNI152NLin6Asym_desc-brain_mask.nii.gz	/ZPOOL/data/projects/rf1-sra-sharedreward/derivatives/harmonized/sub-10857/ses-01/func/sub-10857_ses-01_task-sharedreward_run-1_space-MNI152NLin6Asym_desc-smoothToFWHM6_bold.nii.gz	6	5.80631	5.84131	5.77814	5.80853	0.648575	3.22078	10.2829	8.57584	Precompiled binary linux_ubuntu_24_64: Aug  4 2026 (Version AFNI_26.2.03 'Gordian III')
rf1	10857	01	2	/ZPOOL/data/projects/rf1-sra-linux2/derivatives/fmriprep/sub-10857/ses-01/func/sub-10857_ses-01_task-sharedreward_run-2_part-mag_space-MNI152NLin6Asym_desc-preproc_bold.nii.gz	/ZPOOL/data/projects/rf1-sra-linux2/derivatives/fmriprep/sub-10857/ses-01/func/sub-10857_ses-01_task-sharedreward_run-2_part-mag_space-MNI152NLin6Asym_desc-brain_mask.nii.gz	/ZPOOL/data/projects/rf1-sra-sharedreward/derivatives/harmonized/sub-10857/ses-01/func/sub-10857_ses-01_task-sharedreward_run-2_space-MNI152NLin6Asym_desc-smoothToFWHM6_bold.nii.gz	6	6.02422	6.03494	5.97269	6.01056	0.616071	3.33294	10.2651	8.94049	Precompiled binary linux_ubuntu_24_64: Aug  4 2026 (Version AFNI_26.2.03 'Gordian III')
rf1	10858	01	1	/ZPOOL/data/projects/rf1-sra-linux2/derivatives/fmriprep/sub-10858/ses-01/func/sub-10858_ses-01_task-sharedreward_run-1_part-mag_space-MNI152NLin6Asym_desc-preproc_bold.nii.gz	/ZPOOL/data/projects/rf1-sra-linux2/derivatives/fmriprep/sub-10858/ses-01/func/sub-10858_ses-01_task-sharedreward_run-1_part-mag_space-MNI152NLin6Asym_desc-brain_mask.nii.gz	/ZPOOL/data/projects/rf1-sra-sharedreward/derivatives/harmonized/sub-10858/ses-01/func/sub-10858_ses-01_task-sharedreward_run-1_space-MNI152NLin6Asym_desc-smoothToFWHM6_bold.nii.gz	6	5.96932	5.92674	5.91062	5.93551	0.709872	3.43965	9.27177	8.72146	Precompiled binary linux_ubuntu_24_64: Aug  4 2026 (Version AFNI_26.2.03 'Gordian III')
rf1	10858	01	2	/ZPOOL/data/projects/rf1-sra-linux2/derivatives/fmriprep/sub-10858/ses-01/func/sub-10858_ses-01_task-sharedreward_run-2_part-mag_space-MNI152NLin6Asym_desc-preproc_bold.nii.gz	/ZPOOL/data/projects/rf1-sra-linux2/derivatives/fmriprep/sub-10858/ses-01/func/sub-10858_ses-01_task-sharedreward_run-2_part-mag_space-MNI152NLin6Asym_desc-brain_mask.nii.gz	/ZPOOL/data/projects/rf1-sra-sharedreward/derivatives/harmonized/sub-10858/ses-01/func/sub-10858_ses-01_task-sharedreward_run-2_space-MNI152NLin6Asym_desc-smoothToFWHM6_bold.nii.gz	6	5.91798	5.89139	5.84995	5.88637	0.699976	3.42559	9.24592	8.71339	Precompiled binary linux_ubuntu_24_64: Aug  4 2026 (Version AFNI_26.2.03 'Gordian III')
rf1	10860	01	1	/ZPOOL/data/projects/rf1-sra-linux2/derivatives/fmriprep/sub-10860/ses-01/func/sub-10860_ses-01_task-sharedreward_run-1_part-mag_space-MNI152NLin6Asym_desc-preproc_bold.nii.gz	/ZPOOL/data/projects/rf1-sra-linux2/derivatives/fmriprep/sub-10860/ses-01/func/sub-10860_ses-01_task-sharedreward_run-1_part-mag_space-MNI152NLin6Asym_desc-brain_mask.nii.gz	/ZPOOL/data/projects/rf1-sra-sharedreward/derivatives/harmonized/sub-10860/ses-01/func/sub-10860_ses-01_task-sharedreward_run-1_space-MNI152NLin6Asym_desc-smoothToFWHM6_bold.nii.gz	6	5.90548	5.9104	5.88637	5.90074	0.654276	3.38014	9.32806	8.75595	Precompiled binary linux_ubuntu_24_64: Aug  4 2026 (Version AFNI_26.2.03 'Gordian III')
rf1	10860	01	2	/ZPOOL/data/projects/rf1-sra-linux2/derivatives/fmriprep/sub-10860/ses-01/func/sub-10860_ses-01_task-sharedreward_run-2_part-mag_space-MNI152NLin6Asym_desc-preproc_bold.nii.gz	/ZPOOL/data/projects/rf1-sra-linux2/derivatives/fmriprep/sub-10860/ses-01/func/sub-10860_ses-01_task-sharedreward_run-2_part-mag_space-MNI152NLin6Asym_desc-brain_mask.nii.gz	/ZPOOL/data/projects/rf1-sra-sharedreward/derivatives/harmonized/sub-10860/ses-01/func/sub-10860_ses-01_task-sharedreward_run-2_space-MNI152NLin6Asym_desc-smoothToFWHM6_bold.nii.gz	6	6.13577	6.16667	6.09549	6.13258	0.588239	3.37524	10.4219	9.16675	Precompiled binary linux_ubuntu_24_64: Aug  4 2026 (Version AFNI_26.2.03 'Gordian III')
rf1	10862	01	1	/ZPOOL/data/projects/rf1-sra-linux2/derivatives/fmriprep/sub-10862/ses-01/func/sub-10862_ses-01_task-sharedreward_run-1_part-mag_space-MNI152NLin6Asym_desc-preproc_bold.nii.gz	/ZPOOL/data/projects/rf1-sra-linux2/derivatives/fmriprep/sub-10862/ses-01/func/sub-10862_ses-01_task-sharedreward_run-1_part-mag_space-MNI152NLin6Asym_desc-brain_mask.nii.gz	/ZPOOL/data/projects/rf1-sra-sharedreward/derivatives/harmonized/sub-10862/ses-01/func/sub-10862_ses-01_task-sharedreward_run-1_space-MNI152NLin6Asym_desc-smoothToFWHM6_bold.nii.gz	6	5.74166	5.78616	5.75321	5.76031	0.678879	3.38848	8.02072	8.48542	Precompiled binary linux_ubuntu_24_64: Aug  4 2026 (Version AFNI_26.2.03 'Gordian III')
rf1	10862	01	2	/ZPOOL/data/projects/rf1-sra-linux2/derivatives/fmriprep/sub-10862/ses-01/func/sub-10862_ses-01_task-sharedreward_run-2_part-mag_space-MNI152NLin6Asym_desc-preproc_bold.nii.gz	/ZPOOL/data/projects/rf1-sra-linux2/derivatives/fmriprep/sub-10862/ses-01/func/sub-10862_ses-01_task-sharedreward_run-2_part-mag_space-MNI152NLin6Asym_desc-brain_mask.nii.gz	/ZPOOL/data/projects/rf1-sra-sharedreward/derivatives/harmonized/sub-10862/ses-01/func/sub-10862_ses-01_task-sharedreward_run-2_space-MNI152NLin6Asym_desc-smoothToFWHM6_bold.nii.gz	6	5.75189	5.7603	5.74552	5.75256	0.678028	3.3341	8.53401	8.46213	Precompiled binary linux_ubuntu_24_64: Aug  4 2026 (Version AFNI_26.2.03 'Gordian III')
rf1	10863	01	1	/ZPOOL/data/projects/rf1-sra-linux2/derivatives/fmriprep/sub-10863/ses-01/func/sub-10863_ses-01_task-sharedreward_run-1_part-mag_space-MNI152NLin6Asym_desc-preproc_bold.nii.gz	/ZPOOL/data/projects/rf1-sra-linux2/derivatives/fmriprep/sub-10863/ses-01/func/sub-10863_ses-01_task-sharedreward_run-1_part-mag_space-MNI152NLin6Asym_desc-brain_mask.nii.gz	/ZPOOL/data/projects/rf1-sra-sharedreward/derivatives/harmonized/sub-10863/ses-01/func/sub-10863_ses-01_task-sharedreward_run-1_space-MNI152NLin6Asym_desc-smoothToFWHM6_bold.nii.gz	6	5.84277	5.84504	5.82368	5.83715	0.619095	3.22646	10.1143	8.67436	Precompiled binary linux_ubuntu_24_64: Aug  4 2026 (Version AFNI_26.2.03 'Gordian III')
rf1	10863	01	2	/ZPOOL/data/projects/rf1-sra-linux2/derivatives/fmriprep/sub-10863/ses-01/func/sub-10863_ses-01_task-sharedreward_run-2_part-mag_space-MNI152NLin6Asym_desc-preproc_bold.nii.gz	/ZPOOL/data/projects/rf1-sra-linux2/derivatives/fmriprep/sub-10863/ses-01/func/sub-10863_ses-01_task-sharedreward_run-2_part-mag_space-MNI152NLin6Asym_desc-brain_mask.nii.gz	/ZPOOL/data/projects/rf1-sra-sharedreward/derivatives/harmonized/sub-10863/ses-01/func/sub-10863_ses-01_task-sharedreward_run-2_space-MNI152NLin6Asym_desc-smoothToFWHM6_bold.nii.gz	6	5.91204	5.88743	5.86967	5.88969	0.622297	3.24287	10.5811	8.77181	Precompiled binary linux_ubuntu_24_64: Aug  4 2026 (Version AFNI_26.2.03 'Gordian III')
rf1	10866	01	1	/ZPOOL/data/projects/rf1-sra-linux2/derivatives/fmriprep/sub-10866/ses-01/func/sub-10866_ses-01_task-sharedreward_run-1_part-mag_space-MNI152NLin6Asym_desc-preproc_bold.nii.gz	/ZPOOL/data/projects/rf1-sra-linux2/derivatives/fmriprep/sub-10866/ses-01/func/sub-10866_ses-01_task-sharedreward_run-1_part-mag_space-MNI152NLin6Asym_desc-brain_mask.nii.gz	/ZPOOL/data/projects/rf1-sra-sharedreward/derivatives/harmonized/sub-10866/ses-01/func/sub-10866_ses-01_task-sharedreward_run-1_space-MNI152NLin6Asym_desc-smoothToFWHM6_bold.nii.gz	6	5.82283	5.81355	5.72684	5.78757	0.673625	3.22838	11.2511	8.61879	Precompiled binary linux_ubuntu_24_64: Aug  4 2026 (Version AFNI_26.2.03 'Gordian III')
rf1	10866	01	2	/ZPOOL/data/projects/rf1-sra-linux2/derivatives/fmriprep/sub-10866/ses-01/func/sub-10866_ses-01_task-sharedreward_run-2_part-mag_space-MNI152NLin6Asym_desc-preproc_bold.nii.gz	/ZPOOL/data/projects/rf1-sra-linux2/derivatives/fmriprep/sub-10866/ses-01/func/sub-10866_ses-01_task-sharedreward_run-2_part-mag_space-MNI152NLin6Asym_desc-brain_mask.nii.gz	/ZPOOL/data/projects/rf1-sra-sharedreward/derivatives/harmonized/sub-10866/ses-01/func/sub-10866_ses-01_task-sharedreward_run-2_space-MNI152NLin6Asym_desc-smoothToFWHM6_bold.nii.gz	6	5.87223	5.86932	5.80584	5.84905	0.637633	3.25854	10.72	8.76476	Precompiled binary linux_ubuntu_24_64: Aug  4 2026 (Version AFNI_26.2.03 'Gordian III')
rf1	10875	01	1	/ZPOOL/data/projects/rf1-sra-linux2/derivatives/fmriprep/sub-10875/ses-01/func/sub-10875_ses-01_task-sharedreward_run-1_part-mag_space-MNI152NLin6Asym_desc-preproc_bold.nii.gz	/ZPOOL/data/projects/rf1-sra-linux2/derivatives/fmriprep/sub-10875/ses-01/func/sub-10875_ses-01_task-sharedreward_run-1_part-mag_space-MNI152NLin6Asym_desc-brain_mask.nii.gz	/ZPOOL/data/projects/rf1-sra-sharedreward/derivatives/harmonized/sub-10875/ses-01/func/sub-10875_ses-01_task-sharedreward_run-1_space-MNI152NLin6Asym_desc-smoothToFWHM6_bold.nii.gz	6	5.90362	5.8843	5.84482	5.87753	0.674558	3.33654	9.51353	8.63081	Precompiled binary linux_ubuntu_24_64: Aug  4 2026 (Version AFNI_26.2.03 'Gordian III')
rf1	10875	01	2	/ZPOOL/data/projects/rf1-sra-linux2/derivatives/fmriprep/sub-10875/ses-01/func/sub-10875_ses-01_task-sharedreward_run-2_part-mag_space-MNI152NLin6Asym_desc-preproc_bold.nii.gz	/ZPOOL/data/projects/rf1-sra-linux2/derivatives/fmriprep/sub-10875/ses-01/func/sub-10875_ses-01_task-sharedreward_run-2_part-mag_space-MNI152NLin6Asym_desc-brain_mask.nii.gz	/ZPOOL/data/projects/rf1-sra-sharedreward/derivatives/harmonized/sub-10875/ses-01/func/sub-10875_ses-01_task-sharedreward_run-2_space-MNI152NLin6Asym_desc-smoothToFWHM6_bold.nii.gz	6	5.90307	5.90559	5.86172	5.89009	0.664097	3.35089	9.58156	8.70407	Precompiled binary linux_ubuntu_24_64: Aug  4 2026 (Version AFNI_26.2.03 'Gordian III')
rf1	10881	01	1	/ZPOOL/data/projects/rf1-sra-linux2/derivatives/fmriprep/sub-10881/ses-01/func/sub-10881_ses-01_task-sharedreward_run-1_part-mag_space-MNI152NLin6Asym_desc-preproc_bold.nii.gz	/ZPOOL/data/projects/rf1-sra-linux2/derivatives/fmriprep/sub-10881/ses-01/func/sub-10881_ses-01_task-sharedreward_run-1_part-mag_space-MNI152NLin6Asym_desc-brain_mask.nii.gz	/ZPOOL/data/projects/rf1-sra-sharedreward/derivatives/harmonized/sub-10881/ses-01/func/sub-10881_ses-01_task-sharedreward_run-1_space-MNI152NLin6Asym_desc-smoothToFWHM6_bold.nii.gz	6	5.83999	5.79717	5.7193	5.78527	0.678313	3.32861	9.39241	8.58451	Precompiled binary linux_ubuntu_24_64: Aug  4 2026 (Version AFNI_26.2.03 'Gordian III')
rf1	10886	01	1	/ZPOOL/data/projects/rf1-sra-linux2/derivatives/fmriprep/sub-10886/ses-01/func/sub-10886_ses-01_task-sharedreward_run-1_part-mag_space-MNI152NLin6Asym_desc-preproc_bold.nii.gz	/ZPOOL/data/projects/rf1-sra-linux2/derivatives/fmriprep/sub-10886/ses-01/func/sub-10886_ses-01_task-sharedreward_run-1_part-mag_space-MNI152NLin6Asym_desc-brain_mask.nii.gz	/ZPOOL/data/projects/rf1-sra-sharedreward/derivatives/harmonized/sub-10886/ses-01/func/sub-10886_ses-01_task-sharedreward_run-1_space-MNI152NLin6Asym_desc-smoothToFWHM6_bold.nii.gz	6	5.95767	5.92542	5.74586	5.87557	0.63275	3.23884	11.2828	8.81984	Precompiled binary linux_ubuntu_24_64: Aug  4 2026 (Version AFNI_26.2.03 'Gordian III')
rf1	10887	01	1	/ZPOOL/data/projects/rf1-sra-linux2/derivatives/fmriprep/sub-10887/ses-01/func/sub-10887_ses-01_task-sharedreward_run-1_part-mag_space-MNI152NLin6Asym_desc-preproc_bold.nii.gz	/ZPOOL/data/projects/rf1-sra-linux2/derivatives/fmriprep/sub-10887/ses-01/func/sub-10887_ses-01_task-sharedreward_run-1_part-mag_space-MNI152NLin6Asym_desc-brain_mask.nii.gz	/ZPOOL/data/projects/rf1-sra-sharedreward/derivatives/harmonized/sub-10887/ses-01/func/sub-10887_ses-01_task-sharedreward_run-1_space-MNI152NLin6Asym_desc-smoothToFWHM6_bold.nii.gz	6	6.00127	5.98197	5.90052	5.96109	0.61823	3.16118	12.0756	8.81755	Precompiled binary linux_ubuntu_24_64: Aug  4 2026 (Version AFNI_26.2.03 'Gordian III')
rf1	10887	01	2	/ZPOOL/data/projects/rf1-sra-linux2/derivatives/fmriprep/sub-10887/ses-01/func/sub-10887_ses-01_task-sharedreward_run-2_part-mag_space-MNI152NLin6Asym_desc-preproc_bold.nii.gz	/ZPOOL/data/projects/rf1-sra-linux2/derivatives/fmriprep/sub-10887/ses-01/func/sub-10887_ses-01_task-sharedreward_run-2_part-mag_space-MNI152NLin6Asym_desc-brain_mask.nii.gz	/ZPOOL/data/projects/rf1-sra-sharedreward/derivatives/harmonized/sub-10887/ses-01/func/sub-10887_ses-01_task-sharedreward_run-2_space-MNI152NLin6Asym_desc-smoothToFWHM6_bold.nii.gz	6	6.02583	5.97194	5.91985	5.97239	0.583647	3.11881	11.9825	8.88914	Precompiled binary linux_ubuntu_24_64: Aug  4 2026 (Version AFNI_26.2.03 'Gordian III')
rf1	10896	01	1	/ZPOOL/data/projects/rf1-sra-linux2/derivatives/fmriprep/sub-10896/ses-01/func/sub-10896_ses-01_task-sharedreward_run-1_part-mag_space-MNI152NLin6Asym_desc-preproc_bold.nii.gz	/ZPOOL/data/projects/rf1-sra-linux2/derivatives/fmriprep/sub-10896/ses-01/func/sub-10896_ses-01_task-sharedreward_run-1_part-mag_space-MNI152NLin6Asym_desc-brain_mask.nii.gz	/ZPOOL/data/projects/rf1-sra-sharedreward/derivatives/harmonized/sub-10896/ses-01/func/sub-10896_ses-01_task-sharedreward_run-1_space-MNI152NLin6Asym_desc-smoothToFWHM6_bold.nii.gz	6	5.93934	5.95248	5.86288	5.9181	0.627782	3.3064	10.0639	8.80662	Precompiled binary linux_ubuntu_24_64: Aug  4 2026 (Version AFNI_26.2.03 'Gordian III')
rf1	10896	01	2	/ZPOOL/data/projects/rf1-sra-linux2/derivatives/fmriprep/sub-10896/ses-01/func/sub-10896_ses-01_task-sharedreward_run-2_part-mag_space-MNI152NLin6Asym_desc-preproc_bold.nii.gz	/ZPOOL/data/projects/rf1-sra-linux2/derivatives/fmriprep/sub-10896/ses-01/func/sub-10896_ses-01_task-sharedreward_run-2_part-mag_space-MNI152NLin6Asym_desc-brain_mask.nii.gz	/ZPOOL/data/projects/rf1-sra-sharedreward/derivatives/harmonized/sub-10896/ses-01/func/sub-10896_ses-01_task-sharedreward_run-2_space-MNI152NLin6Asym_desc-smoothToFWHM6_bold.nii.gz	6	5.87895	5.91915	5.85125	5.88305	0.593458	3.21882	10.3874	8.80711	Precompiled binary linux_ubuntu_24_64: Aug  4 2026 (Version AFNI_26.2.03 'Gordian III')
rf1	10897	01	1	/ZPOOL/data/projects/rf1-sra-linux2/derivatives/fmriprep/sub-10897/ses-01/func/sub-10897_ses-01_task-sharedreward_run-1_part-mag_space-MNI152NLin6Asym_desc-preproc_bold.nii.gz	/ZPOOL/data/projects/rf1-sra-linux2/derivatives/fmriprep/sub-10897/ses-01/func/sub-10897_ses-01_task-sharedreward_run-1_part-mag_space-MNI152NLin6Asym_desc-brain_mask.nii.gz	/ZPOOL/data/projects/rf1-sra-sharedreward/derivatives/harmonized/sub-10897/ses-01/func/sub-10897_ses-01_task-sharedreward_run-1_space-MNI152NLin6Asym_desc-smoothToFWHM6_bold.nii.gz	6	5.85891	5.85891	5.81081	5.84283	0.647714	3.23846	10.2763	8.61738	Precompiled binary linux_ubuntu_24_64: Aug  4 2026 (Version AFNI_26.2.03 'Gordian III')
rf1	10898	01	1	/ZPOOL/data/projects/rf1-sra-linux2/derivatives/fmriprep/sub-10898/ses-01/func/sub-10898_ses-01_task-sharedreward_run-1_part-mag_space-MNI152NLin6Asym_desc-preproc_bold.nii.gz	/ZPOOL/data/projects/rf1-sra-linux2/derivatives/fmriprep/sub-10898/ses-01/func/sub-10898_ses-01_task-sharedreward_run-1_part-mag_space-MNI152NLin6Asym_desc-brain_mask.nii.gz	/ZPOOL/data/projects/rf1-sra-sharedreward/derivatives/harmonized/sub-10898/ses-01/func/sub-10898_ses-01_task-sharedreward_run-1_space-MNI152NLin6Asym_desc-smoothToFWHM6_bold.nii.gz	6	5.81827	5.79353	5.78157	5.79777	0.705403	3.22912	11.5457	8.52276	Precompiled binary linux_ubuntu_24_64: Aug  4 2026 (Version AFNI_26.2.03 'Gordian III')
rf1	10898	01	2	/ZPOOL/data/projects/rf1-sra-linux2/derivatives/fmriprep/sub-10898/ses-01/func/sub-10898_ses-01_task-sharedreward_run-2_part-mag_space-MNI152NLin6Asym_desc-preproc_bold.nii.gz	/ZPOOL/data/projects/rf1-sra-linux2/derivatives/fmriprep/sub-10898/ses-01/func/sub-10898_ses-01_task-sharedreward_run-2_part-mag_space-MNI152NLin6Asym_desc-brain_mask.nii.gz	/ZPOOL/data/projects/rf1-sra-sharedreward/derivatives/harmonized/sub-10898/ses-01/func/sub-10898_ses-01_task-sharedreward_run-2_space-MNI152NLin6Asym_desc-smoothToFWHM6_bold.nii.gz	6	5.87028	5.86965	5.83853	5.85947	0.691047	3.2632	11.6488	8.67006	Precompiled binary linux_ubuntu_24_64: Aug  4 2026 (Version AFNI_26.2.03 'Gordian III')
rf1	10908	01	1	/ZPOOL/data/projects/rf1-sra-linux2/derivatives/fmriprep/sub-10908/ses-01/func/sub-10908_ses-01_task-sharedreward_run-1_part-mag_space-MNI152NLin6Asym_desc-preproc_bold.nii.gz	/ZPOOL/data/projects/rf1-sra-linux2/derivatives/fmriprep/sub-10908/ses-01/func/sub-10908_ses-01_task-sharedreward_run-1_part-mag_space-MNI152NLin6Asym_desc-brain_mask.nii.gz	/ZPOOL/data/projects/rf1-sra-sharedreward/derivatives/harmonized/sub-10908/ses-01/func/sub-10908_ses-01_task-sharedreward_run-1_space-MNI152NLin6Asym_desc-smoothToFWHM6_bold.nii.gz	6	5.88043	5.90261	5.88021	5.88774	0.683582	3.30981	10.725	8.70275	Precompiled binary linux_ubuntu_24_64: Aug  4 2026 (Version AFNI_26.2.03 'Gordian III')
rf1	10908	01	2	/ZPOOL/data/projects/rf1-sra-linux2/derivatives/fmriprep/sub-10908/ses-01/func/sub-10908_ses-01_task-sharedreward_run-2_part-mag_space-MNI152NLin6Asym_desc-preproc_bold.nii.gz	/ZPOOL/data/projects/rf1-sra-linux2/derivatives/fmriprep/sub-10908/ses-01/func/sub-10908_ses-01_task-sharedreward_run-2_part-mag_space-MNI152NLin6Asym_desc-brain_mask.nii.gz	/ZPOOL/data/projects/rf1-sra-sharedreward/derivatives/harmonized/sub-10908/ses-01/func/sub-10908_ses-01_task-sharedreward_run-2_space-MNI152NLin6Asym_desc-smoothToFWHM6_bold.nii.gz	6	6.03333	5.96878	5.91555	5.97236	0.680958	3.35214	10.8286	8.81941	Precompiled binary linux_ubuntu_24_64: Aug  4 2026 (Version AFNI_26.2.03 'Gordian III')
rf1	10913	01	1	/ZPOOL/data/projects/rf1-sra-linux2/derivatives/fmriprep/sub-10913/ses-01/func/sub-10913_ses-01_task-sharedreward_run-1_part-mag_space-MNI152NLin6Asym_desc-preproc_bold.nii.gz	/ZPOOL/data/projects/rf1-sra-linux2/derivatives/fmriprep/sub-10913/ses-01/func/sub-10913_ses-01_task-sharedreward_run-1_part-mag_space-MNI152NLin6Asym_desc-brain_mask.nii.gz	/ZPOOL/data/projects/rf1-sra-sharedreward/derivatives/harmonized/sub-10913/ses-01/func/sub-10913_ses-01_task-sharedreward_run-1_space-MNI152NLin6Asym_desc-smoothToFWHM6_bold.nii.gz	6	5.80248	5.7925	5.69697	5.76379	0.620484	3.18254	9.79495	8.51999	Precompiled binary linux_ubuntu_24_64: Aug  4 2026 (Version AFNI_26.2.03 'Gordian III')
rf1	10913	01	2	/ZPOOL/data/projects/rf1-sra-linux2/derivatives/fmriprep/sub-10913/ses-01/func/sub-10913_ses-01_task-sharedreward_run-2_part-mag_space-MNI152NLin6Asym_desc-preproc_bold.nii.gz	/ZPOOL/data/projects/rf1-sra-linux2/derivatives/fmriprep/sub-10913/ses-01/func/sub-10913_ses-01_task-sharedreward_run-2_part-mag_space-MNI152NLin6Asym_desc-brain_mask.nii.gz	/ZPOOL/data/projects/rf1-sra-sharedreward/derivatives/harmonized/sub-10913/ses-01/func/sub-10913_ses-01_task-sharedreward_run-2_space-MNI152NLin6Asym_desc-smoothToFWHM6_bold.nii.gz	6	5.87979	5.85388	5.786	5.83976	0.644052	3.18091	11.4932	8.66603	Precompiled binary linux_ubuntu_24_64: Aug  4 2026 (Version AFNI_26.2.03 'Gordian III')
rf1	10918	01	1	/ZPOOL/data/projects/rf1-sra-linux2/derivatives/fmriprep/sub-10918/ses-01/func/sub-10918_ses-01_task-sharedreward_run-1_part-mag_space-MNI152NLin6Asym_desc-preproc_bold.nii.gz	/ZPOOL/data/projects/rf1-sra-linux2/derivatives/fmriprep/sub-10918/ses-01/func/sub-10918_ses-01_task-sharedreward_run-1_part-mag_space-MNI152NLin6Asym_desc-brain_mask.nii.gz	/ZPOOL/data/projects/rf1-sra-sharedreward/derivatives/harmonized/sub-10918/ses-01/func/sub-10918_ses-01_task-sharedreward_run-1_space-MNI152NLin6Asym_desc-smoothToFWHM6_bold.nii.gz	6	5.89632	5.88382	5.86548	5.88186	0.68206	3.34477	10.0291	8.69762	Precompiled binary linux_ubuntu_24_64: Aug  4 2026 (Version AFNI_26.2.03 'Gordian III')
rf1	10918	01	2	/ZPOOL/data/projects/rf1-sra-linux2/derivatives/fmriprep/sub-10918/ses-01/func/sub-10918_ses-01_task-sharedreward_run-2_part-mag_space-MNI152NLin6Asym_desc-preproc_bold.nii.gz	/ZPOOL/data/projects/rf1-sra-linux2/derivatives/fmriprep/sub-10918/ses-01/func/sub-10918_ses-01_task-sharedreward_run-2_part-mag_space-MNI152NLin6Asym_desc-brain_mask.nii.gz	/ZPOOL/data/projects/rf1-sra-sharedreward/derivatives/harmonized/sub-10918/ses-01/func/sub-10918_ses-01_task-sharedreward_run-2_space-MNI152NLin6Asym_desc-smoothToFWHM6_bold.nii.gz	6	5.95613	5.94374	5.92619	5.94201	0.665537	3.36345	10.2716	8.82732	Precompiled binary linux_ubuntu_24_64: Aug  4 2026 (Version AFNI_26.2.03 'Gordian III')
rf1	10919	01	1	/ZPOOL/data/projects/rf1-sra-linux2/derivatives/fmriprep/sub-10919/ses-01/func/sub-10919_ses-01_task-sharedreward_run-1_part-mag_space-MNI152NLin6Asym_desc-preproc_bold.nii.gz	/ZPOOL/data/projects/rf1-sra-linux2/derivatives/fmriprep/sub-10919/ses-01/func/sub-10919_ses-01_task-sharedreward_run-1_part-mag_space-MNI152NLin6Asym_desc-brain_mask.nii.gz	/ZPOOL/data/projects/rf1-sra-sharedreward/derivatives/harmonized/sub-10919/ses-01/func/sub-10919_ses-01_task-sharedreward_run-1_space-MNI152NLin6Asym_desc-smoothToFWHM6_bold.nii.gz	6	5.73842	5.74472	5.70791	5.73033	0.654174	3.22055	9.59132	8.45289	Precompiled binary linux_ubuntu_24_64: Aug  4 2026 (Version AFNI_26.2.03 'Gordian III')
rf1	10919	01	2	/ZPOOL/data/projects/rf1-sra-linux2/derivatives/fmriprep/sub-10919/ses-01/func/sub-10919_ses-01_task-sharedreward_run-2_part-mag_space-MNI152NLin6Asym_desc-preproc_bold.nii.gz	/ZPOOL/data/projects/rf1-sra-linux2/derivatives/fmriprep/sub-10919/ses-01/func/sub-10919_ses-01_task-sharedreward_run-2_part-mag_space-MNI152NLin6Asym_desc-brain_mask.nii.gz	/ZPOOL/data/projects/rf1-sra-sharedreward/derivatives/harmonized/sub-10919/ses-01/func/sub-10919_ses-01_task-sharedreward_run-2_space-MNI152NLin6Asym_desc-smoothToFWHM6_bold.nii.gz	6	5.97651	5.97975	5.90513	5.95369	0.659889	3.27789	11.3738	8.80243	Precompiled binary linux_ubuntu_24_64: Aug  4 2026 (Version AFNI_26.2.03 'Gordian III')
rf1	10924	01	1	/ZPOOL/data/projects/rf1-sra-linux2/derivatives/fmriprep/sub-10924/ses-01/func/sub-10924_ses-01_task-sharedreward_run-1_part-mag_space-MNI152NLin6Asym_desc-preproc_bold.nii.gz	/ZPOOL/data/projects/rf1-sra-linux2/derivatives/fmriprep/sub-10924/ses-01/func/sub-10924_ses-01_task-sharedreward_run-1_part-mag_space-MNI152NLin6Asym_desc-brain_mask.nii.gz	/ZPOOL/data/projects/rf1-sra-sharedreward/derivatives/harmonized/sub-10924/ses-01/func/sub-10924_ses-01_task-sharedreward_run-1_space-MNI152NLin6Asym_desc-smoothToFWHM6_bold.nii.gz	6	5.83773	5.83805	5.8438	5.83986	0.66726	3.3285	9.44	8.6243	Precompiled binary linux_ubuntu_24_64: Aug  4 2026 (Version AFNI_26.2.03 'Gordian III')
rf1	10924	01	2	/ZPOOL/data/projects/rf1-sra-linux2/derivatives/fmriprep/sub-10924/ses-01/func/sub-10924_ses-01_task-sharedreward_run-2_part-mag_space-MNI152NLin6Asym_desc-preproc_bold.nii.gz	/ZPOOL/data/projects/rf1-sra-linux2/derivatives/fmriprep/sub-10924/ses-01/func/sub-10924_ses-01_task-sharedreward_run-2_part-mag_space-MNI152NLin6Asym_desc-brain_mask.nii.gz	/ZPOOL/data/projects/rf1-sra-sharedreward/derivatives/harmonized/sub-10924/ses-01/func/sub-10924_ses-01_task-sharedreward_run-2_space-MNI152NLin6Asym_desc-smoothToFWHM6_bold.nii.gz	6	5.83945	5.8447	5.84969	5.84461	0.625763	3.25995	9.88577	8.68437	Precompiled binary linux_ubuntu_24_64: Aug  4 2026 (Version AFNI_26.2.03 'Gordian III')
rf1	10926	01	1	/ZPOOL/data/projects/rf1-sra-linux2/derivatives/fmriprep/sub-10926/ses-01/func/sub-10926_ses-01_task-sharedreward_run-1_part-mag_space-MNI152NLin6Asym_desc-preproc_bold.nii.gz	/ZPOOL/data/projects/rf1-sra-linux2/derivatives/fmriprep/sub-10926/ses-01/func/sub-10926_ses-01_task-sharedreward_run-1_part-mag_space-MNI152NLin6Asym_desc-brain_mask.nii.gz	/ZPOOL/data/projects/rf1-sra-sharedreward/derivatives/harmonized/sub-10926/ses-01/func/sub-10926_ses-01_task-sharedreward_run-1_space-MNI152NLin6Asym_desc-smoothToFWHM6_bold.nii.gz	6	5.90412	5.88132	5.80971	5.86491	0.684122	3.25987	11.3919	8.66369	Precompiled binary linux_ubuntu_24_64: Aug  4 2026 (Version AFNI_26.2.03 'Gordian III')
rf1	10926	01	2	/ZPOOL/data/projects/rf1-sra-linux2/derivatives/fmriprep/sub-10926/ses-01/func/sub-10926_ses-01_task-sharedreward_run-2_part-mag_space-MNI152NLin6Asym_desc-preproc_bold.nii.gz	/ZPOOL/data/projects/rf1-sra-linux2/derivatives/fmriprep/sub-10926/ses-01/func/sub-10926_ses-01_task-sharedreward_run-2_part-mag_space-MNI152NLin6Asym_desc-brain_mask.nii.gz	/ZPOOL/data/projects/rf1-sra-sharedreward/derivatives/harmonized/sub-10926/ses-01/func/sub-10926_ses-01_task-sharedreward_run-2_space-MNI152NLin6Asym_desc-smoothToFWHM6_bold.nii.gz	6	5.87741	5.85362	5.79245	5.84105	0.644373	3.1913	10.922	8.61472	Precompiled binary linux_ubuntu_24_64: Aug  4 2026 (Version AFNI_26.2.03 'Gordian III')
rf1	10928	01	1	/ZPOOL/data/projects/rf1-sra-linux2/derivatives/fmriprep/sub-10928/ses-01/func/sub-10928_ses-01_task-sharedreward_run-1_part-mag_space-MNI152NLin6Asym_desc-preproc_bold.nii.gz	/ZPOOL/data/projects/rf1-sra-linux2/derivatives/fmriprep/sub-10928/ses-01/func/sub-10928_ses-01_task-sharedreward_run-1_part-mag_space-MNI152NLin6Asym_desc-brain_mask.nii.gz	/ZPOOL/data/projects/rf1-sra-sharedreward/derivatives/harmonized/sub-10928/ses-01/func/sub-10928_ses-01_task-sharedreward_run-1_space-MNI152NLin6Asym_desc-smoothToFWHM6_bold.nii.gz	6	5.97597	5.97674	5.89827	5.95022	0.693082	3.32892	11.4267	8.78869	Precompiled binary linux_ubuntu_24_64: Aug  4 2026 (Version AFNI_26.2.03 'Gordian III')
rf1	10928	01	2	/ZPOOL/data/projects/rf1-sra-linux2/derivatives/fmriprep/sub-10928/ses-01/func/sub-10928_ses-01_task-sharedreward_run-2_part-mag_space-MNI152NLin6Asym_desc-preproc_bold.nii.gz	/ZPOOL/data/projects/rf1-sra-linux2/derivatives/fmriprep/sub-10928/ses-01/func/sub-10928_ses-01_task-sharedreward_run-2_part-mag_space-MNI152NLin6Asym_desc-brain_mask.nii.gz	/ZPOOL/data/projects/rf1-sra-sharedreward/derivatives/harmonized/sub-10928/ses-01/func/sub-10928_ses-01_task-sharedreward_run-2_space-MNI152NLin6Asym_desc-smoothToFWHM6_bold.nii.gz	6	6.07764	6.04152	5.93088	6.01636	0.676797	3.33057	11.8201	8.90112	Precompiled binary linux_ubuntu_24_64: Aug  4 2026 (Version AFNI_26.2.03 'Gordian III')
rf1	10929	01	1	/ZPOOL/data/projects/rf1-sra-linux2/derivatives/fmriprep/sub-10929/ses-01/func/sub-10929_ses-01_task-sharedreward_run-1_part-mag_space-MNI152NLin6Asym_desc-preproc_bold.nii.gz	/ZPOOL/data/projects/rf1-sra-linux2/derivatives/fmriprep/sub-10929/ses-01/func/sub-10929_ses-01_task-sharedreward_run-1_part-mag_space-MNI152NLin6Asym_desc-brain_mask.nii.gz	/ZPOOL/data/projects/rf1-sra-sharedreward/derivatives/harmonized/sub-10929/ses-01/func/sub-10929_ses-01_task-sharedreward_run-1_space-MNI152NLin6Asym_desc-smoothToFWHM6_bold.nii.gz	6	5.6216	5.63275	5.63087	5.6284	0.683867	3.24129	9.26847	8.35807	Precompiled binary linux_ubuntu_24_64: Aug  4 2026 (Version AFNI_26.2.03 'Gordian III')
rf1	10929	01	2	/ZPOOL/data/projects/rf1-sra-linux2/derivatives/fmriprep/sub-10929/ses-01/func/sub-10929_ses-01_task-sharedreward_run-2_part-mag_space-MNI152NLin6Asym_desc-preproc_bold.nii.gz	/ZPOOL/data/projects/rf1-sra-linux2/derivatives/fmriprep/sub-10929/ses-01/func/sub-10929_ses-01_task-sharedreward_run-2_part-mag_space-MNI152NLin6Asym_desc-brain_mask.nii.gz	/ZPOOL/data/projects/rf1-sra-sharedreward/derivatives/harmonized/sub-10929/ses-01/func/sub-10929_ses-01_task-sharedreward_run-2_space-MNI152NLin6Asym_desc-smoothToFWHM6_bold.nii.gz	6	5.61182	5.64374	5.63457	5.63003	0.669319	3.21794	9.39875	8.3693	Precompiled binary linux_ubuntu_24_64: Aug  4 2026 (Version AFNI_26.2.03 'Gordian III')
rf1	10930	01	1	/ZPOOL/data/projects/rf1-sra-linux2/derivatives/fmriprep/sub-10930/ses-01/func/sub-10930_ses-01_task-sharedreward_run-1_part-mag_space-MNI152NLin6Asym_desc-preproc_bold.nii.gz	/ZPOOL/data/projects/rf1-sra-linux2/derivatives/fmriprep/sub-10930/ses-01/func/sub-10930_ses-01_task-sharedreward_run-1_part-mag_space-MNI152NLin6Asym_desc-brain_mask.nii.gz	/ZPOOL/data/projects/rf1-sra-sharedreward/derivatives/harmonized/sub-10930/ses-01/func/sub-10930_ses-01_task-sharedreward_run-1_space-MNI152NLin6Asym_desc-smoothToFWHM6_bold.nii.gz	6	5.8276	5.8531	5.87239	5.851	0.702606	3.29814	10.7634	8.61176	Precompiled binary linux_ubuntu_24_64: Aug  4 2026 (Version AFNI_26.2.03 'Gordian III')
rf1	10930	01	2	/ZPOOL/data/projects/rf1-sra-linux2/derivatives/fmriprep/sub-10930/ses-01/func/sub-10930_ses-01_task-sharedreward_run-2_part-mag_space-MNI152NLin6Asym_desc-preproc_bold.nii.gz	/ZPOOL/data/projects/rf1-sra-linux2/derivatives/fmriprep/sub-10930/ses-01/func/sub-10930_ses-01_task-sharedreward_run-2_part-mag_space-MNI152NLin6Asym_desc-brain_mask.nii.gz	/ZPOOL/data/projects/rf1-sra-sharedreward/derivatives/harmonized/sub-10930/ses-01/func/sub-10930_ses-01_task-sharedreward_run-2_space-MNI152NLin6Asym_desc-smoothToFWHM6_bold.nii.gz	6	5.83053	5.84454	5.82088	5.83197	0.705321	3.29168	10.3734	8.54422	Precompiled binary linux_ubuntu_24_64: Aug  4 2026 (Version AFNI_26.2.03 'Gordian III')
rf1	10938	01	1	/ZPOOL/data/projects/rf1-sra-linux2/derivatives/fmriprep/sub-10938/ses-01/func/sub-10938_ses-01_task-sharedreward_run-1_part-mag_space-MNI152NLin6Asym_desc-preproc_bold.nii.gz	/ZPOOL/data/projects/rf1-sra-linux2/derivatives/fmriprep/sub-10938/ses-01/func/sub-10938_ses-01_task-sharedreward_run-1_part-mag_space-MNI152NLin6Asym_desc-brain_mask.nii.gz	/ZPOOL/data/projects/rf1-sra-sharedreward/derivatives/harmonized/sub-10938/ses-01/func/sub-10938_ses-01_task-sharedreward_run-1_space-MNI152NLin6Asym_desc-smoothToFWHM6_bold.nii.gz	6	5.87058	5.86728	5.78959	5.84236	0.621956	3.27144	9.55786	8.66607	Precompiled binary linux_ubuntu_24_64: Aug  4 2026 (Version AFNI_26.2.03 'Gordian III')
rf1	10938	01	2	/ZPOOL/data/projects/rf1-sra-linux2/derivatives/fmriprep/sub-10938/ses-01/func/sub-10938_ses-01_task-sharedreward_run-2_part-mag_space-MNI152NLin6Asym_desc-preproc_bold.nii.gz	/ZPOOL/data/projects/rf1-sra-linux2/derivatives/fmriprep/sub-10938/ses-01/func/sub-10938_ses-01_task-sharedreward_run-2_part-mag_space-MNI152NLin6Asym_desc-brain_mask.nii.gz	/ZPOOL/data/projects/rf1-sra-sharedreward/derivatives/harmonized/sub-10938/ses-01/func/sub-10938_ses-01_task-sharedreward_run-2_space-MNI152NLin6Asym_desc-smoothToFWHM6_bold.nii.gz	6	5.98752	5.97818	5.87374	5.94626	0.619614	3.31112	10.1669	8.864	Precompiled binary linux_ubuntu_24_64: Aug  4 2026 (Version AFNI_26.2.03 'Gordian III')
rf1	10940	01	1	/ZPOOL/data/projects/rf1-sra-linux2/derivatives/fmriprep/sub-10940/ses-01/func/sub-10940_ses-01_task-sharedreward_run-1_part-mag_space-MNI152NLin6Asym_desc-preproc_bold.nii.gz	/ZPOOL/data/projects/rf1-sra-linux2/derivatives/fmriprep/sub-10940/ses-01/func/sub-10940_ses-01_task-sharedreward_run-1_part-mag_space-MNI152NLin6Asym_desc-brain_mask.nii.gz	/ZPOOL/data/projects/rf1-sra-sharedreward/derivatives/harmonized/sub-10940/ses-01/func/sub-10940_ses-01_task-sharedreward_run-1_space-MNI152NLin6Asym_desc-smoothToFWHM6_bold.nii.gz	6	5.83816	5.85888	5.76436	5.82033	0.623832	3.22842	9.81246	8.61075	Precompiled binary linux_ubuntu_24_64: Aug  4 2026 (Version AFNI_26.2.03 'Gordian III')
rf1	10940	01	2	/ZPOOL/data/projects/rf1-sra-linux2/derivatives/fmriprep/sub-10940/ses-01/func/sub-10940_ses-01_task-sharedreward_run-2_part-mag_space-MNI152NLin6Asym_desc-preproc_bold.nii.gz	/ZPOOL/data/projects/rf1-sra-linux2/derivatives/fmriprep/sub-10940/ses-01/func/sub-10940_ses-01_task-sharedreward_run-2_part-mag_space-MNI152NLin6Asym_desc-brain_mask.nii.gz	/ZPOOL/data/projects/rf1-sra-sharedreward/derivatives/harmonized/sub-10940/ses-01/func/sub-10940_ses-01_task-sharedreward_run-2_space-MNI152NLin6Asym_desc-smoothToFWHM6_bold.nii.gz	6	5.98012	5.95843	5.88878	5.94232	0.62773	3.33735	9.47122	8.77165	Precompiled binary linux_ubuntu_24_64: Aug  4 2026 (Version AFNI_26.2.03 'Gordian III')
rf1	10950	01	1	/ZPOOL/data/projects/rf1-sra-linux2/derivatives/fmriprep/sub-10950/ses-01/func/sub-10950_ses-01_task-sharedreward_run-1_part-mag_space-MNI152NLin6Asym_desc-preproc_bold.nii.gz	/ZPOOL/data/projects/rf1-sra-linux2/derivatives/fmriprep/sub-10950/ses-01/func/sub-10950_ses-01_task-sharedreward_run-1_part-mag_space-MNI152NLin6Asym_desc-brain_mask.nii.gz	/ZPOOL/data/projects/rf1-sra-sharedreward/derivatives/harmonized/sub-10950/ses-01/func/sub-10950_ses-01_task-sharedreward_run-1_space-MNI152NLin6Asym_desc-smoothToFWHM6_bold.nii.gz	6	6.01755	6.00121	5.94411	5.98754	0.632748	3.29248	11.2905	8.94013	Precompiled binary linux_ubuntu_24_64: Aug  4 2026 (Version AFNI_26.2.03 'Gordian III')
rf1	10950	01	2	/ZPOOL/data/projects/rf1-sra-linux2/derivatives/fmriprep/sub-10950/ses-01/func/sub-10950_ses-01_task-sharedreward_run-2_part-mag_space-MNI152NLin6Asym_desc-preproc_bold.nii.gz	/ZPOOL/data/projects/rf1-sra-linux2/derivatives/fmriprep/sub-10950/ses-01/func/sub-10950_ses-01_task-sharedreward_run-2_part-mag_space-MNI152NLin6Asym_desc-brain_mask.nii.gz	/ZPOOL/data/projects/rf1-sra-sharedreward/derivatives/harmonized/sub-10950/ses-01/func/sub-10950_ses-01_task-sharedreward_run-2_space-MNI152NLin6Asym_desc-smoothToFWHM6_bold.nii.gz	6	5.88347	5.82315	5.76254	5.82284	0.65449	3.20895	10.9368	8.61475	Precompiled binary linux_ubuntu_24_64: Aug  4 2026 (Version AFNI_26.2.03 'Gordian III')
rf1	10951	01	1	/ZPOOL/data/projects/rf1-sra-linux2/derivatives/fmriprep/sub-10951/ses-01/func/sub-10951_ses-01_task-sharedreward_run-1_part-mag_space-MNI152NLin6Asym_desc-preproc_bold.nii.gz	/ZPOOL/data/projects/rf1-sra-linux2/derivatives/fmriprep/sub-10951/ses-01/func/sub-10951_ses-01_task-sharedreward_run-1_part-mag_space-MNI152NLin6Asym_desc-brain_mask.nii.gz	/ZPOOL/data/projects/rf1-sra-sharedreward/derivatives/harmonized/sub-10951/ses-01/func/sub-10951_ses-01_task-sharedreward_run-1_space-MNI152NLin6Asym_desc-smoothToFWHM6_bold.nii.gz	6	6.02079	6.03046	5.94131	5.99738	0.569172	3.27337	10.0477	8.95955	Precompiled binary linux_ubuntu_24_64: Aug  4 2026 (Version AFNI_26.2.03 'Gordian III')
rf1	10951	01	2	/ZPOOL/data/projects/rf1-sra-linux2/derivatives/fmriprep/sub-10951/ses-01/func/sub-10951_ses-01_task-sharedreward_run-2_part-mag_space-MNI152NLin6Asym_desc-preproc_bold.nii.gz	/ZPOOL/data/projects/rf1-sra-linux2/derivatives/fmriprep/sub-10951/ses-01/func/sub-10951_ses-01_task-sharedreward_run-2_part-mag_space-MNI152NLin6Asym_desc-brain_mask.nii.gz	/ZPOOL/data/projects/rf1-sra-sharedreward/derivatives/harmonized/sub-10951/ses-01/func/sub-10951_ses-01_task-sharedreward_run-2_space-MNI152NLin6Asym_desc-smoothToFWHM6_bold.nii.gz	6	6.08574	6.05689	6.0073	6.04989	0.560336	3.26431	10.6048	9.08884	Precompiled binary linux_ubuntu_24_64: Aug  4 2026 (Version AFNI_26.2.03 'Gordian III')
rf1	10952	01	1	/ZPOOL/data/projects/rf1-sra-linux2/derivatives/fmriprep/sub-10952/ses-01/func/sub-10952_ses-01_task-sharedreward_run-1_part-mag_space-MNI152NLin6Asym_desc-preproc_bold.nii.gz	/ZPOOL/data/projects/rf1-sra-linux2/derivatives/fmriprep/sub-10952/ses-01/func/sub-10952_ses-01_task-sharedreward_run-1_part-mag_space-MNI152NLin6Asym_desc-brain_mask.nii.gz	/ZPOOL/data/projects/rf1-sra-sharedreward/derivatives/harmonized/sub-10952/ses-01/func/sub-10952_ses-01_task-sharedreward_run-1_space-MNI152NLin6Asym_desc-smoothToFWHM6_bold.nii.gz	6	5.86455	5.85525	5.80219	5.8406	0.637716	3.21798	10.1551	8.59153	Precompiled binary linux_ubuntu_24_64: Aug  4 2026 (Version AFNI_26.2.03 'Gordian III')
rf1	10952	01	2	/ZPOOL/data/projects/rf1-sra-linux2/derivatives/fmriprep/sub-10952/ses-01/func/sub-10952_ses-01_task-sharedreward_run-2_part-mag_space-MNI152NLin6Asym_desc-preproc_bold.nii.gz	/ZPOOL/data/projects/rf1-sra-linux2/derivatives/fmriprep/sub-10952/ses-01/func/sub-10952_ses-01_task-sharedreward_run-2_part-mag_space-MNI152NLin6Asym_desc-brain_mask.nii.gz	/ZPOOL/data/projects/rf1-sra-sharedreward/derivatives/harmonized/sub-10952/ses-01/func/sub-10952_ses-01_task-sharedreward_run-2_space-MNI152NLin6Asym_desc-smoothToFWHM6_bold.nii.gz	6	5.97681	5.97125	5.84835	5.93184	0.631537	3.23429	10.9129	8.76362	Precompiled binary linux_ubuntu_24_64: Aug  4 2026 (Version AFNI_26.2.03 'Gordian III')
rf1	10953	01	1	/ZPOOL/data/projects/rf1-sra-linux2/derivatives/fmriprep/sub-10953/ses-01/func/sub-10953_ses-01_task-sharedreward_run-1_part-mag_space-MNI152NLin6Asym_desc-preproc_bold.nii.gz	/ZPOOL/data/projects/rf1-sra-linux2/derivatives/fmriprep/sub-10953/ses-01/func/sub-10953_ses-01_task-sharedreward_run-1_part-mag_space-MNI152NLin6Asym_desc-brain_mask.nii.gz	/ZPOOL/data/projects/rf1-sra-sharedreward/derivatives/harmonized/sub-10953/ses-01/func/sub-10953_ses-01_task-sharedreward_run-1_space-MNI152NLin6Asym_desc-smoothToFWHM6_bold.nii.gz	6	5.75743	5.74637	5.69699	5.73354	0.597724	3.30196	8.24244	8.53326	Precompiled binary linux_ubuntu_24_64: Aug  4 2026 (Version AFNI_26.2.03 'Gordian III')
rf1	10953	01	2	/ZPOOL/data/projects/rf1-sra-linux2/derivatives/fmriprep/sub-10953/ses-01/func/sub-10953_ses-01_task-sharedreward_run-2_part-mag_space-MNI152NLin6Asym_desc-preproc_bold.nii.gz	/ZPOOL/data/projects/rf1-sra-linux2/derivatives/fmriprep/sub-10953/ses-01/func/sub-10953_ses-01_task-sharedreward_run-2_part-mag_space-MNI152NLin6Asym_desc-brain_mask.nii.gz	/ZPOOL/data/projects/rf1-sra-sharedreward/derivatives/harmonized/sub-10953/ses-01/func/sub-10953_ses-01_task-sharedreward_run-2_space-MNI152NLin6Asym_desc-smoothToFWHM6_bold.nii.gz	6	5.98432	5.94292	5.85379	5.92676	0.610082	3.33129	9.78417	8.87491	Precompiled binary linux_ubuntu_24_64: Aug  4 2026 (Version AFNI_26.2.03 'Gordian III')
rf1	10954	01	1	/ZPOOL/data/projects/rf1-sra-linux2/derivatives/fmriprep/sub-10954/ses-01/func/sub-10954_ses-01_task-sharedreward_run-1_part-mag_space-MNI152NLin6Asym_desc-preproc_bold.nii.gz	/ZPOOL/data/projects/rf1-sra-linux2/derivatives/fmriprep/sub-10954/ses-01/func/sub-10954_ses-01_task-sharedreward_run-1_part-mag_space-MNI152NLin6Asym_desc-brain_mask.nii.gz	/ZPOOL/data/projects/rf1-sra-sharedreward/derivatives/harmonized/sub-10954/ses-01/func/sub-10954_ses-01_task-sharedreward_run-1_space-MNI152NLin6Asym_desc-smoothToFWHM6_bold.nii.gz	6	5.81926	5.82734	5.6626	5.76923	0.623832	3.21708	9.84496	8.59154	Precompiled binary linux_ubuntu_24_64: Aug  4 2026 (Version AFNI_26.2.03 'Gordian III')
rf1	10954	01	2	/ZPOOL/data/projects/rf1-sra-linux2/derivatives/fmriprep/sub-10954/ses-01/func/sub-10954_ses-01_task-sharedreward_run-2_part-mag_space-MNI152NLin6Asym_desc-preproc_bold.nii.gz	/ZPOOL/data/projects/rf1-sra-linux2/derivatives/fmriprep/sub-10954/ses-01/func/sub-10954_ses-01_task-sharedreward_run-2_part-mag_space-MNI152NLin6Asym_desc-brain_mask.nii.gz	/ZPOOL/data/projects/rf1-sra-sharedreward/derivatives/harmonized/sub-10954/ses-01/func/sub-10954_ses-01_task-sharedreward_run-2_space-MNI152NLin6Asym_desc-smoothToFWHM6_bold.nii.gz	6	5.85293	5.84492	5.68116	5.79246	0.635735	3.19399	10.7554	8.63386	Precompiled binary linux_ubuntu_24_64: Aug  4 2026 (Version AFNI_26.2.03 'Gordian III')
rf1	10956	01	1	/ZPOOL/data/projects/rf1-sra-linux2/derivatives/fmriprep/sub-10956/ses-01/func/sub-10956_ses-01_task-sharedreward_run-1_part-mag_space-MNI152NLin6Asym_desc-preproc_bold.nii.gz	/ZPOOL/data/projects/rf1-sra-linux2/derivatives/fmriprep/sub-10956/ses-01/func/sub-10956_ses-01_task-sharedreward_run-1_part-mag_space-MNI152NLin6Asym_desc-brain_mask.nii.gz	/ZPOOL/data/projects/rf1-sra-sharedreward/derivatives/harmonized/sub-10956/ses-01/func/sub-10956_ses-01_task-sharedreward_run-1_space-MNI152NLin6Asym_desc-smoothToFWHM6_bold.nii.gz	6	5.76892	5.79761	5.78764	5.78471	0.621688	3.22828	9.74507	8.60673	Precompiled binary linux_ubuntu_24_64: Aug  4 2026 (Version AFNI_26.2.03 'Gordian III')
rf1	10956	01	2	/ZPOOL/data/projects/rf1-sra-linux2/derivatives/fmriprep/sub-10956/ses-01/func/sub-10956_ses-01_task-sharedreward_run-2_part-mag_space-MNI152NLin6Asym_desc-preproc_bold.nii.gz	/ZPOOL/data/projects/rf1-sra-linux2/derivatives/fmriprep/sub-10956/ses-01/func/sub-10956_ses-01_task-sharedreward_run-2_part-mag_space-MNI152NLin6Asym_desc-brain_mask.nii.gz	/ZPOOL/data/projects/rf1-sra-sharedreward/derivatives/harmonized/sub-10956/ses-01/func/sub-10956_ses-01_task-sharedreward_run-2_space-MNI152NLin6Asym_desc-smoothToFWHM6_bold.nii.gz	6	5.82596	5.83628	5.8241	5.82878	0.59904	3.23116	9.77538	8.70129	Precompiled binary linux_ubuntu_24_64: Aug  4 2026 (Version AFNI_26.2.03 'Gordian III')
rf1	10958	01	1	/ZPOOL/data/projects/rf1-sra-linux2/derivatives/fmriprep/sub-10958/ses-01/func/sub-10958_ses-01_task-sharedreward_run-1_part-mag_space-MNI152NLin6Asym_desc-preproc_bold.nii.gz	/ZPOOL/data/projects/rf1-sra-linux2/derivatives/fmriprep/sub-10958/ses-01/func/sub-10958_ses-01_task-sharedreward_run-1_part-mag_space-MNI152NLin6Asym_desc-brain_mask.nii.gz	/ZPOOL/data/projects/rf1-sra-sharedreward/derivatives/harmonized/sub-10958/ses-01/func/sub-10958_ses-01_task-sharedreward_run-1_space-MNI152NLin6Asym_desc-smoothToFWHM6_bold.nii.gz	6	6.01192	6.00465	5.94503	5.98712	0.656328	3.31098	10.9413	8.83644	Precompiled binary linux_ubuntu_24_64: Aug  4 2026 (Version AFNI_26.2.03 'Gordian III')
rf1	10958	01	2	/ZPOOL/data/projects/rf1-sra-linux2/derivatives/fmriprep/sub-10958/ses-01/func/sub-10958_ses-01_task-sharedreward_run-2_part-mag_space-MNI152NLin6Asym_desc-preproc_bold.nii.gz	/ZPOOL/data/projects/rf1-sra-linux2/derivatives/fmriprep/sub-10958/ses-01/func/sub-10958_ses-01_task-sharedreward_run-2_part-mag_space-MNI152NLin6Asym_desc-brain_mask.nii.gz	/ZPOOL/data/projects/rf1-sra-sharedreward/derivatives/harmonized/sub-10958/ses-01/func/sub-10958_ses-01_task-sharedreward_run-2_space-MNI152NLin6Asym_desc-smoothToFWHM6_bold.nii.gz	6	5.8343	5.86695	5.79835	5.83313	0.608235	3.16376	10.4175	8.63003	Precompiled binary linux_ubuntu_24_64: Aug  4 2026 (Version AFNI_26.2.03 'Gordian III')
rf1	10961	01	1	/ZPOOL/data/projects/rf1-sra-linux2/derivatives/fmriprep/sub-10961/ses-01/func/sub-10961_ses-01_task-sharedreward_run-1_part-mag_space-MNI152NLin6Asym_desc-preproc_bold.nii.gz	/ZPOOL/data/projects/rf1-sra-linux2/derivatives/fmriprep/sub-10961/ses-01/func/sub-10961_ses-01_task-sharedreward_run-1_part-mag_space-MNI152NLin6Asym_desc-brain_mask.nii.gz	/ZPOOL/data/projects/rf1-sra-sharedreward/derivatives/harmonized/sub-10961/ses-01/func/sub-10961_ses-01_task-sharedreward_run-1_space-MNI152NLin6Asym_desc-smoothToFWHM6_bold.nii.gz	6	5.91307	5.89984	5.89694	5.90328	0.650069	3.33596	9.7503	8.74277	Precompiled binary linux_ubuntu_24_64: Aug  4 2026 (Version AFNI_26.2.03 'Gordian III')
rf1	10961	01	2	/ZPOOL/data/projects/rf1-sra-linux2/derivatives/fmriprep/sub-10961/ses-01/func/sub-10961_ses-01_task-sharedreward_run-2_part-mag_space-MNI152NLin6Asym_desc-preproc_bold.nii.gz	/ZPOOL/data/projects/rf1-sra-linux2/derivatives/fmriprep/sub-10961/ses-01/func/sub-10961_ses-01_task-sharedreward_run-2_part-mag_space-MNI152NLin6Asym_desc-brain_mask.nii.gz	/ZPOOL/data/projects/rf1-sra-sharedreward/derivatives/harmonized/sub-10961/ses-01/func/sub-10961_ses-01_task-sharedreward_run-2_space-MNI152NLin6Asym_desc-smoothToFWHM6_bold.nii.gz	6	5.8112	5.82378	5.78685	5.80725	0.638338	3.23357	9.82102	8.57159	Precompiled binary linux_ubuntu_24_64: Aug  4 2026 (Version AFNI_26.2.03 'Gordian III')
rf1	10964	01	1	/ZPOOL/data/projects/rf1-sra-linux2/derivatives/fmriprep/sub-10964/ses-01/func/sub-10964_ses-01_task-sharedreward_run-1_part-mag_space-MNI152NLin6Asym_desc-preproc_bold.nii.gz	/ZPOOL/data/projects/rf1-sra-linux2/derivatives/fmriprep/sub-10964/ses-01/func/sub-10964_ses-01_task-sharedreward_run-1_part-mag_space-MNI152NLin6Asym_desc-brain_mask.nii.gz	/ZPOOL/data/projects/rf1-sra-sharedreward/derivatives/harmonized/sub-10964/ses-01/func/sub-10964_ses-01_task-sharedreward_run-1_space-MNI152NLin6Asym_desc-smoothToFWHM6_bold.nii.gz	6	5.73859	5.74645	5.70205	5.729	0.683876	3.25261	9.66811	8.43903	Precompiled binary linux_ubuntu_24_64: Aug  4 2026 (Version AFNI_26.2.03 'Gordian III')
rf1	10964	01	2	/ZPOOL/data/projects/rf1-sra-linux2/derivatives/fmriprep/sub-10964/ses-01/func/sub-10964_ses-01_task-sharedreward_run-2_part-mag_space-MNI152NLin6Asym_desc-preproc_bold.nii.gz	/ZPOOL/data/projects/rf1-sra-linux2/derivatives/fmriprep/sub-10964/ses-01/func/sub-10964_ses-01_task-sharedreward_run-2_part-mag_space-MNI152NLin6Asym_desc-brain_mask.nii.gz	/ZPOOL/data/projects/rf1-sra-sharedreward/derivatives/harmonized/sub-10964/ses-01/func/sub-10964_ses-01_task-sharedreward_run-2_space-MNI152NLin6Asym_desc-smoothToFWHM6_bold.nii.gz	6	5.67733	5.63952	5.57282	5.62972	0.686729	3.22933	9.39973	8.34136	Precompiled binary linux_ubuntu_24_64: Aug  4 2026 (Version AFNI_26.2.03 'Gordian III')
rf1	10966	01	1	/ZPOOL/data/projects/rf1-sra-linux2/derivatives/fmriprep/sub-10966/ses-01/func/sub-10966_ses-01_task-sharedreward_run-1_part-mag_space-MNI152NLin6Asym_desc-preproc_bold.nii.gz	/ZPOOL/data/projects/rf1-sra-linux2/derivatives/fmriprep/sub-10966/ses-01/func/sub-10966_ses-01_task-sharedreward_run-1_part-mag_space-MNI152NLin6Asym_desc-brain_mask.nii.gz	/ZPOOL/data/projects/rf1-sra-sharedreward/derivatives/harmonized/sub-10966/ses-01/func/sub-10966_ses-01_task-sharedreward_run-1_space-MNI152NLin6Asym_desc-smoothToFWHM6_bold.nii.gz	6	5.75485	5.75793	5.73011	5.74762	0.60431	3.21115	9.2412	8.53849	Precompiled binary linux_ubuntu_24_64: Aug  4 2026 (Version AFNI_26.2.03 'Gordian III')
rf1	10966	01	2	/ZPOOL/data/projects/rf1-sra-linux2/derivatives/fmriprep/sub-10966/ses-01/func/sub-10966_ses-01_task-sharedreward_run-2_part-mag_space-MNI152NLin6Asym_desc-preproc_bold.nii.gz	/ZPOOL/data/projects/rf1-sra-linux2/derivatives/fmriprep/sub-10966/ses-01/func/sub-10966_ses-01_task-sharedreward_run-2_part-mag_space-MNI152NLin6Asym_desc-brain_mask.nii.gz	/ZPOOL/data/projects/rf1-sra-sharedreward/derivatives/harmonized/sub-10966/ses-01/func/sub-10966_ses-01_task-sharedreward_run-2_space-MNI152NLin6Asym_desc-smoothToFWHM6_bold.nii.gz	6	5.8429	5.84299	5.78372	5.82313	0.641055	3.20479	10.8072	8.64332	Precompiled binary linux_ubuntu_24_64: Aug  4 2026 (Version AFNI_26.2.03 'Gordian III')
rf1	10969	01	1	/ZPOOL/data/projects/rf1-sra-linux2/derivatives/fmriprep/sub-10969/ses-01/func/sub-10969_ses-01_task-sharedreward_run-1_part-mag_space-MNI152NLin6Asym_desc-preproc_bold.nii.gz	/ZPOOL/data/projects/rf1-sra-linux2/derivatives/fmriprep/sub-10969/ses-01/func/sub-10969_ses-01_task-sharedreward_run-1_part-mag_space-MNI152NLin6Asym_desc-brain_mask.nii.gz	/ZPOOL/data/projects/rf1-sra-sharedreward/derivatives/harmonized/sub-10969/ses-01/func/sub-10969_ses-01_task-sharedreward_run-1_space-MNI152NLin6Asym_desc-smoothToFWHM6_bold.nii.gz	6	5.95794	5.93343	5.90643	5.93256	0.677378	3.35818	9.90091	8.72471	Precompiled binary linux_ubuntu_24_64: Aug  4 2026 (Version AFNI_26.2.03 'Gordian III')
rf1	10969	01	2	/ZPOOL/data/projects/rf1-sra-linux2/derivatives/fmriprep/sub-10969/ses-01/func/sub-10969_ses-01_task-sharedreward_run-2_part-mag_space-MNI152NLin6Asym_desc-preproc_bold.nii.gz	/ZPOOL/data/projects/rf1-sra-linux2/derivatives/fmriprep/sub-10969/ses-01/func/sub-10969_ses-01_task-sharedreward_run-2_part-mag_space-MNI152NLin6Asym_desc-brain_mask.nii.gz	/ZPOOL/data/projects/rf1-sra-sharedreward/derivatives/harmonized/sub-10969/ses-01/func/sub-10969_ses-01_task-sharedreward_run-2_space-MNI152NLin6Asym_desc-smoothToFWHM6_bold.nii.gz	6	5.83496	5.84051	5.82935	5.83494	0.66918	3.27164	10.1145	8.59093	Precompiled binary linux_ubuntu_24_64: Aug  4 2026 (Version AFNI_26.2.03 'Gordian III')
rf1	10974	01	1	/ZPOOL/data/projects/rf1-sra-linux2/derivatives/fmriprep/sub-10974/ses-01/func/sub-10974_ses-01_task-sharedreward_run-1_part-mag_space-MNI152NLin6Asym_desc-preproc_bold.nii.gz	/ZPOOL/data/projects/rf1-sra-linux2/derivatives/fmriprep/sub-10974/ses-01/func/sub-10974_ses-01_task-sharedreward_run-1_part-mag_space-MNI152NLin6Asym_desc-brain_mask.nii.gz	/ZPOOL/data/projects/rf1-sra-sharedreward/derivatives/harmonized/sub-10974/ses-01/func/sub-10974_ses-01_task-sharedreward_run-1_space-MNI152NLin6Asym_desc-smoothToFWHM6_bold.nii.gz	6	5.98795	5.89211	5.92837	5.93601	0.613033	3.36586	9.279	8.8422	Precompiled binary linux_ubuntu_24_64: Aug  4 2026 (Version AFNI_26.2.03 'Gordian III')
rf1	10974	01	2	/ZPOOL/data/projects/rf1-sra-linux2/derivatives/fmriprep/sub-10974/ses-01/func/sub-10974_ses-01_task-sharedreward_run-2_part-mag_space-MNI152NLin6Asym_desc-preproc_bold.nii.gz	/ZPOOL/data/projects/rf1-sra-linux2/derivatives/fmriprep/sub-10974/ses-01/func/sub-10974_ses-01_task-sharedreward_run-2_part-mag_space-MNI152NLin6Asym_desc-brain_mask.nii.gz	/ZPOOL/data/projects/rf1-sra-sharedreward/derivatives/harmonized/sub-10974/ses-01/func/sub-10974_ses-01_task-sharedreward_run-2_space-MNI152NLin6Asym_desc-smoothToFWHM6_bold.nii.gz	6	5.95703	5.85943	5.88467	5.90023	0.664064	3.32962	9.95874	8.71411	Precompiled binary linux_ubuntu_24_64: Aug  4 2026 (Version AFNI_26.2.03 'Gordian III')
rf1	10977	01	1	/ZPOOL/data/projects/rf1-sra-linux2/derivatives/fmriprep/sub-10977/ses-01/func/sub-10977_ses-01_task-sharedreward_run-1_part-mag_space-MNI152NLin6Asym_desc-preproc_bold.nii.gz	/ZPOOL/data/projects/rf1-sra-linux2/derivatives/fmriprep/sub-10977/ses-01/func/sub-10977_ses-01_task-sharedreward_run-1_part-mag_space-MNI152NLin6Asym_desc-brain_mask.nii.gz	/ZPOOL/data/projects/rf1-sra-sharedreward/derivatives/harmonized/sub-10977/ses-01/func/sub-10977_ses-01_task-sharedreward_run-1_space-MNI152NLin6Asym_desc-smoothToFWHM6_bold.nii.gz	6	5.88463	5.86553	5.88147	5.8772	0.712914	3.34631	10.0692	8.60731	Precompiled binary linux_ubuntu_24_64: Aug  4 2026 (Version AFNI_26.2.03 'Gordian III')
rf1	10977	01	2	/ZPOOL/data/projects/rf1-sra-linux2/derivatives/fmriprep/sub-10977/ses-01/func/sub-10977_ses-01_task-sharedreward_run-2_part-mag_space-MNI152NLin6Asym_desc-preproc_bold.nii.gz	/ZPOOL/data/projects/rf1-sra-linux2/derivatives/fmriprep/sub-10977/ses-01/func/sub-10977_ses-01_task-sharedreward_run-2_part-mag_space-MNI152NLin6Asym_desc-brain_mask.nii.gz	/ZPOOL/data/projects/rf1-sra-sharedreward/derivatives/harmonized/sub-10977/ses-01/func/sub-10977_ses-01_task-sharedreward_run-2_space-MNI152NLin6Asym_desc-smoothToFWHM6_bold.nii.gz	6	5.89974	5.89446	5.90087	5.89836	0.747425	3.45906	8.89911	8.62547	Precompiled binary linux_ubuntu_24_64: Aug  4 2026 (Version AFNI_26.2.03 'Gordian III')
rf1	10979	01	1	/ZPOOL/data/projects/rf1-sra-linux2/derivatives/fmriprep/sub-10979/ses-01/func/sub-10979_ses-01_task-sharedreward_run-1_part-mag_space-MNI152NLin6Asym_desc-preproc_bold.nii.gz	/ZPOOL/data/projects/rf1-sra-linux2/derivatives/fmriprep/sub-10979/ses-01/func/sub-10979_ses-01_task-sharedreward_run-1_part-mag_space-MNI152NLin6Asym_desc-brain_mask.nii.gz	/ZPOOL/data/projects/rf1-sra-sharedreward/derivatives/harmonized/sub-10979/ses-01/func/sub-10979_ses-01_task-sharedreward_run-1_space-MNI152NLin6Asym_desc-smoothToFWHM6_bold.nii.gz	6	5.90105	5.89134	5.90338	5.89859	0.594052	3.31594	9.68504	8.88117	Precompiled binary linux_ubuntu_24_64: Aug  4 2026 (Version AFNI_26.2.03 'Gordian III')
rf1	10979	01	2	/ZPOOL/data/projects/rf1-sra-linux2/derivatives/fmriprep/sub-10979/ses-01/func/sub-10979_ses-01_task-sharedreward_run-2_part-mag_space-MNI152NLin6Asym_desc-preproc_bold.nii.gz	/ZPOOL/data/projects/rf1-sra-linux2/derivatives/fmriprep/sub-10979/ses-01/func/sub-10979_ses-01_task-sharedreward_run-2_part-mag_space-MNI152NLin6Asym_desc-brain_mask.nii.gz	/ZPOOL/data/projects/rf1-sra-sharedreward/derivatives/harmonized/sub-10979/ses-01/func/sub-10979_ses-01_task-sharedreward_run-2_space-MNI152NLin6Asym_desc-smoothToFWHM6_bold.nii.gz	6	5.85882	5.85349	5.87454	5.86227	0.592387	3.31594	9.34947	8.81987	Precompiled binary linux_ubuntu_24_64: Aug  4 2026 (Version AFNI_26.2.03 'Gordian III')
rf1	10983	01	1	/ZPOOL/data/projects/rf1-sra-linux2/derivatives/fmriprep/sub-10983/ses-01/func/sub-10983_ses-01_task-sharedreward_run-1_part-mag_space-MNI152NLin6Asym_desc-preproc_bold.nii.gz	/ZPOOL/data/projects/rf1-sra-linux2/derivatives/fmriprep/sub-10983/ses-01/func/sub-10983_ses-01_task-sharedreward_run-1_part-mag_space-MNI152NLin6Asym_desc-brain_mask.nii.gz	/ZPOOL/data/projects/rf1-sra-sharedreward/derivatives/harmonized/sub-10983/ses-01/func/sub-10983_ses-01_task-sharedreward_run-1_space-MNI152NLin6Asym_desc-smoothToFWHM6_bold.nii.gz	6	6.05005	6.03493	5.95464	6.01306	0.648366	3.40065	9.95345	8.91915	Precompiled binary linux_ubuntu_24_64: Aug  4 2026 (Version AFNI_26.2.03 'Gordian III')
rf1	10983	01	2	/ZPOOL/data/projects/rf1-sra-linux2/derivatives/fmriprep/sub-10983/ses-01/func/sub-10983_ses-01_task-sharedreward_run-2_part-mag_space-MNI152NLin6Asym_desc-preproc_bold.nii.gz	/ZPOOL/data/projects/rf1-sra-linux2/derivatives/fmriprep/sub-10983/ses-01/func/sub-10983_ses-01_task-sharedreward_run-2_part-mag_space-MNI152NLin6Asym_desc-brain_mask.nii.gz	/ZPOOL/data/projects/rf1-sra-sharedreward/derivatives/harmonized/sub-10983/ses-01/func/sub-10983_ses-01_task-sharedreward_run-2_space-MNI152NLin6Asym_desc-smoothToFWHM6_bold.nii.gz	6	6.14431	6.13259	5.96979	6.0817	0.620193	3.38612	10.025	8.99731	Precompiled binary linux_ubuntu_24_64: Aug  4 2026 (Version AFNI_26.2.03 'Gordian III')
rf1	10984	01	1	/ZPOOL/data/projects/rf1-sra-linux2/derivatives/fmriprep/sub-10984/ses-01/func/sub-10984_ses-01_task-sharedreward_run-1_part-mag_space-MNI152NLin6Asym_desc-preproc_bold.nii.gz	/ZPOOL/data/projects/rf1-sra-linux2/derivatives/fmriprep/sub-10984/ses-01/func/sub-10984_ses-01_task-sharedreward_run-1_part-mag_space-MNI152NLin6Asym_desc-brain_mask.nii.gz	/ZPOOL/data/projects/rf1-sra-sharedreward/derivatives/harmonized/sub-10984/ses-01/func/sub-10984_ses-01_task-sharedreward_run-1_space-MNI152NLin6Asym_desc-smoothToFWHM6_bold.nii.gz	6	5.93158	5.96725	5.83063	5.90954	0.669898	3.28321	11.2462	8.75783	Precompiled binary linux_ubuntu_24_64: Aug  4 2026 (Version AFNI_26.2.03 'Gordian III')
rf1	10984	01	2	/ZPOOL/data/projects/rf1-sra-linux2/derivatives/fmriprep/sub-10984/ses-01/func/sub-10984_ses-01_task-sharedreward_run-2_part-mag_space-MNI152NLin6Asym_desc-preproc_bold.nii.gz	/ZPOOL/data/projects/rf1-sra-linux2/derivatives/fmriprep/sub-10984/ses-01/func/sub-10984_ses-01_task-sharedreward_run-2_part-mag_space-MNI152NLin6Asym_desc-brain_mask.nii.gz	/ZPOOL/data/projects/rf1-sra-sharedreward/derivatives/harmonized/sub-10984/ses-01/func/sub-10984_ses-01_task-sharedreward_run-2_space-MNI152NLin6Asym_desc-smoothToFWHM6_bold.nii.gz	6	5.99665	6.01029	5.92249	5.97635	0.632057	3.26816	11.395	8.90345	Precompiled binary linux_ubuntu_24_64: Aug  4 2026 (Version AFNI_26.2.03 'Gordian III')
rf1	10998	01	1	/ZPOOL/data/projects/rf1-sra-linux2/derivatives/fmriprep/sub-10998/ses-01/func/sub-10998_ses-01_task-sharedreward_run-1_part-mag_space-MNI152NLin6Asym_desc-preproc_bold.nii.gz	/ZPOOL/data/projects/rf1-sra-linux2/derivatives/fmriprep/sub-10998/ses-01/func/sub-10998_ses-01_task-sharedreward_run-1_part-mag_space-MNI152NLin6Asym_desc-brain_mask.nii.gz	/ZPOOL/data/projects/rf1-sra-sharedreward/derivatives/harmonized/sub-10998/ses-01/func/sub-10998_ses-01_task-sharedreward_run-1_space-MNI152NLin6Asym_desc-smoothToFWHM6_bold.nii.gz	6	5.81884	5.82917	5.81055	5.81951	0.597853	3.24274	9.66994	8.71057	Precompiled binary linux_ubuntu_24_64: Aug  4 2026 (Version AFNI_26.2.03 'Gordian III')
rf1	10998	01	2	/ZPOOL/data/projects/rf1-sra-linux2/derivatives/fmriprep/sub-10998/ses-01/func/sub-10998_ses-01_task-sharedreward_run-2_part-mag_space-MNI152NLin6Asym_desc-preproc_bold.nii.gz	/ZPOOL/data/projects/rf1-sra-linux2/derivatives/fmriprep/sub-10998/ses-01/func/sub-10998_ses-01_task-sharedreward_run-2_part-mag_space-MNI152NLin6Asym_desc-brain_mask.nii.gz	/ZPOOL/data/projects/rf1-sra-sharedreward/derivatives/harmonized/sub-10998/ses-01/func/sub-10998_ses-01_task-sharedreward_run-2_space-MNI152NLin6Asym_desc-smoothToFWHM6_bold.nii.gz	6	5.90147	5.90793	5.88112	5.89683	0.60066	3.27918	10.0045	8.83937	Precompiled binary linux_ubuntu_24_64: Aug  4 2026 (Version AFNI_26.2.03 'Gordian III')
rf1	11005	01	1	/ZPOOL/data/projects/rf1-sra-linux2/derivatives/fmriprep/sub-11005/ses-01/func/sub-11005_ses-01_task-sharedreward_run-1_part-mag_space-MNI152NLin6Asym_desc-preproc_bold.nii.gz	/ZPOOL/data/projects/rf1-sra-linux2/derivatives/fmriprep/sub-11005/ses-01/func/sub-11005_ses-01_task-sharedreward_run-1_part-mag_space-MNI152NLin6Asym_desc-brain_mask.nii.gz	/ZPOOL/data/projects/rf1-sra-sharedreward/derivatives/harmonized/sub-11005/ses-01/func/sub-11005_ses-01_task-sharedreward_run-1_space-MNI152NLin6Asym_desc-smoothToFWHM6_bold.nii.gz	6	6.00152	5.97246	5.95065	5.97484	0.641346	3.31068	10.6594	8.85606	Precompiled binary linux_ubuntu_24_64: Aug  4 2026 (Version AFNI_26.2.03 'Gordian III')
rf1	11005	01	2	/ZPOOL/data/projects/rf1-sra-linux2/derivatives/fmriprep/sub-11005/ses-01/func/sub-11005_ses-01_task-sharedreward_run-2_part-mag_space-MNI152NLin6Asym_desc-preproc_bold.nii.gz	/ZPOOL/data/projects/rf1-sra-linux2/derivatives/fmriprep/sub-11005/ses-01/func/sub-11005_ses-01_task-sharedreward_run-2_part-mag_space-MNI152NLin6Asym_desc-brain_mask.nii.gz	/ZPOOL/data/projects/rf1-sra-sharedreward/derivatives/harmonized/sub-11005/ses-01/func/sub-11005_ses-01_task-sharedreward_run-2_space-MNI152NLin6Asym_desc-smoothToFWHM6_bold.nii.gz	6	6.06279	6.14489	6.24362	6.14999	0.596202	3.17276	15.4653	9.35911	Precompiled binary linux_ubuntu_24_64: Aug  4 2026 (Version AFNI_26.2.03 'Gordian III')
rf1	11007	01	1	/ZPOOL/data/projects/rf1-sra-linux2/derivatives/fmriprep/sub-11007/ses-01/func/sub-11007_ses-01_task-sharedreward_run-1_part-mag_space-MNI152NLin6Asym_desc-preproc_bold.nii.gz	/ZPOOL/data/projects/rf1-sra-linux2/derivatives/fmriprep/sub-11007/ses-01/func/sub-11007_ses-01_task-sharedreward_run-1_part-mag_space-MNI152NLin6Asym_desc-brain_mask.nii.gz	/ZPOOL/data/projects/rf1-sra-sharedreward/derivatives/harmonized/sub-11007/ses-01/func/sub-11007_ses-01_task-sharedreward_run-1_space-MNI152NLin6Asym_desc-smoothToFWHM6_bold.nii.gz	6	5.59039	5.60703	5.58881	5.5954	0.667073	3.25712	8.37462	8.29564	Precompiled binary linux_ubuntu_24_64: Aug  4 2026 (Version AFNI_26.2.03 'Gordian III')
rf1	11007	01	2	/ZPOOL/data/projects/rf1-sra-linux2/derivatives/fmriprep/sub-11007/ses-01/func/sub-11007_ses-01_task-sharedreward_run-2_part-mag_space-MNI152NLin6Asym_desc-preproc_bold.nii.gz	/ZPOOL/data/projects/rf1-sra-linux2/derivatives/fmriprep/sub-11007/ses-01/func/sub-11007_ses-01_task-sharedreward_run-2_part-mag_space-MNI152NLin6Asym_desc-brain_mask.nii.gz	/ZPOOL/data/projects/rf1-sra-sharedreward/derivatives/harmonized/sub-11007/ses-01/func/sub-11007_ses-01_task-sharedreward_run-2_space-MNI152NLin6Asym_desc-smoothToFWHM6_bold.nii.gz	6	5.60413	5.64919	5.60063	5.61794	0.65085	3.17942	9.274	8.32284	Precompiled binary linux_ubuntu_24_64: Aug  4 2026 (Version AFNI_26.2.03 'Gordian III')
rf1	11012	01	1	/ZPOOL/data/projects/rf1-sra-linux2/derivatives/fmriprep/sub-11012/ses-01/func/sub-11012_ses-01_task-sharedreward_run-1_part-mag_space-MNI152NLin6Asym_desc-preproc_bold.nii.gz	/ZPOOL/data/projects/rf1-sra-linux2/derivatives/fmriprep/sub-11012/ses-01/func/sub-11012_ses-01_task-sharedreward_run-1_part-mag_space-MNI152NLin6Asym_desc-brain_mask.nii.gz	/ZPOOL/data/projects/rf1-sra-sharedreward/derivatives/harmonized/sub-11012/ses-01/func/sub-11012_ses-01_task-sharedreward_run-1_space-MNI152NLin6Asym_desc-smoothToFWHM6_bold.nii.gz	6	5.92854	5.92699	5.88925	5.9149	0.673405	3.32953	10.3815	8.74014	Precompiled binary linux_ubuntu_24_64: Aug  4 2026 (Version AFNI_26.2.03 'Gordian III')
rf1	11012	01	2	/ZPOOL/data/projects/rf1-sra-linux2/derivatives/fmriprep/sub-11012/ses-01/func/sub-11012_ses-01_task-sharedreward_run-2_part-mag_space-MNI152NLin6Asym_desc-preproc_bold.nii.gz	/ZPOOL/data/projects/rf1-sra-linux2/derivatives/fmriprep/sub-11012/ses-01/func/sub-11012_ses-01_task-sharedreward_run-2_part-mag_space-MNI152NLin6Asym_desc-brain_mask.nii.gz	/ZPOOL/data/projects/rf1-sra-sharedreward/derivatives/harmonized/sub-11012/ses-01/func/sub-11012_ses-01_task-sharedreward_run-2_space-MNI152NLin6Asym_desc-smoothToFWHM6_bold.nii.gz	6	5.92933	5.91686	5.89216	5.91276	0.658401	3.32415	10.3009	8.77065	Precompiled binary linux_ubuntu_24_64: Aug  4 2026 (Version AFNI_26.2.03 'Gordian III')
rf1	11016	01	1	/ZPOOL/data/projects/rf1-sra-linux2/derivatives/fmriprep/sub-11016/ses-01/func/sub-11016_ses-01_task-sharedreward_run-1_part-mag_space-MNI152NLin6Asym_desc-preproc_bold.nii.gz	/ZPOOL/data/projects/rf1-sra-linux2/derivatives/fmriprep/sub-11016/ses-01/func/sub-11016_ses-01_task-sharedreward_run-1_part-mag_space-MNI152NLin6Asym_desc-brain_mask.nii.gz	/ZPOOL/data/projects/rf1-sra-sharedreward/derivatives/harmonized/sub-11016/ses-01/func/sub-11016_ses-01_task-sharedreward_run-1_space-MNI152NLin6Asym_desc-smoothToFWHM6_bold.nii.gz	6	5.87057	5.86736	5.85726	5.86506	0.694495	3.31766	10.2192	8.62078	Precompiled binary linux_ubuntu_24_64: Aug  4 2026 (Version AFNI_26.2.03 'Gordian III')
rf1	11016	01	2	/ZPOOL/data/projects/rf1-sra-linux2/derivatives/fmriprep/sub-11016/ses-01/func/sub-11016_ses-01_task-sharedreward_run-2_part-mag_space-MNI152NLin6Asym_desc-preproc_bold.nii.gz	/ZPOOL/data/projects/rf1-sra-linux2/derivatives/fmriprep/sub-11016/ses-01/func/sub-11016_ses-01_task-sharedreward_run-2_part-mag_space-MNI152NLin6Asym_desc-brain_mask.nii.gz	/ZPOOL/data/projects/rf1-sra-sharedreward/derivatives/harmonized/sub-11016/ses-01/func/sub-11016_ses-01_task-sharedreward_run-2_space-MNI152NLin6Asym_desc-smoothToFWHM6_bold.nii.gz	6	5.96645	5.9678	5.95471	5.96298	0.682931	3.34772	10.5353	8.76644	Precompiled binary linux_ubuntu_24_64: Aug  4 2026 (Version AFNI_26.2.03 'Gordian III')
rf1	11021	01	1	/ZPOOL/data/projects/rf1-sra-linux2/derivatives/fmriprep/sub-11021/ses-01/func/sub-11021_ses-01_task-sharedreward_run-1_part-mag_space-MNI152NLin6Asym_desc-preproc_bold.nii.gz	/ZPOOL/data/projects/rf1-sra-linux2/derivatives/fmriprep/sub-11021/ses-01/func/sub-11021_ses-01_task-sharedreward_run-1_part-mag_space-MNI152NLin6Asym_desc-brain_mask.nii.gz	/ZPOOL/data/projects/rf1-sra-sharedreward/derivatives/harmonized/sub-11021/ses-01/func/sub-11021_ses-01_task-sharedreward_run-1_space-MNI152NLin6Asym_desc-smoothToFWHM6_bold.nii.gz	6	5.83811	5.86923	5.86014	5.85581	0.69564	3.3051	10.6122	8.63539	Precompiled binary linux_ubuntu_24_64: Aug  4 2026 (Version AFNI_26.2.03 'Gordian III')
rf1	11021	01	2	/ZPOOL/data/projects/rf1-sra-linux2/derivatives/fmriprep/sub-11021/ses-01/func/sub-11021_ses-01_task-sharedreward_run-2_part-mag_space-MNI152NLin6Asym_desc-preproc_bold.nii.gz	/ZPOOL/data/projects/rf1-sra-linux2/derivatives/fmriprep/sub-11021/ses-01/func/sub-11021_ses-01_task-sharedreward_run-2_part-mag_space-MNI152NLin6Asym_desc-brain_mask.nii.gz	/ZPOOL/data/projects/rf1-sra-sharedreward/derivatives/harmonized/sub-11021/ses-01/func/sub-11021_ses-01_task-sharedreward_run-2_space-MNI152NLin6Asym_desc-smoothToFWHM6_bold.nii.gz	6	5.72548	5.72753	5.71314	5.72205	0.651528	3.2085	9.76848	8.46221	Precompiled binary linux_ubuntu_24_64: Aug  4 2026 (Version AFNI_26.2.03 'Gordian III')
rf1	11030	01	1	/ZPOOL/data/projects/rf1-sra-linux2/derivatives/fmriprep/sub-11030/ses-01/func/sub-11030_ses-01_task-sharedreward_run-1_part-mag_space-MNI152NLin6Asym_desc-preproc_bold.nii.gz	/ZPOOL/data/projects/rf1-sra-linux2/derivatives/fmriprep/sub-11030/ses-01/func/sub-11030_ses-01_task-sharedreward_run-1_part-mag_space-MNI152NLin6Asym_desc-brain_mask.nii.gz	/ZPOOL/data/projects/rf1-sra-sharedreward/derivatives/harmonized/sub-11030/ses-01/func/sub-11030_ses-01_task-sharedreward_run-1_space-MNI152NLin6Asym_desc-smoothToFWHM6_bold.nii.gz	6	5.95429	5.97382	5.92285	5.95028	0.632323	3.3095	10.0182	8.78945	Precompiled binary linux_ubuntu_24_64: Aug  4 2026 (Version AFNI_26.2.03 'Gordian III')
rf1	11030	01	2	/ZPOOL/data/projects/rf1-sra-linux2/derivatives/fmriprep/sub-11030/ses-01/func/sub-11030_ses-01_task-sharedreward_run-2_part-mag_space-MNI152NLin6Asym_desc-preproc_bold.nii.gz	/ZPOOL/data/projects/rf1-sra-linux2/derivatives/fmriprep/sub-11030/ses-01/func/sub-11030_ses-01_task-sharedreward_run-2_part-mag_space-MNI152NLin6Asym_desc-brain_mask.nii.gz	/ZPOOL/data/projects/rf1-sra-sharedreward/derivatives/harmonized/sub-11030/ses-01/func/sub-11030_ses-01_task-sharedreward_run-2_space-MNI152NLin6Asym_desc-smoothToFWHM6_bold.nii.gz	6	5.89605	5.896	5.88535	5.89247	0.627373	3.25749	10.2018	8.72448	Precompiled binary linux_ubuntu_24_64: Aug  4 2026 (Version AFNI_26.2.03 'Gordian III')
rf1	11031	01	1	/ZPOOL/data/projects/rf1-sra-linux2/derivatives/fmriprep/sub-11031/ses-01/func/sub-11031_ses-01_task-sharedreward_run-1_part-mag_space-MNI152NLin6Asym_desc-preproc_bold.nii.gz	/ZPOOL/data/projects/rf1-sra-linux2/derivatives/fmriprep/sub-11031/ses-01/func/sub-11031_ses-01_task-sharedreward_run-1_part-mag_space-MNI152NLin6Asym_desc-brain_mask.nii.gz	/ZPOOL/data/projects/rf1-sra-sharedreward/derivatives/harmonized/sub-11031/ses-01/func/sub-11031_ses-01_task-sharedreward_run-1_space-MNI152NLin6Asym_desc-smoothToFWHM6_bold.nii.gz	6	5.71397	5.7239	5.72072	5.71953	0.613293	3.18152	9.54994	8.50125	Precompiled binary linux_ubuntu_24_64: Aug  4 2026 (Version AFNI_26.2.03 'Gordian III')
rf1	11031	01	2	/ZPOOL/data/projects/rf1-sra-linux2/derivatives/fmriprep/sub-11031/ses-01/func/sub-11031_ses-01_task-sharedreward_run-2_part-mag_space-MNI152NLin6Asym_desc-preproc_bold.nii.gz	/ZPOOL/data/projects/rf1-sra-linux2/derivatives/fmriprep/sub-11031/ses-01/func/sub-11031_ses-01_task-sharedreward_run-2_part-mag_space-MNI152NLin6Asym_desc-brain_mask.nii.gz	/ZPOOL/data/projects/rf1-sra-sharedreward/derivatives/harmonized/sub-11031/ses-01/func/sub-11031_ses-01_task-sharedreward_run-2_space-MNI152NLin6Asym_desc-smoothToFWHM6_bold.nii.gz	6	5.9512	5.93529	5.88968	5.92533	0.607406	3.29609	10.1496	8.87529	Precompiled binary linux_ubuntu_24_64: Aug  4 2026 (Version AFNI_26.2.03 'Gordian III')
rf1	11036	01	1	/ZPOOL/data/projects/rf1-sra-linux2/derivatives/fmriprep/sub-11036/ses-01/func/sub-11036_ses-01_task-sharedreward_run-1_part-mag_space-MNI152NLin6Asym_desc-preproc_bold.nii.gz	/ZPOOL/data/projects/rf1-sra-linux2/derivatives/fmriprep/sub-11036/ses-01/func/sub-11036_ses-01_task-sharedreward_run-1_part-mag_space-MNI152NLin6Asym_desc-brain_mask.nii.gz	/ZPOOL/data/projects/rf1-sra-sharedreward/derivatives/harmonized/sub-11036/ses-01/func/sub-11036_ses-01_task-sharedreward_run-1_space-MNI152NLin6Asym_desc-smoothToFWHM6_bold.nii.gz	6	5.86569	5.86648	5.82542	5.8525	0.640438	3.26442	10.1099	8.67665	Precompiled binary linux_ubuntu_24_64: Aug  4 2026 (Version AFNI_26.2.03 'Gordian III')
rf1	11036	01	2	/ZPOOL/data/projects/rf1-sra-linux2/derivatives/fmriprep/sub-11036/ses-01/func/sub-11036_ses-01_task-sharedreward_run-2_part-mag_space-MNI152NLin6Asym_desc-preproc_bold.nii.gz	/ZPOOL/data/projects/rf1-sra-linux2/derivatives/fmriprep/sub-11036/ses-01/func/sub-11036_ses-01_task-sharedreward_run-2_part-mag_space-MNI152NLin6Asym_desc-brain_mask.nii.gz	/ZPOOL/data/projects/rf1-sra-sharedreward/derivatives/harmonized/sub-11036/ses-01/func/sub-11036_ses-01_task-sharedreward_run-2_space-MNI152NLin6Asym_desc-smoothToFWHM6_bold.nii.gz	6	5.94895	5.9653	5.93892	5.95105	0.611594	3.34777	9.59997	8.87033	Precompiled binary linux_ubuntu_24_64: Aug  4 2026 (Version AFNI_26.2.03 'Gordian III')
rf1	11039	01	1	/ZPOOL/data/projects/rf1-sra-linux2/derivatives/fmriprep/sub-11039/ses-01/func/sub-11039_ses-01_task-sharedreward_run-1_part-mag_space-MNI152NLin6Asym_desc-preproc_bold.nii.gz	/ZPOOL/data/projects/rf1-sra-linux2/derivatives/fmriprep/sub-11039/ses-01/func/sub-11039_ses-01_task-sharedreward_run-1_part-mag_space-MNI152NLin6Asym_desc-brain_mask.nii.gz	/ZPOOL/data/projects/rf1-sra-sharedreward/derivatives/harmonized/sub-11039/ses-01/func/sub-11039_ses-01_task-sharedreward_run-1_space-MNI152NLin6Asym_desc-smoothToFWHM6_bold.nii.gz	6	5.81993	5.8277	5.75027	5.7992	0.653049	3.24529	10.365	8.62521	Precompiled binary linux_ubuntu_24_64: Aug  4 2026 (Version AFNI_26.2.03 'Gordian III')
rf1	11039	01	2	/ZPOOL/data/projects/rf1-sra-linux2/derivatives/fmriprep/sub-11039/ses-01/func/sub-11039_ses-01_task-sharedreward_run-2_part-mag_space-MNI152NLin6Asym_desc-preproc_bold.nii.gz	/ZPOOL/data/projects/rf1-sra-linux2/derivatives/fmriprep/sub-11039/ses-01/func/sub-11039_ses-01_task-sharedreward_run-2_part-mag_space-MNI152NLin6Asym_desc-brain_mask.nii.gz	/ZPOOL/data/projects/rf1-sra-sharedreward/derivatives/harmonized/sub-11039/ses-01/func/sub-11039_ses-01_task-sharedreward_run-2_space-MNI152NLin6Asym_desc-smoothToFWHM6_bold.nii.gz	6	5.79123	5.82135	5.75409	5.78882	0.6383	3.21782	10.4914	8.63889	Precompiled binary linux_ubuntu_24_64: Aug  4 2026 (Version AFNI_26.2.03 'Gordian III')
rf1	11042	01	1	/ZPOOL/data/projects/rf1-sra-linux2/derivatives/fmriprep/sub-11042/ses-01/func/sub-11042_ses-01_task-sharedreward_run-1_part-mag_space-MNI152NLin6Asym_desc-preproc_bold.nii.gz	/ZPOOL/data/projects/rf1-sra-linux2/derivatives/fmriprep/sub-11042/ses-01/func/sub-11042_ses-01_task-sharedreward_run-1_part-mag_space-MNI152NLin6Asym_desc-brain_mask.nii.gz	/ZPOOL/data/projects/rf1-sra-sharedreward/derivatives/harmonized/sub-11042/ses-01/func/sub-11042_ses-01_task-sharedreward_run-1_space-MNI152NLin6Asym_desc-smoothToFWHM6_bold.nii.gz	6	6.03775	6.05737	5.99789	6.03095	0.641106	3.30457	11.3711	8.9416	Precompiled binary linux_ubuntu_24_64: Aug  4 2026 (Version AFNI_26.2.03 'Gordian III')
rf1	11042	01	2	/ZPOOL/data/projects/rf1-sra-linux2/derivatives/fmriprep/sub-11042/ses-01/func/sub-11042_ses-01_task-sharedreward_run-2_part-mag_space-MNI152NLin6Asym_desc-preproc_bold.nii.gz	/ZPOOL/data/projects/rf1-sra-linux2/derivatives/fmriprep/sub-11042/ses-01/func/sub-11042_ses-01_task-sharedreward_run-2_part-mag_space-MNI152NLin6Asym_desc-brain_mask.nii.gz	/ZPOOL/data/projects/rf1-sra-sharedreward/derivatives/harmonized/sub-11042/ses-01/func/sub-11042_ses-01_task-sharedreward_run-2_space-MNI152NLin6Asym_desc-smoothToFWHM6_bold.nii.gz	6	5.90301	5.91042	5.82448	5.87918	0.644113	3.19292	11.6469	8.71211	Precompiled binary linux_ubuntu_24_64: Aug  4 2026 (Version AFNI_26.2.03 'Gordian III')
rf1	11053	01	1	/ZPOOL/data/projects/rf1-sra-linux2/derivatives/fmriprep/sub-11053/ses-01/func/sub-11053_ses-01_task-sharedreward_run-1_part-mag_space-MNI152NLin6Asym_desc-preproc_bold.nii.gz	/ZPOOL/data/projects/rf1-sra-linux2/derivatives/fmriprep/sub-11053/ses-01/func/sub-11053_ses-01_task-sharedreward_run-1_part-mag_space-MNI152NLin6Asym_desc-brain_mask.nii.gz	/ZPOOL/data/projects/rf1-sra-sharedreward/derivatives/harmonized/sub-11053/ses-01/func/sub-11053_ses-01_task-sharedreward_run-1_space-MNI152NLin6Asym_desc-smoothToFWHM6_bold.nii.gz	6	5.92198	5.8946	5.90714	5.90789	0.58863	3.29368	9.79846	8.87664	Precompiled binary linux_ubuntu_24_64: Aug  4 2026 (Version AFNI_26.2.03 'Gordian III')
rf1	11053	01	2	/ZPOOL/data/projects/rf1-sra-linux2/derivatives/fmriprep/sub-11053/ses-01/func/sub-11053_ses-01_task-sharedreward_run-2_part-mag_space-MNI152NLin6Asym_desc-preproc_bold.nii.gz	/ZPOOL/data/projects/rf1-sra-linux2/derivatives/fmriprep/sub-11053/ses-01/func/sub-11053_ses-01_task-sharedreward_run-2_part-mag_space-MNI152NLin6Asym_desc-brain_mask.nii.gz	/ZPOOL/data/projects/rf1-sra-sharedreward/derivatives/harmonized/sub-11053/ses-01/func/sub-11053_ses-01_task-sharedreward_run-2_space-MNI152NLin6Asym_desc-smoothToFWHM6_bold.nii.gz	6	5.8053	5.78307	5.76934	5.78588	0.594331	3.20097	9.65362	8.63156	Precompiled binary linux_ubuntu_24_64: Aug  4 2026 (Version AFNI_26.2.03 'Gordian III')
rf1	11058	01	1	/ZPOOL/data/projects/rf1-sra-linux2/derivatives/fmriprep/sub-11058/ses-01/func/sub-11058_ses-01_task-sharedreward_run-1_part-mag_space-MNI152NLin6Asym_desc-preproc_bold.nii.gz	/ZPOOL/data/projects/rf1-sra-linux2/derivatives/fmriprep/sub-11058/ses-01/func/sub-11058_ses-01_task-sharedreward_run-1_part-mag_space-MNI152NLin6Asym_desc-brain_mask.nii.gz	/ZPOOL/data/projects/rf1-sra-sharedreward/derivatives/harmonized/sub-11058/ses-01/func/sub-11058_ses-01_task-sharedreward_run-1_space-MNI152NLin6Asym_desc-smoothToFWHM6_bold.nii.gz	6	5.73573	5.72531	5.64726	5.70263	0.565877	3.22664	8.96853	8.6423	Precompiled binary linux_ubuntu_24_64: Aug  4 2026 (Version AFNI_26.2.03 'Gordian III')
rf1	11058	01	2	/ZPOOL/data/projects/rf1-sra-linux2/derivatives/fmriprep/sub-11058/ses-01/func/sub-11058_ses-01_task-sharedreward_run-2_part-mag_space-MNI152NLin6Asym_desc-preproc_bold.nii.gz	/ZPOOL/data/projects/rf1-sra-linux2/derivatives/fmriprep/sub-11058/ses-01/func/sub-11058_ses-01_task-sharedreward_run-2_part-mag_space-MNI152NLin6Asym_desc-brain_mask.nii.gz	/ZPOOL/data/projects/rf1-sra-sharedreward/derivatives/harmonized/sub-11058/ses-01/func/sub-11058_ses-01_task-sharedreward_run-2_space-MNI152NLin6Asym_desc-smoothToFWHM6_bold.nii.gz	6	5.79737	5.77391	5.68943	5.75338	0.578677	3.15037	9.88585	8.62886	Precompiled binary linux_ubuntu_24_64: Aug  4 2026 (Version AFNI_26.2.03 'Gordian III')
rf1	11060	01	1	/ZPOOL/data/projects/rf1-sra-linux2/derivatives/fmriprep/sub-11060/ses-01/func/sub-11060_ses-01_task-sharedreward_run-1_part-mag_space-MNI152NLin6Asym_desc-preproc_bold.nii.gz	/ZPOOL/data/projects/rf1-sra-linux2/derivatives/fmriprep/sub-11060/ses-01/func/sub-11060_ses-01_task-sharedreward_run-1_part-mag_space-MNI152NLin6Asym_desc-brain_mask.nii.gz	/ZPOOL/data/projects/rf1-sra-sharedreward/derivatives/harmonized/sub-11060/ses-01/func/sub-11060_ses-01_task-sharedreward_run-1_space-MNI152NLin6Asym_desc-smoothToFWHM6_bold.nii.gz	6	5.77929	5.786	5.79017	5.78515	0.602371	3.29297	8.97441	8.66302	Precompiled binary linux_ubuntu_24_64: Aug  4 2026 (Version AFNI_26.2.03 'Gordian III')
rf1	11060	01	2	/ZPOOL/data/projects/rf1-sra-linux2/derivatives/fmriprep/sub-11060/ses-01/func/sub-11060_ses-01_task-sharedreward_run-2_part-mag_space-MNI152NLin6Asym_desc-preproc_bold.nii.gz	/ZPOOL/data/projects/rf1-sra-linux2/derivatives/fmriprep/sub-11060/ses-01/func/sub-11060_ses-01_task-sharedreward_run-2_part-mag_space-MNI152NLin6Asym_desc-brain_mask.nii.gz	/ZPOOL/data/projects/rf1-sra-sharedreward/derivatives/harmonized/sub-11060/ses-01/func/sub-11060_ses-01_task-sharedreward_run-2_space-MNI152NLin6Asym_desc-smoothToFWHM6_bold.nii.gz	6	5.80502	5.83504	5.80558	5.8152	0.590426	3.29549	9.15275	8.74325	Precompiled binary linux_ubuntu_24_64: Aug  4 2026 (Version AFNI_26.2.03 'Gordian III')
rf1	11063	01	1	/ZPOOL/data/projects/rf1-sra-linux2/derivatives/fmriprep/sub-11063/ses-01/func/sub-11063_ses-01_task-sharedreward_run-1_part-mag_space-MNI152NLin6Asym_desc-preproc_bold.nii.gz	/ZPOOL/data/projects/rf1-sra-linux2/derivatives/fmriprep/sub-11063/ses-01/func/sub-11063_ses-01_task-sharedreward_run-1_part-mag_space-MNI152NLin6Asym_desc-brain_mask.nii.gz	/ZPOOL/data/projects/rf1-sra-sharedreward/derivatives/harmonized/sub-11063/ses-01/func/sub-11063_ses-01_task-sharedreward_run-1_space-MNI152NLin6Asym_desc-smoothToFWHM6_bold.nii.gz	6	5.92799	5.90884	5.89419	5.91033	0.64871	3.34411	10.0326	8.80876	Precompiled binary linux_ubuntu_24_64: Aug  4 2026 (Version AFNI_26.2.03 'Gordian III')
rf1	11063	01	2	/ZPOOL/data/projects/rf1-sra-linux2/derivatives/fmriprep/sub-11063/ses-01/func/sub-11063_ses-01_task-sharedreward_run-2_part-mag_space-MNI152NLin6Asym_desc-preproc_bold.nii.gz	/ZPOOL/data/projects/rf1-sra-linux2/derivatives/fmriprep/sub-11063/ses-01/func/sub-11063_ses-01_task-sharedreward_run-2_part-mag_space-MNI152NLin6Asym_desc-brain_mask.nii.gz	/ZPOOL/data/projects/rf1-sra-sharedreward/derivatives/harmonized/sub-11063/ses-01/func/sub-11063_ses-01_task-sharedreward_run-2_space-MNI152NLin6Asym_desc-smoothToFWHM6_bold.nii.gz	6	5.80741	5.79727	5.78396	5.7962	0.645125	3.26756	9.77885	8.6156	Precompiled binary linux_ubuntu_24_64: Aug  4 2026 (Version AFNI_26.2.03 'Gordian III')
rf1	11064	01	1	/ZPOOL/data/projects/rf1-sra-linux2/derivatives/fmriprep/sub-11064/ses-01/func/sub-11064_ses-01_task-sharedreward_run-1_part-mag_space-MNI152NLin6Asym_desc-preproc_bold.nii.gz	/ZPOOL/data/projects/rf1-sra-linux2/derivatives/fmriprep/sub-11064/ses-01/func/sub-11064_ses-01_task-sharedreward_run-1_part-mag_space-MNI152NLin6Asym_desc-brain_mask.nii.gz	/ZPOOL/data/projects/rf1-sra-sharedreward/derivatives/harmonized/sub-11064/ses-01/func/sub-11064_ses-01_task-sharedreward_run-1_space-MNI152NLin6Asym_desc-smoothToFWHM6_bold.nii.gz	6	6.06085	5.95158	5.80104	5.93687	0.537634	3.16143	10.8558	9.03061	Precompiled binary linux_ubuntu_24_64: Aug  4 2026 (Version AFNI_26.2.03 'Gordian III')
rf1	11064	01	2	/ZPOOL/data/projects/rf1-sra-linux2/derivatives/fmriprep/sub-11064/ses-01/func/sub-11064_ses-01_task-sharedreward_run-2_part-mag_space-MNI152NLin6Asym_desc-preproc_bold.nii.gz	/ZPOOL/data/projects/rf1-sra-linux2/derivatives/fmriprep/sub-11064/ses-01/func/sub-11064_ses-01_task-sharedreward_run-2_part-mag_space-MNI152NLin6Asym_desc-brain_mask.nii.gz	/ZPOOL/data/projects/rf1-sra-sharedreward/derivatives/harmonized/sub-11064/ses-01/func/sub-11064_ses-01_task-sharedreward_run-2_space-MNI152NLin6Asym_desc-smoothToFWHM6_bold.nii.gz	6	6.21835	6.14839	6.11429	6.16019	0.546647	3.35938	10.4459	9.31446	Precompiled binary linux_ubuntu_24_64: Aug  4 2026 (Version AFNI_26.2.03 'Gordian III')
rf1	11065	01	1	/ZPOOL/data/projects/rf1-sra-linux2/derivatives/fmriprep/sub-11065/ses-01/func/sub-11065_ses-01_task-sharedreward_run-1_part-mag_space-MNI152NLin6Asym_desc-preproc_bold.nii.gz	/ZPOOL/data/projects/rf1-sra-linux2/derivatives/fmriprep/sub-11065/ses-01/func/sub-11065_ses-01_task-sharedreward_run-1_part-mag_space-MNI152NLin6Asym_desc-brain_mask.nii.gz	/ZPOOL/data/projects/rf1-sra-sharedreward/derivatives/harmonized/sub-11065/ses-01/func/sub-11065_ses-01_task-sharedreward_run-1_space-MNI152NLin6Asym_desc-smoothToFWHM6_bold.nii.gz	6	5.75594	5.77255	5.73712	5.75519	0.572527	3.26354	8.63613	8.618	Precompiled binary linux_ubuntu_24_64: Aug  4 2026 (Version AFNI_26.2.03 'Gordian III')
rf1	11065	01	2	/ZPOOL/data/projects/rf1-sra-linux2/derivatives/fmriprep/sub-11065/ses-01/func/sub-11065_ses-01_task-sharedreward_run-2_part-mag_space-MNI152NLin6Asym_desc-preproc_bold.nii.gz	/ZPOOL/data/projects/rf1-sra-linux2/derivatives/fmriprep/sub-11065/ses-01/func/sub-11065_ses-01_task-sharedreward_run-2_part-mag_space-MNI152NLin6Asym_desc-brain_mask.nii.gz	/ZPOOL/data/projects/rf1-sra-sharedreward/derivatives/harmonized/sub-11065/ses-01/func/sub-11065_ses-01_task-sharedreward_run-2_space-MNI152NLin6Asym_desc-smoothToFWHM6_bold.nii.gz	6	5.7577	5.79367	5.72979	5.76033	0.559878	3.22564	8.84737	8.63166	Precompiled binary linux_ubuntu_24_64: Aug  4 2026 (Version AFNI_26.2.03 'Gordian III')
rf1	11066	01	1	/ZPOOL/data/projects/rf1-sra-linux2/derivatives/fmriprep/sub-11066/ses-01/func/sub-11066_ses-01_task-sharedreward_run-1_part-mag_space-MNI152NLin6Asym_desc-preproc_bold.nii.gz	/ZPOOL/data/projects/rf1-sra-linux2/derivatives/fmriprep/sub-11066/ses-01/func/sub-11066_ses-01_task-sharedreward_run-1_part-mag_space-MNI152NLin6Asym_desc-brain_mask.nii.gz	/ZPOOL/data/projects/rf1-sra-sharedreward/derivatives/harmonized/sub-11066/ses-01/func/sub-11066_ses-01_task-sharedreward_run-1_space-MNI152NLin6Asym_desc-smoothToFWHM6_bold.nii.gz	6	5.87017	5.86122	5.87062	5.86734	0.65798	3.22908	11.4595	8.71043	Precompiled binary linux_ubuntu_24_64: Aug  4 2026 (Version AFNI_26.2.03 'Gordian III')
rf1	11066	01	2	/ZPOOL/data/projects/rf1-sra-linux2/derivatives/fmriprep/sub-11066/ses-01/func/sub-11066_ses-01_task-sharedreward_run-2_part-mag_space-MNI152NLin6Asym_desc-preproc_bold.nii.gz	/ZPOOL/data/projects/rf1-sra-linux2/derivatives/fmriprep/sub-11066/ses-01/func/sub-11066_ses-01_task-sharedreward_run-2_part-mag_space-MNI152NLin6Asym_desc-brain_mask.nii.gz	/ZPOOL/data/projects/rf1-sra-sharedreward/derivatives/harmonized/sub-11066/ses-01/func/sub-11066_ses-01_task-sharedreward_run-2_space-MNI152NLin6Asym_desc-smoothToFWHM6_bold.nii.gz	6	5.86322	5.87192	5.84689	5.86067	0.649119	3.20979	11.5263	8.71332	Precompiled binary linux_ubuntu_24_64: Aug  4 2026 (Version AFNI_26.2.03 'Gordian III')
rf1	11068	01	1	/ZPOOL/data/projects/rf1-sra-linux2/derivatives/fmriprep/sub-11068/ses-01/func/sub-11068_ses-01_task-sharedreward_run-1_part-mag_space-MNI152NLin6Asym_desc-preproc_bold.nii.gz	/ZPOOL/data/projects/rf1-sra-linux2/derivatives/fmriprep/sub-11068/ses-01/func/sub-11068_ses-01_task-sharedreward_run-1_part-mag_space-MNI152NLin6Asym_desc-brain_mask.nii.gz	/ZPOOL/data/projects/rf1-sra-sharedreward/derivatives/harmonized/sub-11068/ses-01/func/sub-11068_ses-01_task-sharedreward_run-1_space-MNI152NLin6Asym_desc-smoothToFWHM6_bold.nii.gz	6	5.96585	5.9624	5.9321	5.95343	0.662531	3.29758	10.967	8.78541	Precompiled binary linux_ubuntu_24_64: Aug  4 2026 (Version AFNI_26.2.03 'Gordian III')
rf1	11068	01	2	/ZPOOL/data/projects/rf1-sra-linux2/derivatives/fmriprep/sub-11068/ses-01/func/sub-11068_ses-01_task-sharedreward_run-2_part-mag_space-MNI152NLin6Asym_desc-preproc_bold.nii.gz	/ZPOOL/data/projects/rf1-sra-linux2/derivatives/fmriprep/sub-11068/ses-01/func/sub-11068_ses-01_task-sharedreward_run-2_part-mag_space-MNI152NLin6Asym_desc-brain_mask.nii.gz	/ZPOOL/data/projects/rf1-sra-sharedreward/derivatives/harmonized/sub-11068/ses-01/func/sub-11068_ses-01_task-sharedreward_run-2_space-MNI152NLin6Asym_desc-smoothToFWHM6_bold.nii.gz	6	5.93899	5.92831	5.89174	5.91964	0.669471	3.31334	10.5616	8.74203	Precompiled binary linux_ubuntu_24_64: Aug  4 2026 (Version AFNI_26.2.03 'Gordian III')
rf1	11071	01	1	/ZPOOL/data/projects/rf1-sra-linux2/derivatives/fmriprep/sub-11071/ses-01/func/sub-11071_ses-01_task-sharedreward_run-1_part-mag_space-MNI152NLin6Asym_desc-preproc_bold.nii.gz	/ZPOOL/data/projects/rf1-sra-linux2/derivatives/fmriprep/sub-11071/ses-01/func/sub-11071_ses-01_task-sharedreward_run-1_part-mag_space-MNI152NLin6Asym_desc-brain_mask.nii.gz	/ZPOOL/data/projects/rf1-sra-sharedreward/derivatives/harmonized/sub-11071/ses-01/func/sub-11071_ses-01_task-sharedreward_run-1_space-MNI152NLin6Asym_desc-smoothToFWHM6_bold.nii.gz	6	5.72898	5.70974	5.69647	5.71171	0.656195	3.36578	7.95628	8.47041	Precompiled binary linux_ubuntu_24_64: Aug  4 2026 (Version AFNI_26.2.03 'Gordian III')
rf1	11071	01	2	/ZPOOL/data/projects/rf1-sra-linux2/derivatives/fmriprep/sub-11071/ses-01/func/sub-11071_ses-01_task-sharedreward_run-2_part-mag_space-MNI152NLin6Asym_desc-preproc_bold.nii.gz	/ZPOOL/data/projects/rf1-sra-linux2/derivatives/fmriprep/sub-11071/ses-01/func/sub-11071_ses-01_task-sharedreward_run-2_part-mag_space-MNI152NLin6Asym_desc-brain_mask.nii.gz	/ZPOOL/data/projects/rf1-sra-sharedreward/derivatives/harmonized/sub-11071/ses-01/func/sub-11071_ses-01_task-sharedreward_run-2_space-MNI152NLin6Asym_desc-smoothToFWHM6_bold.nii.gz	6	5.96651	5.90047	5.8581	5.90819	0.674955	3.4387	9.22367	8.80508	Precompiled binary linux_ubuntu_24_64: Aug  4 2026 (Version AFNI_26.2.03 'Gordian III')
rf1	11072	01	1	/ZPOOL/data/projects/rf1-sra-linux2/derivatives/fmriprep/sub-11072/ses-01/func/sub-11072_ses-01_task-sharedreward_run-1_part-mag_space-MNI152NLin6Asym_desc-preproc_bold.nii.gz	/ZPOOL/data/projects/rf1-sra-linux2/derivatives/fmriprep/sub-11072/ses-01/func/sub-11072_ses-01_task-sharedreward_run-1_part-mag_space-MNI152NLin6Asym_desc-brain_mask.nii.gz	/ZPOOL/data/projects/rf1-sra-sharedreward/derivatives/harmonized/sub-11072/ses-01/func/sub-11072_ses-01_task-sharedreward_run-1_space-MNI152NLin6Asym_desc-smoothToFWHM6_bold.nii.gz	6	5.87513	5.88126	5.87133	5.8759	0.672431	3.23788	11.2701	8.64753	Precompiled binary linux_ubuntu_24_64: Aug  4 2026 (Version AFNI_26.2.03 'Gordian III')
rf1	11072	01	2	/ZPOOL/data/projects/rf1-sra-linux2/derivatives/fmriprep/sub-11072/ses-01/func/sub-11072_ses-01_task-sharedreward_run-2_part-mag_space-MNI152NLin6Asym_desc-preproc_bold.nii.gz	/ZPOOL/data/projects/rf1-sra-linux2/derivatives/fmriprep/sub-11072/ses-01/func/sub-11072_ses-01_task-sharedreward_run-2_part-mag_space-MNI152NLin6Asym_desc-brain_mask.nii.gz	/ZPOOL/data/projects/rf1-sra-sharedreward/derivatives/harmonized/sub-11072/ses-01/func/sub-11072_ses-01_task-sharedreward_run-2_space-MNI152NLin6Asym_desc-smoothToFWHM6_bold.nii.gz	6	5.88386	5.89643	5.86633	5.88219	0.673906	3.21142	11.995	8.65974	Precompiled binary linux_ubuntu_24_64: Aug  4 2026 (Version AFNI_26.2.03 'Gordian III')
rf1	11074	01	1	/ZPOOL/data/projects/rf1-sra-linux2/derivatives/fmriprep/sub-11074/ses-01/func/sub-11074_ses-01_task-sharedreward_run-1_part-mag_space-MNI152NLin6Asym_desc-preproc_bold.nii.gz	/ZPOOL/data/projects/rf1-sra-linux2/derivatives/fmriprep/sub-11074/ses-01/func/sub-11074_ses-01_task-sharedreward_run-1_part-mag_space-MNI152NLin6Asym_desc-brain_mask.nii.gz	/ZPOOL/data/projects/rf1-sra-sharedreward/derivatives/harmonized/sub-11074/ses-01/func/sub-11074_ses-01_task-sharedreward_run-1_space-MNI152NLin6Asym_desc-smoothToFWHM6_bold.nii.gz	6	5.92683	5.93685	5.9609	5.94151	0.681922	3.35608	10.4436	8.77696	Precompiled binary linux_ubuntu_24_64: Aug  4 2026 (Version AFNI_26.2.03 'Gordian III')
rf1	11074	01	2	/ZPOOL/data/projects/rf1-sra-linux2/derivatives/fmriprep/sub-11074/ses-01/func/sub-11074_ses-01_task-sharedreward_run-2_part-mag_space-MNI152NLin6Asym_desc-preproc_bold.nii.gz	/ZPOOL/data/projects/rf1-sra-linux2/derivatives/fmriprep/sub-11074/ses-01/func/sub-11074_ses-01_task-sharedreward_run-2_part-mag_space-MNI152NLin6Asym_desc-brain_mask.nii.gz	/ZPOOL/data/projects/rf1-sra-sharedreward/derivatives/harmonized/sub-11074/ses-01/func/sub-11074_ses-01_task-sharedreward_run-2_space-MNI152NLin6Asym_desc-smoothToFWHM6_bold.nii.gz	6	5.86522	5.87681	5.84352	5.86183	0.698636	3.28645	11.2193	8.64872	Precompiled binary linux_ubuntu_24_64: Aug  4 2026 (Version AFNI_26.2.03 'Gordian III')
rf1	11075	01	1	/ZPOOL/data/projects/rf1-sra-linux2/derivatives/fmriprep/sub-11075/ses-01/func/sub-11075_ses-01_task-sharedreward_run-1_part-mag_space-MNI152NLin6Asym_desc-preproc_bold.nii.gz	/ZPOOL/data/projects/rf1-sra-linux2/derivatives/fmriprep/sub-11075/ses-01/func/sub-11075_ses-01_task-sharedreward_run-1_part-mag_space-MNI152NLin6Asym_desc-brain_mask.nii.gz	/ZPOOL/data/projects/rf1-sra-sharedreward/derivatives/harmonized/sub-11075/ses-01/func/sub-11075_ses-01_task-sharedreward_run-1_space-MNI152NLin6Asym_desc-smoothToFWHM6_bold.nii.gz	6	5.7875	5.76918	5.77895	5.77854	0.631075	3.21597	9.96607	8.58233	Precompiled binary linux_ubuntu_24_64: Aug  4 2026 (Version AFNI_26.2.03 'Gordian III')
rf1	11075	01	2	/ZPOOL/data/projects/rf1-sra-linux2/derivatives/fmriprep/sub-11075/ses-01/func/sub-11075_ses-01_task-sharedreward_run-2_part-mag_space-MNI152NLin6Asym_desc-preproc_bold.nii.gz	/ZPOOL/data/projects/rf1-sra-linux2/derivatives/fmriprep/sub-11075/ses-01/func/sub-11075_ses-01_task-sharedreward_run-2_part-mag_space-MNI152NLin6Asym_desc-brain_mask.nii.gz	/ZPOOL/data/projects/rf1-sra-sharedreward/derivatives/harmonized/sub-11075/ses-01/func/sub-11075_ses-01_task-sharedreward_run-2_space-MNI152NLin6Asym_desc-smoothToFWHM6_bold.nii.gz	6	5.9582	5.92852	5.9198	5.93548	0.609419	3.2826	10.4396	8.88777	Precompiled binary linux_ubuntu_24_64: Aug  4 2026 (Version AFNI_26.2.03 'Gordian III')
rf1	11076	01	1	/ZPOOL/data/projects/rf1-sra-linux2/derivatives/fmriprep/sub-11076/ses-01/func/sub-11076_ses-01_task-sharedreward_run-1_part-mag_space-MNI152NLin6Asym_desc-preproc_bold.nii.gz	/ZPOOL/data/projects/rf1-sra-linux2/derivatives/fmriprep/sub-11076/ses-01/func/sub-11076_ses-01_task-sharedreward_run-1_part-mag_space-MNI152NLin6Asym_desc-brain_mask.nii.gz	/ZPOOL/data/projects/rf1-sra-sharedreward/derivatives/harmonized/sub-11076/ses-01/func/sub-11076_ses-01_task-sharedreward_run-1_space-MNI152NLin6Asym_desc-smoothToFWHM6_bold.nii.gz	6	5.8875	5.85684	5.91799	5.88739	0.714057	3.38795	10.0249	8.69128	Precompiled binary linux_ubuntu_24_64: Aug  4 2026 (Version AFNI_26.2.03 'Gordian III')
rf1	11078	01	1	/ZPOOL/data/projects/rf1-sra-linux2/derivatives/fmriprep/sub-11078/ses-01/func/sub-11078_ses-01_task-sharedreward_run-1_part-mag_space-MNI152NLin6Asym_desc-preproc_bold.nii.gz	/ZPOOL/data/projects/rf1-sra-linux2/derivatives/fmriprep/sub-11078/ses-01/func/sub-11078_ses-01_task-sharedreward_run-1_part-mag_space-MNI152NLin6Asym_desc-brain_mask.nii.gz	/ZPOOL/data/projects/rf1-sra-sharedreward/derivatives/harmonized/sub-11078/ses-01/func/sub-11078_ses-01_task-sharedreward_run-1_space-MNI152NLin6Asym_desc-smoothToFWHM6_bold.nii.gz	6	5.74505	5.76144	5.73329	5.74658	0.631848	3.23764	9.29434	8.51433	Precompiled binary linux_ubuntu_24_64: Aug  4 2026 (Version AFNI_26.2.03 'Gordian III')
rf1	11078	01	2	/ZPOOL/data/projects/rf1-sra-linux2/derivatives/fmriprep/sub-11078/ses-01/func/sub-11078_ses-01_task-sharedreward_run-2_part-mag_space-MNI152NLin6Asym_desc-preproc_bold.nii.gz	/ZPOOL/data/projects/rf1-sra-linux2/derivatives/fmriprep/sub-11078/ses-01/func/sub-11078_ses-01_task-sharedreward_run-2_part-mag_space-MNI152NLin6Asym_desc-brain_mask.nii.gz	/ZPOOL/data/projects/rf1-sra-sharedreward/derivatives/harmonized/sub-11078/ses-01/func/sub-11078_ses-01_task-sharedreward_run-2_space-MNI152NLin6Asym_desc-smoothToFWHM6_bold.nii.gz	6	5.84105	5.82609	5.8013	5.82279	0.658135	3.25154	10.7473	8.67149	Precompiled binary linux_ubuntu_24_64: Aug  4 2026 (Version AFNI_26.2.03 'Gordian III')
rf1	11083	01	1	/ZPOOL/data/projects/rf1-sra-linux2/derivatives/fmriprep/sub-11083/ses-01/func/sub-11083_ses-01_task-sharedreward_run-1_part-mag_space-MNI152NLin6Asym_desc-preproc_bold.nii.gz	/ZPOOL/data/projects/rf1-sra-linux2/derivatives/fmriprep/sub-11083/ses-01/func/sub-11083_ses-01_task-sharedreward_run-1_part-mag_space-MNI152NLin6Asym_desc-brain_mask.nii.gz	/ZPOOL/data/projects/rf1-sra-sharedreward/derivatives/harmonized/sub-11083/ses-01/func/sub-11083_ses-01_task-sharedreward_run-1_space-MNI152NLin6Asym_desc-smoothToFWHM6_bold.nii.gz	6	5.86283	5.83781	5.79338	5.83127	0.663365	3.24909	10.3763	8.59695	Precompiled binary linux_ubuntu_24_64: Aug  4 2026 (Version AFNI_26.2.03 'Gordian III')
rf1	11083	01	2	/ZPOOL/data/projects/rf1-sra-linux2/derivatives/fmriprep/sub-11083/ses-01/func/sub-11083_ses-01_task-sharedreward_run-2_part-mag_space-MNI152NLin6Asym_desc-preproc_bold.nii.gz	/ZPOOL/data/projects/rf1-sra-linux2/derivatives/fmriprep/sub-11083/ses-01/func/sub-11083_ses-01_task-sharedreward_run-2_part-mag_space-MNI152NLin6Asym_desc-brain_mask.nii.gz	/ZPOOL/data/projects/rf1-sra-sharedreward/derivatives/harmonized/sub-11083/ses-01/func/sub-11083_ses-01_task-sharedreward_run-2_space-MNI152NLin6Asym_desc-smoothToFWHM6_bold.nii.gz	6	5.89867	5.88849	5.80916	5.86531	0.673775	3.26768	10.8329	8.65796	Precompiled binary linux_ubuntu_24_64: Aug  4 2026 (Version AFNI_26.2.03 'Gordian III')
rf1	11084	01	1	/ZPOOL/data/projects/rf1-sra-linux2/derivatives/fmriprep/sub-11084/ses-01/func/sub-11084_ses-01_task-sharedreward_run-1_part-mag_space-MNI152NLin6Asym_desc-preproc_bold.nii.gz	/ZPOOL/data/projects/rf1-sra-linux2/derivatives/fmriprep/sub-11084/ses-01/func/sub-11084_ses-01_task-sharedreward_run-1_part-mag_space-MNI152NLin6Asym_desc-brain_mask.nii.gz	/ZPOOL/data/projects/rf1-sra-sharedreward/derivatives/harmonized/sub-11084/ses-01/func/sub-11084_ses-01_task-sharedreward_run-1_space-MNI152NLin6Asym_desc-smoothToFWHM6_bold.nii.gz	6	5.85428	5.83701	5.83201	5.84109	0.691895	3.36474	9.23762	8.60207	Precompiled binary linux_ubuntu_24_64: Aug  4 2026 (Version AFNI_26.2.03 'Gordian III')
rf1	11084	01	2	/ZPOOL/data/projects/rf1-sra-linux2/derivatives/fmriprep/sub-11084/ses-01/func/sub-11084_ses-01_task-sharedreward_run-2_part-mag_space-MNI152NLin6Asym_desc-preproc_bold.nii.gz	/ZPOOL/data/projects/rf1-sra-linux2/derivatives/fmriprep/sub-11084/ses-01/func/sub-11084_ses-01_task-sharedreward_run-2_part-mag_space-MNI152NLin6Asym_desc-brain_mask.nii.gz	/ZPOOL/data/projects/rf1-sra-sharedreward/derivatives/harmonized/sub-11084/ses-01/func/sub-11084_ses-01_task-sharedreward_run-2_space-MNI152NLin6Asym_desc-smoothToFWHM6_bold.nii.gz	6	5.83968	5.82904	5.81365	5.82745	0.679936	3.32388	9.56368	8.59421	Precompiled binary linux_ubuntu_24_64: Aug  4 2026 (Version AFNI_26.2.03 'Gordian III')
rf1	11085	01	1	/ZPOOL/data/projects/rf1-sra-linux2/derivatives/fmriprep/sub-11085/ses-01/func/sub-11085_ses-01_task-sharedreward_run-1_part-mag_space-MNI152NLin6Asym_desc-preproc_bold.nii.gz	/ZPOOL/data/projects/rf1-sra-linux2/derivatives/fmriprep/sub-11085/ses-01/func/sub-11085_ses-01_task-sharedreward_run-1_part-mag_space-MNI152NLin6Asym_desc-brain_mask.nii.gz	/ZPOOL/data/projects/rf1-sra-sharedreward/derivatives/harmonized/sub-11085/ses-01/func/sub-11085_ses-01_task-sharedreward_run-1_space-MNI152NLin6Asym_desc-smoothToFWHM6_bold.nii.gz	6	6.06217	6.00822	5.91823	5.99591	0.682098	3.38908	10.5977	8.86861	Precompiled binary linux_ubuntu_24_64: Aug  4 2026 (Version AFNI_26.2.03 'Gordian III')
rf1	11085	01	2	/ZPOOL/data/projects/rf1-sra-linux2/derivatives/fmriprep/sub-11085/ses-01/func/sub-11085_ses-01_task-sharedreward_run-2_part-mag_space-MNI152NLin6Asym_desc-preproc_bold.nii.gz	/ZPOOL/data/projects/rf1-sra-linux2/derivatives/fmriprep/sub-11085/ses-01/func/sub-11085_ses-01_task-sharedreward_run-2_part-mag_space-MNI152NLin6Asym_desc-brain_mask.nii.gz	/ZPOOL/data/projects/rf1-sra-sharedreward/derivatives/harmonized/sub-11085/ses-01/func/sub-11085_ses-01_task-sharedreward_run-2_space-MNI152NLin6Asym_desc-smoothToFWHM6_bold.nii.gz	6	5.95946	5.90367	5.86447	5.90907	0.698955	3.36208	10.6122	8.75146	Precompiled binary linux_ubuntu_24_64: Aug  4 2026 (Version AFNI_26.2.03 'Gordian III')
rf1	11090	01	1	/ZPOOL/data/projects/rf1-sra-linux2/derivatives/fmriprep/sub-11090/ses-01/func/sub-11090_ses-01_task-sharedreward_run-1_part-mag_space-MNI152NLin6Asym_desc-preproc_bold.nii.gz	/ZPOOL/data/projects/rf1-sra-linux2/derivatives/fmriprep/sub-11090/ses-01/func/sub-11090_ses-01_task-sharedreward_run-1_part-mag_space-MNI152NLin6Asym_desc-brain_mask.nii.gz	/ZPOOL/data/projects/rf1-sra-sharedreward/derivatives/harmonized/sub-11090/ses-01/func/sub-11090_ses-01_task-sharedreward_run-1_space-MNI152NLin6Asym_desc-smoothToFWHM6_bold.nii.gz	6	5.90064	5.86483	5.79452	5.85316	0.666405	3.34373	9.77711	8.71067	Precompiled binary linux_ubuntu_24_64: Aug  4 2026 (Version AFNI_26.2.03 'Gordian III')
rf1	11090	01	2	/ZPOOL/data/projects/rf1-sra-linux2/derivatives/fmriprep/sub-11090/ses-01/func/sub-11090_ses-01_task-sharedreward_run-2_part-mag_space-MNI152NLin6Asym_desc-preproc_bold.nii.gz	/ZPOOL/data/projects/rf1-sra-linux2/derivatives/fmriprep/sub-11090/ses-01/func/sub-11090_ses-01_task-sharedreward_run-2_part-mag_space-MNI152NLin6Asym_desc-brain_mask.nii.gz	/ZPOOL/data/projects/rf1-sra-sharedreward/derivatives/harmonized/sub-11090/ses-01/func/sub-11090_ses-01_task-sharedreward_run-2_space-MNI152NLin6Asym_desc-smoothToFWHM6_bold.nii.gz	6	5.88024	5.85216	5.74947	5.82702	0.616388	3.3777	8.58681	8.71633	Precompiled binary linux_ubuntu_24_64: Aug  4 2026 (Version AFNI_26.2.03 'Gordian III')
rf1	11110	01	1	/ZPOOL/data/projects/rf1-sra-linux2/derivatives/fmriprep/sub-11110/ses-01/func/sub-11110_ses-01_task-sharedreward_run-1_part-mag_space-MNI152NLin6Asym_desc-preproc_bold.nii.gz	/ZPOOL/data/projects/rf1-sra-linux2/derivatives/fmriprep/sub-11110/ses-01/func/sub-11110_ses-01_task-sharedreward_run-1_part-mag_space-MNI152NLin6Asym_desc-brain_mask.nii.gz	/ZPOOL/data/projects/rf1-sra-sharedreward/derivatives/harmonized/sub-11110/ses-01/func/sub-11110_ses-01_task-sharedreward_run-1_space-MNI152NLin6Asym_desc-smoothToFWHM6_bold.nii.gz	6	5.74511	5.71755	5.71707	5.72656	0.642625	3.41505	7.5484	8.50804	Precompiled binary linux_ubuntu_24_64: Aug  4 2026 (Version AFNI_26.2.03 'Gordian III')
rf1	11110	01	2	/ZPOOL/data/projects/rf1-sra-linux2/derivatives/fmriprep/sub-11110/ses-01/func/sub-11110_ses-01_task-sharedreward_run-2_part-mag_space-MNI152NLin6Asym_desc-preproc_bold.nii.gz	/ZPOOL/data/projects/rf1-sra-linux2/derivatives/fmriprep/sub-11110/ses-01/func/sub-11110_ses-01_task-sharedreward_run-2_part-mag_space-MNI152NLin6Asym_desc-brain_mask.nii.gz	/ZPOOL/data/projects/rf1-sra-sharedreward/derivatives/harmonized/sub-11110/ses-01/func/sub-11110_ses-01_task-sharedreward_run-2_space-MNI152NLin6Asym_desc-smoothToFWHM6_bold.nii.gz	6	5.79479	5.76759	5.72064	5.76092	0.643776	3.40485	7.95196	8.57435	Precompiled binary linux_ubuntu_24_64: Aug  4 2026 (Version AFNI_26.2.03 'Gordian III')
rf1	11113	01	1	/ZPOOL/data/projects/rf1-sra-linux2/derivatives/fmriprep/sub-11113/ses-01/func/sub-11113_ses-01_task-sharedreward_run-1_part-mag_space-MNI152NLin6Asym_desc-preproc_bold.nii.gz	/ZPOOL/data/projects/rf1-sra-linux2/derivatives/fmriprep/sub-11113/ses-01/func/sub-11113_ses-01_task-sharedreward_run-1_part-mag_space-MNI152NLin6Asym_desc-brain_mask.nii.gz	/ZPOOL/data/projects/rf1-sra-sharedreward/derivatives/harmonized/sub-11113/ses-01/func/sub-11113_ses-01_task-sharedreward_run-1_space-MNI152NLin6Asym_desc-smoothToFWHM6_bold.nii.gz	6	5.80394	5.8013	5.75081	5.78529	0.575217	3.21475	9.48472	8.69821	Precompiled binary linux_ubuntu_24_64: Aug  4 2026 (Version AFNI_26.2.03 'Gordian III')
rf1	11113	01	2	/ZPOOL/data/projects/rf1-sra-linux2/derivatives/fmriprep/sub-11113/ses-01/func/sub-11113_ses-01_task-sharedreward_run-2_part-mag_space-MNI152NLin6Asym_desc-preproc_bold.nii.gz	/ZPOOL/data/projects/rf1-sra-linux2/derivatives/fmriprep/sub-11113/ses-01/func/sub-11113_ses-01_task-sharedreward_run-2_part-mag_space-MNI152NLin6Asym_desc-brain_mask.nii.gz	/ZPOOL/data/projects/rf1-sra-sharedreward/derivatives/harmonized/sub-11113/ses-01/func/sub-11113_ses-01_task-sharedreward_run-2_space-MNI152NLin6Asym_desc-smoothToFWHM6_bold.nii.gz	6	5.89966	5.89846	5.84688	5.88161	0.561815	3.29994	9.48647	8.92374	Precompiled binary linux_ubuntu_24_64: Aug  4 2026 (Version AFNI_26.2.03 'Gordian III')
rf1	11116	01	1	/ZPOOL/data/projects/rf1-sra-linux2/derivatives/fmriprep/sub-11116/ses-01/func/sub-11116_ses-01_task-sharedreward_run-1_part-mag_space-MNI152NLin6Asym_desc-preproc_bold.nii.gz	/ZPOOL/data/projects/rf1-sra-linux2/derivatives/fmriprep/sub-11116/ses-01/func/sub-11116_ses-01_task-sharedreward_run-1_part-mag_space-MNI152NLin6Asym_desc-brain_mask.nii.gz	/ZPOOL/data/projects/rf1-sra-sharedreward/derivatives/harmonized/sub-11116/ses-01/func/sub-11116_ses-01_task-sharedreward_run-1_space-MNI152NLin6Asym_desc-smoothToFWHM6_bold.nii.gz	6	5.86857	5.88992	5.83518	5.86451	0.724858	3.32703	11.172	8.63887	Precompiled binary linux_ubuntu_24_64: Aug  4 2026 (Version AFNI_26.2.03 'Gordian III')
rf1	11116	01	2	/ZPOOL/data/projects/rf1-sra-linux2/derivatives/fmriprep/sub-11116/ses-01/func/sub-11116_ses-01_task-sharedreward_run-2_part-mag_space-MNI152NLin6Asym_desc-preproc_bold.nii.gz	/ZPOOL/data/projects/rf1-sra-linux2/derivatives/fmriprep/sub-11116/ses-01/func/sub-11116_ses-01_task-sharedreward_run-2_part-mag_space-MNI152NLin6Asym_desc-brain_mask.nii.gz	/ZPOOL/data/projects/rf1-sra-sharedreward/derivatives/harmonized/sub-11116/ses-01/func/sub-11116_ses-01_task-sharedreward_run-2_space-MNI152NLin6Asym_desc-smoothToFWHM6_bold.nii.gz	6	5.89298	5.90134	5.86409	5.88611	0.713855	3.2847	11.887	8.64943	Precompiled binary linux_ubuntu_24_64: Aug  4 2026 (Version AFNI_26.2.03 'Gordian III')
rf1	11120	01	1	/ZPOOL/data/projects/rf1-sra-linux2/derivatives/fmriprep/sub-11120/ses-01/func/sub-11120_ses-01_task-sharedreward_run-1_part-mag_space-MNI152NLin6Asym_desc-preproc_bold.nii.gz	/ZPOOL/data/projects/rf1-sra-linux2/derivatives/fmriprep/sub-11120/ses-01/func/sub-11120_ses-01_task-sharedreward_run-1_part-mag_space-MNI152NLin6Asym_desc-brain_mask.nii.gz	/ZPOOL/data/projects/rf1-sra-sharedreward/derivatives/harmonized/sub-11120/ses-01/func/sub-11120_ses-01_task-sharedreward_run-1_space-MNI152NLin6Asym_desc-smoothToFWHM6_bold.nii.gz	6	5.97431	5.98956	5.96904	5.97763	0.649535	3.37904	10.1405	8.89769	Precompiled binary linux_ubuntu_24_64: Aug  4 2026 (Version AFNI_26.2.03 'Gordian III')
rf1	11120	01	2	/ZPOOL/data/projects/rf1-sra-linux2/derivatives/fmriprep/sub-11120/ses-01/func/sub-11120_ses-01_task-sharedreward_run-2_part-mag_space-MNI152NLin6Asym_desc-preproc_bold.nii.gz	/ZPOOL/data/projects/rf1-sra-linux2/derivatives/fmriprep/sub-11120/ses-01/func/sub-11120_ses-01_task-sharedreward_run-2_part-mag_space-MNI152NLin6Asym_desc-brain_mask.nii.gz	/ZPOOL/data/projects/rf1-sra-sharedreward/derivatives/harmonized/sub-11120/ses-01/func/sub-11120_ses-01_task-sharedreward_run-2_space-MNI152NLin6Asym_desc-smoothToFWHM6_bold.nii.gz	6	5.94005	5.96025	5.92857	5.94294	0.646411	3.30202	10.6497	8.81595	Precompiled binary linux_ubuntu_24_64: Aug  4 2026 (Version AFNI_26.2.03 'Gordian III')
rf1	11125	01	1	/ZPOOL/data/projects/rf1-sra-linux2/derivatives/fmriprep/sub-11125/ses-01/func/sub-11125_ses-01_task-sharedreward_run-1_part-mag_space-MNI152NLin6Asym_desc-preproc_bold.nii.gz	/ZPOOL/data/projects/rf1-sra-linux2/derivatives/fmriprep/sub-11125/ses-01/func/sub-11125_ses-01_task-sharedreward_run-1_part-mag_space-MNI152NLin6Asym_desc-brain_mask.nii.gz	/ZPOOL/data/projects/rf1-sra-sharedreward/derivatives/harmonized/sub-11125/ses-01/func/sub-11125_ses-01_task-sharedreward_run-1_space-MNI152NLin6Asym_desc-smoothToFWHM6_bold.nii.gz	6	5.80666	5.76536	5.70699	5.75952	0.688381	3.2326	10.7663	8.51516	Precompiled binary linux_ubuntu_24_64: Aug  4 2026 (Version AFNI_26.2.03 'Gordian III')
rf1	11125	01	2	/ZPOOL/data/projects/rf1-sra-linux2/derivatives/fmriprep/sub-11125/ses-01/func/sub-11125_ses-01_task-sharedreward_run-2_part-mag_space-MNI152NLin6Asym_desc-preproc_bold.nii.gz	/ZPOOL/data/projects/rf1-sra-linux2/derivatives/fmriprep/sub-11125/ses-01/func/sub-11125_ses-01_task-sharedreward_run-2_part-mag_space-MNI152NLin6Asym_desc-brain_mask.nii.gz	/ZPOOL/data/projects/rf1-sra-sharedreward/derivatives/harmonized/sub-11125/ses-01/func/sub-11125_ses-01_task-sharedreward_run-2_space-MNI152NLin6Asym_desc-smoothToFWHM6_bold.nii.gz	6	5.93	5.89267	5.83081	5.88435	0.696458	3.25922	12.7466	8.741	Precompiled binary linux_ubuntu_24_64: Aug  4 2026 (Version AFNI_26.2.03 'Gordian III')
rf1	11126	01	1	/ZPOOL/data/projects/rf1-sra-linux2/derivatives/fmriprep/sub-11126/ses-01/func/sub-11126_ses-01_task-sharedreward_run-1_part-mag_space-MNI152NLin6Asym_desc-preproc_bold.nii.gz	/ZPOOL/data/projects/rf1-sra-linux2/derivatives/fmriprep/sub-11126/ses-01/func/sub-11126_ses-01_task-sharedreward_run-1_part-mag_space-MNI152NLin6Asym_desc-brain_mask.nii.gz	/ZPOOL/data/projects/rf1-sra-sharedreward/derivatives/harmonized/sub-11126/ses-01/func/sub-11126_ses-01_task-sharedreward_run-1_space-MNI152NLin6Asym_desc-smoothToFWHM6_bold.nii.gz	6	5.8753	5.8475	5.85969	5.86082	0.650772	3.27794	10.8863	8.77793	Precompiled binary linux_ubuntu_24_64: Aug  4 2026 (Version AFNI_26.2.03 'Gordian III')
rf1	11128	01	1	/ZPOOL/data/projects/rf1-sra-linux2/derivatives/fmriprep/sub-11128/ses-01/func/sub-11128_ses-01_task-sharedreward_run-1_part-mag_space-MNI152NLin6Asym_desc-preproc_bold.nii.gz	/ZPOOL/data/projects/rf1-sra-linux2/derivatives/fmriprep/sub-11128/ses-01/func/sub-11128_ses-01_task-sharedreward_run-1_part-mag_space-MNI152NLin6Asym_desc-brain_mask.nii.gz	/ZPOOL/data/projects/rf1-sra-sharedreward/derivatives/harmonized/sub-11128/ses-01/func/sub-11128_ses-01_task-sharedreward_run-1_space-MNI152NLin6Asym_desc-smoothToFWHM6_bold.nii.gz	6	5.79793	5.79518	5.73396	5.77562	0.696297	3.36795	8.63944	8.50867	Precompiled binary linux_ubuntu_24_64: Aug  4 2026 (Version AFNI_26.2.03 'Gordian III')
rf1	11128	01	2	/ZPOOL/data/projects/rf1-sra-linux2/derivatives/fmriprep/sub-11128/ses-01/func/sub-11128_ses-01_task-sharedreward_run-2_part-mag_space-MNI152NLin6Asym_desc-preproc_bold.nii.gz	/ZPOOL/data/projects/rf1-sra-linux2/derivatives/fmriprep/sub-11128/ses-01/func/sub-11128_ses-01_task-sharedreward_run-2_part-mag_space-MNI152NLin6Asym_desc-brain_mask.nii.gz	/ZPOOL/data/projects/rf1-sra-sharedreward/derivatives/harmonized/sub-11128/ses-01/func/sub-11128_ses-01_task-sharedreward_run-2_space-MNI152NLin6Asym_desc-smoothToFWHM6_bold.nii.gz	6	5.82053	5.83136	5.79346	5.81509	0.707588	3.41843	8.78897	8.61344	Precompiled binary linux_ubuntu_24_64: Aug  4 2026 (Version AFNI_26.2.03 'Gordian III')
rf1	11134	01	1	/ZPOOL/data/projects/rf1-sra-linux2/derivatives/fmriprep/sub-11134/ses-01/func/sub-11134_ses-01_task-sharedreward_run-1_part-mag_space-MNI152NLin6Asym_desc-preproc_bold.nii.gz	/ZPOOL/data/projects/rf1-sra-linux2/derivatives/fmriprep/sub-11134/ses-01/func/sub-11134_ses-01_task-sharedreward_run-1_part-mag_space-MNI152NLin6Asym_desc-brain_mask.nii.gz	/ZPOOL/data/projects/rf1-sra-sharedreward/derivatives/harmonized/sub-11134/ses-01/func/sub-11134_ses-01_task-sharedreward_run-1_space-MNI152NLin6Asym_desc-smoothToFWHM6_bold.nii.gz	6	5.81025	5.80725	5.82403	5.81384	0.684668	3.25733	10.3992	8.54137	Precompiled binary linux_ubuntu_24_64: Aug  4 2026 (Version AFNI_26.2.03 'Gordian III')
rf1	11134	01	2	/ZPOOL/data/projects/rf1-sra-linux2/derivatives/fmriprep/sub-11134/ses-01/func/sub-11134_ses-01_task-sharedreward_run-2_part-mag_space-MNI152NLin6Asym_desc-preproc_bold.nii.gz	/ZPOOL/data/projects/rf1-sra-linux2/derivatives/fmriprep/sub-11134/ses-01/func/sub-11134_ses-01_task-sharedreward_run-2_part-mag_space-MNI152NLin6Asym_desc-brain_mask.nii.gz	/ZPOOL/data/projects/rf1-sra-sharedreward/derivatives/harmonized/sub-11134/ses-01/func/sub-11134_ses-01_task-sharedreward_run-2_space-MNI152NLin6Asym_desc-smoothToFWHM6_bold.nii.gz	6	5.85715	5.86283	5.83363	5.85119	0.689004	3.32654	10.1053	8.64452	Precompiled binary linux_ubuntu_24_64: Aug  4 2026 (Version AFNI_26.2.03 'Gordian III')
rf1	11139	01	1	/ZPOOL/data/projects/rf1-sra-linux2/derivatives/fmriprep/sub-11139/ses-01/func/sub-11139_ses-01_task-sharedreward_run-1_part-mag_space-MNI152NLin6Asym_desc-preproc_bold.nii.gz	/ZPOOL/data/projects/rf1-sra-linux2/derivatives/fmriprep/sub-11139/ses-01/func/sub-11139_ses-01_task-sharedreward_run-1_part-mag_space-MNI152NLin6Asym_desc-brain_mask.nii.gz	/ZPOOL/data/projects/rf1-sra-sharedreward/derivatives/harmonized/sub-11139/ses-01/func/sub-11139_ses-01_task-sharedreward_run-1_space-MNI152NLin6Asym_desc-smoothToFWHM6_bold.nii.gz	6	5.83447	5.84427	5.85695	5.84523	0.592587	3.19096	10.4475	8.76096	Precompiled binary linux_ubuntu_24_64: Aug  4 2026 (Version AFNI_26.2.03 'Gordian III')
rf1	11139	01	2	/ZPOOL/data/projects/rf1-sra-linux2/derivatives/fmriprep/sub-11139/ses-01/func/sub-11139_ses-01_task-sharedreward_run-2_part-mag_space-MNI152NLin6Asym_desc-preproc_bold.nii.gz	/ZPOOL/data/projects/rf1-sra-linux2/derivatives/fmriprep/sub-11139/ses-01/func/sub-11139_ses-01_task-sharedreward_run-2_part-mag_space-MNI152NLin6Asym_desc-brain_mask.nii.gz	/ZPOOL/data/projects/rf1-sra-sharedreward/derivatives/harmonized/sub-11139/ses-01/func/sub-11139_ses-01_task-sharedreward_run-2_space-MNI152NLin6Asym_desc-smoothToFWHM6_bold.nii.gz	6	5.8423	5.86008	5.8076	5.83662	0.576523	3.1028	11.401	8.80146	Precompiled binary linux_ubuntu_24_64: Aug  4 2026 (Version AFNI_26.2.03 'Gordian III')
rf1	11145	01	1	/ZPOOL/data/projects/rf1-sra-linux2/derivatives/fmriprep/sub-11145/ses-01/func/sub-11145_ses-01_task-sharedreward_run-1_part-mag_space-MNI152NLin6Asym_desc-preproc_bold.nii.gz	/ZPOOL/data/projects/rf1-sra-linux2/derivatives/fmriprep/sub-11145/ses-01/func/sub-11145_ses-01_task-sharedreward_run-1_part-mag_space-MNI152NLin6Asym_desc-brain_mask.nii.gz	/ZPOOL/data/projects/rf1-sra-sharedreward/derivatives/harmonized/sub-11145/ses-01/func/sub-11145_ses-01_task-sharedreward_run-1_space-MNI152NLin6Asym_desc-smoothToFWHM6_bold.nii.gz	6	6.03521	6.02415	5.90869	5.98908	0.66231	3.31514	10.3126	8.73851	Precompiled binary linux_ubuntu_24_64: Aug  4 2026 (Version AFNI_26.2.03 'Gordian III')
rf1	11145	01	2	/ZPOOL/data/projects/rf1-sra-linux2/derivatives/fmriprep/sub-11145/ses-01/func/sub-11145_ses-01_task-sharedreward_run-2_part-mag_space-MNI152NLin6Asym_desc-preproc_bold.nii.gz	/ZPOOL/data/projects/rf1-sra-linux2/derivatives/fmriprep/sub-11145/ses-01/func/sub-11145_ses-01_task-sharedreward_run-2_part-mag_space-MNI152NLin6Asym_desc-brain_mask.nii.gz	/ZPOOL/data/projects/rf1-sra-sharedreward/derivatives/harmonized/sub-11145/ses-01/func/sub-11145_ses-01_task-sharedreward_run-2_space-MNI152NLin6Asym_desc-smoothToFWHM6_bold.nii.gz	6	5.90832	5.95027	5.84836	5.90217	0.675024	3.27493	10.0095	8.56396	Precompiled binary linux_ubuntu_24_64: Aug  4 2026 (Version AFNI_26.2.03 'Gordian III')
rf1	11164	01	1	/ZPOOL/data/projects/rf1-sra-linux2/derivatives/fmriprep/sub-11164/ses-01/func/sub-11164_ses-01_task-sharedreward_run-1_part-mag_space-MNI152NLin6Asym_desc-preproc_bold.nii.gz	/ZPOOL/data/projects/rf1-sra-linux2/derivatives/fmriprep/sub-11164/ses-01/func/sub-11164_ses-01_task-sharedreward_run-1_part-mag_space-MNI152NLin6Asym_desc-brain_mask.nii.gz	/ZPOOL/data/projects/rf1-sra-sharedreward/derivatives/harmonized/sub-11164/ses-01/func/sub-11164_ses-01_task-sharedreward_run-1_space-MNI152NLin6Asym_desc-smoothToFWHM6_bold.nii.gz	6	5.94802	5.93598	5.83211	5.90514	0.705007	3.37931	10.0714	8.70574	Precompiled binary linux_ubuntu_24_64: Aug  4 2026 (Version AFNI_26.2.03 'Gordian III')
rf1	11167	01	1	/ZPOOL/data/projects/rf1-sra-linux2/derivatives/fmriprep/sub-11167/ses-01/func/sub-11167_ses-01_task-sharedreward_run-1_part-mag_space-MNI152NLin6Asym_desc-preproc_bold.nii.gz	/ZPOOL/data/projects/rf1-sra-linux2/derivatives/fmriprep/sub-11167/ses-01/func/sub-11167_ses-01_task-sharedreward_run-1_part-mag_space-MNI152NLin6Asym_desc-brain_mask.nii.gz	/ZPOOL/data/projects/rf1-sra-sharedreward/derivatives/harmonized/sub-11167/ses-01/func/sub-11167_ses-01_task-sharedreward_run-1_space-MNI152NLin6Asym_desc-smoothToFWHM6_bold.nii.gz	6	5.82767	5.80401	5.76474	5.79875	0.67309	3.32609	9.56767	8.6205	Precompiled binary linux_ubuntu_24_64: Aug  4 2026 (Version AFNI_26.2.03 'Gordian III')
rf1	11167	01	2	/ZPOOL/data/projects/rf1-sra-linux2/derivatives/fmriprep/sub-11167/ses-01/func/sub-11167_ses-01_task-sharedreward_run-2_part-mag_space-MNI152NLin6Asym_desc-preproc_bold.nii.gz	/ZPOOL/data/projects/rf1-sra-linux2/derivatives/fmriprep/sub-11167/ses-01/func/sub-11167_ses-01_task-sharedreward_run-2_part-mag_space-MNI152NLin6Asym_desc-brain_mask.nii.gz	/ZPOOL/data/projects/rf1-sra-sharedreward/derivatives/harmonized/sub-11167/ses-01/func/sub-11167_ses-01_task-sharedreward_run-2_space-MNI152NLin6Asym_desc-smoothToFWHM6_bold.nii.gz	6	5.86314	5.84323	5.7946	5.83358	0.650923	3.31037	9.83682	8.69807	Precompiled binary linux_ubuntu_24_64: Aug  4 2026 (Version AFNI_26.2.03 'Gordian III')
rf1	11168	01	1	/ZPOOL/data/projects/rf1-sra-linux2/derivatives/fmriprep/sub-11168/ses-01/func/sub-11168_ses-01_task-sharedreward_run-1_part-mag_space-MNI152NLin6Asym_desc-preproc_bold.nii.gz	/ZPOOL/data/projects/rf1-sra-linux2/derivatives/fmriprep/sub-11168/ses-01/func/sub-11168_ses-01_task-sharedreward_run-1_part-mag_space-MNI152NLin6Asym_desc-brain_mask.nii.gz	/ZPOOL/data/projects/rf1-sra-sharedreward/derivatives/harmonized/sub-11168/ses-01/func/sub-11168_ses-01_task-sharedreward_run-1_space-MNI152NLin6Asym_desc-smoothToFWHM6_bold.nii.gz	6	5.91042	5.92947	5.81295	5.88406	0.655105	3.23198	11.8082	8.77068	Precompiled binary linux_ubuntu_24_64: Aug  4 2026 (Version AFNI_26.2.03 'Gordian III')
rf1	11168	01	2	/ZPOOL/data/projects/rf1-sra-linux2/derivatives/fmriprep/sub-11168/ses-01/func/sub-11168_ses-01_task-sharedreward_run-2_part-mag_space-MNI152NLin6Asym_desc-preproc_bold.nii.gz	/ZPOOL/data/projects/rf1-sra-linux2/derivatives/fmriprep/sub-11168/ses-01/func/sub-11168_ses-01_task-sharedreward_run-2_part-mag_space-MNI152NLin6Asym_desc-brain_mask.nii.gz	/ZPOOL/data/projects/rf1-sra-sharedreward/derivatives/harmonized/sub-11168/ses-01/func/sub-11168_ses-01_task-sharedreward_run-2_space-MNI152NLin6Asym_desc-smoothToFWHM6_bold.nii.gz	6	5.92012	5.91119	5.83058	5.88716	0.648126	3.24526	11.4495	8.78855	Precompiled binary linux_ubuntu_24_64: Aug  4 2026 (Version AFNI_26.2.03 'Gordian III')
rf1	11171	01	1	/ZPOOL/data/projects/rf1-sra-linux2/derivatives/fmriprep/sub-11171/ses-01/func/sub-11171_ses-01_task-sharedreward_run-1_part-mag_space-MNI152NLin6Asym_desc-preproc_bold.nii.gz	/ZPOOL/data/projects/rf1-sra-linux2/derivatives/fmriprep/sub-11171/ses-01/func/sub-11171_ses-01_task-sharedreward_run-1_part-mag_space-MNI152NLin6Asym_desc-brain_mask.nii.gz	/ZPOOL/data/projects/rf1-sra-sharedreward/derivatives/harmonized/sub-11171/ses-01/func/sub-11171_ses-01_task-sharedreward_run-1_space-MNI152NLin6Asym_desc-smoothToFWHM6_bold.nii.gz	6	5.93362	5.93797	5.90686	5.92613	0.615328	3.35057	9.48627	8.84251	Precompiled binary linux_ubuntu_24_64: Aug  4 2026 (Version AFNI_26.2.03 'Gordian III')
rf1	11171	01	2	/ZPOOL/data/projects/rf1-sra-linux2/derivatives/fmriprep/sub-11171/ses-01/func/sub-11171_ses-01_task-sharedreward_run-2_part-mag_space-MNI152NLin6Asym_desc-preproc_bold.nii.gz	/ZPOOL/data/projects/rf1-sra-linux2/derivatives/fmriprep/sub-11171/ses-01/func/sub-11171_ses-01_task-sharedreward_run-2_part-mag_space-MNI152NLin6Asym_desc-brain_mask.nii.gz	/ZPOOL/data/projects/rf1-sra-sharedreward/derivatives/harmonized/sub-11171/ses-01/func/sub-11171_ses-01_task-sharedreward_run-2_space-MNI152NLin6Asym_desc-smoothToFWHM6_bold.nii.gz	6	5.90927	5.89385	5.86759	5.89021	0.634538	3.33025	9.7647	8.78464	Precompiled binary linux_ubuntu_24_64: Aug  4 2026 (Version AFNI_26.2.03 'Gordian III')
rf1	11177	01	1	/ZPOOL/data/projects/rf1-sra-linux2/derivatives/fmriprep/sub-11177/ses-01/func/sub-11177_ses-01_task-sharedreward_run-1_part-mag_space-MNI152NLin6Asym_desc-preproc_bold.nii.gz	/ZPOOL/data/projects/rf1-sra-linux2/derivatives/fmriprep/sub-11177/ses-01/func/sub-11177_ses-01_task-sharedreward_run-1_part-mag_space-MNI152NLin6Asym_desc-brain_mask.nii.gz	/ZPOOL/data/projects/rf1-sra-sharedreward/derivatives/harmonized/sub-11177/ses-01/func/sub-11177_ses-01_task-sharedreward_run-1_space-MNI152NLin6Asym_desc-smoothToFWHM6_bold.nii.gz	6	5.91849	5.914	5.91923	5.91724	0.658762	3.28853	11.0258	8.78768	Precompiled binary linux_ubuntu_24_64: Aug  4 2026 (Version AFNI_26.2.03 'Gordian III')
rf1	11177	01	2	/ZPOOL/data/projects/rf1-sra-linux2/derivatives/fmriprep/sub-11177/ses-01/func/sub-11177_ses-01_task-sharedreward_run-2_part-mag_space-MNI152NLin6Asym_desc-preproc_bold.nii.gz	/ZPOOL/data/projects/rf1-sra-linux2/derivatives/fmriprep/sub-11177/ses-01/func/sub-11177_ses-01_task-sharedreward_run-2_part-mag_space-MNI152NLin6Asym_desc-brain_mask.nii.gz	/ZPOOL/data/projects/rf1-sra-sharedreward/derivatives/harmonized/sub-11177/ses-01/func/sub-11177_ses-01_task-sharedreward_run-2_space-MNI152NLin6Asym_desc-smoothToFWHM6_bold.nii.gz	6	5.80831	5.80444	5.79107	5.80127	0.662581	3.20965	10.8823	8.57671	Precompiled binary linux_ubuntu_24_64: Aug  4 2026 (Version AFNI_26.2.03 'Gordian III')
rf1	11192	01	1	/ZPOOL/data/projects/rf1-sra-linux2/derivatives/fmriprep/sub-11192/ses-01/func/sub-11192_ses-01_task-sharedreward_run-1_part-mag_space-MNI152NLin6Asym_desc-preproc_bold.nii.gz	/ZPOOL/data/projects/rf1-sra-linux2/derivatives/fmriprep/sub-11192/ses-01/func/sub-11192_ses-01_task-sharedreward_run-1_part-mag_space-MNI152NLin6Asym_desc-brain_mask.nii.gz	/ZPOOL/data/projects/rf1-sra-sharedreward/derivatives/harmonized/sub-11192/ses-01/func/sub-11192_ses-01_task-sharedreward_run-1_space-MNI152NLin6Asym_desc-smoothToFWHM6_bold.nii.gz	6	5.92182	5.90176	5.80958	5.87752	0.600461	3.27572	9.96729	8.82602	Precompiled binary linux_ubuntu_24_64: Aug  4 2026 (Version AFNI_26.2.03 'Gordian III')
rf1	11192	01	2	/ZPOOL/data/projects/rf1-sra-linux2/derivatives/fmriprep/sub-11192/ses-01/func/sub-11192_ses-01_task-sharedreward_run-2_part-mag_space-MNI152NLin6Asym_desc-preproc_bold.nii.gz	/ZPOOL/data/projects/rf1-sra-linux2/derivatives/fmriprep/sub-11192/ses-01/func/sub-11192_ses-01_task-sharedreward_run-2_part-mag_space-MNI152NLin6Asym_desc-brain_mask.nii.gz	/ZPOOL/data/projects/rf1-sra-sharedreward/derivatives/harmonized/sub-11192/ses-01/func/sub-11192_ses-01_task-sharedreward_run-2_space-MNI152NLin6Asym_desc-smoothToFWHM6_bold.nii.gz	6	5.89321	5.87699	5.7657	5.84503	0.58961	3.27793	9.24254	8.72844	Precompiled binary linux_ubuntu_24_64: Aug  4 2026 (Version AFNI_26.2.03 'Gordian III')
rf1	11193	01	1	/ZPOOL/data/projects/rf1-sra-linux2/derivatives/fmriprep/sub-11193/ses-01/func/sub-11193_ses-01_task-sharedreward_run-1_part-mag_space-MNI152NLin6Asym_desc-preproc_bold.nii.gz	/ZPOOL/data/projects/rf1-sra-linux2/derivatives/fmriprep/sub-11193/ses-01/func/sub-11193_ses-01_task-sharedreward_run-1_part-mag_space-MNI152NLin6Asym_desc-brain_mask.nii.gz	/ZPOOL/data/projects/rf1-sra-sharedreward/derivatives/harmonized/sub-11193/ses-01/func/sub-11193_ses-01_task-sharedreward_run-1_space-MNI152NLin6Asym_desc-smoothToFWHM6_bold.nii.gz	6	5.89581	5.88568	5.84778	5.87639	0.786596	3.36288	11.7744	8.54975	Precompiled binary linux_ubuntu_24_64: Aug  4 2026 (Version AFNI_26.2.03 'Gordian III')
rf1	11193	01	2	/ZPOOL/data/projects/rf1-sra-linux2/derivatives/fmriprep/sub-11193/ses-01/func/sub-11193_ses-01_task-sharedreward_run-2_part-mag_space-MNI152NLin6Asym_desc-preproc_bold.nii.gz	/ZPOOL/data/projects/rf1-sra-linux2/derivatives/fmriprep/sub-11193/ses-01/func/sub-11193_ses-01_task-sharedreward_run-2_part-mag_space-MNI152NLin6Asym_desc-brain_mask.nii.gz	/ZPOOL/data/projects/rf1-sra-sharedreward/derivatives/harmonized/sub-11193/ses-01/func/sub-11193_ses-01_task-sharedreward_run-2_space-MNI152NLin6Asym_desc-smoothToFWHM6_bold.nii.gz	6	5.92657	5.88804	5.85599	5.89013	0.799176	3.35822	12.965	8.56099	Precompiled binary linux_ubuntu_24_64: Aug  4 2026 (Version AFNI_26.2.03 'Gordian III')
rf1	11201	01	1	/ZPOOL/data/projects/rf1-sra-linux2/derivatives/fmriprep/sub-11201/ses-01/func/sub-11201_ses-01_task-sharedreward_run-1_part-mag_space-MNI152NLin6Asym_desc-preproc_bold.nii.gz	/ZPOOL/data/projects/rf1-sra-linux2/derivatives/fmriprep/sub-11201/ses-01/func/sub-11201_ses-01_task-sharedreward_run-1_part-mag_space-MNI152NLin6Asym_desc-brain_mask.nii.gz	/ZPOOL/data/projects/rf1-sra-sharedreward/derivatives/harmonized/sub-11201/ses-01/func/sub-11201_ses-01_task-sharedreward_run-1_space-MNI152NLin6Asym_desc-smoothToFWHM6_bold.nii.gz	6	5.76077	5.75267	5.61368	5.70864	0.67122	3.19832	10.5538	8.47622	Precompiled binary linux_ubuntu_24_64: Aug  4 2026 (Version AFNI_26.2.03 'Gordian III')
rf1	11203	01	1	/ZPOOL/data/projects/rf1-sra-linux2/derivatives/fmriprep/sub-11203/ses-01/func/sub-11203_ses-01_task-sharedreward_run-1_part-mag_space-MNI152NLin6Asym_desc-preproc_bold.nii.gz	/ZPOOL/data/projects/rf1-sra-linux2/derivatives/fmriprep/sub-11203/ses-01/func/sub-11203_ses-01_task-sharedreward_run-1_part-mag_space-MNI152NLin6Asym_desc-brain_mask.nii.gz	/ZPOOL/data/projects/rf1-sra-sharedreward/derivatives/harmonized/sub-11203/ses-01/func/sub-11203_ses-01_task-sharedreward_run-1_space-MNI152NLin6Asym_desc-smoothToFWHM6_bold.nii.gz	6	5.67768	5.67367	5.63748	5.66292	0.719087	3.29111	9.25116	8.36726	Precompiled binary linux_ubuntu_24_64: Aug  4 2026 (Version AFNI_26.2.03 'Gordian III')
rf1	11203	01	2	/ZPOOL/data/projects/rf1-sra-linux2/derivatives/fmriprep/sub-11203/ses-01/func/sub-11203_ses-01_task-sharedreward_run-2_part-mag_space-MNI152NLin6Asym_desc-preproc_bold.nii.gz	/ZPOOL/data/projects/rf1-sra-linux2/derivatives/fmriprep/sub-11203/ses-01/func/sub-11203_ses-01_task-sharedreward_run-2_part-mag_space-MNI152NLin6Asym_desc-brain_mask.nii.gz	/ZPOOL/data/projects/rf1-sra-sharedreward/derivatives/harmonized/sub-11203/ses-01/func/sub-11203_ses-01_task-sharedreward_run-2_space-MNI152NLin6Asym_desc-smoothToFWHM6_bold.nii.gz	6	5.79246	5.76534	5.71315	5.75689	0.712479	3.3108	9.6855	8.48366	Precompiled binary linux_ubuntu_24_64: Aug  4 2026 (Version AFNI_26.2.03 'Gordian III')
rf1	11209	01	1	/ZPOOL/data/projects/rf1-sra-linux2/derivatives/fmriprep/sub-11209/ses-01/func/sub-11209_ses-01_task-sharedreward_run-1_part-mag_space-MNI152NLin6Asym_desc-preproc_bold.nii.gz	/ZPOOL/data/projects/rf1-sra-linux2/derivatives/fmriprep/sub-11209/ses-01/func/sub-11209_ses-01_task-sharedreward_run-1_part-mag_space-MNI152NLin6Asym_desc-brain_mask.nii.gz	/ZPOOL/data/projects/rf1-sra-sharedreward/derivatives/harmonized/sub-11209/ses-01/func/sub-11209_ses-01_task-sharedreward_run-1_space-MNI152NLin6Asym_desc-smoothToFWHM6_bold.nii.gz	6	5.77614	5.78438	5.68624	5.74875	0.62753	3.28255	8.89433	8.5502	Precompiled binary linux_ubuntu_24_64: Aug  4 2026 (Version AFNI_26.2.03 'Gordian III')
rf1	11209	01	2	/ZPOOL/data/projects/rf1-sra-linux2/derivatives/fmriprep/sub-11209/ses-01/func/sub-11209_ses-01_task-sharedreward_run-2_part-mag_space-MNI152NLin6Asym_desc-preproc_bold.nii.gz	/ZPOOL/data/projects/rf1-sra-linux2/derivatives/fmriprep/sub-11209/ses-01/func/sub-11209_ses-01_task-sharedreward_run-2_part-mag_space-MNI152NLin6Asym_desc-brain_mask.nii.gz	/ZPOOL/data/projects/rf1-sra-sharedreward/derivatives/harmonized/sub-11209/ses-01/func/sub-11209_ses-01_task-sharedreward_run-2_space-MNI152NLin6Asym_desc-smoothToFWHM6_bold.nii.gz	6	5.7627	5.76915	5.64502	5.72534	0.607708	3.25603	8.71673	8.5167	Precompiled binary linux_ubuntu_24_64: Aug  4 2026 (Version AFNI_26.2.03 'Gordian III')
rf1	11227	01	1	/ZPOOL/data/projects/rf1-sra-linux2/derivatives/fmriprep/sub-11227/ses-01/func/sub-11227_ses-01_task-sharedreward_run-1_part-mag_space-MNI152NLin6Asym_desc-preproc_bold.nii.gz	/ZPOOL/data/projects/rf1-sra-linux2/derivatives/fmriprep/sub-11227/ses-01/func/sub-11227_ses-01_task-sharedreward_run-1_part-mag_space-MNI152NLin6Asym_desc-brain_mask.nii.gz	/ZPOOL/data/projects/rf1-sra-sharedreward/derivatives/harmonized/sub-11227/ses-01/func/sub-11227_ses-01_task-sharedreward_run-1_space-MNI152NLin6Asym_desc-smoothToFWHM6_bold.nii.gz	6	5.8153	5.81358	5.8177	5.81553	0.635948	3.21231	10.4542	8.6305	Precompiled binary linux_ubuntu_24_64: Aug  4 2026 (Version AFNI_26.2.03 'Gordian III')
rf1	11227	01	2	/ZPOOL/data/projects/rf1-sra-linux2/derivatives/fmriprep/sub-11227/ses-01/func/sub-11227_ses-01_task-sharedreward_run-2_part-mag_space-MNI152NLin6Asym_desc-preproc_bold.nii.gz	/ZPOOL/data/projects/rf1-sra-linux2/derivatives/fmriprep/sub-11227/ses-01/func/sub-11227_ses-01_task-sharedreward_run-2_part-mag_space-MNI152NLin6Asym_desc-brain_mask.nii.gz	/ZPOOL/data/projects/rf1-sra-sharedreward/derivatives/harmonized/sub-11227/ses-01/func/sub-11227_ses-01_task-sharedreward_run-2_space-MNI152NLin6Asym_desc-smoothToFWHM6_bold.nii.gz	6	5.83433	5.85461	5.84947	5.84613	0.624724	3.25155	9.97374	8.68455	Precompiled binary linux_ubuntu_24_64: Aug  4 2026 (Version AFNI_26.2.03 'Gordian III')
rf1	11238	01	1	/ZPOOL/data/projects/rf1-sra-linux2/derivatives/fmriprep/sub-11238/ses-01/func/sub-11238_ses-01_task-sharedreward_run-1_part-mag_space-MNI152NLin6Asym_desc-preproc_bold.nii.gz	/ZPOOL/data/projects/rf1-sra-linux2/derivatives/fmriprep/sub-11238/ses-01/func/sub-11238_ses-01_task-sharedreward_run-1_part-mag_space-MNI152NLin6Asym_desc-brain_mask.nii.gz	/ZPOOL/data/projects/rf1-sra-sharedreward/derivatives/harmonized/sub-11238/ses-01/func/sub-11238_ses-01_task-sharedreward_run-1_space-MNI152NLin6Asym_desc-smoothToFWHM6_bold.nii.gz	6	5.8295	5.8271	5.83123	5.82928	0.713358	3.31212	10.3121	8.55669	Precompiled binary linux_ubuntu_24_64: Aug  4 2026 (Version AFNI_26.2.03 'Gordian III')
rf1	11238	01	2	/ZPOOL/data/projects/rf1-sra-linux2/derivatives/fmriprep/sub-11238/ses-01/func/sub-11238_ses-01_task-sharedreward_run-2_part-mag_space-MNI152NLin6Asym_desc-preproc_bold.nii.gz	/ZPOOL/data/projects/rf1-sra-linux2/derivatives/fmriprep/sub-11238/ses-01/func/sub-11238_ses-01_task-sharedreward_run-2_part-mag_space-MNI152NLin6Asym_desc-brain_mask.nii.gz	/ZPOOL/data/projects/rf1-sra-sharedreward/derivatives/harmonized/sub-11238/ses-01/func/sub-11238_ses-01_task-sharedreward_run-2_space-MNI152NLin6Asym_desc-smoothToFWHM6_bold.nii.gz	6	5.86466	5.86501	5.84861	5.85942	0.716855	3.3199	10.7974	8.61425	Precompiled binary linux_ubuntu_24_64: Aug  4 2026 (Version AFNI_26.2.03 'Gordian III')
rf1	11241	01	1	/ZPOOL/data/projects/rf1-sra-linux2/derivatives/fmriprep/sub-11241/ses-01/func/sub-11241_ses-01_task-sharedreward_run-1_part-mag_space-MNI152NLin6Asym_desc-preproc_bold.nii.gz	/ZPOOL/data/projects/rf1-sra-linux2/derivatives/fmriprep/sub-11241/ses-01/func/sub-11241_ses-01_task-sharedreward_run-1_part-mag_space-MNI152NLin6Asym_desc-brain_mask.nii.gz	/ZPOOL/data/projects/rf1-sra-sharedreward/derivatives/harmonized/sub-11241/ses-01/func/sub-11241_ses-01_task-sharedreward_run-1_space-MNI152NLin6Asym_desc-smoothToFWHM6_bold.nii.gz	6	5.88787	5.90002	5.8426	5.87678	0.611096	3.26308	10.4002	8.83236	Precompiled binary linux_ubuntu_24_64: Aug  4 2026 (Version AFNI_26.2.03 'Gordian III')
rf1	11241	01	2	/ZPOOL/data/projects/rf1-sra-linux2/derivatives/fmriprep/sub-11241/ses-01/func/sub-11241_ses-01_task-sharedreward_run-2_part-mag_space-MNI152NLin6Asym_desc-preproc_bold.nii.gz	/ZPOOL/data/projects/rf1-sra-linux2/derivatives/fmriprep/sub-11241/ses-01/func/sub-11241_ses-01_task-sharedreward_run-2_part-mag_space-MNI152NLin6Asym_desc-brain_mask.nii.gz	/ZPOOL/data/projects/rf1-sra-sharedreward/derivatives/harmonized/sub-11241/ses-01/func/sub-11241_ses-01_task-sharedreward_run-2_space-MNI152NLin6Asym_desc-smoothToFWHM6_bold.nii.gz	6	5.88603	5.87524	5.82762	5.86291	0.612333	3.28811	10.0556	8.82322	Precompiled binary linux_ubuntu_24_64: Aug  4 2026 (Version AFNI_26.2.03 'Gordian III')
rf1	11246	01	1	/ZPOOL/data/projects/rf1-sra-linux2/derivatives/fmriprep/sub-11246/ses-01/func/sub-11246_ses-01_task-sharedreward_run-1_part-mag_space-MNI152NLin6Asym_desc-preproc_bold.nii.gz	/ZPOOL/data/projects/rf1-sra-linux2/derivatives/fmriprep/sub-11246/ses-01/func/sub-11246_ses-01_task-sharedreward_run-1_part-mag_space-MNI152NLin6Asym_desc-brain_mask.nii.gz	/ZPOOL/data/projects/rf1-sra-sharedreward/derivatives/harmonized/sub-11246/ses-01/func/sub-11246_ses-01_task-sharedreward_run-1_space-MNI152NLin6Asym_desc-smoothToFWHM6_bold.nii.gz	6	5.97142	5.97824	5.9307	5.96009	0.670732	3.34889	10.699	8.83383	Precompiled binary linux_ubuntu_24_64: Aug  4 2026 (Version AFNI_26.2.03 'Gordian III')
rf1	11246	01	2	/ZPOOL/data/projects/rf1-sra-linux2/derivatives/fmriprep/sub-11246/ses-01/func/sub-11246_ses-01_task-sharedreward_run-2_part-mag_space-MNI152NLin6Asym_desc-preproc_bold.nii.gz	/ZPOOL/data/projects/rf1-sra-linux2/derivatives/fmriprep/sub-11246/ses-01/func/sub-11246_ses-01_task-sharedreward_run-2_part-mag_space-MNI152NLin6Asym_desc-brain_mask.nii.gz	/ZPOOL/data/projects/rf1-sra-sharedreward/derivatives/harmonized/sub-11246/ses-01/func/sub-11246_ses-01_task-sharedreward_run-2_space-MNI152NLin6Asym_desc-smoothToFWHM6_bold.nii.gz	6	5.77902	5.76843	5.72529	5.75753	0.643532	3.2691	9.18626	8.52676	Precompiled binary linux_ubuntu_24_64: Aug  4 2026 (Version AFNI_26.2.03 'Gordian III')
rf1	11276	01	1	/ZPOOL/data/projects/rf1-sra-linux2/derivatives/fmriprep/sub-11276/ses-01/func/sub-11276_ses-01_task-sharedreward_run-1_part-mag_space-MNI152NLin6Asym_desc-preproc_bold.nii.gz	/ZPOOL/data/projects/rf1-sra-linux2/derivatives/fmriprep/sub-11276/ses-01/func/sub-11276_ses-01_task-sharedreward_run-1_part-mag_space-MNI152NLin6Asym_desc-brain_mask.nii.gz	/ZPOOL/data/projects/rf1-sra-sharedreward/derivatives/harmonized/sub-11276/ses-01/func/sub-11276_ses-01_task-sharedreward_run-1_space-MNI152NLin6Asym_desc-smoothToFWHM6_bold.nii.gz	6	5.92762	5.93217	5.8727	5.91077	0.591126	3.22091	11.2983	8.97354	Precompiled binary linux_ubuntu_24_64: Aug  4 2026 (Version AFNI_26.2.03 'Gordian III')
rf1	11276	01	2	/ZPOOL/data/projects/rf1-sra-linux2/derivatives/fmriprep/sub-11276/ses-01/func/sub-11276_ses-01_task-sharedreward_run-2_part-mag_space-MNI152NLin6Asym_desc-preproc_bold.nii.gz	/ZPOOL/data/projects/rf1-sra-linux2/derivatives/fmriprep/sub-11276/ses-01/func/sub-11276_ses-01_task-sharedreward_run-2_part-mag_space-MNI152NLin6Asym_desc-brain_mask.nii.gz	/ZPOOL/data/projects/rf1-sra-sharedreward/derivatives/harmonized/sub-11276/ses-01/func/sub-11276_ses-01_task-sharedreward_run-2_space-MNI152NLin6Asym_desc-smoothToFWHM6_bold.nii.gz	6	5.94222	5.91832	5.78541	5.88158	0.573931	3.16139	11.532	8.96585	Precompiled binary linux_ubuntu_24_64: Aug  4 2026 (Version AFNI_26.2.03 'Gordian III')
rf1	11286	01	1	/ZPOOL/data/projects/rf1-sra-linux2/derivatives/fmriprep/sub-11286/ses-01/func/sub-11286_ses-01_task-sharedreward_run-1_part-mag_space-MNI152NLin6Asym_desc-preproc_bold.nii.gz	/ZPOOL/data/projects/rf1-sra-linux2/derivatives/fmriprep/sub-11286/ses-01/func/sub-11286_ses-01_task-sharedreward_run-1_part-mag_space-MNI152NLin6Asym_desc-brain_mask.nii.gz	/ZPOOL/data/projects/rf1-sra-sharedreward/derivatives/harmonized/sub-11286/ses-01/func/sub-11286_ses-01_task-sharedreward_run-1_space-MNI152NLin6Asym_desc-smoothToFWHM6_bold.nii.gz	6	5.94928	5.92058	5.93181	5.93388	0.638613	3.32587	9.98463	8.79703	Precompiled binary linux_ubuntu_24_64: Aug  4 2026 (Version AFNI_26.2.03 'Gordian III')
rf1	11301	01	1	/ZPOOL/data/projects/rf1-sra-linux2/derivatives/fmriprep/sub-11301/ses-01/func/sub-11301_ses-01_task-sharedreward_run-1_part-mag_space-MNI152NLin6Asym_desc-preproc_bold.nii.gz	/ZPOOL/data/projects/rf1-sra-linux2/derivatives/fmriprep/sub-11301/ses-01/func/sub-11301_ses-01_task-sharedreward_run-1_part-mag_space-MNI152NLin6Asym_desc-brain_mask.nii.gz	/ZPOOL/data/projects/rf1-sra-sharedreward/derivatives/harmonized/sub-11301/ses-01/func/sub-11301_ses-01_task-sharedreward_run-1_space-MNI152NLin6Asym_desc-smoothToFWHM6_bold.nii.gz	6	5.9032	5.9051	5.86815	5.89212	0.657566	3.27932	10.7173	8.73176	Precompiled binary linux_ubuntu_24_64: Aug  4 2026 (Version AFNI_26.2.03 'Gordian III')
rf1	11301	01	2	/ZPOOL/data/projects/rf1-sra-linux2/derivatives/fmriprep/sub-11301/ses-01/func/sub-11301_ses-01_task-sharedreward_run-2_part-mag_space-MNI152NLin6Asym_desc-preproc_bold.nii.gz	/ZPOOL/data/projects/rf1-sra-linux2/derivatives/fmriprep/sub-11301/ses-01/func/sub-11301_ses-01_task-sharedreward_run-2_part-mag_space-MNI152NLin6Asym_desc-brain_mask.nii.gz	/ZPOOL/data/projects/rf1-sra-sharedreward/derivatives/harmonized/sub-11301/ses-01/func/sub-11301_ses-01_task-sharedreward_run-2_space-MNI152NLin6Asym_desc-smoothToFWHM6_bold.nii.gz	6	5.85279	5.82347	5.81275	5.82965	0.646626	3.25635	9.89612	8.60412	Precompiled binary linux_ubuntu_24_64: Aug  4 2026 (Version AFNI_26.2.03 'Gordian III')
rf1	11311	01	1	/ZPOOL/data/projects/rf1-sra-linux2/derivatives/fmriprep/sub-11311/ses-01/func/sub-11311_ses-01_task-sharedreward_run-1_part-mag_space-MNI152NLin6Asym_desc-preproc_bold.nii.gz	/ZPOOL/data/projects/rf1-sra-linux2/derivatives/fmriprep/sub-11311/ses-01/func/sub-11311_ses-01_task-sharedreward_run-1_part-mag_space-MNI152NLin6Asym_desc-brain_mask.nii.gz	/ZPOOL/data/projects/rf1-sra-sharedreward/derivatives/harmonized/sub-11311/ses-01/func/sub-11311_ses-01_task-sharedreward_run-1_space-MNI152NLin6Asym_desc-smoothToFWHM6_bold.nii.gz	6	5.86052	5.84353	5.82676	5.84359	0.585105	3.30474	9.00672	8.74789	Precompiled binary linux_ubuntu_24_64: Aug  4 2026 (Version AFNI_26.2.03 'Gordian III')
rf1	11311	01	2	/ZPOOL/data/projects/rf1-sra-linux2/derivatives/fmriprep/sub-11311/ses-01/func/sub-11311_ses-01_task-sharedreward_run-2_part-mag_space-MNI152NLin6Asym_desc-preproc_bold.nii.gz	/ZPOOL/data/projects/rf1-sra-linux2/derivatives/fmriprep/sub-11311/ses-01/func/sub-11311_ses-01_task-sharedreward_run-2_part-mag_space-MNI152NLin6Asym_desc-brain_mask.nii.gz	/ZPOOL/data/projects/rf1-sra-sharedreward/derivatives/harmonized/sub-11311/ses-01/func/sub-11311_ses-01_task-sharedreward_run-2_space-MNI152NLin6Asym_desc-smoothToFWHM6_bold.nii.gz	6	5.81491	5.78642	5.7618	5.78767	0.601962	3.26196	9.20887	8.64728	Precompiled binary linux_ubuntu_24_64: Aug  4 2026 (Version AFNI_26.2.03 'Gordian III')
rf1	11312	01	1	/ZPOOL/data/projects/rf1-sra-linux2/derivatives/fmriprep/sub-11312/ses-01/func/sub-11312_ses-01_task-sharedreward_run-1_part-mag_space-MNI152NLin6Asym_desc-preproc_bold.nii.gz	/ZPOOL/data/projects/rf1-sra-linux2/derivatives/fmriprep/sub-11312/ses-01/func/sub-11312_ses-01_task-sharedreward_run-1_part-mag_space-MNI152NLin6Asym_desc-brain_mask.nii.gz	/ZPOOL/data/projects/rf1-sra-sharedreward/derivatives/harmonized/sub-11312/ses-01/func/sub-11312_ses-01_task-sharedreward_run-1_space-MNI152NLin6Asym_desc-smoothToFWHM6_bold.nii.gz	6	5.86458	5.85807	5.82481	5.84913	0.631197	3.24242	10.0109	8.64693	Precompiled binary linux_ubuntu_24_64: Aug  4 2026 (Version AFNI_26.2.03 'Gordian III')
rf1	11312	01	2	/ZPOOL/data/projects/rf1-sra-linux2/derivatives/fmriprep/sub-11312/ses-01/func/sub-11312_ses-01_task-sharedreward_run-2_part-mag_space-MNI152NLin6Asym_desc-preproc_bold.nii.gz	/ZPOOL/data/projects/rf1-sra-linux2/derivatives/fmriprep/sub-11312/ses-01/func/sub-11312_ses-01_task-sharedreward_run-2_part-mag_space-MNI152NLin6Asym_desc-brain_mask.nii.gz	/ZPOOL/data/projects/rf1-sra-sharedreward/derivatives/harmonized/sub-11312/ses-01/func/sub-11312_ses-01_task-sharedreward_run-2_space-MNI152NLin6Asym_desc-smoothToFWHM6_bold.nii.gz	6	5.93318	5.93837	5.87601	5.91579	0.640149	3.26557	10.8018	8.7817	Precompiled binary linux_ubuntu_24_64: Aug  4 2026 (Version AFNI_26.2.03 'Gordian III')
rf1	11316	01	1	/ZPOOL/data/projects/rf1-sra-linux2/derivatives/fmriprep/sub-11316/ses-01/func/sub-11316_ses-01_task-sharedreward_run-1_part-mag_space-MNI152NLin6Asym_desc-preproc_bold.nii.gz	/ZPOOL/data/projects/rf1-sra-linux2/derivatives/fmriprep/sub-11316/ses-01/func/sub-11316_ses-01_task-sharedreward_run-1_part-mag_space-MNI152NLin6Asym_desc-brain_mask.nii.gz	/ZPOOL/data/projects/rf1-sra-sharedreward/derivatives/harmonized/sub-11316/ses-01/func/sub-11316_ses-01_task-sharedreward_run-1_space-MNI152NLin6Asym_desc-smoothToFWHM6_bold.nii.gz	6	5.91318	5.89904	5.80766	5.87311	0.642137	3.18841	11.4566	8.68715	Precompiled binary linux_ubuntu_24_64: Aug  4 2026 (Version AFNI_26.2.03 'Gordian III')
rf1	11316	01	2	/ZPOOL/data/projects/rf1-sra-linux2/derivatives/fmriprep/sub-11316/ses-01/func/sub-11316_ses-01_task-sharedreward_run-2_part-mag_space-MNI152NLin6Asym_desc-preproc_bold.nii.gz	/ZPOOL/data/projects/rf1-sra-linux2/derivatives/fmriprep/sub-11316/ses-01/func/sub-11316_ses-01_task-sharedreward_run-2_part-mag_space-MNI152NLin6Asym_desc-brain_mask.nii.gz	/ZPOOL/data/projects/rf1-sra-sharedreward/derivatives/harmonized/sub-11316/ses-01/func/sub-11316_ses-01_task-sharedreward_run-2_space-MNI152NLin6Asym_desc-smoothToFWHM6_bold.nii.gz	6	5.98338	5.95369	5.75699	5.89716	0.623166	3.16623	11.9194	8.78447	Precompiled binary linux_ubuntu_24_64: Aug  4 2026 (Version AFNI_26.2.03 'Gordian III')
rf1	11318	01	1	/ZPOOL/data/projects/rf1-sra-linux2/derivatives/fmriprep/sub-11318/ses-01/func/sub-11318_ses-01_task-sharedreward_run-1_part-mag_space-MNI152NLin6Asym_desc-preproc_bold.nii.gz	/ZPOOL/data/projects/rf1-sra-linux2/derivatives/fmriprep/sub-11318/ses-01/func/sub-11318_ses-01_task-sharedreward_run-1_part-mag_space-MNI152NLin6Asym_desc-brain_mask.nii.gz	/ZPOOL/data/projects/rf1-sra-sharedreward/derivatives/harmonized/sub-11318/ses-01/func/sub-11318_ses-01_task-sharedreward_run-1_space-MNI152NLin6Asym_desc-smoothToFWHM6_bold.nii.gz	6	5.89347	5.89294	5.83359	5.87326	0.644147	3.2471	10.6121	8.69815	Precompiled binary linux_ubuntu_24_64: Aug  4 2026 (Version AFNI_26.2.03 'Gordian III')
rf1	11318	01	2	/ZPOOL/data/projects/rf1-sra-linux2/derivatives/fmriprep/sub-11318/ses-01/func/sub-11318_ses-01_task-sharedreward_run-2_part-mag_space-MNI152NLin6Asym_desc-preproc_bold.nii.gz	/ZPOOL/data/projects/rf1-sra-linux2/derivatives/fmriprep/sub-11318/ses-01/func/sub-11318_ses-01_task-sharedreward_run-2_part-mag_space-MNI152NLin6Asym_desc-brain_mask.nii.gz	/ZPOOL/data/projects/rf1-sra-sharedreward/derivatives/harmonized/sub-11318/ses-01/func/sub-11318_ses-01_task-sharedreward_run-2_space-MNI152NLin6Asym_desc-smoothToFWHM6_bold.nii.gz	6	5.85953	5.83752	5.82026	5.83908	0.646931	3.1867	11.0454	8.6098	Precompiled binary linux_ubuntu_24_64: Aug  4 2026 (Version AFNI_26.2.03 'Gordian III')
rf1	11321	01	1	/ZPOOL/data/projects/rf1-sra-linux2/derivatives/fmriprep/sub-11321/ses-01/func/sub-11321_ses-01_task-sharedreward_run-1_part-mag_space-MNI152NLin6Asym_desc-preproc_bold.nii.gz	/ZPOOL/data/projects/rf1-sra-linux2/derivatives/fmriprep/sub-11321/ses-01/func/sub-11321_ses-01_task-sharedreward_run-1_part-mag_space-MNI152NLin6Asym_desc-brain_mask.nii.gz	/ZPOOL/data/projects/rf1-sra-sharedreward/derivatives/harmonized/sub-11321/ses-01/func/sub-11321_ses-01_task-sharedreward_run-1_space-MNI152NLin6Asym_desc-smoothToFWHM6_bold.nii.gz	6	5.8611	5.85238	5.85721	5.8569	0.698817	3.34693	9.72299	8.60949	Precompiled binary linux_ubuntu_24_64: Aug  4 2026 (Version AFNI_26.2.03 'Gordian III')
rf1	11321	01	2	/ZPOOL/data/projects/rf1-sra-linux2/derivatives/fmriprep/sub-11321/ses-01/func/sub-11321_ses-01_task-sharedreward_run-2_part-mag_space-MNI152NLin6Asym_desc-preproc_bold.nii.gz	/ZPOOL/data/projects/rf1-sra-linux2/derivatives/fmriprep/sub-11321/ses-01/func/sub-11321_ses-01_task-sharedreward_run-2_part-mag_space-MNI152NLin6Asym_desc-brain_mask.nii.gz	/ZPOOL/data/projects/rf1-sra-sharedreward/derivatives/harmonized/sub-11321/ses-01/func/sub-11321_ses-01_task-sharedreward_run-2_space-MNI152NLin6Asym_desc-smoothToFWHM6_bold.nii.gz	6	5.83936	5.8359	5.84721	5.84082	0.690775	3.32662	9.57416	8.56904	Precompiled binary linux_ubuntu_24_64: Aug  4 2026 (Version AFNI_26.2.03 'Gordian III')
rf1	11325	01	1	/ZPOOL/data/projects/rf1-sra-linux2/derivatives/fmriprep/sub-11325/ses-01/func/sub-11325_ses-01_task-sharedreward_run-1_part-mag_space-MNI152NLin6Asym_desc-preproc_bold.nii.gz	/ZPOOL/data/projects/rf1-sra-linux2/derivatives/fmriprep/sub-11325/ses-01/func/sub-11325_ses-01_task-sharedreward_run-1_part-mag_space-MNI152NLin6Asym_desc-brain_mask.nii.gz	/ZPOOL/data/projects/rf1-sra-sharedreward/derivatives/harmonized/sub-11325/ses-01/func/sub-11325_ses-01_task-sharedreward_run-1_space-MNI152NLin6Asym_desc-smoothToFWHM6_bold.nii.gz	6	5.89445	5.88138	5.89544	5.89042	0.647093	3.29261	10.2953	8.74177	Precompiled binary linux_ubuntu_24_64: Aug  4 2026 (Version AFNI_26.2.03 'Gordian III')
rf1	11325	01	2	/ZPOOL/data/projects/rf1-sra-linux2/derivatives/fmriprep/sub-11325/ses-01/func/sub-11325_ses-01_task-sharedreward_run-2_part-mag_space-MNI152NLin6Asym_desc-preproc_bold.nii.gz	/ZPOOL/data/projects/rf1-sra-linux2/derivatives/fmriprep/sub-11325/ses-01/func/sub-11325_ses-01_task-sharedreward_run-2_part-mag_space-MNI152NLin6Asym_desc-brain_mask.nii.gz	/ZPOOL/data/projects/rf1-sra-sharedreward/derivatives/harmonized/sub-11325/ses-01/func/sub-11325_ses-01_task-sharedreward_run-2_space-MNI152NLin6Asym_desc-smoothToFWHM6_bold.nii.gz	6	5.86823	5.87184	5.8455	5.86184	0.64264	3.23135	10.7895	8.69384	Precompiled binary linux_ubuntu_24_64: Aug  4 2026 (Version AFNI_26.2.03 'Gordian III')
rf1	11326	01	1	/ZPOOL/data/projects/rf1-sra-linux2/derivatives/fmriprep/sub-11326/ses-01/func/sub-11326_ses-01_task-sharedreward_run-1_part-mag_space-MNI152NLin6Asym_desc-preproc_bold.nii.gz	/ZPOOL/data/projects/rf1-sra-linux2/derivatives/fmriprep/sub-11326/ses-01/func/sub-11326_ses-01_task-sharedreward_run-1_part-mag_space-MNI152NLin6Asym_desc-brain_mask.nii.gz	/ZPOOL/data/projects/rf1-sra-sharedreward/derivatives/harmonized/sub-11326/ses-01/func/sub-11326_ses-01_task-sharedreward_run-1_space-MNI152NLin6Asym_desc-smoothToFWHM6_bold.nii.gz	6	5.85505	5.8403	5.83749	5.84427	0.660496	3.24394	10.9022	8.66505	Precompiled binary linux_ubuntu_24_64: Aug  4 2026 (Version AFNI_26.2.03 'Gordian III')
rf1	11326	01	2	/ZPOOL/data/projects/rf1-sra-linux2/derivatives/fmriprep/sub-11326/ses-01/func/sub-11326_ses-01_task-sharedreward_run-2_part-mag_space-MNI152NLin6Asym_desc-preproc_bold.nii.gz	/ZPOOL/data/projects/rf1-sra-linux2/derivatives/fmriprep/sub-11326/ses-01/func/sub-11326_ses-01_task-sharedreward_run-2_part-mag_space-MNI152NLin6Asym_desc-brain_mask.nii.gz	/ZPOOL/data/projects/rf1-sra-sharedreward/derivatives/harmonized/sub-11326/ses-01/func/sub-11326_ses-01_task-sharedreward_run-2_space-MNI152NLin6Asym_desc-smoothToFWHM6_bold.nii.gz	6	5.90652	5.91993	5.85034	5.89218	0.643392	3.1813	12.4406	8.78161	Precompiled binary linux_ubuntu_24_64: Aug  4 2026 (Version AFNI_26.2.03 'Gordian III')
rf1	11329	01	1	/ZPOOL/data/projects/rf1-sra-linux2/derivatives/fmriprep/sub-11329/ses-01/func/sub-11329_ses-01_task-sharedreward_run-1_part-mag_space-MNI152NLin6Asym_desc-preproc_bold.nii.gz	/ZPOOL/data/projects/rf1-sra-linux2/derivatives/fmriprep/sub-11329/ses-01/func/sub-11329_ses-01_task-sharedreward_run-1_part-mag_space-MNI152NLin6Asym_desc-brain_mask.nii.gz	/ZPOOL/data/projects/rf1-sra-sharedreward/derivatives/harmonized/sub-11329/ses-01/func/sub-11329_ses-01_task-sharedreward_run-1_space-MNI152NLin6Asym_desc-smoothToFWHM6_bold.nii.gz	6	5.75761	5.76696	5.73692	5.75382	0.593254	3.15993	9.90464	8.59431	Precompiled binary linux_ubuntu_24_64: Aug  4 2026 (Version AFNI_26.2.03 'Gordian III')
rf1	11329	01	2	/ZPOOL/data/projects/rf1-sra-linux2/derivatives/fmriprep/sub-11329/ses-01/func/sub-11329_ses-01_task-sharedreward_run-2_part-mag_space-MNI152NLin6Asym_desc-preproc_bold.nii.gz	/ZPOOL/data/projects/rf1-sra-linux2/derivatives/fmriprep/sub-11329/ses-01/func/sub-11329_ses-01_task-sharedreward_run-2_part-mag_space-MNI152NLin6Asym_desc-brain_mask.nii.gz	/ZPOOL/data/projects/rf1-sra-sharedreward/derivatives/harmonized/sub-11329/ses-01/func/sub-11329_ses-01_task-sharedreward_run-2_space-MNI152NLin6Asym_desc-smoothToFWHM6_bold.nii.gz	6	5.84481	5.82784	5.81496	5.82919	0.578125	3.17909	10.2674	8.76514	Precompiled binary linux_ubuntu_24_64: Aug  4 2026 (Version AFNI_26.2.03 'Gordian III')
rf1	11330	01	1	/ZPOOL/data/projects/rf1-sra-linux2/derivatives/fmriprep/sub-11330/ses-01/func/sub-11330_ses-01_task-sharedreward_run-1_part-mag_space-MNI152NLin6Asym_desc-preproc_bold.nii.gz	/ZPOOL/data/projects/rf1-sra-linux2/derivatives/fmriprep/sub-11330/ses-01/func/sub-11330_ses-01_task-sharedreward_run-1_part-mag_space-MNI152NLin6Asym_desc-brain_mask.nii.gz	/ZPOOL/data/projects/rf1-sra-sharedreward/derivatives/harmonized/sub-11330/ses-01/func/sub-11330_ses-01_task-sharedreward_run-1_space-MNI152NLin6Asym_desc-smoothToFWHM6_bold.nii.gz	6	5.92084	5.90125	5.87133	5.89777	0.593498	3.27354	9.88224	8.83207	Precompiled binary linux_ubuntu_24_64: Aug  4 2026 (Version AFNI_26.2.03 'Gordian III')
rf1	11330	01	2	/ZPOOL/data/projects/rf1-sra-linux2/derivatives/fmriprep/sub-11330/ses-01/func/sub-11330_ses-01_task-sharedreward_run-2_part-mag_space-MNI152NLin6Asym_desc-preproc_bold.nii.gz	/ZPOOL/data/projects/rf1-sra-linux2/derivatives/fmriprep/sub-11330/ses-01/func/sub-11330_ses-01_task-sharedreward_run-2_part-mag_space-MNI152NLin6Asym_desc-brain_mask.nii.gz	/ZPOOL/data/projects/rf1-sra-sharedreward/derivatives/harmonized/sub-11330/ses-01/func/sub-11330_ses-01_task-sharedreward_run-2_space-MNI152NLin6Asym_desc-smoothToFWHM6_bold.nii.gz	6	5.92554	5.91179	5.86704	5.9014	0.569338	3.27542	9.65643	8.8824	Precompiled binary linux_ubuntu_24_64: Aug  4 2026 (Version AFNI_26.2.03 'Gordian III')
rf1	11337	01	1	/ZPOOL/data/projects/rf1-sra-linux2/derivatives/fmriprep/sub-11337/ses-01/func/sub-11337_ses-01_task-sharedreward_run-1_part-mag_space-MNI152NLin6Asym_desc-preproc_bold.nii.gz	/ZPOOL/data/projects/rf1-sra-linux2/derivatives/fmriprep/sub-11337/ses-01/func/sub-11337_ses-01_task-sharedreward_run-1_part-mag_space-MNI152NLin6Asym_desc-brain_mask.nii.gz	/ZPOOL/data/projects/rf1-sra-sharedreward/derivatives/harmonized/sub-11337/ses-01/func/sub-11337_ses-01_task-sharedreward_run-1_space-MNI152NLin6Asym_desc-smoothToFWHM6_bold.nii.gz	6	6.01767	5.98216	5.95008	5.98324	0.621152	3.33741	9.75232	8.84348	Precompiled binary linux_ubuntu_24_64: Aug  4 2026 (Version AFNI_26.2.03 'Gordian III')
rf1	11337	01	2	/ZPOOL/data/projects/rf1-sra-linux2/derivatives/fmriprep/sub-11337/ses-01/func/sub-11337_ses-01_task-sharedreward_run-2_part-mag_space-MNI152NLin6Asym_desc-preproc_bold.nii.gz	/ZPOOL/data/projects/rf1-sra-linux2/derivatives/fmriprep/sub-11337/ses-01/func/sub-11337_ses-01_task-sharedreward_run-2_part-mag_space-MNI152NLin6Asym_desc-brain_mask.nii.gz	/ZPOOL/data/projects/rf1-sra-sharedreward/derivatives/harmonized/sub-11337/ses-01/func/sub-11337_ses-01_task-sharedreward_run-2_space-MNI152NLin6Asym_desc-smoothToFWHM6_bold.nii.gz	6	6.03607	6.04686	6.0191	6.034	0.636878	3.42878	9.40649	8.92368	Precompiled binary linux_ubuntu_24_64: Aug  4 2026 (Version AFNI_26.2.03 'Gordian III')
rf1	11338	01	1	/ZPOOL/data/projects/rf1-sra-linux2/derivatives/fmriprep/sub-11338/ses-01/func/sub-11338_ses-01_task-sharedreward_run-1_part-mag_space-MNI152NLin6Asym_desc-preproc_bold.nii.gz	/ZPOOL/data/projects/rf1-sra-linux2/derivatives/fmriprep/sub-11338/ses-01/func/sub-11338_ses-01_task-sharedreward_run-1_part-mag_space-MNI152NLin6Asym_desc-brain_mask.nii.gz	/ZPOOL/data/projects/rf1-sra-sharedreward/derivatives/harmonized/sub-11338/ses-01/func/sub-11338_ses-01_task-sharedreward_run-1_space-MNI152NLin6Asym_desc-smoothToFWHM6_bold.nii.gz	6	5.83942	5.85976	5.82158	5.84023	0.590068	3.21747	9.906	8.7308	Precompiled binary linux_ubuntu_24_64: Aug  4 2026 (Version AFNI_26.2.03 'Gordian III')
rf1	11338	01	2	/ZPOOL/data/projects/rf1-sra-linux2/derivatives/fmriprep/sub-11338/ses-01/func/sub-11338_ses-01_task-sharedreward_run-2_part-mag_space-MNI152NLin6Asym_desc-preproc_bold.nii.gz	/ZPOOL/data/projects/rf1-sra-linux2/derivatives/fmriprep/sub-11338/ses-01/func/sub-11338_ses-01_task-sharedreward_run-2_part-mag_space-MNI152NLin6Asym_desc-brain_mask.nii.gz	/ZPOOL/data/projects/rf1-sra-sharedreward/derivatives/harmonized/sub-11338/ses-01/func/sub-11338_ses-01_task-sharedreward_run-2_space-MNI152NLin6Asym_desc-smoothToFWHM6_bold.nii.gz	6	5.88803	5.90967	5.86334	5.88698	0.58635	3.22233	10.2943	8.82791	Precompiled binary linux_ubuntu_24_64: Aug  4 2026 (Version AFNI_26.2.03 'Gordian III')
rf1	11340	01	1	/ZPOOL/data/projects/rf1-sra-linux2/derivatives/fmriprep/sub-11340/ses-01/func/sub-11340_ses-01_task-sharedreward_run-1_part-mag_space-MNI152NLin6Asym_desc-preproc_bold.nii.gz	/ZPOOL/data/projects/rf1-sra-linux2/derivatives/fmriprep/sub-11340/ses-01/func/sub-11340_ses-01_task-sharedreward_run-1_part-mag_space-MNI152NLin6Asym_desc-brain_mask.nii.gz	/ZPOOL/data/projects/rf1-sra-sharedreward/derivatives/harmonized/sub-11340/ses-01/func/sub-11340_ses-01_task-sharedreward_run-1_space-MNI152NLin6Asym_desc-smoothToFWHM6_bold.nii.gz	6	5.78206	5.81642	5.81339	5.80394	0.66695	3.24893	10.6052	8.6133	Precompiled binary linux_ubuntu_24_64: Aug  4 2026 (Version AFNI_26.2.03 'Gordian III')
rf1	11340	01	2	/ZPOOL/data/projects/rf1-sra-linux2/derivatives/fmriprep/sub-11340/ses-01/func/sub-11340_ses-01_task-sharedreward_run-2_part-mag_space-MNI152NLin6Asym_desc-preproc_bold.nii.gz	/ZPOOL/data/projects/rf1-sra-linux2/derivatives/fmriprep/sub-11340/ses-01/func/sub-11340_ses-01_task-sharedreward_run-2_part-mag_space-MNI152NLin6Asym_desc-brain_mask.nii.gz	/ZPOOL/data/projects/rf1-sra-sharedreward/derivatives/harmonized/sub-11340/ses-01/func/sub-11340_ses-01_task-sharedreward_run-2_space-MNI152NLin6Asym_desc-smoothToFWHM6_bold.nii.gz	6	5.90686	5.9147	5.85825	5.89322	0.668937	3.31703	10.6731	8.7666	Precompiled binary linux_ubuntu_24_64: Aug  4 2026 (Version AFNI_26.2.03 'Gordian III')
rf1	11343	01	1	/ZPOOL/data/projects/rf1-sra-linux2/derivatives/fmriprep/sub-11343/ses-01/func/sub-11343_ses-01_task-sharedreward_run-1_part-mag_space-MNI152NLin6Asym_desc-preproc_bold.nii.gz	/ZPOOL/data/projects/rf1-sra-linux2/derivatives/fmriprep/sub-11343/ses-01/func/sub-11343_ses-01_task-sharedreward_run-1_part-mag_space-MNI152NLin6Asym_desc-brain_mask.nii.gz	/ZPOOL/data/projects/rf1-sra-sharedreward/derivatives/harmonized/sub-11343/ses-01/func/sub-11343_ses-01_task-sharedreward_run-1_space-MNI152NLin6Asym_desc-smoothToFWHM6_bold.nii.gz	6	5.80534	5.81032	5.81977	5.81181	0.72529	3.32249	10.0609	8.51435	Precompiled binary linux_ubuntu_24_64: Aug  4 2026 (Version AFNI_26.2.03 'Gordian III')
rf1	11343	01	2	/ZPOOL/data/projects/rf1-sra-linux2/derivatives/fmriprep/sub-11343/ses-01/func/sub-11343_ses-01_task-sharedreward_run-2_part-mag_space-MNI152NLin6Asym_desc-preproc_bold.nii.gz	/ZPOOL/data/projects/rf1-sra-linux2/derivatives/fmriprep/sub-11343/ses-01/func/sub-11343_ses-01_task-sharedreward_run-2_part-mag_space-MNI152NLin6Asym_desc-brain_mask.nii.gz	/ZPOOL/data/projects/rf1-sra-sharedreward/derivatives/harmonized/sub-11343/ses-01/func/sub-11343_ses-01_task-sharedreward_run-2_space-MNI152NLin6Asym_desc-smoothToFWHM6_bold.nii.gz	6	5.76127	5.78638	5.76825	5.77196	0.68581	3.23631	10.2424	8.47053	Precompiled binary linux_ubuntu_24_64: Aug  4 2026 (Version AFNI_26.2.03 'Gordian III')
rf1	11345	01	1	/ZPOOL/data/projects/rf1-sra-linux2/derivatives/fmriprep/sub-11345/ses-01/func/sub-11345_ses-01_task-sharedreward_run-1_part-mag_space-MNI152NLin6Asym_desc-preproc_bold.nii.gz	/ZPOOL/data/projects/rf1-sra-linux2/derivatives/fmriprep/sub-11345/ses-01/func/sub-11345_ses-01_task-sharedreward_run-1_part-mag_space-MNI152NLin6Asym_desc-brain_mask.nii.gz	/ZPOOL/data/projects/rf1-sra-sharedreward/derivatives/harmonized/sub-11345/ses-01/func/sub-11345_ses-01_task-sharedreward_run-1_space-MNI152NLin6Asym_desc-smoothToFWHM6_bold.nii.gz	6	5.8406	5.83367	5.83922	5.83783	0.684914	3.31243	9.63301	8.56361	Precompiled binary linux_ubuntu_24_64: Aug  4 2026 (Version AFNI_26.2.03 'Gordian III')
rf1	11345	01	2	/ZPOOL/data/projects/rf1-sra-linux2/derivatives/fmriprep/sub-11345/ses-01/func/sub-11345_ses-01_task-sharedreward_run-2_part-mag_space-MNI152NLin6Asym_desc-preproc_bold.nii.gz	/ZPOOL/data/projects/rf1-sra-linux2/derivatives/fmriprep/sub-11345/ses-01/func/sub-11345_ses-01_task-sharedreward_run-2_part-mag_space-MNI152NLin6Asym_desc-brain_mask.nii.gz	/ZPOOL/data/projects/rf1-sra-sharedreward/derivatives/harmonized/sub-11345/ses-01/func/sub-11345_ses-01_task-sharedreward_run-2_space-MNI152NLin6Asym_desc-smoothToFWHM6_bold.nii.gz	6	5.86038	5.86447	5.83962	5.85481	0.689315	3.3266	9.7483	8.59697	Precompiled binary linux_ubuntu_24_64: Aug  4 2026 (Version AFNI_26.2.03 'Gordian III')
rf1	11348	01	1	/ZPOOL/data/projects/rf1-sra-linux2/derivatives/fmriprep/sub-11348/ses-01/func/sub-11348_ses-01_task-sharedreward_run-1_part-mag_space-MNI152NLin6Asym_desc-preproc_bold.nii.gz	/ZPOOL/data/projects/rf1-sra-linux2/derivatives/fmriprep/sub-11348/ses-01/func/sub-11348_ses-01_task-sharedreward_run-1_part-mag_space-MNI152NLin6Asym_desc-brain_mask.nii.gz	/ZPOOL/data/projects/rf1-sra-sharedreward/derivatives/harmonized/sub-11348/ses-01/func/sub-11348_ses-01_task-sharedreward_run-1_space-MNI152NLin6Asym_desc-smoothToFWHM6_bold.nii.gz	6	5.93141	5.93387	5.92782	5.93103	0.679013	3.2941	10.7119	8.68281	Precompiled binary linux_ubuntu_24_64: Aug  4 2026 (Version AFNI_26.2.03 'Gordian III')
rf1	11348	01	2	/ZPOOL/data/projects/rf1-sra-linux2/derivatives/fmriprep/sub-11348/ses-01/func/sub-11348_ses-01_task-sharedreward_run-2_part-mag_space-MNI152NLin6Asym_desc-preproc_bold.nii.gz	/ZPOOL/data/projects/rf1-sra-linux2/derivatives/fmriprep/sub-11348/ses-01/func/sub-11348_ses-01_task-sharedreward_run-2_part-mag_space-MNI152NLin6Asym_desc-brain_mask.nii.gz	/ZPOOL/data/projects/rf1-sra-sharedreward/derivatives/harmonized/sub-11348/ses-01/func/sub-11348_ses-01_task-sharedreward_run-2_space-MNI152NLin6Asym_desc-smoothToFWHM6_bold.nii.gz	6	6.03066	5.99433	5.95468	5.99314	0.654119	3.32518	10.5195	8.81925	Precompiled binary linux_ubuntu_24_64: Aug  4 2026 (Version AFNI_26.2.03 'Gordian III')
rf1	11358	01	1	/ZPOOL/data/projects/rf1-sra-linux2/derivatives/fmriprep/sub-11358/ses-01/func/sub-11358_ses-01_task-sharedreward_run-1_part-mag_space-MNI152NLin6Asym_desc-preproc_bold.nii.gz	/ZPOOL/data/projects/rf1-sra-linux2/derivatives/fmriprep/sub-11358/ses-01/func/sub-11358_ses-01_task-sharedreward_run-1_part-mag_space-MNI152NLin6Asym_desc-brain_mask.nii.gz	/ZPOOL/data/projects/rf1-sra-sharedreward/derivatives/harmonized/sub-11358/ses-01/func/sub-11358_ses-01_task-sharedreward_run-1_space-MNI152NLin6Asym_desc-smoothToFWHM6_bold.nii.gz	6	5.75922	5.77576	5.76224	5.76574	0.64401	3.25651	9.38807	8.53214	Precompiled binary linux_ubuntu_24_64: Aug  4 2026 (Version AFNI_26.2.03 'Gordian III')
rf1	11358	01	2	/ZPOOL/data/projects/rf1-sra-linux2/derivatives/fmriprep/sub-11358/ses-01/func/sub-11358_ses-01_task-sharedreward_run-2_part-mag_space-MNI152NLin6Asym_desc-preproc_bold.nii.gz	/ZPOOL/data/projects/rf1-sra-linux2/derivatives/fmriprep/sub-11358/ses-01/func/sub-11358_ses-01_task-sharedreward_run-2_part-mag_space-MNI152NLin6Asym_desc-brain_mask.nii.gz	/ZPOOL/data/projects/rf1-sra-sharedreward/derivatives/harmonized/sub-11358/ses-01/func/sub-11358_ses-01_task-sharedreward_run-2_space-MNI152NLin6Asym_desc-smoothToFWHM6_bold.nii.gz	6	5.88959	5.89776	5.86383	5.88371	0.648284	3.32968	9.97864	8.77073	Precompiled binary linux_ubuntu_24_64: Aug  4 2026 (Version AFNI_26.2.03 'Gordian III')
rf1	11364	01	1	/ZPOOL/data/projects/rf1-sra-linux2/derivatives/fmriprep/sub-11364/ses-01/func/sub-11364_ses-01_task-sharedreward_run-1_part-mag_space-MNI152NLin6Asym_desc-preproc_bold.nii.gz	/ZPOOL/data/projects/rf1-sra-linux2/derivatives/fmriprep/sub-11364/ses-01/func/sub-11364_ses-01_task-sharedreward_run-1_part-mag_space-MNI152NLin6Asym_desc-brain_mask.nii.gz	/ZPOOL/data/projects/rf1-sra-sharedreward/derivatives/harmonized/sub-11364/ses-01/func/sub-11364_ses-01_task-sharedreward_run-1_space-MNI152NLin6Asym_desc-smoothToFWHM6_bold.nii.gz	6	5.92032	5.90357	5.88443	5.90276	0.659457	3.31333	10.6365	8.78914	Precompiled binary linux_ubuntu_24_64: Aug  4 2026 (Version AFNI_26.2.03 'Gordian III')
rf1	11364	01	2	/ZPOOL/data/projects/rf1-sra-linux2/derivatives/fmriprep/sub-11364/ses-01/func/sub-11364_ses-01_task-sharedreward_run-2_part-mag_space-MNI152NLin6Asym_desc-preproc_bold.nii.gz	/ZPOOL/data/projects/rf1-sra-linux2/derivatives/fmriprep/sub-11364/ses-01/func/sub-11364_ses-01_task-sharedreward_run-2_part-mag_space-MNI152NLin6Asym_desc-brain_mask.nii.gz	/ZPOOL/data/projects/rf1-sra-sharedreward/derivatives/harmonized/sub-11364/ses-01/func/sub-11364_ses-01_task-sharedreward_run-2_space-MNI152NLin6Asym_desc-smoothToFWHM6_bold.nii.gz	6	5.83464	5.82599	5.82908	5.8299	0.633406	3.20507	10.7954	8.674	Precompiled binary linux_ubuntu_24_64: Aug  4 2026 (Version AFNI_26.2.03 'Gordian III')
rf1	11367	01	1	/ZPOOL/data/projects/rf1-sra-linux2/derivatives/fmriprep/sub-11367/ses-01/func/sub-11367_ses-01_task-sharedreward_run-1_part-mag_space-MNI152NLin6Asym_desc-preproc_bold.nii.gz	/ZPOOL/data/projects/rf1-sra-linux2/derivatives/fmriprep/sub-11367/ses-01/func/sub-11367_ses-01_task-sharedreward_run-1_part-mag_space-MNI152NLin6Asym_desc-brain_mask.nii.gz	/ZPOOL/data/projects/rf1-sra-sharedreward/derivatives/harmonized/sub-11367/ses-01/func/sub-11367_ses-01_task-sharedreward_run-1_space-MNI152NLin6Asym_desc-smoothToFWHM6_bold.nii.gz	6	5.95131	5.92794	5.91605	5.93175	0.694535	3.50343	8.07702	8.70611	Precompiled binary linux_ubuntu_24_64: Aug  4 2026 (Version AFNI_26.2.03 'Gordian III')
rf1	11367	01	2	/ZPOOL/data/projects/rf1-sra-linux2/derivatives/fmriprep/sub-11367/ses-01/func/sub-11367_ses-01_task-sharedreward_run-2_part-mag_space-MNI152NLin6Asym_desc-preproc_bold.nii.gz	/ZPOOL/data/projects/rf1-sra-linux2/derivatives/fmriprep/sub-11367/ses-01/func/sub-11367_ses-01_task-sharedreward_run-2_part-mag_space-MNI152NLin6Asym_desc-brain_mask.nii.gz	/ZPOOL/data/projects/rf1-sra-sharedreward/derivatives/harmonized/sub-11367/ses-01/func/sub-11367_ses-01_task-sharedreward_run-2_space-MNI152NLin6Asym_desc-smoothToFWHM6_bold.nii.gz	6	5.84908	5.8608	5.85502	5.85496	0.706003	3.39167	8.9817	8.58713	Precompiled binary linux_ubuntu_24_64: Aug  4 2026 (Version AFNI_26.2.03 'Gordian III')
rf1	11374	01	1	/ZPOOL/data/projects/rf1-sra-linux2/derivatives/fmriprep/sub-11374/ses-01/func/sub-11374_ses-01_task-sharedreward_run-1_part-mag_space-MNI152NLin6Asym_desc-preproc_bold.nii.gz	/ZPOOL/data/projects/rf1-sra-linux2/derivatives/fmriprep/sub-11374/ses-01/func/sub-11374_ses-01_task-sharedreward_run-1_part-mag_space-MNI152NLin6Asym_desc-brain_mask.nii.gz	/ZPOOL/data/projects/rf1-sra-sharedreward/derivatives/harmonized/sub-11374/ses-01/func/sub-11374_ses-01_task-sharedreward_run-1_space-MNI152NLin6Asym_desc-smoothToFWHM6_bold.nii.gz	6	5.94628	5.89159	5.79663	5.87784	0.645637	3.3016	10.1676	8.74776	Precompiled binary linux_ubuntu_24_64: Aug  4 2026 (Version AFNI_26.2.03 'Gordian III')
rf1	11374	01	2	/ZPOOL/data/projects/rf1-sra-linux2/derivatives/fmriprep/sub-11374/ses-01/func/sub-11374_ses-01_task-sharedreward_run-2_part-mag_space-MNI152NLin6Asym_desc-preproc_bold.nii.gz	/ZPOOL/data/projects/rf1-sra-linux2/derivatives/fmriprep/sub-11374/ses-01/func/sub-11374_ses-01_task-sharedreward_run-2_part-mag_space-MNI152NLin6Asym_desc-brain_mask.nii.gz	/ZPOOL/data/projects/rf1-sra-sharedreward/derivatives/harmonized/sub-11374/ses-01/func/sub-11374_ses-01_task-sharedreward_run-2_space-MNI152NLin6Asym_desc-smoothToFWHM6_bold.nii.gz	6	5.91769	5.9085	5.81131	5.87897	0.636334	3.28186	10.1812	8.74078	Precompiled binary linux_ubuntu_24_64: Aug  4 2026 (Version AFNI_26.2.03 'Gordian III')
rf1	11376	01	1	/ZPOOL/data/projects/rf1-sra-linux2/derivatives/fmriprep/sub-11376/ses-01/func/sub-11376_ses-01_task-sharedreward_run-1_part-mag_space-MNI152NLin6Asym_desc-preproc_bold.nii.gz	/ZPOOL/data/projects/rf1-sra-linux2/derivatives/fmriprep/sub-11376/ses-01/func/sub-11376_ses-01_task-sharedreward_run-1_part-mag_space-MNI152NLin6Asym_desc-brain_mask.nii.gz	/ZPOOL/data/projects/rf1-sra-sharedreward/derivatives/harmonized/sub-11376/ses-01/func/sub-11376_ses-01_task-sharedreward_run-1_space-MNI152NLin6Asym_desc-smoothToFWHM6_bold.nii.gz	6	6.04116	5.98917	6.00495	6.01172	0.613563	3.36168	9.82954	8.9348	Precompiled binary linux_ubuntu_24_64: Aug  4 2026 (Version AFNI_26.2.03 'Gordian III')
rf1	11376	01	2	/ZPOOL/data/projects/rf1-sra-linux2/derivatives/fmriprep/sub-11376/ses-01/func/sub-11376_ses-01_task-sharedreward_run-2_part-mag_space-MNI152NLin6Asym_desc-preproc_bold.nii.gz	/ZPOOL/data/projects/rf1-sra-linux2/derivatives/fmriprep/sub-11376/ses-01/func/sub-11376_ses-01_task-sharedreward_run-2_part-mag_space-MNI152NLin6Asym_desc-brain_mask.nii.gz	/ZPOOL/data/projects/rf1-sra-sharedreward/derivatives/harmonized/sub-11376/ses-01/func/sub-11376_ses-01_task-sharedreward_run-2_space-MNI152NLin6Asym_desc-smoothToFWHM6_bold.nii.gz	6	5.99247	5.96091	5.95782	5.97038	0.604433	3.31218	9.78977	8.85586	Precompiled binary linux_ubuntu_24_64: Aug  4 2026 (Version AFNI_26.2.03 'Gordian III')
rf1	11377	01	1	/ZPOOL/data/projects/rf1-sra-linux2/derivatives/fmriprep/sub-11377/ses-01/func/sub-11377_ses-01_task-sharedreward_run-1_part-mag_space-MNI152NLin6Asym_desc-preproc_bold.nii.gz	/ZPOOL/data/projects/rf1-sra-linux2/derivatives/fmriprep/sub-11377/ses-01/func/sub-11377_ses-01_task-sharedreward_run-1_part-mag_space-MNI152NLin6Asym_desc-brain_mask.nii.gz	/ZPOOL/data/projects/rf1-sra-sharedreward/derivatives/harmonized/sub-11377/ses-01/func/sub-11377_ses-01_task-sharedreward_run-1_space-MNI152NLin6Asym_desc-smoothToFWHM6_bold.nii.gz	6	5.78782	5.76779	5.74646	5.76733	0.697387	3.29783	9.6527	8.49587	Precompiled binary linux_ubuntu_24_64: Aug  4 2026 (Version AFNI_26.2.03 'Gordian III')
rf1	11377	01	2	/ZPOOL/data/projects/rf1-sra-linux2/derivatives/fmriprep/sub-11377/ses-01/func/sub-11377_ses-01_task-sharedreward_run-2_part-mag_space-MNI152NLin6Asym_desc-preproc_bold.nii.gz	/ZPOOL/data/projects/rf1-sra-linux2/derivatives/fmriprep/sub-11377/ses-01/func/sub-11377_ses-01_task-sharedreward_run-2_part-mag_space-MNI152NLin6Asym_desc-brain_mask.nii.gz	/ZPOOL/data/projects/rf1-sra-sharedreward/derivatives/harmonized/sub-11377/ses-01/func/sub-11377_ses-01_task-sharedreward_run-2_space-MNI152NLin6Asym_desc-smoothToFWHM6_bold.nii.gz	6	5.84859	5.8501	5.82078	5.8398	0.687697	3.30826	10.1754	8.61712	Precompiled binary linux_ubuntu_24_64: Aug  4 2026 (Version AFNI_26.2.03 'Gordian III')
rf1	11387	01	1	/ZPOOL/data/projects/rf1-sra-linux2/derivatives/fmriprep/sub-11387/ses-01/func/sub-11387_ses-01_task-sharedreward_run-1_part-mag_space-MNI152NLin6Asym_desc-preproc_bold.nii.gz	/ZPOOL/data/projects/rf1-sra-linux2/derivatives/fmriprep/sub-11387/ses-01/func/sub-11387_ses-01_task-sharedreward_run-1_part-mag_space-MNI152NLin6Asym_desc-brain_mask.nii.gz	/ZPOOL/data/projects/rf1-sra-sharedreward/derivatives/harmonized/sub-11387/ses-01/func/sub-11387_ses-01_task-sharedreward_run-1_space-MNI152NLin6Asym_desc-smoothToFWHM6_bold.nii.gz	6	5.79291	5.77885	5.69256	5.7546	0.607373	3.30401	8.65786	8.60468	Precompiled binary linux_ubuntu_24_64: Aug  4 2026 (Version AFNI_26.2.03 'Gordian III')
rf1	11387	01	2	/ZPOOL/data/projects/rf1-sra-linux2/derivatives/fmriprep/sub-11387/ses-01/func/sub-11387_ses-01_task-sharedreward_run-2_part-mag_space-MNI152NLin6Asym_desc-preproc_bold.nii.gz	/ZPOOL/data/projects/rf1-sra-linux2/derivatives/fmriprep/sub-11387/ses-01/func/sub-11387_ses-01_task-sharedreward_run-2_part-mag_space-MNI152NLin6Asym_desc-brain_mask.nii.gz	/ZPOOL/data/projects/rf1-sra-sharedreward/derivatives/harmonized/sub-11387/ses-01/func/sub-11387_ses-01_task-sharedreward_run-2_space-MNI152NLin6Asym_desc-smoothToFWHM6_bold.nii.gz	6	5.76413	5.76991	5.67866	5.73742	0.593769	3.27357	8.53828	8.554	Precompiled binary linux_ubuntu_24_64: Aug  4 2026 (Version AFNI_26.2.03 'Gordian III')
rf1	11410	01	1	/ZPOOL/data/projects/rf1-sra-linux2/derivatives/fmriprep/sub-11410/ses-01/func/sub-11410_ses-01_task-sharedreward_run-1_part-mag_space-MNI152NLin6Asym_desc-preproc_bold.nii.gz	/ZPOOL/data/projects/rf1-sra-linux2/derivatives/fmriprep/sub-11410/ses-01/func/sub-11410_ses-01_task-sharedreward_run-1_part-mag_space-MNI152NLin6Asym_desc-brain_mask.nii.gz	/ZPOOL/data/projects/rf1-sra-sharedreward/derivatives/harmonized/sub-11410/ses-01/func/sub-11410_ses-01_task-sharedreward_run-1_space-MNI152NLin6Asym_desc-smoothToFWHM6_bold.nii.gz	6	5.89801	5.92502	5.8952	5.90606	0.649101	3.21131	11.4052	8.70197	Precompiled binary linux_ubuntu_24_64: Aug  4 2026 (Version AFNI_26.2.03 'Gordian III')
rf1	11410	01	2	/ZPOOL/data/projects/rf1-sra-linux2/derivatives/fmriprep/sub-11410/ses-01/func/sub-11410_ses-01_task-sharedreward_run-2_part-mag_space-MNI152NLin6Asym_desc-preproc_bold.nii.gz	/ZPOOL/data/projects/rf1-sra-linux2/derivatives/fmriprep/sub-11410/ses-01/func/sub-11410_ses-01_task-sharedreward_run-2_part-mag_space-MNI152NLin6Asym_desc-brain_mask.nii.gz	/ZPOOL/data/projects/rf1-sra-sharedreward/derivatives/harmonized/sub-11410/ses-01/func/sub-11410_ses-01_task-sharedreward_run-2_space-MNI152NLin6Asym_desc-smoothToFWHM6_bold.nii.gz	6	6.02734	6.01589	5.91566	5.98608	0.627386	3.1968	12.1019	8.85637	Precompiled binary linux_ubuntu_24_64: Aug  4 2026 (Version AFNI_26.2.03 'Gordian III')
rf1	11416	01	1	/ZPOOL/data/projects/rf1-sra-linux2/derivatives/fmriprep/sub-11416/ses-01/func/sub-11416_ses-01_task-sharedreward_run-1_part-mag_space-MNI152NLin6Asym_desc-preproc_bold.nii.gz	/ZPOOL/data/projects/rf1-sra-linux2/derivatives/fmriprep/sub-11416/ses-01/func/sub-11416_ses-01_task-sharedreward_run-1_part-mag_space-MNI152NLin6Asym_desc-brain_mask.nii.gz	/ZPOOL/data/projects/rf1-sra-sharedreward/derivatives/harmonized/sub-11416/ses-01/func/sub-11416_ses-01_task-sharedreward_run-1_space-MNI152NLin6Asym_desc-smoothToFWHM6_bold.nii.gz	6	6.03929	6.00522	5.93591	5.99332	0.663601	3.30465	11.5264	8.86524	Precompiled binary linux_ubuntu_24_64: Aug  4 2026 (Version AFNI_26.2.03 'Gordian III')
rf1	11426	01	1	/ZPOOL/data/projects/rf1-sra-linux2/derivatives/fmriprep/sub-11426/ses-01/func/sub-11426_ses-01_task-sharedreward_run-1_part-mag_space-MNI152NLin6Asym_desc-preproc_bold.nii.gz	/ZPOOL/data/projects/rf1-sra-linux2/derivatives/fmriprep/sub-11426/ses-01/func/sub-11426_ses-01_task-sharedreward_run-1_part-mag_space-MNI152NLin6Asym_desc-brain_mask.nii.gz	/ZPOOL/data/projects/rf1-sra-sharedreward/derivatives/harmonized/sub-11426/ses-01/func/sub-11426_ses-01_task-sharedreward_run-1_space-MNI152NLin6Asym_desc-smoothToFWHM6_bold.nii.gz	6	5.75311	5.76763	5.71619	5.7456	0.571107	2.96134	11.8953	8.58558	Precompiled binary linux_ubuntu_24_64: Aug  4 2026 (Version AFNI_26.2.03 'Gordian III')
rf1	11430	01	1	/ZPOOL/data/projects/rf1-sra-linux2/derivatives/fmriprep/sub-11430/ses-01/func/sub-11430_ses-01_task-sharedreward_run-1_part-mag_space-MNI152NLin6Asym_desc-preproc_bold.nii.gz	/ZPOOL/data/projects/rf1-sra-linux2/derivatives/fmriprep/sub-11430/ses-01/func/sub-11430_ses-01_task-sharedreward_run-1_part-mag_space-MNI152NLin6Asym_desc-brain_mask.nii.gz	/ZPOOL/data/projects/rf1-sra-sharedreward/derivatives/harmonized/sub-11430/ses-01/func/sub-11430_ses-01_task-sharedreward_run-1_space-MNI152NLin6Asym_desc-smoothToFWHM6_bold.nii.gz	6	5.92258	5.93268	5.89943	5.91821	0.757247	3.38313	10.4845	8.59506	Precompiled binary linux_ubuntu_24_64: Aug  4 2026 (Version AFNI_26.2.03 'Gordian III')
rf1	11432	01	1	/ZPOOL/data/projects/rf1-sra-linux2/derivatives/fmriprep/sub-11432/ses-01/func/sub-11432_ses-01_task-sharedreward_run-1_part-mag_space-MNI152NLin6Asym_desc-preproc_bold.nii.gz	/ZPOOL/data/projects/rf1-sra-linux2/derivatives/fmriprep/sub-11432/ses-01/func/sub-11432_ses-01_task-sharedreward_run-1_part-mag_space-MNI152NLin6Asym_desc-brain_mask.nii.gz	/ZPOOL/data/projects/rf1-sra-sharedreward/derivatives/harmonized/sub-11432/ses-01/func/sub-11432_ses-01_task-sharedreward_run-1_space-MNI152NLin6Asym_desc-smoothToFWHM6_bold.nii.gz	6	5.84227	5.85258	5.83771	5.84419	0.693038	3.35068	9.24322	8.56913	Precompiled binary linux_ubuntu_24_64: Aug  4 2026 (Version AFNI_26.2.03 'Gordian III')
rf1	11432	01	2	/ZPOOL/data/projects/rf1-sra-linux2/derivatives/fmriprep/sub-11432/ses-01/func/sub-11432_ses-01_task-sharedreward_run-2_part-mag_space-MNI152NLin6Asym_desc-preproc_bold.nii.gz	/ZPOOL/data/projects/rf1-sra-linux2/derivatives/fmriprep/sub-11432/ses-01/func/sub-11432_ses-01_task-sharedreward_run-2_part-mag_space-MNI152NLin6Asym_desc-brain_mask.nii.gz	/ZPOOL/data/projects/rf1-sra-sharedreward/derivatives/harmonized/sub-11432/ses-01/func/sub-11432_ses-01_task-sharedreward_run-2_space-MNI152NLin6Asym_desc-smoothToFWHM6_bold.nii.gz	6	5.95753	5.95842	5.99301	5.96963	0.702647	3.43121	9.47222	8.74962	Precompiled binary linux_ubuntu_24_64: Aug  4 2026 (Version AFNI_26.2.03 'Gordian III')
rf1	11433	01	1	/ZPOOL/data/projects/rf1-sra-linux2/derivatives/fmriprep/sub-11433/ses-01/func/sub-11433_ses-01_task-sharedreward_run-1_part-mag_space-MNI152NLin6Asym_desc-preproc_bold.nii.gz	/ZPOOL/data/projects/rf1-sra-linux2/derivatives/fmriprep/sub-11433/ses-01/func/sub-11433_ses-01_task-sharedreward_run-1_part-mag_space-MNI152NLin6Asym_desc-brain_mask.nii.gz	/ZPOOL/data/projects/rf1-sra-sharedreward/derivatives/harmonized/sub-11433/ses-01/func/sub-11433_ses-01_task-sharedreward_run-1_space-MNI152NLin6Asym_desc-smoothToFWHM6_bold.nii.gz	6	5.97354	5.95708	5.91811	5.94953	0.644366	3.25009	11.9295	8.87516	Precompiled binary linux_ubuntu_24_64: Aug  4 2026 (Version AFNI_26.2.03 'Gordian III')
rf1	11433	01	2	/ZPOOL/data/projects/rf1-sra-linux2/derivatives/fmriprep/sub-11433/ses-01/func/sub-11433_ses-01_task-sharedreward_run-2_part-mag_space-MNI152NLin6Asym_desc-preproc_bold.nii.gz	/ZPOOL/data/projects/rf1-sra-linux2/derivatives/fmriprep/sub-11433/ses-01/func/sub-11433_ses-01_task-sharedreward_run-2_part-mag_space-MNI152NLin6Asym_desc-brain_mask.nii.gz	/ZPOOL/data/projects/rf1-sra-sharedreward/derivatives/harmonized/sub-11433/ses-01/func/sub-11433_ses-01_task-sharedreward_run-2_space-MNI152NLin6Asym_desc-smoothToFWHM6_bold.nii.gz	6	5.81994	5.81276	5.81688	5.81653	0.618374	3.2159	9.99163	8.63376	Precompiled binary linux_ubuntu_24_64: Aug  4 2026 (Version AFNI_26.2.03 'Gordian III')
rf1	11435	01	1	/ZPOOL/data/projects/rf1-sra-linux2/derivatives/fmriprep/sub-11435/ses-01/func/sub-11435_ses-01_task-sharedreward_run-1_part-mag_space-MNI152NLin6Asym_desc-preproc_bold.nii.gz	/ZPOOL/data/projects/rf1-sra-linux2/derivatives/fmriprep/sub-11435/ses-01/func/sub-11435_ses-01_task-sharedreward_run-1_part-mag_space-MNI152NLin6Asym_desc-brain_mask.nii.gz	/ZPOOL/data/projects/rf1-sra-sharedreward/derivatives/harmonized/sub-11435/ses-01/func/sub-11435_ses-01_task-sharedreward_run-1_space-MNI152NLin6Asym_desc-smoothToFWHM6_bold.nii.gz	6	5.88188	5.85567	5.84522	5.8609	0.71448	3.37346	9.95271	8.64933	Precompiled binary linux_ubuntu_24_64: Aug  4 2026 (Version AFNI_26.2.03 'Gordian III')
rf1	11435	01	2	/ZPOOL/data/projects/rf1-sra-linux2/derivatives/fmriprep/sub-11435/ses-01/func/sub-11435_ses-01_task-sharedreward_run-2_part-mag_space-MNI152NLin6Asym_desc-preproc_bold.nii.gz	/ZPOOL/data/projects/rf1-sra-linux2/derivatives/fmriprep/sub-11435/ses-01/func/sub-11435_ses-01_task-sharedreward_run-2_part-mag_space-MNI152NLin6Asym_desc-brain_mask.nii.gz	/ZPOOL/data/projects/rf1-sra-sharedreward/derivatives/harmonized/sub-11435/ses-01/func/sub-11435_ses-01_task-sharedreward_run-2_space-MNI152NLin6Asym_desc-smoothToFWHM6_bold.nii.gz	6	5.75665	5.76469	5.75067	5.75733	0.7059	3.31424	9.19416	8.44715	Precompiled binary linux_ubuntu_24_64: Aug  4 2026 (Version AFNI_26.2.03 'Gordian III')
rf1	11439	01	1	/ZPOOL/data/projects/rf1-sra-linux2/derivatives/fmriprep/sub-11439/ses-01/func/sub-11439_ses-01_task-sharedreward_run-1_part-mag_space-MNI152NLin6Asym_desc-preproc_bold.nii.gz	/ZPOOL/data/projects/rf1-sra-linux2/derivatives/fmriprep/sub-11439/ses-01/func/sub-11439_ses-01_task-sharedreward_run-1_part-mag_space-MNI152NLin6Asym_desc-brain_mask.nii.gz	/ZPOOL/data/projects/rf1-sra-sharedreward/derivatives/harmonized/sub-11439/ses-01/func/sub-11439_ses-01_task-sharedreward_run-1_space-MNI152NLin6Asym_desc-smoothToFWHM6_bold.nii.gz	6	5.57941	5.56876	5.52068	5.55622	0.662004	3.19555	8.83806	8.25379	Precompiled binary linux_ubuntu_24_64: Aug  4 2026 (Version AFNI_26.2.03 'Gordian III')
rf1	11440	01	1	/ZPOOL/data/projects/rf1-sra-linux2/derivatives/fmriprep/sub-11440/ses-01/func/sub-11440_ses-01_task-sharedreward_run-1_part-mag_space-MNI152NLin6Asym_desc-preproc_bold.nii.gz	/ZPOOL/data/projects/rf1-sra-linux2/derivatives/fmriprep/sub-11440/ses-01/func/sub-11440_ses-01_task-sharedreward_run-1_part-mag_space-MNI152NLin6Asym_desc-brain_mask.nii.gz	/ZPOOL/data/projects/rf1-sra-sharedreward/derivatives/harmonized/sub-11440/ses-01/func/sub-11440_ses-01_task-sharedreward_run-1_space-MNI152NLin6Asym_desc-smoothToFWHM6_bold.nii.gz	6	5.81615	5.84578	5.83519	5.83236	0.663054	3.24366	10.9345	8.6583	Precompiled binary linux_ubuntu_24_64: Aug  4 2026 (Version AFNI_26.2.03 'Gordian III')
rf1	11440	01	2	/ZPOOL/data/projects/rf1-sra-linux2/derivatives/fmriprep/sub-11440/ses-01/func/sub-11440_ses-01_task-sharedreward_run-2_part-mag_space-MNI152NLin6Asym_desc-preproc_bold.nii.gz	/ZPOOL/data/projects/rf1-sra-linux2/derivatives/fmriprep/sub-11440/ses-01/func/sub-11440_ses-01_task-sharedreward_run-2_part-mag_space-MNI152NLin6Asym_desc-brain_mask.nii.gz	/ZPOOL/data/projects/rf1-sra-sharedreward/derivatives/harmonized/sub-11440/ses-01/func/sub-11440_ses-01_task-sharedreward_run-2_space-MNI152NLin6Asym_desc-smoothToFWHM6_bold.nii.gz	6	5.78018	5.79818	5.77408	5.78414	0.658987	3.23793	10.4268	8.59508	Precompiled binary linux_ubuntu_24_64: Aug  4 2026 (Version AFNI_26.2.03 'Gordian III')
rf1	11443	01	1	/ZPOOL/data/projects/rf1-sra-linux2/derivatives/fmriprep/sub-11443/ses-01/func/sub-11443_ses-01_task-sharedreward_run-1_part-mag_space-MNI152NLin6Asym_desc-preproc_bold.nii.gz	/ZPOOL/data/projects/rf1-sra-linux2/derivatives/fmriprep/sub-11443/ses-01/func/sub-11443_ses-01_task-sharedreward_run-1_part-mag_space-MNI152NLin6Asym_desc-brain_mask.nii.gz	/ZPOOL/data/projects/rf1-sra-sharedreward/derivatives/harmonized/sub-11443/ses-01/func/sub-11443_ses-01_task-sharedreward_run-1_space-MNI152NLin6Asym_desc-smoothToFWHM6_bold.nii.gz	6	5.97472	5.99899	5.85874	5.94383	0.673334	3.29055	11.3387	8.77124	Precompiled binary linux_ubuntu_24_64: Aug  4 2026 (Version AFNI_26.2.03 'Gordian III')
rf1	11450	01	1	/ZPOOL/data/projects/rf1-sra-linux2/derivatives/fmriprep/sub-11450/ses-01/func/sub-11450_ses-01_task-sharedreward_run-1_part-mag_space-MNI152NLin6Asym_desc-preproc_bold.nii.gz	/ZPOOL/data/projects/rf1-sra-linux2/derivatives/fmriprep/sub-11450/ses-01/func/sub-11450_ses-01_task-sharedreward_run-1_part-mag_space-MNI152NLin6Asym_desc-brain_mask.nii.gz	/ZPOOL/data/projects/rf1-sra-sharedreward/derivatives/harmonized/sub-11450/ses-01/func/sub-11450_ses-01_task-sharedreward_run-1_space-MNI152NLin6Asym_desc-smoothToFWHM6_bold.nii.gz	6	5.9348	5.92386	5.93065	5.92977	0.69078	3.34528	10.5743	8.7381	Precompiled binary linux_ubuntu_24_64: Aug  4 2026 (Version AFNI_26.2.03 'Gordian III')
rf1	11450	01	2	/ZPOOL/data/projects/rf1-sra-linux2/derivatives/fmriprep/sub-11450/ses-01/func/sub-11450_ses-01_task-sharedreward_run-2_part-mag_space-MNI152NLin6Asym_desc-preproc_bold.nii.gz	/ZPOOL/data/projects/rf1-sra-linux2/derivatives/fmriprep/sub-11450/ses-01/func/sub-11450_ses-01_task-sharedreward_run-2_part-mag_space-MNI152NLin6Asym_desc-brain_mask.nii.gz	/ZPOOL/data/projects/rf1-sra-sharedreward/derivatives/harmonized/sub-11450/ses-01/func/sub-11450_ses-01_task-sharedreward_run-2_space-MNI152NLin6Asym_desc-smoothToFWHM6_bold.nii.gz	6	5.83058	5.83983	5.85168	5.84069	0.66717	3.25175	10.7194	8.63335	Precompiled binary linux_ubuntu_24_64: Aug  4 2026 (Version AFNI_26.2.03 'Gordian III')
rf1	11451	01	1	/ZPOOL/data/projects/rf1-sra-linux2/derivatives/fmriprep/sub-11451/ses-01/func/sub-11451_ses-01_task-sharedreward_run-1_part-mag_space-MNI152NLin6Asym_desc-preproc_bold.nii.gz	/ZPOOL/data/projects/rf1-sra-linux2/derivatives/fmriprep/sub-11451/ses-01/func/sub-11451_ses-01_task-sharedreward_run-1_part-mag_space-MNI152NLin6Asym_desc-brain_mask.nii.gz	/ZPOOL/data/projects/rf1-sra-sharedreward/derivatives/harmonized/sub-11451/ses-01/func/sub-11451_ses-01_task-sharedreward_run-1_space-MNI152NLin6Asym_desc-smoothToFWHM6_bold.nii.gz	6	5.90906	5.8835	5.80168	5.86456	0.633011	3.20564	11.8215	8.81424	Precompiled binary linux_ubuntu_24_64: Aug  4 2026 (Version AFNI_26.2.03 'Gordian III')
rf1	11451	01	2	/ZPOOL/data/projects/rf1-sra-linux2/derivatives/fmriprep/sub-11451/ses-01/func/sub-11451_ses-01_task-sharedreward_run-2_part-mag_space-MNI152NLin6Asym_desc-preproc_bold.nii.gz	/ZPOOL/data/projects/rf1-sra-linux2/derivatives/fmriprep/sub-11451/ses-01/func/sub-11451_ses-01_task-sharedreward_run-2_part-mag_space-MNI152NLin6Asym_desc-brain_mask.nii.gz	/ZPOOL/data/projects/rf1-sra-sharedreward/derivatives/harmonized/sub-11451/ses-01/func/sub-11451_ses-01_task-sharedreward_run-2_space-MNI152NLin6Asym_desc-smoothToFWHM6_bold.nii.gz	6	5.87015	5.85667	5.72037	5.81533	0.617977	3.20242	10.9327	8.7539	Precompiled binary linux_ubuntu_24_64: Aug  4 2026 (Version AFNI_26.2.03 'Gordian III')
rf1	11461	01	1	/ZPOOL/data/projects/rf1-sra-linux2/derivatives/fmriprep/sub-11461/ses-01/func/sub-11461_ses-01_task-sharedreward_run-1_part-mag_space-MNI152NLin6Asym_desc-preproc_bold.nii.gz	/ZPOOL/data/projects/rf1-sra-linux2/derivatives/fmriprep/sub-11461/ses-01/func/sub-11461_ses-01_task-sharedreward_run-1_part-mag_space-MNI152NLin6Asym_desc-brain_mask.nii.gz	/ZPOOL/data/projects/rf1-sra-sharedreward/derivatives/harmonized/sub-11461/ses-01/func/sub-11461_ses-01_task-sharedreward_run-1_space-MNI152NLin6Asym_desc-smoothToFWHM6_bold.nii.gz	6	5.62788	5.72569	5.71748	5.69018	0.662718	3.24875	9.10138	8.41123	Precompiled binary linux_ubuntu_24_64: Aug  4 2026 (Version AFNI_26.2.03 'Gordian III')
rf1	11461	01	2	/ZPOOL/data/projects/rf1-sra-linux2/derivatives/fmriprep/sub-11461/ses-01/func/sub-11461_ses-01_task-sharedreward_run-2_part-mag_space-MNI152NLin6Asym_desc-preproc_bold.nii.gz	/ZPOOL/data/projects/rf1-sra-linux2/derivatives/fmriprep/sub-11461/ses-01/func/sub-11461_ses-01_task-sharedreward_run-2_part-mag_space-MNI152NLin6Asym_desc-brain_mask.nii.gz	/ZPOOL/data/projects/rf1-sra-sharedreward/derivatives/harmonized/sub-11461/ses-01/func/sub-11461_ses-01_task-sharedreward_run-2_space-MNI152NLin6Asym_desc-smoothToFWHM6_bold.nii.gz	6	5.68419	5.71692	5.67025	5.69042	0.65485	3.30446	8.53537	8.45579	Precompiled binary linux_ubuntu_24_64: Aug  4 2026 (Version AFNI_26.2.03 'Gordian III')
rf1	11462	01	1	/ZPOOL/data/projects/rf1-sra-linux2/derivatives/fmriprep/sub-11462/ses-01/func/sub-11462_ses-01_task-sharedreward_run-1_part-mag_space-MNI152NLin6Asym_desc-preproc_bold.nii.gz	/ZPOOL/data/projects/rf1-sra-linux2/derivatives/fmriprep/sub-11462/ses-01/func/sub-11462_ses-01_task-sharedreward_run-1_part-mag_space-MNI152NLin6Asym_desc-brain_mask.nii.gz	/ZPOOL/data/projects/rf1-sra-sharedreward/derivatives/harmonized/sub-11462/ses-01/func/sub-11462_ses-01_task-sharedreward_run-1_space-MNI152NLin6Asym_desc-smoothToFWHM6_bold.nii.gz	6	5.92041	5.95873	5.89422	5.92439	0.639987	3.34322	9.68338	8.78068	Precompiled binary linux_ubuntu_24_64: Aug  4 2026 (Version AFNI_26.2.03 'Gordian III')
rf1	11472	01	1	/ZPOOL/data/projects/rf1-sra-linux2/derivatives/fmriprep/sub-11472/ses-01/func/sub-11472_ses-01_task-sharedreward_run-1_part-mag_space-MNI152NLin6Asym_desc-preproc_bold.nii.gz	/ZPOOL/data/projects/rf1-sra-linux2/derivatives/fmriprep/sub-11472/ses-01/func/sub-11472_ses-01_task-sharedreward_run-1_part-mag_space-MNI152NLin6Asym_desc-brain_mask.nii.gz	/ZPOOL/data/projects/rf1-sra-sharedreward/derivatives/harmonized/sub-11472/ses-01/func/sub-11472_ses-01_task-sharedreward_run-1_space-MNI152NLin6Asym_desc-smoothToFWHM6_bold.nii.gz	6	5.86152	5.87992	5.84203	5.86114	0.776763	3.2979	13.0427	8.50974	Precompiled binary linux_ubuntu_24_64: Aug  4 2026 (Version AFNI_26.2.03 'Gordian III')
rf1	11472	01	2	/ZPOOL/data/projects/rf1-sra-linux2/derivatives/fmriprep/sub-11472/ses-01/func/sub-11472_ses-01_task-sharedreward_run-2_part-mag_space-MNI152NLin6Asym_desc-preproc_bold.nii.gz	/ZPOOL/data/projects/rf1-sra-linux2/derivatives/fmriprep/sub-11472/ses-01/func/sub-11472_ses-01_task-sharedreward_run-2_part-mag_space-MNI152NLin6Asym_desc-brain_mask.nii.gz	/ZPOOL/data/projects/rf1-sra-sharedreward/derivatives/harmonized/sub-11472/ses-01/func/sub-11472_ses-01_task-sharedreward_run-2_space-MNI152NLin6Asym_desc-smoothToFWHM6_bold.nii.gz	6	5.79472	5.84038	5.70491	5.77973	0.713772	3.10457	14.2859	8.40242	Precompiled binary linux_ubuntu_24_64: Aug  4 2026 (Version AFNI_26.2.03 'Gordian III')
rf1	11492	01	1	/ZPOOL/data/projects/rf1-sra-linux2/derivatives/fmriprep/sub-11492/ses-01/func/sub-11492_ses-01_task-sharedreward_run-1_part-mag_space-MNI152NLin6Asym_desc-preproc_bold.nii.gz	/ZPOOL/data/projects/rf1-sra-linux2/derivatives/fmriprep/sub-11492/ses-01/func/sub-11492_ses-01_task-sharedreward_run-1_part-mag_space-MNI152NLin6Asym_desc-brain_mask.nii.gz	/ZPOOL/data/projects/rf1-sra-sharedreward/derivatives/harmonized/sub-11492/ses-01/func/sub-11492_ses-01_task-sharedreward_run-1_space-MNI152NLin6Asym_desc-smoothToFWHM6_bold.nii.gz	6	5.89628	5.94462	5.84197	5.89414	0.633909	3.17661	12.765	8.85525	Precompiled binary linux_ubuntu_24_64: Aug  4 2026 (Version AFNI_26.2.03 'Gordian III')
rf1	11492	01	2	/ZPOOL/data/projects/rf1-sra-linux2/derivatives/fmriprep/sub-11492/ses-01/func/sub-11492_ses-01_task-sharedreward_run-2_part-mag_space-MNI152NLin6Asym_desc-preproc_bold.nii.gz	/ZPOOL/data/projects/rf1-sra-linux2/derivatives/fmriprep/sub-11492/ses-01/func/sub-11492_ses-01_task-sharedreward_run-2_part-mag_space-MNI152NLin6Asym_desc-brain_mask.nii.gz	/ZPOOL/data/projects/rf1-sra-sharedreward/derivatives/harmonized/sub-11492/ses-01/func/sub-11492_ses-01_task-sharedreward_run-2_space-MNI152NLin6Asym_desc-smoothToFWHM6_bold.nii.gz	6	5.96679	5.96006	5.86326	5.92985	0.615124	3.19763	11.8611	8.88746	Precompiled binary linux_ubuntu_24_64: Aug  4 2026 (Version AFNI_26.2.03 'Gordian III')
rf1	11493	01	1	/ZPOOL/data/projects/rf1-sra-linux2/derivatives/fmriprep/sub-11493/ses-01/func/sub-11493_ses-01_task-sharedreward_run-1_part-mag_space-MNI152NLin6Asym_desc-preproc_bold.nii.gz	/ZPOOL/data/projects/rf1-sra-linux2/derivatives/fmriprep/sub-11493/ses-01/func/sub-11493_ses-01_task-sharedreward_run-1_part-mag_space-MNI152NLin6Asym_desc-brain_mask.nii.gz	/ZPOOL/data/projects/rf1-sra-sharedreward/derivatives/harmonized/sub-11493/ses-01/func/sub-11493_ses-01_task-sharedreward_run-1_space-MNI152NLin6Asym_desc-smoothToFWHM6_bold.nii.gz	6	5.84562	5.88046	5.79068	5.8388	0.64131	3.2271	10.4397	8.64021	Precompiled binary linux_ubuntu_24_64: Aug  4 2026 (Version AFNI_26.2.03 'Gordian III')
rf1	11493	01	2	/ZPOOL/data/projects/rf1-sra-linux2/derivatives/fmriprep/sub-11493/ses-01/func/sub-11493_ses-01_task-sharedreward_run-2_part-mag_space-MNI152NLin6Asym_desc-preproc_bold.nii.gz	/ZPOOL/data/projects/rf1-sra-linux2/derivatives/fmriprep/sub-11493/ses-01/func/sub-11493_ses-01_task-sharedreward_run-2_part-mag_space-MNI152NLin6Asym_desc-brain_mask.nii.gz	/ZPOOL/data/projects/rf1-sra-sharedreward/derivatives/harmonized/sub-11493/ses-01/func/sub-11493_ses-01_task-sharedreward_run-2_space-MNI152NLin6Asym_desc-smoothToFWHM6_bold.nii.gz	6	5.90305	5.91994	5.8437	5.88881	0.635607	3.25265	10.7489	8.76405	Precompiled binary linux_ubuntu_24_64: Aug  4 2026 (Version AFNI_26.2.03 'Gordian III')
rf1	11498	01	1	/ZPOOL/data/projects/rf1-sra-linux2/derivatives/fmriprep/sub-11498/ses-01/func/sub-11498_ses-01_task-sharedreward_run-1_part-mag_space-MNI152NLin6Asym_desc-preproc_bold.nii.gz	/ZPOOL/data/projects/rf1-sra-linux2/derivatives/fmriprep/sub-11498/ses-01/func/sub-11498_ses-01_task-sharedreward_run-1_part-mag_space-MNI152NLin6Asym_desc-brain_mask.nii.gz	/ZPOOL/data/projects/rf1-sra-sharedreward/derivatives/harmonized/sub-11498/ses-01/func/sub-11498_ses-01_task-sharedreward_run-1_space-MNI152NLin6Asym_desc-smoothToFWHM6_bold.nii.gz	6	5.73215	5.76276	5.74657	5.74715	0.644192	3.25576	9.33126	8.52047	Precompiled binary linux_ubuntu_24_64: Aug  4 2026 (Version AFNI_26.2.03 'Gordian III')
rf1	11517	01	1	/ZPOOL/data/projects/rf1-sra-linux2/derivatives/fmriprep/sub-11517/ses-01/func/sub-11517_ses-01_task-sharedreward_run-1_part-mag_space-MNI152NLin6Asym_desc-preproc_bold.nii.gz	/ZPOOL/data/projects/rf1-sra-linux2/derivatives/fmriprep/sub-11517/ses-01/func/sub-11517_ses-01_task-sharedreward_run-1_part-mag_space-MNI152NLin6Asym_desc-brain_mask.nii.gz	/ZPOOL/data/projects/rf1-sra-sharedreward/derivatives/harmonized/sub-11517/ses-01/func/sub-11517_ses-01_task-sharedreward_run-1_space-MNI152NLin6Asym_desc-smoothToFWHM6_bold.nii.gz	6	5.88569	5.90279	5.8954	5.89462	0.657441	3.23997	11.3058	8.71889	Precompiled binary linux_ubuntu_24_64: Aug  4 2026 (Version AFNI_26.2.03 'Gordian III')
rf1	11517	01	2	/ZPOOL/data/projects/rf1-sra-linux2/derivatives/fmriprep/sub-11517/ses-01/func/sub-11517_ses-01_task-sharedreward_run-2_part-mag_space-MNI152NLin6Asym_desc-preproc_bold.nii.gz	/ZPOOL/data/projects/rf1-sra-linux2/derivatives/fmriprep/sub-11517/ses-01/func/sub-11517_ses-01_task-sharedreward_run-2_part-mag_space-MNI152NLin6Asym_desc-brain_mask.nii.gz	/ZPOOL/data/projects/rf1-sra-sharedreward/derivatives/harmonized/sub-11517/ses-01/func/sub-11517_ses-01_task-sharedreward_run-2_space-MNI152NLin6Asym_desc-smoothToFWHM6_bold.nii.gz	6	5.8149	5.83908	5.82891	5.82762	0.6316	3.12134	12.0618	8.65732	Precompiled binary linux_ubuntu_24_64: Aug  4 2026 (Version AFNI_26.2.03 'Gordian III')
rf1	11518	01	1	/ZPOOL/data/projects/rf1-sra-linux2/derivatives/fmriprep/sub-11518/ses-01/func/sub-11518_ses-01_task-sharedreward_run-1_part-mag_space-MNI152NLin6Asym_desc-preproc_bold.nii.gz	/ZPOOL/data/projects/rf1-sra-linux2/derivatives/fmriprep/sub-11518/ses-01/func/sub-11518_ses-01_task-sharedreward_run-1_part-mag_space-MNI152NLin6Asym_desc-brain_mask.nii.gz	/ZPOOL/data/projects/rf1-sra-sharedreward/derivatives/harmonized/sub-11518/ses-01/func/sub-11518_ses-01_task-sharedreward_run-1_space-MNI152NLin6Asym_desc-smoothToFWHM6_bold.nii.gz	6	5.90946	5.94383	5.90548	5.91957	0.676066	3.31625	10.6036	8.72973	Precompiled binary linux_ubuntu_24_64: Aug  4 2026 (Version AFNI_26.2.03 'Gordian III')
rf1	11518	01	2	/ZPOOL/data/projects/rf1-sra-linux2/derivatives/fmriprep/sub-11518/ses-01/func/sub-11518_ses-01_task-sharedreward_run-2_part-mag_space-MNI152NLin6Asym_desc-preproc_bold.nii.gz	/ZPOOL/data/projects/rf1-sra-linux2/derivatives/fmriprep/sub-11518/ses-01/func/sub-11518_ses-01_task-sharedreward_run-2_part-mag_space-MNI152NLin6Asym_desc-brain_mask.nii.gz	/ZPOOL/data/projects/rf1-sra-sharedreward/derivatives/harmonized/sub-11518/ses-01/func/sub-11518_ses-01_task-sharedreward_run-2_space-MNI152NLin6Asym_desc-smoothToFWHM6_bold.nii.gz	6	5.96631	5.98132	5.96186	5.96983	0.659496	3.26758	11.8882	8.8412	Precompiled binary linux_ubuntu_24_64: Aug  4 2026 (Version AFNI_26.2.03 'Gordian III')
rf1	11523	01	1	/ZPOOL/data/projects/rf1-sra-linux2/derivatives/fmriprep/sub-11523/ses-01/func/sub-11523_ses-01_task-sharedreward_run-1_part-mag_space-MNI152NLin6Asym_desc-preproc_bold.nii.gz	/ZPOOL/data/projects/rf1-sra-linux2/derivatives/fmriprep/sub-11523/ses-01/func/sub-11523_ses-01_task-sharedreward_run-1_part-mag_space-MNI152NLin6Asym_desc-brain_mask.nii.gz	/ZPOOL/data/projects/rf1-sra-sharedreward/derivatives/harmonized/sub-11523/ses-01/func/sub-11523_ses-01_task-sharedreward_run-1_space-MNI152NLin6Asym_desc-smoothToFWHM6_bold.nii.gz	6	6.02451	5.99717	5.97673	5.99944	0.60464	3.3383	10.2745	8.9975	Precompiled binary linux_ubuntu_24_64: Aug  4 2026 (Version AFNI_26.2.03 'Gordian III')
rf1	11523	01	2	/ZPOOL/data/projects/rf1-sra-linux2/derivatives/fmriprep/sub-11523/ses-01/func/sub-11523_ses-01_task-sharedreward_run-2_part-mag_space-MNI152NLin6Asym_desc-preproc_bold.nii.gz	/ZPOOL/data/projects/rf1-sra-linux2/derivatives/fmriprep/sub-11523/ses-01/func/sub-11523_ses-01_task-sharedreward_run-2_part-mag_space-MNI152NLin6Asym_desc-brain_mask.nii.gz	/ZPOOL/data/projects/rf1-sra-sharedreward/derivatives/harmonized/sub-11523/ses-01/func/sub-11523_ses-01_task-sharedreward_run-2_space-MNI152NLin6Asym_desc-smoothToFWHM6_bold.nii.gz	6	5.83506	5.87612	5.76127	5.82396	0.579155	3.18118	10.1631	8.74577	Precompiled binary linux_ubuntu_24_64: Aug  4 2026 (Version AFNI_26.2.03 'Gordian III')
rf1	11526	01	1	/ZPOOL/data/projects/rf1-sra-linux2/derivatives/fmriprep/sub-11526/ses-01/func/sub-11526_ses-01_task-sharedreward_run-1_part-mag_space-MNI152NLin6Asym_desc-preproc_bold.nii.gz	/ZPOOL/data/projects/rf1-sra-linux2/derivatives/fmriprep/sub-11526/ses-01/func/sub-11526_ses-01_task-sharedreward_run-1_part-mag_space-MNI152NLin6Asym_desc-brain_mask.nii.gz	/ZPOOL/data/projects/rf1-sra-sharedreward/derivatives/harmonized/sub-11526/ses-01/func/sub-11526_ses-01_task-sharedreward_run-1_space-MNI152NLin6Asym_desc-smoothToFWHM6_bold.nii.gz	6	5.9714	5.94342	5.89657	5.93705	0.504353	3.25766	9.56713	9.08489	Precompiled binary linux_ubuntu_24_64: Aug  4 2026 (Version AFNI_26.2.03 'Gordian III')
rf1	11526	01	2	/ZPOOL/data/projects/rf1-sra-linux2/derivatives/fmriprep/sub-11526/ses-01/func/sub-11526_ses-01_task-sharedreward_run-2_part-mag_space-MNI152NLin6Asym_desc-preproc_bold.nii.gz	/ZPOOL/data/projects/rf1-sra-linux2/derivatives/fmriprep/sub-11526/ses-01/func/sub-11526_ses-01_task-sharedreward_run-2_part-mag_space-MNI152NLin6Asym_desc-brain_mask.nii.gz	/ZPOOL/data/projects/rf1-sra-sharedreward/derivatives/harmonized/sub-11526/ses-01/func/sub-11526_ses-01_task-sharedreward_run-2_space-MNI152NLin6Asym_desc-smoothToFWHM6_bold.nii.gz	6	5.90759	5.90508	5.84436	5.8856	0.518339	3.11512	10.9652	9.05675	Precompiled binary linux_ubuntu_24_64: Aug  4 2026 (Version AFNI_26.2.03 'Gordian III')
rf1	11527	01	1	/ZPOOL/data/projects/rf1-sra-linux2/derivatives/fmriprep/sub-11527/ses-01/func/sub-11527_ses-01_task-sharedreward_run-1_part-mag_space-MNI152NLin6Asym_desc-preproc_bold.nii.gz	/ZPOOL/data/projects/rf1-sra-linux2/derivatives/fmriprep/sub-11527/ses-01/func/sub-11527_ses-01_task-sharedreward_run-1_part-mag_space-MNI152NLin6Asym_desc-brain_mask.nii.gz	/ZPOOL/data/projects/rf1-sra-sharedreward/derivatives/harmonized/sub-11527/ses-01/func/sub-11527_ses-01_task-sharedreward_run-1_space-MNI152NLin6Asym_desc-smoothToFWHM6_bold.nii.gz	6	5.90894	5.88075	5.83199	5.87381	0.623964	3.17908	11.7537	8.78835	Precompiled binary linux_ubuntu_24_64: Aug  4 2026 (Version AFNI_26.2.03 'Gordian III')
rf1	11527	01	2	/ZPOOL/data/projects/rf1-sra-linux2/derivatives/fmriprep/sub-11527/ses-01/func/sub-11527_ses-01_task-sharedreward_run-2_part-mag_space-MNI152NLin6Asym_desc-preproc_bold.nii.gz	/ZPOOL/data/projects/rf1-sra-linux2/derivatives/fmriprep/sub-11527/ses-01/func/sub-11527_ses-01_task-sharedreward_run-2_part-mag_space-MNI152NLin6Asym_desc-brain_mask.nii.gz	/ZPOOL/data/projects/rf1-sra-sharedreward/derivatives/harmonized/sub-11527/ses-01/func/sub-11527_ses-01_task-sharedreward_run-2_space-MNI152NLin6Asym_desc-smoothToFWHM6_bold.nii.gz	6	5.72622	5.7243	5.55623	5.66835	0.614847	2.94739	12.8259	8.4231	Precompiled binary linux_ubuntu_24_64: Aug  4 2026 (Version AFNI_26.2.03 'Gordian III')
rf1	11529	01	1	/ZPOOL/data/projects/rf1-sra-linux2/derivatives/fmriprep/sub-11529/ses-01/func/sub-11529_ses-01_task-sharedreward_run-1_part-mag_space-MNI152NLin6Asym_desc-preproc_bold.nii.gz	/ZPOOL/data/projects/rf1-sra-linux2/derivatives/fmriprep/sub-11529/ses-01/func/sub-11529_ses-01_task-sharedreward_run-1_part-mag_space-MNI152NLin6Asym_desc-brain_mask.nii.gz	/ZPOOL/data/projects/rf1-sra-sharedreward/derivatives/harmonized/sub-11529/ses-01/func/sub-11529_ses-01_task-sharedreward_run-1_space-MNI152NLin6Asym_desc-smoothToFWHM6_bold.nii.gz	6	5.99732	6.01221	5.95255	5.98731	0.501689	3.13482	11.285	9.26004	Precompiled binary linux_ubuntu_24_64: Aug  4 2026 (Version AFNI_26.2.03 'Gordian III')
rf1	11529	01	2	/ZPOOL/data/projects/rf1-sra-linux2/derivatives/fmriprep/sub-11529/ses-01/func/sub-11529_ses-01_task-sharedreward_run-2_part-mag_space-MNI152NLin6Asym_desc-preproc_bold.nii.gz	/ZPOOL/data/projects/rf1-sra-linux2/derivatives/fmriprep/sub-11529/ses-01/func/sub-11529_ses-01_task-sharedreward_run-2_part-mag_space-MNI152NLin6Asym_desc-brain_mask.nii.gz	/ZPOOL/data/projects/rf1-sra-sharedreward/derivatives/harmonized/sub-11529/ses-01/func/sub-11529_ses-01_task-sharedreward_run-2_space-MNI152NLin6Asym_desc-smoothToFWHM6_bold.nii.gz	6	5.79891	5.80869	5.79207	5.79988	0.528513	3.03292	11.4158	8.91227	Precompiled binary linux_ubuntu_24_64: Aug  4 2026 (Version AFNI_26.2.03 'Gordian III')
rf1	11530	01	1	/ZPOOL/data/projects/rf1-sra-linux2/derivatives/fmriprep/sub-11530/ses-01/func/sub-11530_ses-01_task-sharedreward_run-1_part-mag_space-MNI152NLin6Asym_desc-preproc_bold.nii.gz	/ZPOOL/data/projects/rf1-sra-linux2/derivatives/fmriprep/sub-11530/ses-01/func/sub-11530_ses-01_task-sharedreward_run-1_part-mag_space-MNI152NLin6Asym_desc-brain_mask.nii.gz	/ZPOOL/data/projects/rf1-sra-sharedreward/derivatives/harmonized/sub-11530/ses-01/func/sub-11530_ses-01_task-sharedreward_run-1_space-MNI152NLin6Asym_desc-smoothToFWHM6_bold.nii.gz	6	5.81486	5.82197	5.78703	5.80793	0.602471	3.12811	11.1354	8.68873	Precompiled binary linux_ubuntu_24_64: Aug  4 2026 (Version AFNI_26.2.03 'Gordian III')
rf1	11530	01	2	/ZPOOL/data/projects/rf1-sra-linux2/derivatives/fmriprep/sub-11530/ses-01/func/sub-11530_ses-01_task-sharedreward_run-2_part-mag_space-MNI152NLin6Asym_desc-preproc_bold.nii.gz	/ZPOOL/data/projects/rf1-sra-linux2/derivatives/fmriprep/sub-11530/ses-01/func/sub-11530_ses-01_task-sharedreward_run-2_part-mag_space-MNI152NLin6Asym_desc-brain_mask.nii.gz	/ZPOOL/data/projects/rf1-sra-sharedreward/derivatives/harmonized/sub-11530/ses-01/func/sub-11530_ses-01_task-sharedreward_run-2_space-MNI152NLin6Asym_desc-smoothToFWHM6_bold.nii.gz	6	6.00519	6.01153	5.97018	5.99561	0.564994	3.20038	11.3938	9.07398	Precompiled binary linux_ubuntu_24_64: Aug  4 2026 (Version AFNI_26.2.03 'Gordian III')
rf1	11532	01	1	/ZPOOL/data/projects/rf1-sra-linux2/derivatives/fmriprep/sub-11532/ses-01/func/sub-11532_ses-01_task-sharedreward_run-1_part-mag_space-MNI152NLin6Asym_desc-preproc_bold.nii.gz	/ZPOOL/data/projects/rf1-sra-linux2/derivatives/fmriprep/sub-11532/ses-01/func/sub-11532_ses-01_task-sharedreward_run-1_part-mag_space-MNI152NLin6Asym_desc-brain_mask.nii.gz	/ZPOOL/data/projects/rf1-sra-sharedreward/derivatives/harmonized/sub-11532/ses-01/func/sub-11532_ses-01_task-sharedreward_run-1_space-MNI152NLin6Asym_desc-smoothToFWHM6_bold.nii.gz	6	5.83203	5.82908	5.79372	5.81825	0.675005	3.36571	9.22214	8.64861	Precompiled binary linux_ubuntu_24_64: Aug  4 2026 (Version AFNI_26.2.03 'Gordian III')
rf1	11532	01	2	/ZPOOL/data/projects/rf1-sra-linux2/derivatives/fmriprep/sub-11532/ses-01/func/sub-11532_ses-01_task-sharedreward_run-2_part-mag_space-MNI152NLin6Asym_desc-preproc_bold.nii.gz	/ZPOOL/data/projects/rf1-sra-linux2/derivatives/fmriprep/sub-11532/ses-01/func/sub-11532_ses-01_task-sharedreward_run-2_part-mag_space-MNI152NLin6Asym_desc-brain_mask.nii.gz	/ZPOOL/data/projects/rf1-sra-sharedreward/derivatives/harmonized/sub-11532/ses-01/func/sub-11532_ses-01_task-sharedreward_run-2_space-MNI152NLin6Asym_desc-smoothToFWHM6_bold.nii.gz	6	5.76232	5.75431	5.75226	5.7563	0.64085	3.34995	8.45173	8.57013	Precompiled binary linux_ubuntu_24_64: Aug  4 2026 (Version AFNI_26.2.03 'Gordian III')
rf1	11533	01	1	/ZPOOL/data/projects/rf1-sra-linux2/derivatives/fmriprep/sub-11533/ses-01/func/sub-11533_ses-01_task-sharedreward_run-1_part-mag_space-MNI152NLin6Asym_desc-preproc_bold.nii.gz	/ZPOOL/data/projects/rf1-sra-linux2/derivatives/fmriprep/sub-11533/ses-01/func/sub-11533_ses-01_task-sharedreward_run-1_part-mag_space-MNI152NLin6Asym_desc-brain_mask.nii.gz	/ZPOOL/data/projects/rf1-sra-sharedreward/derivatives/harmonized/sub-11533/ses-01/func/sub-11533_ses-01_task-sharedreward_run-1_space-MNI152NLin6Asym_desc-smoothToFWHM6_bold.nii.gz	6	5.90094	5.91582	5.86304	5.89323	0.692293	3.25196	11.9353	8.66752	Precompiled binary linux_ubuntu_24_64: Aug  4 2026 (Version AFNI_26.2.03 'Gordian III')
rf1	11533	01	2	/ZPOOL/data/projects/rf1-sra-linux2/derivatives/fmriprep/sub-11533/ses-01/func/sub-11533_ses-01_task-sharedreward_run-2_part-mag_space-MNI152NLin6Asym_desc-preproc_bold.nii.gz	/ZPOOL/data/projects/rf1-sra-linux2/derivatives/fmriprep/sub-11533/ses-01/func/sub-11533_ses-01_task-sharedreward_run-2_part-mag_space-MNI152NLin6Asym_desc-brain_mask.nii.gz	/ZPOOL/data/projects/rf1-sra-sharedreward/derivatives/harmonized/sub-11533/ses-01/func/sub-11533_ses-01_task-sharedreward_run-2_space-MNI152NLin6Asym_desc-smoothToFWHM6_bold.nii.gz	6	5.88087	5.86893	5.83488	5.86153	0.693987	3.24146	11.7232	8.61525	Precompiled binary linux_ubuntu_24_64: Aug  4 2026 (Version AFNI_26.2.03 'Gordian III')
rf1	11534	01	1	/ZPOOL/data/projects/rf1-sra-linux2/derivatives/fmriprep/sub-11534/ses-01/func/sub-11534_ses-01_task-sharedreward_run-1_part-mag_space-MNI152NLin6Asym_desc-preproc_bold.nii.gz	/ZPOOL/data/projects/rf1-sra-linux2/derivatives/fmriprep/sub-11534/ses-01/func/sub-11534_ses-01_task-sharedreward_run-1_part-mag_space-MNI152NLin6Asym_desc-brain_mask.nii.gz	/ZPOOL/data/projects/rf1-sra-sharedreward/derivatives/harmonized/sub-11534/ses-01/func/sub-11534_ses-01_task-sharedreward_run-1_space-MNI152NLin6Asym_desc-smoothToFWHM6_bold.nii.gz	6	5.86237	5.88014	5.79614	5.84611	0.63583	3.17471	11.0557	8.63153	Precompiled binary linux_ubuntu_24_64: Aug  4 2026 (Version AFNI_26.2.03 'Gordian III')
rf1	11534	01	2	/ZPOOL/data/projects/rf1-sra-linux2/derivatives/fmriprep/sub-11534/ses-01/func/sub-11534_ses-01_task-sharedreward_run-2_part-mag_space-MNI152NLin6Asym_desc-preproc_bold.nii.gz	/ZPOOL/data/projects/rf1-sra-linux2/derivatives/fmriprep/sub-11534/ses-01/func/sub-11534_ses-01_task-sharedreward_run-2_part-mag_space-MNI152NLin6Asym_desc-brain_mask.nii.gz	/ZPOOL/data/projects/rf1-sra-sharedreward/derivatives/harmonized/sub-11534/ses-01/func/sub-11534_ses-01_task-sharedreward_run-2_space-MNI152NLin6Asym_desc-smoothToFWHM6_bold.nii.gz	6	5.84027	5.85239	5.83053	5.84105	0.625393	3.06133	12.93	8.64925	Precompiled binary linux_ubuntu_24_64: Aug  4 2026 (Version AFNI_26.2.03 'Gordian III')
rf1	11535	01	1	/ZPOOL/data/projects/rf1-sra-linux2/derivatives/fmriprep/sub-11535/ses-01/func/sub-11535_ses-01_task-sharedreward_run-1_part-mag_space-MNI152NLin6Asym_desc-preproc_bold.nii.gz	/ZPOOL/data/projects/rf1-sra-linux2/derivatives/fmriprep/sub-11535/ses-01/func/sub-11535_ses-01_task-sharedreward_run-1_part-mag_space-MNI152NLin6Asym_desc-brain_mask.nii.gz	/ZPOOL/data/projects/rf1-sra-sharedreward/derivatives/harmonized/sub-11535/ses-01/func/sub-11535_ses-01_task-sharedreward_run-1_space-MNI152NLin6Asym_desc-smoothToFWHM6_bold.nii.gz	6	5.8266	5.8426	5.81528	5.82815	0.546255	3.0879	11.2518	8.90274	Precompiled binary linux_ubuntu_24_64: Aug  4 2026 (Version AFNI_26.2.03 'Gordian III')
rf1	11535	01	2	/ZPOOL/data/projects/rf1-sra-linux2/derivatives/fmriprep/sub-11535/ses-01/func/sub-11535_ses-01_task-sharedreward_run-2_part-mag_space-MNI152NLin6Asym_desc-preproc_bold.nii.gz	/ZPOOL/data/projects/rf1-sra-linux2/derivatives/fmriprep/sub-11535/ses-01/func/sub-11535_ses-01_task-sharedreward_run-2_part-mag_space-MNI152NLin6Asym_desc-brain_mask.nii.gz	/ZPOOL/data/projects/rf1-sra-sharedreward/derivatives/harmonized/sub-11535/ses-01/func/sub-11535_ses-01_task-sharedreward_run-2_space-MNI152NLin6Asym_desc-smoothToFWHM6_bold.nii.gz	6	5.97929	5.9905	5.86523	5.94474	0.526157	3.16262	11.254	9.17325	Precompiled binary linux_ubuntu_24_64: Aug  4 2026 (Version AFNI_26.2.03 'Gordian III')
rf1	11536	01	1	/ZPOOL/data/projects/rf1-sra-linux2/derivatives/fmriprep/sub-11536/ses-01/func/sub-11536_ses-01_task-sharedreward_run-1_part-mag_space-MNI152NLin6Asym_desc-preproc_bold.nii.gz	/ZPOOL/data/projects/rf1-sra-linux2/derivatives/fmriprep/sub-11536/ses-01/func/sub-11536_ses-01_task-sharedreward_run-1_part-mag_space-MNI152NLin6Asym_desc-brain_mask.nii.gz	/ZPOOL/data/projects/rf1-sra-sharedreward/derivatives/harmonized/sub-11536/ses-01/func/sub-11536_ses-01_task-sharedreward_run-1_space-MNI152NLin6Asym_desc-smoothToFWHM6_bold.nii.gz	6	5.87378	5.88925	5.84091	5.86795	0.636422	3.20647	11.2331	8.72443	Precompiled binary linux_ubuntu_24_64: Aug  4 2026 (Version AFNI_26.2.03 'Gordian III')
rf1	11536	01	2	/ZPOOL/data/projects/rf1-sra-linux2/derivatives/fmriprep/sub-11536/ses-01/func/sub-11536_ses-01_task-sharedreward_run-2_part-mag_space-MNI152NLin6Asym_desc-preproc_bold.nii.gz	/ZPOOL/data/projects/rf1-sra-linux2/derivatives/fmriprep/sub-11536/ses-01/func/sub-11536_ses-01_task-sharedreward_run-2_part-mag_space-MNI152NLin6Asym_desc-brain_mask.nii.gz	/ZPOOL/data/projects/rf1-sra-sharedreward/derivatives/harmonized/sub-11536/ses-01/func/sub-11536_ses-01_task-sharedreward_run-2_space-MNI152NLin6Asym_desc-smoothToFWHM6_bold.nii.gz	6	5.89684	5.91213	5.90377	5.90424	0.636266	3.20457	11.8268	8.79713	Precompiled binary linux_ubuntu_24_64: Aug  4 2026 (Version AFNI_26.2.03 'Gordian III')
rf1	11539	01	1	/ZPOOL/data/projects/rf1-sra-linux2/derivatives/fmriprep/sub-11539/ses-01/func/sub-11539_ses-01_task-sharedreward_run-1_part-mag_space-MNI152NLin6Asym_desc-preproc_bold.nii.gz	/ZPOOL/data/projects/rf1-sra-linux2/derivatives/fmriprep/sub-11539/ses-01/func/sub-11539_ses-01_task-sharedreward_run-1_part-mag_space-MNI152NLin6Asym_desc-brain_mask.nii.gz	/ZPOOL/data/projects/rf1-sra-sharedreward/derivatives/harmonized/sub-11539/ses-01/func/sub-11539_ses-01_task-sharedreward_run-1_space-MNI152NLin6Asym_desc-smoothToFWHM6_bold.nii.gz	6	5.9437	5.92291	5.94503	5.93721	0.648178	3.36697	9.73799	8.81358	Precompiled binary linux_ubuntu_24_64: Aug  4 2026 (Version AFNI_26.2.03 'Gordian III')
rf1	11539	01	2	/ZPOOL/data/projects/rf1-sra-linux2/derivatives/fmriprep/sub-11539/ses-01/func/sub-11539_ses-01_task-sharedreward_run-2_part-mag_space-MNI152NLin6Asym_desc-preproc_bold.nii.gz	/ZPOOL/data/projects/rf1-sra-linux2/derivatives/fmriprep/sub-11539/ses-01/func/sub-11539_ses-01_task-sharedreward_run-2_part-mag_space-MNI152NLin6Asym_desc-brain_mask.nii.gz	/ZPOOL/data/projects/rf1-sra-sharedreward/derivatives/harmonized/sub-11539/ses-01/func/sub-11539_ses-01_task-sharedreward_run-2_space-MNI152NLin6Asym_desc-smoothToFWHM6_bold.nii.gz	6	5.85777	5.85053	5.83387	5.84738	0.63517	3.29979	9.54154	8.67979	Precompiled binary linux_ubuntu_24_64: Aug  4 2026 (Version AFNI_26.2.03 'Gordian III')
rf1	11540	01	1	/ZPOOL/data/projects/rf1-sra-linux2/derivatives/fmriprep/sub-11540/ses-01/func/sub-11540_ses-01_task-sharedreward_run-1_part-mag_space-MNI152NLin6Asym_desc-preproc_bold.nii.gz	/ZPOOL/data/projects/rf1-sra-linux2/derivatives/fmriprep/sub-11540/ses-01/func/sub-11540_ses-01_task-sharedreward_run-1_part-mag_space-MNI152NLin6Asym_desc-brain_mask.nii.gz	/ZPOOL/data/projects/rf1-sra-sharedreward/derivatives/harmonized/sub-11540/ses-01/func/sub-11540_ses-01_task-sharedreward_run-1_space-MNI152NLin6Asym_desc-smoothToFWHM6_bold.nii.gz	6	5.89348	5.91681	5.88523	5.89849	0.560447	3.23962	10.1766	8.95167	Precompiled binary linux_ubuntu_24_64: Aug  4 2026 (Version AFNI_26.2.03 'Gordian III')
rf1	11540	01	2	/ZPOOL/data/projects/rf1-sra-linux2/derivatives/fmriprep/sub-11540/ses-01/func/sub-11540_ses-01_task-sharedreward_run-2_part-mag_space-MNI152NLin6Asym_desc-preproc_bold.nii.gz	/ZPOOL/data/projects/rf1-sra-linux2/derivatives/fmriprep/sub-11540/ses-01/func/sub-11540_ses-01_task-sharedreward_run-2_part-mag_space-MNI152NLin6Asym_desc-brain_mask.nii.gz	/ZPOOL/data/projects/rf1-sra-sharedreward/derivatives/harmonized/sub-11540/ses-01/func/sub-11540_ses-01_task-sharedreward_run-2_space-MNI152NLin6Asym_desc-smoothToFWHM6_bold.nii.gz	6	5.74051	5.77009	5.73289	5.74781	0.515367	3.05458	9.87396	8.70216	Precompiled binary linux_ubuntu_24_64: Aug  4 2026 (Version AFNI_26.2.03 'Gordian III')
rf1	11542	01	1	/ZPOOL/data/projects/rf1-sra-linux2/derivatives/fmriprep/sub-11542/ses-01/func/sub-11542_ses-01_task-sharedreward_run-1_part-mag_space-MNI152NLin6Asym_desc-preproc_bold.nii.gz	/ZPOOL/data/projects/rf1-sra-linux2/derivatives/fmriprep/sub-11542/ses-01/func/sub-11542_ses-01_task-sharedreward_run-1_part-mag_space-MNI152NLin6Asym_desc-brain_mask.nii.gz	/ZPOOL/data/projects/rf1-sra-sharedreward/derivatives/harmonized/sub-11542/ses-01/func/sub-11542_ses-01_task-sharedreward_run-1_space-MNI152NLin6Asym_desc-smoothToFWHM6_bold.nii.gz	6	5.89082	5.88479	5.83917	5.87155	0.69736	3.21759	14.2575	8.75873	Precompiled binary linux_ubuntu_24_64: Aug  4 2026 (Version AFNI_26.2.03 'Gordian III')
rf1	11542	01	2	/ZPOOL/data/projects/rf1-sra-linux2/derivatives/fmriprep/sub-11542/ses-01/func/sub-11542_ses-01_task-sharedreward_run-2_part-mag_space-MNI152NLin6Asym_desc-preproc_bold.nii.gz	/ZPOOL/data/projects/rf1-sra-linux2/derivatives/fmriprep/sub-11542/ses-01/func/sub-11542_ses-01_task-sharedreward_run-2_part-mag_space-MNI152NLin6Asym_desc-brain_mask.nii.gz	/ZPOOL/data/projects/rf1-sra-sharedreward/derivatives/harmonized/sub-11542/ses-01/func/sub-11542_ses-01_task-sharedreward_run-2_space-MNI152NLin6Asym_desc-smoothToFWHM6_bold.nii.gz	6	5.92252	5.90802	5.80858	5.87949	0.662111	3.24448	12.8332	8.87703	Precompiled binary linux_ubuntu_24_64: Aug  4 2026 (Version AFNI_26.2.03 'Gordian III')
rf1	11545	01	1	/ZPOOL/data/projects/rf1-sra-linux2/derivatives/fmriprep/sub-11545/ses-01/func/sub-11545_ses-01_task-sharedreward_run-1_part-mag_space-MNI152NLin6Asym_desc-preproc_bold.nii.gz	/ZPOOL/data/projects/rf1-sra-linux2/derivatives/fmriprep/sub-11545/ses-01/func/sub-11545_ses-01_task-sharedreward_run-1_part-mag_space-MNI152NLin6Asym_desc-brain_mask.nii.gz	/ZPOOL/data/projects/rf1-sra-sharedreward/derivatives/harmonized/sub-11545/ses-01/func/sub-11545_ses-01_task-sharedreward_run-1_space-MNI152NLin6Asym_desc-smoothToFWHM6_bold.nii.gz	6	5.82487	5.82966	5.79384	5.8161	0.517836	3.10801	10.246	8.88778	Precompiled binary linux_ubuntu_24_64: Aug  4 2026 (Version AFNI_26.2.03 'Gordian III')
rf1	11545	01	2	/ZPOOL/data/projects/rf1-sra-linux2/derivatives/fmriprep/sub-11545/ses-01/func/sub-11545_ses-01_task-sharedreward_run-2_part-mag_space-MNI152NLin6Asym_desc-preproc_bold.nii.gz	/ZPOOL/data/projects/rf1-sra-linux2/derivatives/fmriprep/sub-11545/ses-01/func/sub-11545_ses-01_task-sharedreward_run-2_part-mag_space-MNI152NLin6Asym_desc-brain_mask.nii.gz	/ZPOOL/data/projects/rf1-sra-sharedreward/derivatives/harmonized/sub-11545/ses-01/func/sub-11545_ses-01_task-sharedreward_run-2_space-MNI152NLin6Asym_desc-smoothToFWHM6_bold.nii.gz	6	5.83199	5.85296	5.78111	5.82194	0.507486	3.03791	10.765	8.91034	Precompiled binary linux_ubuntu_24_64: Aug  4 2026 (Version AFNI_26.2.03 'Gordian III')
rf1	11551	01	1	/ZPOOL/data/projects/rf1-sra-linux2/derivatives/fmriprep/sub-11551/ses-01/func/sub-11551_ses-01_task-sharedreward_run-1_part-mag_space-MNI152NLin6Asym_desc-preproc_bold.nii.gz	/ZPOOL/data/projects/rf1-sra-linux2/derivatives/fmriprep/sub-11551/ses-01/func/sub-11551_ses-01_task-sharedreward_run-1_part-mag_space-MNI152NLin6Asym_desc-brain_mask.nii.gz	/ZPOOL/data/projects/rf1-sra-sharedreward/derivatives/harmonized/sub-11551/ses-01/func/sub-11551_ses-01_task-sharedreward_run-1_space-MNI152NLin6Asym_desc-smoothToFWHM6_bold.nii.gz	6	5.8444	5.99465	5.90486	5.91432	0.499077	2.94847	13.5096	9.29767	Precompiled binary linux_ubuntu_24_64: Aug  4 2026 (Version AFNI_26.2.03 'Gordian III')
rf1	11551	01	2	/ZPOOL/data/projects/rf1-sra-linux2/derivatives/fmriprep/sub-11551/ses-01/func/sub-11551_ses-01_task-sharedreward_run-2_part-mag_space-MNI152NLin6Asym_desc-preproc_bold.nii.gz	/ZPOOL/data/projects/rf1-sra-linux2/derivatives/fmriprep/sub-11551/ses-01/func/sub-11551_ses-01_task-sharedreward_run-2_part-mag_space-MNI152NLin6Asym_desc-brain_mask.nii.gz	/ZPOOL/data/projects/rf1-sra-sharedreward/derivatives/harmonized/sub-11551/ses-01/func/sub-11551_ses-01_task-sharedreward_run-2_space-MNI152NLin6Asym_desc-smoothToFWHM6_bold.nii.gz	6	5.79554	5.94356	5.89546	5.87786	0.500265	2.93801	13.2503	9.22069	Precompiled binary linux_ubuntu_24_64: Aug  4 2026 (Version AFNI_26.2.03 'Gordian III')
rf1	11559	01	1	/ZPOOL/data/projects/rf1-sra-linux2/derivatives/fmriprep/sub-11559/ses-01/func/sub-11559_ses-01_task-sharedreward_run-1_part-mag_space-MNI152NLin6Asym_desc-preproc_bold.nii.gz	/ZPOOL/data/projects/rf1-sra-linux2/derivatives/fmriprep/sub-11559/ses-01/func/sub-11559_ses-01_task-sharedreward_run-1_part-mag_space-MNI152NLin6Asym_desc-brain_mask.nii.gz	/ZPOOL/data/projects/rf1-sra-sharedreward/derivatives/harmonized/sub-11559/ses-01/func/sub-11559_ses-01_task-sharedreward_run-1_space-MNI152NLin6Asym_desc-smoothToFWHM6_bold.nii.gz	6	6.03256	5.96612	5.78894	5.92831	0.633278	3.26687	10.6893	8.79623	Precompiled binary linux_ubuntu_24_64: Aug  4 2026 (Version AFNI_26.2.03 'Gordian III')
rf1	11559	01	2	/ZPOOL/data/projects/rf1-sra-linux2/derivatives/fmriprep/sub-11559/ses-01/func/sub-11559_ses-01_task-sharedreward_run-2_part-mag_space-MNI152NLin6Asym_desc-preproc_bold.nii.gz	/ZPOOL/data/projects/rf1-sra-linux2/derivatives/fmriprep/sub-11559/ses-01/func/sub-11559_ses-01_task-sharedreward_run-2_part-mag_space-MNI152NLin6Asym_desc-brain_mask.nii.gz	/ZPOOL/data/projects/rf1-sra-sharedreward/derivatives/harmonized/sub-11559/ses-01/func/sub-11559_ses-01_task-sharedreward_run-2_space-MNI152NLin6Asym_desc-smoothToFWHM6_bold.nii.gz	6	5.7973	5.75338	5.64953	5.73307	0.625337	3.16957	10.265	8.54894	Precompiled binary linux_ubuntu_24_64: Aug  4 2026 (Version AFNI_26.2.03 'Gordian III')
rf1	11560	01	1	/ZPOOL/data/projects/rf1-sra-linux2/derivatives/fmriprep/sub-11560/ses-01/func/sub-11560_ses-01_task-sharedreward_run-1_part-mag_space-MNI152NLin6Asym_desc-preproc_bold.nii.gz	/ZPOOL/data/projects/rf1-sra-linux2/derivatives/fmriprep/sub-11560/ses-01/func/sub-11560_ses-01_task-sharedreward_run-1_part-mag_space-MNI152NLin6Asym_desc-brain_mask.nii.gz	/ZPOOL/data/projects/rf1-sra-sharedreward/derivatives/harmonized/sub-11560/ses-01/func/sub-11560_ses-01_task-sharedreward_run-1_space-MNI152NLin6Asym_desc-smoothToFWHM6_bold.nii.gz	6	5.81297	5.90512	5.87457	5.8641	0.639196	3.19731	11.8057	8.76426	Precompiled binary linux_ubuntu_24_64: Aug  4 2026 (Version AFNI_26.2.03 'Gordian III')
rf1	11560	01	2	/ZPOOL/data/projects/rf1-sra-linux2/derivatives/fmriprep/sub-11560/ses-01/func/sub-11560_ses-01_task-sharedreward_run-2_part-mag_space-MNI152NLin6Asym_desc-preproc_bold.nii.gz	/ZPOOL/data/projects/rf1-sra-linux2/derivatives/fmriprep/sub-11560/ses-01/func/sub-11560_ses-01_task-sharedreward_run-2_part-mag_space-MNI152NLin6Asym_desc-brain_mask.nii.gz	/ZPOOL/data/projects/rf1-sra-sharedreward/derivatives/harmonized/sub-11560/ses-01/func/sub-11560_ses-01_task-sharedreward_run-2_space-MNI152NLin6Asym_desc-smoothToFWHM6_bold.nii.gz	6	5.7859	5.78933	5.8462	5.80708	0.637003	3.19091	11.2133	8.68415	Precompiled binary linux_ubuntu_24_64: Aug  4 2026 (Version AFNI_26.2.03 'Gordian III')
rf1	11563	01	1	/ZPOOL/data/projects/rf1-sra-linux2/derivatives/fmriprep/sub-11563/ses-01/func/sub-11563_ses-01_task-sharedreward_run-1_part-mag_space-MNI152NLin6Asym_desc-preproc_bold.nii.gz	/ZPOOL/data/projects/rf1-sra-linux2/derivatives/fmriprep/sub-11563/ses-01/func/sub-11563_ses-01_task-sharedreward_run-1_part-mag_space-MNI152NLin6Asym_desc-brain_mask.nii.gz	/ZPOOL/data/projects/rf1-sra-sharedreward/derivatives/harmonized/sub-11563/ses-01/func/sub-11563_ses-01_task-sharedreward_run-1_space-MNI152NLin6Asym_desc-smoothToFWHM6_bold.nii.gz	6	5.84276	5.86588	5.80997	5.83949	0.647278	3.32797	9.15864	8.63684	Precompiled binary linux_ubuntu_24_64: Aug  4 2026 (Version AFNI_26.2.03 'Gordian III')
rf1	11563	01	2	/ZPOOL/data/projects/rf1-sra-linux2/derivatives/fmriprep/sub-11563/ses-01/func/sub-11563_ses-01_task-sharedreward_run-2_part-mag_space-MNI152NLin6Asym_desc-preproc_bold.nii.gz	/ZPOOL/data/projects/rf1-sra-linux2/derivatives/fmriprep/sub-11563/ses-01/func/sub-11563_ses-01_task-sharedreward_run-2_part-mag_space-MNI152NLin6Asym_desc-brain_mask.nii.gz	/ZPOOL/data/projects/rf1-sra-sharedreward/derivatives/harmonized/sub-11563/ses-01/func/sub-11563_ses-01_task-sharedreward_run-2_space-MNI152NLin6Asym_desc-smoothToFWHM6_bold.nii.gz	6	5.82104	5.81852	5.77285	5.8041	0.668779	3.27132	9.96974	8.57161	Precompiled binary linux_ubuntu_24_64: Aug  4 2026 (Version AFNI_26.2.03 'Gordian III')
rf1	11570	01	1	/ZPOOL/data/projects/rf1-sra-linux2/derivatives/fmriprep/sub-11570/ses-01/func/sub-11570_ses-01_task-sharedreward_run-1_part-mag_space-MNI152NLin6Asym_desc-preproc_bold.nii.gz	/ZPOOL/data/projects/rf1-sra-linux2/derivatives/fmriprep/sub-11570/ses-01/func/sub-11570_ses-01_task-sharedreward_run-1_part-mag_space-MNI152NLin6Asym_desc-brain_mask.nii.gz	/ZPOOL/data/projects/rf1-sra-sharedreward/derivatives/harmonized/sub-11570/ses-01/func/sub-11570_ses-01_task-sharedreward_run-1_space-MNI152NLin6Asym_desc-smoothToFWHM6_bold.nii.gz	6	5.88039	5.93888	5.83041	5.88306	0.505589	3.02304	11.6469	9.07419	Precompiled binary linux_ubuntu_24_64: Aug  4 2026 (Version AFNI_26.2.03 'Gordian III')
rf1	11570	01	2	/ZPOOL/data/projects/rf1-sra-linux2/derivatives/fmriprep/sub-11570/ses-01/func/sub-11570_ses-01_task-sharedreward_run-2_part-mag_space-MNI152NLin6Asym_desc-preproc_bold.nii.gz	/ZPOOL/data/projects/rf1-sra-linux2/derivatives/fmriprep/sub-11570/ses-01/func/sub-11570_ses-01_task-sharedreward_run-2_part-mag_space-MNI152NLin6Asym_desc-brain_mask.nii.gz	/ZPOOL/data/projects/rf1-sra-sharedreward/derivatives/harmonized/sub-11570/ses-01/func/sub-11570_ses-01_task-sharedreward_run-2_space-MNI152NLin6Asym_desc-smoothToFWHM6_bold.nii.gz	6	5.91628	5.93434	5.84947	5.89992	0.493304	2.95084	13.0887	9.2743	Precompiled binary linux_ubuntu_24_64: Aug  4 2026 (Version AFNI_26.2.03 'Gordian III')
rf1	11572	01	1	/ZPOOL/data/projects/rf1-sra-linux2/derivatives/fmriprep/sub-11572/ses-01/func/sub-11572_ses-01_task-sharedreward_run-1_part-mag_space-MNI152NLin6Asym_desc-preproc_bold.nii.gz	/ZPOOL/data/projects/rf1-sra-linux2/derivatives/fmriprep/sub-11572/ses-01/func/sub-11572_ses-01_task-sharedreward_run-1_part-mag_space-MNI152NLin6Asym_desc-brain_mask.nii.gz	/ZPOOL/data/projects/rf1-sra-sharedreward/derivatives/harmonized/sub-11572/ses-01/func/sub-11572_ses-01_task-sharedreward_run-1_space-MNI152NLin6Asym_desc-smoothToFWHM6_bold.nii.gz	6	5.94604	5.95337	5.92535	5.94158	0.522827	3.24935	10.0197	9.10155	Precompiled binary linux_ubuntu_24_64: Aug  4 2026 (Version AFNI_26.2.03 'Gordian III')
rf1	11572	01	2	/ZPOOL/data/projects/rf1-sra-linux2/derivatives/fmriprep/sub-11572/ses-01/func/sub-11572_ses-01_task-sharedreward_run-2_part-mag_space-MNI152NLin6Asym_desc-preproc_bold.nii.gz	/ZPOOL/data/projects/rf1-sra-linux2/derivatives/fmriprep/sub-11572/ses-01/func/sub-11572_ses-01_task-sharedreward_run-2_part-mag_space-MNI152NLin6Asym_desc-brain_mask.nii.gz	/ZPOOL/data/projects/rf1-sra-sharedreward/derivatives/harmonized/sub-11572/ses-01/func/sub-11572_ses-01_task-sharedreward_run-2_space-MNI152NLin6Asym_desc-smoothToFWHM6_bold.nii.gz	6	5.81921	5.81231	5.72875	5.78661	0.534815	3.06139	10.8381	8.82764	Precompiled binary linux_ubuntu_24_64: Aug  4 2026 (Version AFNI_26.2.03 'Gordian III')
rf1	11579	01	1	/ZPOOL/data/projects/rf1-sra-linux2/derivatives/fmriprep/sub-11579/ses-01/func/sub-11579_ses-01_task-sharedreward_run-1_part-mag_space-MNI152NLin6Asym_desc-preproc_bold.nii.gz	/ZPOOL/data/projects/rf1-sra-linux2/derivatives/fmriprep/sub-11579/ses-01/func/sub-11579_ses-01_task-sharedreward_run-1_part-mag_space-MNI152NLin6Asym_desc-brain_mask.nii.gz	/ZPOOL/data/projects/rf1-sra-sharedreward/derivatives/harmonized/sub-11579/ses-01/func/sub-11579_ses-01_task-sharedreward_run-1_space-MNI152NLin6Asym_desc-smoothToFWHM6_bold.nii.gz	6	5.72947	5.72288	5.61574	5.68912	0.489411	3.02699	9.98174	8.79985	Precompiled binary linux_ubuntu_24_64: Aug  4 2026 (Version AFNI_26.2.03 'Gordian III')
rf1	11579	01	2	/ZPOOL/data/projects/rf1-sra-linux2/derivatives/fmriprep/sub-11579/ses-01/func/sub-11579_ses-01_task-sharedreward_run-2_part-mag_space-MNI152NLin6Asym_desc-preproc_bold.nii.gz	/ZPOOL/data/projects/rf1-sra-linux2/derivatives/fmriprep/sub-11579/ses-01/func/sub-11579_ses-01_task-sharedreward_run-2_part-mag_space-MNI152NLin6Asym_desc-brain_mask.nii.gz	/ZPOOL/data/projects/rf1-sra-sharedreward/derivatives/harmonized/sub-11579/ses-01/func/sub-11579_ses-01_task-sharedreward_run-2_space-MNI152NLin6Asym_desc-smoothToFWHM6_bold.nii.gz	6	5.76183	5.75288	5.66227	5.72548	0.445547	3.09393	9.03589	8.87005	Precompiled binary linux_ubuntu_24_64: Aug  4 2026 (Version AFNI_26.2.03 'Gordian III')
rf1	11586	01	1	/ZPOOL/data/projects/rf1-sra-linux2/derivatives/fmriprep/sub-11586/ses-01/func/sub-11586_ses-01_task-sharedreward_run-1_part-mag_space-MNI152NLin6Asym_desc-preproc_bold.nii.gz	/ZPOOL/data/projects/rf1-sra-linux2/derivatives/fmriprep/sub-11586/ses-01/func/sub-11586_ses-01_task-sharedreward_run-1_part-mag_space-MNI152NLin6Asym_desc-brain_mask.nii.gz	/ZPOOL/data/projects/rf1-sra-sharedreward/derivatives/harmonized/sub-11586/ses-01/func/sub-11586_ses-01_task-sharedreward_run-1_space-MNI152NLin6Asym_desc-smoothToFWHM6_bold.nii.gz	6	5.82771	5.88205	5.80705	5.83885	0.42101	3.4641	7.79722	9.12611	Precompiled binary linux_ubuntu_24_64: Aug  4 2026 (Version AFNI_26.2.03 'Gordian III')
rf1	11587	01	1	/ZPOOL/data/projects/rf1-sra-linux2/derivatives/fmriprep/sub-11587/ses-01/func/sub-11587_ses-01_task-sharedreward_run-1_part-mag_space-MNI152NLin6Asym_desc-preproc_bold.nii.gz	/ZPOOL/data/projects/rf1-sra-linux2/derivatives/fmriprep/sub-11587/ses-01/func/sub-11587_ses-01_task-sharedreward_run-1_part-mag_space-MNI152NLin6Asym_desc-brain_mask.nii.gz	/ZPOOL/data/projects/rf1-sra-sharedreward/derivatives/harmonized/sub-11587/ses-01/func/sub-11587_ses-01_task-sharedreward_run-1_space-MNI152NLin6Asym_desc-smoothToFWHM6_bold.nii.gz	6	5.97317	5.95731	5.87731	5.93578	0.523135	3.24012	10.2161	9.12718	Precompiled binary linux_ubuntu_24_64: Aug  4 2026 (Version AFNI_26.2.03 'Gordian III')
rf1	11587	01	2	/ZPOOL/data/projects/rf1-sra-linux2/derivatives/fmriprep/sub-11587/ses-01/func/sub-11587_ses-01_task-sharedreward_run-2_part-mag_space-MNI152NLin6Asym_desc-preproc_bold.nii.gz	/ZPOOL/data/projects/rf1-sra-linux2/derivatives/fmriprep/sub-11587/ses-01/func/sub-11587_ses-01_task-sharedreward_run-2_part-mag_space-MNI152NLin6Asym_desc-brain_mask.nii.gz	/ZPOOL/data/projects/rf1-sra-sharedreward/derivatives/harmonized/sub-11587/ses-01/func/sub-11587_ses-01_task-sharedreward_run-2_space-MNI152NLin6Asym_desc-smoothToFWHM6_bold.nii.gz	6	5.86594	5.85816	5.81339	5.84579	0.501354	3.13633	10.135	9.00117	Precompiled binary linux_ubuntu_24_64: Aug  4 2026 (Version AFNI_26.2.03 'Gordian III')
rf1	11588	01	1	/ZPOOL/data/projects/rf1-sra-linux2/derivatives/fmriprep/sub-11588/ses-01/func/sub-11588_ses-01_task-sharedreward_run-1_part-mag_space-MNI152NLin6Asym_desc-preproc_bold.nii.gz	/ZPOOL/data/projects/rf1-sra-linux2/derivatives/fmriprep/sub-11588/ses-01/func/sub-11588_ses-01_task-sharedreward_run-1_part-mag_space-MNI152NLin6Asym_desc-brain_mask.nii.gz	/ZPOOL/data/projects/rf1-sra-sharedreward/derivatives/harmonized/sub-11588/ses-01/func/sub-11588_ses-01_task-sharedreward_run-1_space-MNI152NLin6Asym_desc-smoothToFWHM6_bold.nii.gz	6	5.935	5.95427	5.87432	5.9211	0.581639	3.21954	11.5635	9.05921	Precompiled binary linux_ubuntu_24_64: Aug  4 2026 (Version AFNI_26.2.03 'Gordian III')
rf1	11588	01	2	/ZPOOL/data/projects/rf1-sra-linux2/derivatives/fmriprep/sub-11588/ses-01/func/sub-11588_ses-01_task-sharedreward_run-2_part-mag_space-MNI152NLin6Asym_desc-preproc_bold.nii.gz	/ZPOOL/data/projects/rf1-sra-linux2/derivatives/fmriprep/sub-11588/ses-01/func/sub-11588_ses-01_task-sharedreward_run-2_part-mag_space-MNI152NLin6Asym_desc-brain_mask.nii.gz	/ZPOOL/data/projects/rf1-sra-sharedreward/derivatives/harmonized/sub-11588/ses-01/func/sub-11588_ses-01_task-sharedreward_run-2_space-MNI152NLin6Asym_desc-smoothToFWHM6_bold.nii.gz	6	5.78199	5.79259	5.76647	5.78034	0.574847	3.10688	11.4963	8.83454	Precompiled binary linux_ubuntu_24_64: Aug  4 2026 (Version AFNI_26.2.03 'Gordian III')
rf1	11591	01	1	/ZPOOL/data/projects/rf1-sra-linux2/derivatives/fmriprep/sub-11591/ses-01/func/sub-11591_ses-01_task-sharedreward_run-1_part-mag_space-MNI152NLin6Asym_desc-preproc_bold.nii.gz	/ZPOOL/data/projects/rf1-sra-linux2/derivatives/fmriprep/sub-11591/ses-01/func/sub-11591_ses-01_task-sharedreward_run-1_part-mag_space-MNI152NLin6Asym_desc-brain_mask.nii.gz	/ZPOOL/data/projects/rf1-sra-sharedreward/derivatives/harmonized/sub-11591/ses-01/func/sub-11591_ses-01_task-sharedreward_run-1_space-MNI152NLin6Asym_desc-smoothToFWHM6_bold.nii.gz	6	5.69505	5.72638	5.68465	5.702	0.41695	2.92299	9.8937	8.97479	Precompiled binary linux_ubuntu_24_64: Aug  4 2026 (Version AFNI_26.2.03 'Gordian III')
rf1	11591	01	2	/ZPOOL/data/projects/rf1-sra-linux2/derivatives/fmriprep/sub-11591/ses-01/func/sub-11591_ses-01_task-sharedreward_run-2_part-mag_space-MNI152NLin6Asym_desc-preproc_bold.nii.gz	/ZPOOL/data/projects/rf1-sra-linux2/derivatives/fmriprep/sub-11591/ses-01/func/sub-11591_ses-01_task-sharedreward_run-2_part-mag_space-MNI152NLin6Asym_desc-brain_mask.nii.gz	/ZPOOL/data/projects/rf1-sra-sharedreward/derivatives/harmonized/sub-11591/ses-01/func/sub-11591_ses-01_task-sharedreward_run-2_space-MNI152NLin6Asym_desc-smoothToFWHM6_bold.nii.gz	6	5.81247	5.82657	5.78542	5.80813	0.403527	2.94145	10.6795	9.34733	Precompiled binary linux_ubuntu_24_64: Aug  4 2026 (Version AFNI_26.2.03 'Gordian III')
rf1	11597	01	1	/ZPOOL/data/projects/rf1-sra-linux2/derivatives/fmriprep/sub-11597/ses-01/func/sub-11597_ses-01_task-sharedreward_run-1_part-mag_space-MNI152NLin6Asym_desc-preproc_bold.nii.gz	/ZPOOL/data/projects/rf1-sra-linux2/derivatives/fmriprep/sub-11597/ses-01/func/sub-11597_ses-01_task-sharedreward_run-1_part-mag_space-MNI152NLin6Asym_desc-brain_mask.nii.gz	/ZPOOL/data/projects/rf1-sra-sharedreward/derivatives/harmonized/sub-11597/ses-01/func/sub-11597_ses-01_task-sharedreward_run-1_space-MNI152NLin6Asym_desc-smoothToFWHM6_bold.nii.gz	6	5.91344	5.86682	5.86115	5.88042	0.510043	3.11407	11.5013	9.21237	Precompiled binary linux_ubuntu_24_64: Aug  4 2026 (Version AFNI_26.2.03 'Gordian III')
rf1	11597	01	2	/ZPOOL/data/projects/rf1-sra-linux2/derivatives/fmriprep/sub-11597/ses-01/func/sub-11597_ses-01_task-sharedreward_run-2_part-mag_space-MNI152NLin6Asym_desc-preproc_bold.nii.gz	/ZPOOL/data/projects/rf1-sra-linux2/derivatives/fmriprep/sub-11597/ses-01/func/sub-11597_ses-01_task-sharedreward_run-2_part-mag_space-MNI152NLin6Asym_desc-brain_mask.nii.gz	/ZPOOL/data/projects/rf1-sra-sharedreward/derivatives/harmonized/sub-11597/ses-01/func/sub-11597_ses-01_task-sharedreward_run-2_space-MNI152NLin6Asym_desc-smoothToFWHM6_bold.nii.gz	6	5.85353	5.84464	5.80252	5.83352	0.514437	3.06859	10.8802	8.96171	Precompiled binary linux_ubuntu_24_64: Aug  4 2026 (Version AFNI_26.2.03 'Gordian III')
rf1	11598	01	1	/ZPOOL/data/projects/rf1-sra-linux2/derivatives/fmriprep/sub-11598/ses-01/func/sub-11598_ses-01_task-sharedreward_run-1_part-mag_space-MNI152NLin6Asym_desc-preproc_bold.nii.gz	/ZPOOL/data/projects/rf1-sra-linux2/derivatives/fmriprep/sub-11598/ses-01/func/sub-11598_ses-01_task-sharedreward_run-1_part-mag_space-MNI152NLin6Asym_desc-brain_mask.nii.gz	/ZPOOL/data/projects/rf1-sra-sharedreward/derivatives/harmonized/sub-11598/ses-01/func/sub-11598_ses-01_task-sharedreward_run-1_space-MNI152NLin6Asym_desc-smoothToFWHM6_bold.nii.gz	6	6.11019	6.11529	6.03684	6.08733	0.419894	3.11263	10.9433	9.64238	Precompiled binary linux_ubuntu_24_64: Aug  4 2026 (Version AFNI_26.2.03 'Gordian III')
rf1	11598	01	2	/ZPOOL/data/projects/rf1-sra-linux2/derivatives/fmriprep/sub-11598/ses-01/func/sub-11598_ses-01_task-sharedreward_run-2_part-mag_space-MNI152NLin6Asym_desc-preproc_bold.nii.gz	/ZPOOL/data/projects/rf1-sra-linux2/derivatives/fmriprep/sub-11598/ses-01/func/sub-11598_ses-01_task-sharedreward_run-2_part-mag_space-MNI152NLin6Asym_desc-brain_mask.nii.gz	/ZPOOL/data/projects/rf1-sra-sharedreward/derivatives/harmonized/sub-11598/ses-01/func/sub-11598_ses-01_task-sharedreward_run-2_space-MNI152NLin6Asym_desc-smoothToFWHM6_bold.nii.gz	6	5.96671	6.02916	5.96146	5.9857	0.442301	3.01243	12.0754	9.5851	Precompiled binary linux_ubuntu_24_64: Aug  4 2026 (Version AFNI_26.2.03 'Gordian III')
rf1	11599	01	1	/ZPOOL/data/projects/rf1-sra-linux2/derivatives/fmriprep/sub-11599/ses-01/func/sub-11599_ses-01_task-sharedreward_run-1_part-mag_space-MNI152NLin6Asym_desc-preproc_bold.nii.gz	/ZPOOL/data/projects/rf1-sra-linux2/derivatives/fmriprep/sub-11599/ses-01/func/sub-11599_ses-01_task-sharedreward_run-1_part-mag_space-MNI152NLin6Asym_desc-brain_mask.nii.gz	/ZPOOL/data/projects/rf1-sra-sharedreward/derivatives/harmonized/sub-11599/ses-01/func/sub-11599_ses-01_task-sharedreward_run-1_space-MNI152NLin6Asym_desc-smoothToFWHM6_bold.nii.gz	6	5.8331	5.89483	5.86733	5.86503	0.563906	3.037	13.2261	8.99564	Precompiled binary linux_ubuntu_24_64: Aug  4 2026 (Version AFNI_26.2.03 'Gordian III')
rf1	11599	01	2	/ZPOOL/data/projects/rf1-sra-linux2/derivatives/fmriprep/sub-11599/ses-01/func/sub-11599_ses-01_task-sharedreward_run-2_part-mag_space-MNI152NLin6Asym_desc-preproc_bold.nii.gz	/ZPOOL/data/projects/rf1-sra-linux2/derivatives/fmriprep/sub-11599/ses-01/func/sub-11599_ses-01_task-sharedreward_run-2_part-mag_space-MNI152NLin6Asym_desc-brain_mask.nii.gz	/ZPOOL/data/projects/rf1-sra-sharedreward/derivatives/harmonized/sub-11599/ses-01/func/sub-11599_ses-01_task-sharedreward_run-2_space-MNI152NLin6Asym_desc-smoothToFWHM6_bold.nii.gz	6	5.88737	5.93151	5.88948	5.90275	0.534855	3.02743	12.7785	9.09749	Precompiled binary linux_ubuntu_24_64: Aug  4 2026 (Version AFNI_26.2.03 'Gordian III')
rf1	11600	01	1	/ZPOOL/data/projects/rf1-sra-linux2/derivatives/fmriprep/sub-11600/ses-01/func/sub-11600_ses-01_task-sharedreward_run-1_part-mag_space-MNI152NLin6Asym_desc-preproc_bold.nii.gz	/ZPOOL/data/projects/rf1-sra-linux2/derivatives/fmriprep/sub-11600/ses-01/func/sub-11600_ses-01_task-sharedreward_run-1_part-mag_space-MNI152NLin6Asym_desc-brain_mask.nii.gz	/ZPOOL/data/projects/rf1-sra-sharedreward/derivatives/harmonized/sub-11600/ses-01/func/sub-11600_ses-01_task-sharedreward_run-1_space-MNI152NLin6Asym_desc-smoothToFWHM6_bold.nii.gz	6	5.99011	5.999	5.97332	5.98747	0.524058	3.02582	13.1875	9.23315	Precompiled binary linux_ubuntu_24_64: Aug  4 2026 (Version AFNI_26.2.03 'Gordian III')
rf1	11600	01	2	/ZPOOL/data/projects/rf1-sra-linux2/derivatives/fmriprep/sub-11600/ses-01/func/sub-11600_ses-01_task-sharedreward_run-2_part-mag_space-MNI152NLin6Asym_desc-preproc_bold.nii.gz	/ZPOOL/data/projects/rf1-sra-linux2/derivatives/fmriprep/sub-11600/ses-01/func/sub-11600_ses-01_task-sharedreward_run-2_part-mag_space-MNI152NLin6Asym_desc-brain_mask.nii.gz	/ZPOOL/data/projects/rf1-sra-sharedreward/derivatives/harmonized/sub-11600/ses-01/func/sub-11600_ses-01_task-sharedreward_run-2_space-MNI152NLin6Asym_desc-smoothToFWHM6_bold.nii.gz	6	5.89099	5.90918	5.89403	5.89806	0.524842	3.00112	12.9826	9.13899	Precompiled binary linux_ubuntu_24_64: Aug  4 2026 (Version AFNI_26.2.03 'Gordian III')
rf1	11606	01	1	/ZPOOL/data/projects/rf1-sra-linux2/derivatives/fmriprep/sub-11606/ses-01/func/sub-11606_ses-01_task-sharedreward_run-1_part-mag_space-MNI152NLin6Asym_desc-preproc_bold.nii.gz	/ZPOOL/data/projects/rf1-sra-linux2/derivatives/fmriprep/sub-11606/ses-01/func/sub-11606_ses-01_task-sharedreward_run-1_part-mag_space-MNI152NLin6Asym_desc-brain_mask.nii.gz	/ZPOOL/data/projects/rf1-sra-sharedreward/derivatives/harmonized/sub-11606/ses-01/func/sub-11606_ses-01_task-sharedreward_run-1_space-MNI152NLin6Asym_desc-smoothToFWHM6_bold.nii.gz	6	5.73008	5.74436	5.73629	5.73691	0.502503	3.306	7.79399	8.65166	Precompiled binary linux_ubuntu_24_64: Aug  4 2026 (Version AFNI_26.2.03 'Gordian III')
rf1	11606	01	2	/ZPOOL/data/projects/rf1-sra-linux2/derivatives/fmriprep/sub-11606/ses-01/func/sub-11606_ses-01_task-sharedreward_run-2_part-mag_space-MNI152NLin6Asym_desc-preproc_bold.nii.gz	/ZPOOL/data/projects/rf1-sra-linux2/derivatives/fmriprep/sub-11606/ses-01/func/sub-11606_ses-01_task-sharedreward_run-2_part-mag_space-MNI152NLin6Asym_desc-brain_mask.nii.gz	/ZPOOL/data/projects/rf1-sra-sharedreward/derivatives/harmonized/sub-11606/ses-01/func/sub-11606_ses-01_task-sharedreward_run-2_space-MNI152NLin6Asym_desc-smoothToFWHM6_bold.nii.gz	6	5.79354	5.80362	5.77672	5.79128	0.548968	3.29612	8.73846	8.78088	Precompiled binary linux_ubuntu_24_64: Aug  4 2026 (Version AFNI_26.2.03 'Gordian III')
rf1	11614	01	1	/ZPOOL/data/projects/rf1-sra-linux2/derivatives/fmriprep/sub-11614/ses-01/func/sub-11614_ses-01_task-sharedreward_run-1_part-mag_space-MNI152NLin6Asym_desc-preproc_bold.nii.gz	/ZPOOL/data/projects/rf1-sra-linux2/derivatives/fmriprep/sub-11614/ses-01/func/sub-11614_ses-01_task-sharedreward_run-1_part-mag_space-MNI152NLin6Asym_desc-brain_mask.nii.gz	/ZPOOL/data/projects/rf1-sra-sharedreward/derivatives/harmonized/sub-11614/ses-01/func/sub-11614_ses-01_task-sharedreward_run-1_space-MNI152NLin6Asym_desc-smoothToFWHM6_bold.nii.gz	6	6.11272	6.08008	5.88846	6.02627	0.469778	3.3451	9.48176	9.37349	Precompiled binary linux_ubuntu_24_64: Aug  4 2026 (Version AFNI_26.2.03 'Gordian III')
rf1	11614	01	2	/ZPOOL/data/projects/rf1-sra-linux2/derivatives/fmriprep/sub-11614/ses-01/func/sub-11614_ses-01_task-sharedreward_run-2_part-mag_space-MNI152NLin6Asym_desc-preproc_bold.nii.gz	/ZPOOL/data/projects/rf1-sra-linux2/derivatives/fmriprep/sub-11614/ses-01/func/sub-11614_ses-01_task-sharedreward_run-2_part-mag_space-MNI152NLin6Asym_desc-brain_mask.nii.gz	/ZPOOL/data/projects/rf1-sra-sharedreward/derivatives/harmonized/sub-11614/ses-01/func/sub-11614_ses-01_task-sharedreward_run-2_space-MNI152NLin6Asym_desc-smoothToFWHM6_bold.nii.gz	6	5.95693	5.92883	5.77575	5.88663	0.493319	3.3625	9.04016	9.18015	Precompiled binary linux_ubuntu_24_64: Aug  4 2026 (Version AFNI_26.2.03 'Gordian III')
rf1	11622	01	1	/ZPOOL/data/projects/rf1-sra-linux2/derivatives/fmriprep/sub-11622/ses-01/func/sub-11622_ses-01_task-sharedreward_run-1_part-mag_space-MNI152NLin6Asym_desc-preproc_bold.nii.gz	/ZPOOL/data/projects/rf1-sra-linux2/derivatives/fmriprep/sub-11622/ses-01/func/sub-11622_ses-01_task-sharedreward_run-1_part-mag_space-MNI152NLin6Asym_desc-brain_mask.nii.gz	/ZPOOL/data/projects/rf1-sra-sharedreward/derivatives/harmonized/sub-11622/ses-01/func/sub-11622_ses-01_task-sharedreward_run-1_space-MNI152NLin6Asym_desc-smoothToFWHM6_bold.nii.gz	6	5.7579	5.7693	5.73194	5.75302	0.571547	3.00756	11.9981	8.70544	Precompiled binary linux_ubuntu_24_64: Aug  4 2026 (Version AFNI_26.2.03 'Gordian III')
rf1	11622	01	2	/ZPOOL/data/projects/rf1-sra-linux2/derivatives/fmriprep/sub-11622/ses-01/func/sub-11622_ses-01_task-sharedreward_run-2_part-mag_space-MNI152NLin6Asym_desc-preproc_bold.nii.gz	/ZPOOL/data/projects/rf1-sra-linux2/derivatives/fmriprep/sub-11622/ses-01/func/sub-11622_ses-01_task-sharedreward_run-2_part-mag_space-MNI152NLin6Asym_desc-brain_mask.nii.gz	/ZPOOL/data/projects/rf1-sra-sharedreward/derivatives/harmonized/sub-11622/ses-01/func/sub-11622_ses-01_task-sharedreward_run-2_space-MNI152NLin6Asym_desc-smoothToFWHM6_bold.nii.gz	6	5.73956	5.76423	5.72248	5.74206	0.560428	2.933	12.9233	8.73357	Precompiled binary linux_ubuntu_24_64: Aug  4 2026 (Version AFNI_26.2.03 'Gordian III')
rf1	11623	01	1	/ZPOOL/data/projects/rf1-sra-linux2/derivatives/fmriprep/sub-11623/ses-01/func/sub-11623_ses-01_task-sharedreward_run-1_part-mag_space-MNI152NLin6Asym_desc-preproc_bold.nii.gz	/ZPOOL/data/projects/rf1-sra-linux2/derivatives/fmriprep/sub-11623/ses-01/func/sub-11623_ses-01_task-sharedreward_run-1_part-mag_space-MNI152NLin6Asym_desc-brain_mask.nii.gz	/ZPOOL/data/projects/rf1-sra-sharedreward/derivatives/harmonized/sub-11623/ses-01/func/sub-11623_ses-01_task-sharedreward_run-1_space-MNI152NLin6Asym_desc-smoothToFWHM6_bold.nii.gz	6	5.9849	6.01761	5.91395	5.97199	0.540508	3.11269	12.7633	9.24899	Precompiled binary linux_ubuntu_24_64: Aug  4 2026 (Version AFNI_26.2.03 'Gordian III')
rf1	11625	01	1	/ZPOOL/data/projects/rf1-sra-linux2/derivatives/fmriprep/sub-11625/ses-01/func/sub-11625_ses-01_task-sharedreward_run-1_part-mag_space-MNI152NLin6Asym_desc-preproc_bold.nii.gz	/ZPOOL/data/projects/rf1-sra-linux2/derivatives/fmriprep/sub-11625/ses-01/func/sub-11625_ses-01_task-sharedreward_run-1_part-mag_space-MNI152NLin6Asym_desc-brain_mask.nii.gz	/ZPOOL/data/projects/rf1-sra-sharedreward/derivatives/harmonized/sub-11625/ses-01/func/sub-11625_ses-01_task-sharedreward_run-1_space-MNI152NLin6Asym_desc-smoothToFWHM6_bold.nii.gz	6	5.73895	5.77944	5.77555	5.76462	0.496647	2.88901	12.2187	8.95081	Precompiled binary linux_ubuntu_24_64: Aug  4 2026 (Version AFNI_26.2.03 'Gordian III')
rf1	11625	01	2	/ZPOOL/data/projects/rf1-sra-linux2/derivatives/fmriprep/sub-11625/ses-01/func/sub-11625_ses-01_task-sharedreward_run-2_part-mag_space-MNI152NLin6Asym_desc-preproc_bold.nii.gz	/ZPOOL/data/projects/rf1-sra-linux2/derivatives/fmriprep/sub-11625/ses-01/func/sub-11625_ses-01_task-sharedreward_run-2_part-mag_space-MNI152NLin6Asym_desc-brain_mask.nii.gz	/ZPOOL/data/projects/rf1-sra-sharedreward/derivatives/harmonized/sub-11625/ses-01/func/sub-11625_ses-01_task-sharedreward_run-2_space-MNI152NLin6Asym_desc-smoothToFWHM6_bold.nii.gz	6	5.97531	5.97182	5.9495	5.96553	0.511413	3.03628	13.4159	9.3851	Precompiled binary linux_ubuntu_24_64: Aug  4 2026 (Version AFNI_26.2.03 'Gordian III')
rf1	11626	01	1	/ZPOOL/data/projects/rf1-sra-linux2/derivatives/fmriprep/sub-11626/ses-01/func/sub-11626_ses-01_task-sharedreward_run-1_part-mag_space-MNI152NLin6Asym_desc-preproc_bold.nii.gz	/ZPOOL/data/projects/rf1-sra-linux2/derivatives/fmriprep/sub-11626/ses-01/func/sub-11626_ses-01_task-sharedreward_run-1_part-mag_space-MNI152NLin6Asym_desc-brain_mask.nii.gz	/ZPOOL/data/projects/rf1-sra-sharedreward/derivatives/harmonized/sub-11626/ses-01/func/sub-11626_ses-01_task-sharedreward_run-1_space-MNI152NLin6Asym_desc-smoothToFWHM6_bold.nii.gz	6	5.90209	5.9061	5.86737	5.89183	0.50158	3.17438	10.5231	9.17053	Precompiled binary linux_ubuntu_24_64: Aug  4 2026 (Version AFNI_26.2.03 'Gordian III')
rf1	11626	01	2	/ZPOOL/data/projects/rf1-sra-linux2/derivatives/fmriprep/sub-11626/ses-01/func/sub-11626_ses-01_task-sharedreward_run-2_part-mag_space-MNI152NLin6Asym_desc-preproc_bold.nii.gz	/ZPOOL/data/projects/rf1-sra-linux2/derivatives/fmriprep/sub-11626/ses-01/func/sub-11626_ses-01_task-sharedreward_run-2_part-mag_space-MNI152NLin6Asym_desc-brain_mask.nii.gz	/ZPOOL/data/projects/rf1-sra-sharedreward/derivatives/harmonized/sub-11626/ses-01/func/sub-11626_ses-01_task-sharedreward_run-2_space-MNI152NLin6Asym_desc-smoothToFWHM6_bold.nii.gz	6	5.79027	5.811	5.77175	5.79098	0.503025	3.08753	10.4368	8.9645	Precompiled binary linux_ubuntu_24_64: Aug  4 2026 (Version AFNI_26.2.03 'Gordian III')
rf1	11628	01	1	/ZPOOL/data/projects/rf1-sra-linux2/derivatives/fmriprep/sub-11628/ses-01/func/sub-11628_ses-01_task-sharedreward_run-1_part-mag_space-MNI152NLin6Asym_desc-preproc_bold.nii.gz	/ZPOOL/data/projects/rf1-sra-linux2/derivatives/fmriprep/sub-11628/ses-01/func/sub-11628_ses-01_task-sharedreward_run-1_part-mag_space-MNI152NLin6Asym_desc-brain_mask.nii.gz	/ZPOOL/data/projects/rf1-sra-sharedreward/derivatives/harmonized/sub-11628/ses-01/func/sub-11628_ses-01_task-sharedreward_run-1_space-MNI152NLin6Asym_desc-smoothToFWHM6_bold.nii.gz	6	5.82829	5.83546	5.79817	5.82062	0.569412	3.17812	10.3074	8.80851	Precompiled binary linux_ubuntu_24_64: Aug  4 2026 (Version AFNI_26.2.03 'Gordian III')
rf1	11628	01	2	/ZPOOL/data/projects/rf1-sra-linux2/derivatives/fmriprep/sub-11628/ses-01/func/sub-11628_ses-01_task-sharedreward_run-2_part-mag_space-MNI152NLin6Asym_desc-preproc_bold.nii.gz	/ZPOOL/data/projects/rf1-sra-linux2/derivatives/fmriprep/sub-11628/ses-01/func/sub-11628_ses-01_task-sharedreward_run-2_part-mag_space-MNI152NLin6Asym_desc-brain_mask.nii.gz	/ZPOOL/data/projects/rf1-sra-sharedreward/derivatives/harmonized/sub-11628/ses-01/func/sub-11628_ses-01_task-sharedreward_run-2_space-MNI152NLin6Asym_desc-smoothToFWHM6_bold.nii.gz	6	5.82229	5.82794	5.78592	5.81202	0.577365	3.15704	10.5512	8.77265	Precompiled binary linux_ubuntu_24_64: Aug  4 2026 (Version AFNI_26.2.03 'Gordian III')
rf1	11631	01	1	/ZPOOL/data/projects/rf1-sra-linux2/derivatives/fmriprep/sub-11631/ses-01/func/sub-11631_ses-01_task-sharedreward_run-1_part-mag_space-MNI152NLin6Asym_desc-preproc_bold.nii.gz	/ZPOOL/data/projects/rf1-sra-linux2/derivatives/fmriprep/sub-11631/ses-01/func/sub-11631_ses-01_task-sharedreward_run-1_part-mag_space-MNI152NLin6Asym_desc-brain_mask.nii.gz	/ZPOOL/data/projects/rf1-sra-sharedreward/derivatives/harmonized/sub-11631/ses-01/func/sub-11631_ses-01_task-sharedreward_run-1_space-MNI152NLin6Asym_desc-smoothToFWHM6_bold.nii.gz	6	5.66618	5.6794	5.65147	5.66567	0.582918	3.03589	10.8998	8.5378	Precompiled binary linux_ubuntu_24_64: Aug  4 2026 (Version AFNI_26.2.03 'Gordian III')
rf1	11631	01	2	/ZPOOL/data/projects/rf1-sra-linux2/derivatives/fmriprep/sub-11631/ses-01/func/sub-11631_ses-01_task-sharedreward_run-2_part-mag_space-MNI152NLin6Asym_desc-preproc_bold.nii.gz	/ZPOOL/data/projects/rf1-sra-linux2/derivatives/fmriprep/sub-11631/ses-01/func/sub-11631_ses-01_task-sharedreward_run-2_part-mag_space-MNI152NLin6Asym_desc-brain_mask.nii.gz	/ZPOOL/data/projects/rf1-sra-sharedreward/derivatives/harmonized/sub-11631/ses-01/func/sub-11631_ses-01_task-sharedreward_run-2_space-MNI152NLin6Asym_desc-smoothToFWHM6_bold.nii.gz	6	5.69302	5.6997	5.68256	5.69176	0.565304	3.02173	10.9404	8.60081	Precompiled binary linux_ubuntu_24_64: Aug  4 2026 (Version AFNI_26.2.03 'Gordian III')
rf1	11651	01	1	/ZPOOL/data/projects/rf1-sra-linux2/derivatives/fmriprep/sub-11651/ses-01/func/sub-11651_ses-01_task-sharedreward_run-1_part-mag_space-MNI152NLin6Asym_desc-preproc_bold.nii.gz	/ZPOOL/data/projects/rf1-sra-linux2/derivatives/fmriprep/sub-11651/ses-01/func/sub-11651_ses-01_task-sharedreward_run-1_part-mag_space-MNI152NLin6Asym_desc-brain_mask.nii.gz	/ZPOOL/data/projects/rf1-sra-sharedreward/derivatives/harmonized/sub-11651/ses-01/func/sub-11651_ses-01_task-sharedreward_run-1_space-MNI152NLin6Asym_desc-smoothToFWHM6_bold.nii.gz	6	6.00464	5.99	5.89403	5.96269	0.445827	3.03701	11.3409	9.42659	Precompiled binary linux_ubuntu_24_64: Aug  4 2026 (Version AFNI_26.2.03 'Gordian III')
rf1	11651	01	2	/ZPOOL/data/projects/rf1-sra-linux2/derivatives/fmriprep/sub-11651/ses-01/func/sub-11651_ses-01_task-sharedreward_run-2_part-mag_space-MNI152NLin6Asym_desc-preproc_bold.nii.gz	/ZPOOL/data/projects/rf1-sra-linux2/derivatives/fmriprep/sub-11651/ses-01/func/sub-11651_ses-01_task-sharedreward_run-2_part-mag_space-MNI152NLin6Asym_desc-brain_mask.nii.gz	/ZPOOL/data/projects/rf1-sra-sharedreward/derivatives/harmonized/sub-11651/ses-01/func/sub-11651_ses-01_task-sharedreward_run-2_space-MNI152NLin6Asym_desc-smoothToFWHM6_bold.nii.gz	6	5.85931	5.86595	5.83641	5.85388	0.461651	2.96881	11.7311	9.27039	Precompiled binary linux_ubuntu_24_64: Aug  4 2026 (Version AFNI_26.2.03 'Gordian III')
rf1	11660	01	1	/ZPOOL/data/projects/rf1-sra-linux2/derivatives/fmriprep/sub-11660/ses-01/func/sub-11660_ses-01_task-sharedreward_run-1_part-mag_space-MNI152NLin6Asym_desc-preproc_bold.nii.gz	/ZPOOL/data/projects/rf1-sra-linux2/derivatives/fmriprep/sub-11660/ses-01/func/sub-11660_ses-01_task-sharedreward_run-1_part-mag_space-MNI152NLin6Asym_desc-brain_mask.nii.gz	/ZPOOL/data/projects/rf1-sra-sharedreward/derivatives/harmonized/sub-11660/ses-01/func/sub-11660_ses-01_task-sharedreward_run-1_space-MNI152NLin6Asym_desc-smoothToFWHM6_bold.nii.gz	6	5.71828	5.72608	5.69635	5.71355	0.512995	3.18811	8.64897	8.66352	Precompiled binary linux_ubuntu_24_64: Aug  4 2026 (Version AFNI_26.2.03 'Gordian III')
rf1	11660	01	2	/ZPOOL/data/projects/rf1-sra-linux2/derivatives/fmriprep/sub-11660/ses-01/func/sub-11660_ses-01_task-sharedreward_run-2_part-mag_space-MNI152NLin6Asym_desc-preproc_bold.nii.gz	/ZPOOL/data/projects/rf1-sra-linux2/derivatives/fmriprep/sub-11660/ses-01/func/sub-11660_ses-01_task-sharedreward_run-2_part-mag_space-MNI152NLin6Asym_desc-brain_mask.nii.gz	/ZPOOL/data/projects/rf1-sra-sharedreward/derivatives/harmonized/sub-11660/ses-01/func/sub-11660_ses-01_task-sharedreward_run-2_space-MNI152NLin6Asym_desc-smoothToFWHM6_bold.nii.gz	6	5.71664	5.7158	5.73591	5.72278	0.487613	3.1228	9.01934	8.73873	Precompiled binary linux_ubuntu_24_64: Aug  4 2026 (Version AFNI_26.2.03 'Gordian III')
rf1	11670	01	1	/ZPOOL/data/projects/rf1-sra-linux2/derivatives/fmriprep/sub-11670/ses-01/func/sub-11670_ses-01_task-sharedreward_run-1_part-mag_space-MNI152NLin6Asym_desc-preproc_bold.nii.gz	/ZPOOL/data/projects/rf1-sra-linux2/derivatives/fmriprep/sub-11670/ses-01/func/sub-11670_ses-01_task-sharedreward_run-1_part-mag_space-MNI152NLin6Asym_desc-brain_mask.nii.gz	/ZPOOL/data/projects/rf1-sra-sharedreward/derivatives/harmonized/sub-11670/ses-01/func/sub-11670_ses-01_task-sharedreward_run-1_space-MNI152NLin6Asym_desc-smoothToFWHM6_bold.nii.gz	6	5.84558	5.84662	5.82547	5.83921	0.535946	3.05046	11.7297	8.9649	Precompiled binary linux_ubuntu_24_64: Aug  4 2026 (Version AFNI_26.2.03 'Gordian III')
rf1	11670	01	2	/ZPOOL/data/projects/rf1-sra-linux2/derivatives/fmriprep/sub-11670/ses-01/func/sub-11670_ses-01_task-sharedreward_run-2_part-mag_space-MNI152NLin6Asym_desc-preproc_bold.nii.gz	/ZPOOL/data/projects/rf1-sra-linux2/derivatives/fmriprep/sub-11670/ses-01/func/sub-11670_ses-01_task-sharedreward_run-2_part-mag_space-MNI152NLin6Asym_desc-brain_mask.nii.gz	/ZPOOL/data/projects/rf1-sra-sharedreward/derivatives/harmonized/sub-11670/ses-01/func/sub-11670_ses-01_task-sharedreward_run-2_space-MNI152NLin6Asym_desc-smoothToFWHM6_bold.nii.gz	6	5.86578	5.83429	5.77173	5.8238	0.528944	3.00031	12.2746	8.99178	Precompiled binary linux_ubuntu_24_64: Aug  4 2026 (Version AFNI_26.2.03 'Gordian III')
rf1	11674	01	1	/ZPOOL/data/projects/rf1-sra-linux2/derivatives/fmriprep/sub-11674/ses-01/func/sub-11674_ses-01_task-sharedreward_run-1_part-mag_space-MNI152NLin6Asym_desc-preproc_bold.nii.gz	/ZPOOL/data/projects/rf1-sra-linux2/derivatives/fmriprep/sub-11674/ses-01/func/sub-11674_ses-01_task-sharedreward_run-1_part-mag_space-MNI152NLin6Asym_desc-brain_mask.nii.gz	/ZPOOL/data/projects/rf1-sra-sharedreward/derivatives/harmonized/sub-11674/ses-01/func/sub-11674_ses-01_task-sharedreward_run-1_space-MNI152NLin6Asym_desc-smoothToFWHM6_bold.nii.gz	6	5.88385	5.87149	5.83245	5.86255	0.522578	3.21553	10.3937	9.12	Precompiled binary linux_ubuntu_24_64: Aug  4 2026 (Version AFNI_26.2.03 'Gordian III')
rf1	11679	01	1	/ZPOOL/data/projects/rf1-sra-linux2/derivatives/fmriprep/sub-11679/ses-01/func/sub-11679_ses-01_task-sharedreward_run-1_part-mag_space-MNI152NLin6Asym_desc-preproc_bold.nii.gz	/ZPOOL/data/projects/rf1-sra-linux2/derivatives/fmriprep/sub-11679/ses-01/func/sub-11679_ses-01_task-sharedreward_run-1_part-mag_space-MNI152NLin6Asym_desc-brain_mask.nii.gz	/ZPOOL/data/projects/rf1-sra-sharedreward/derivatives/harmonized/sub-11679/ses-01/func/sub-11679_ses-01_task-sharedreward_run-1_space-MNI152NLin6Asym_desc-smoothToFWHM6_bold.nii.gz	6	5.80331	5.82033	5.77614	5.7999	0.509905	3.2259	9.5109	8.98436	Precompiled binary linux_ubuntu_24_64: Aug  4 2026 (Version AFNI_26.2.03 'Gordian III')
rf1	11679	01	2	/ZPOOL/data/projects/rf1-sra-linux2/derivatives/fmriprep/sub-11679/ses-01/func/sub-11679_ses-01_task-sharedreward_run-2_part-mag_space-MNI152NLin6Asym_desc-preproc_bold.nii.gz	/ZPOOL/data/projects/rf1-sra-linux2/derivatives/fmriprep/sub-11679/ses-01/func/sub-11679_ses-01_task-sharedreward_run-2_part-mag_space-MNI152NLin6Asym_desc-brain_mask.nii.gz	/ZPOOL/data/projects/rf1-sra-sharedreward/derivatives/harmonized/sub-11679/ses-01/func/sub-11679_ses-01_task-sharedreward_run-2_space-MNI152NLin6Asym_desc-smoothToFWHM6_bold.nii.gz	6	5.8747	5.89937	5.80255	5.85873	0.530378	3.17593	11.1699	9.16174	Precompiled binary linux_ubuntu_24_64: Aug  4 2026 (Version AFNI_26.2.03 'Gordian III')
rf1	11681	01	1	/ZPOOL/data/projects/rf1-sra-linux2/derivatives/fmriprep/sub-11681/ses-01/func/sub-11681_ses-01_task-sharedreward_run-1_part-mag_space-MNI152NLin6Asym_desc-preproc_bold.nii.gz	/ZPOOL/data/projects/rf1-sra-linux2/derivatives/fmriprep/sub-11681/ses-01/func/sub-11681_ses-01_task-sharedreward_run-1_part-mag_space-MNI152NLin6Asym_desc-brain_mask.nii.gz	/ZPOOL/data/projects/rf1-sra-sharedreward/derivatives/harmonized/sub-11681/ses-01/func/sub-11681_ses-01_task-sharedreward_run-1_space-MNI152NLin6Asym_desc-smoothToFWHM6_bold.nii.gz	6	5.85393	5.83007	5.80647	5.83012	0.488942	3.03969	10.4779	8.95119	Precompiled binary linux_ubuntu_24_64: Aug  4 2026 (Version AFNI_26.2.03 'Gordian III')
rf1	11681	01	2	/ZPOOL/data/projects/rf1-sra-linux2/derivatives/fmriprep/sub-11681/ses-01/func/sub-11681_ses-01_task-sharedreward_run-2_part-mag_space-MNI152NLin6Asym_desc-preproc_bold.nii.gz	/ZPOOL/data/projects/rf1-sra-linux2/derivatives/fmriprep/sub-11681/ses-01/func/sub-11681_ses-01_task-sharedreward_run-2_part-mag_space-MNI152NLin6Asym_desc-brain_mask.nii.gz	/ZPOOL/data/projects/rf1-sra-sharedreward/derivatives/harmonized/sub-11681/ses-01/func/sub-11681_ses-01_task-sharedreward_run-2_space-MNI152NLin6Asym_desc-smoothToFWHM6_bold.nii.gz	6	5.97375	6.01904	5.94287	5.97847	0.46997	3.08415	11.055	9.29334	Precompiled binary linux_ubuntu_24_64: Aug  4 2026 (Version AFNI_26.2.03 'Gordian III')
rf1	11692	01	1	/ZPOOL/data/projects/rf1-sra-linux2/derivatives/fmriprep/sub-11692/ses-01/func/sub-11692_ses-01_task-sharedreward_run-1_part-mag_space-MNI152NLin6Asym_desc-preproc_bold.nii.gz	/ZPOOL/data/projects/rf1-sra-linux2/derivatives/fmriprep/sub-11692/ses-01/func/sub-11692_ses-01_task-sharedreward_run-1_part-mag_space-MNI152NLin6Asym_desc-brain_mask.nii.gz	/ZPOOL/data/projects/rf1-sra-sharedreward/derivatives/harmonized/sub-11692/ses-01/func/sub-11692_ses-01_task-sharedreward_run-1_space-MNI152NLin6Asym_desc-smoothToFWHM6_bold.nii.gz	6	5.74081	5.73591	5.72271	5.73314	0.498029	3.1375	9.25548	8.79104	Precompiled binary linux_ubuntu_24_64: Aug  4 2026 (Version AFNI_26.2.03 'Gordian III')
rf1	11692	01	2	/ZPOOL/data/projects/rf1-sra-linux2/derivatives/fmriprep/sub-11692/ses-01/func/sub-11692_ses-01_task-sharedreward_run-2_part-mag_space-MNI152NLin6Asym_desc-preproc_bold.nii.gz	/ZPOOL/data/projects/rf1-sra-linux2/derivatives/fmriprep/sub-11692/ses-01/func/sub-11692_ses-01_task-sharedreward_run-2_part-mag_space-MNI152NLin6Asym_desc-brain_mask.nii.gz	/ZPOOL/data/projects/rf1-sra-sharedreward/derivatives/harmonized/sub-11692/ses-01/func/sub-11692_ses-01_task-sharedreward_run-2_space-MNI152NLin6Asym_desc-smoothToFWHM6_bold.nii.gz	6	5.82533	5.79148	5.80316	5.80664	0.531063	3.138	10.6541	8.97332	Precompiled binary linux_ubuntu_24_64: Aug  4 2026 (Version AFNI_26.2.03 'Gordian III')
rf1	11694	01	1	/ZPOOL/data/projects/rf1-sra-linux2/derivatives/fmriprep/sub-11694/ses-01/func/sub-11694_ses-01_task-sharedreward_run-1_part-mag_space-MNI152NLin6Asym_desc-preproc_bold.nii.gz	/ZPOOL/data/projects/rf1-sra-linux2/derivatives/fmriprep/sub-11694/ses-01/func/sub-11694_ses-01_task-sharedreward_run-1_part-mag_space-MNI152NLin6Asym_desc-brain_mask.nii.gz	/ZPOOL/data/projects/rf1-sra-sharedreward/derivatives/harmonized/sub-11694/ses-01/func/sub-11694_ses-01_task-sharedreward_run-1_space-MNI152NLin6Asym_desc-smoothToFWHM6_bold.nii.gz	6	5.8535	5.85522	5.83925	5.84932	0.526684	3.3341	9.22889	9.05776	Precompiled binary linux_ubuntu_24_64: Aug  4 2026 (Version AFNI_26.2.03 'Gordian III')
rf1	11701	01	1	/ZPOOL/data/projects/rf1-sra-linux2/derivatives/fmriprep/sub-11701/ses-01/func/sub-11701_ses-01_task-sharedreward_run-1_part-mag_space-MNI152NLin6Asym_desc-preproc_bold.nii.gz	/ZPOOL/data/projects/rf1-sra-linux2/derivatives/fmriprep/sub-11701/ses-01/func/sub-11701_ses-01_task-sharedreward_run-1_part-mag_space-MNI152NLin6Asym_desc-brain_mask.nii.gz	/ZPOOL/data/projects/rf1-sra-sharedreward/derivatives/harmonized/sub-11701/ses-01/func/sub-11701_ses-01_task-sharedreward_run-1_space-MNI152NLin6Asym_desc-smoothToFWHM6_bold.nii.gz	6	5.81559	5.81091	5.81096	5.81249	0.566979	3.16534	10.3824	8.80623	Precompiled binary linux_ubuntu_24_64: Aug  4 2026 (Version AFNI_26.2.03 'Gordian III')
rf1	11701	01	2	/ZPOOL/data/projects/rf1-sra-linux2/derivatives/fmriprep/sub-11701/ses-01/func/sub-11701_ses-01_task-sharedreward_run-2_part-mag_space-MNI152NLin6Asym_desc-preproc_bold.nii.gz	/ZPOOL/data/projects/rf1-sra-linux2/derivatives/fmriprep/sub-11701/ses-01/func/sub-11701_ses-01_task-sharedreward_run-2_part-mag_space-MNI152NLin6Asym_desc-brain_mask.nii.gz	/ZPOOL/data/projects/rf1-sra-sharedreward/derivatives/harmonized/sub-11701/ses-01/func/sub-11701_ses-01_task-sharedreward_run-2_space-MNI152NLin6Asym_desc-smoothToFWHM6_bold.nii.gz	6	5.70631	5.77619	5.74443	5.74224	0.550486	3.04482	10.6006	8.66488	Precompiled binary linux_ubuntu_24_64: Aug  4 2026 (Version AFNI_26.2.03 'Gordian III')
rf1	11703	01	1	/ZPOOL/data/projects/rf1-sra-linux2/derivatives/fmriprep/sub-11703/ses-01/func/sub-11703_ses-01_task-sharedreward_run-1_part-mag_space-MNI152NLin6Asym_desc-preproc_bold.nii.gz	/ZPOOL/data/projects/rf1-sra-linux2/derivatives/fmriprep/sub-11703/ses-01/func/sub-11703_ses-01_task-sharedreward_run-1_part-mag_space-MNI152NLin6Asym_desc-brain_mask.nii.gz	/ZPOOL/data/projects/rf1-sra-sharedreward/derivatives/harmonized/sub-11703/ses-01/func/sub-11703_ses-01_task-sharedreward_run-1_space-MNI152NLin6Asym_desc-smoothToFWHM6_bold.nii.gz	6	5.72953	5.70941	5.69391	5.71093	0.487966	3.01125	10.1293	8.8121	Precompiled binary linux_ubuntu_24_64: Aug  4 2026 (Version AFNI_26.2.03 'Gordian III')
rf1	11703	01	2	/ZPOOL/data/projects/rf1-sra-linux2/derivatives/fmriprep/sub-11703/ses-01/func/sub-11703_ses-01_task-sharedreward_run-2_part-mag_space-MNI152NLin6Asym_desc-preproc_bold.nii.gz	/ZPOOL/data/projects/rf1-sra-linux2/derivatives/fmriprep/sub-11703/ses-01/func/sub-11703_ses-01_task-sharedreward_run-2_part-mag_space-MNI152NLin6Asym_desc-brain_mask.nii.gz	/ZPOOL/data/projects/rf1-sra-sharedreward/derivatives/harmonized/sub-11703/ses-01/func/sub-11703_ses-01_task-sharedreward_run-2_space-MNI152NLin6Asym_desc-smoothToFWHM6_bold.nii.gz	6	5.94788	5.91427	5.83268	5.89808	0.485981	3.10458	11.2967	9.29375	Precompiled binary linux_ubuntu_24_64: Aug  4 2026 (Version AFNI_26.2.03 'Gordian III')
rf1	11705	01	1	/ZPOOL/data/projects/rf1-sra-linux2/derivatives/fmriprep/sub-11705/ses-01/func/sub-11705_ses-01_task-sharedreward_run-1_part-mag_space-MNI152NLin6Asym_desc-preproc_bold.nii.gz	/ZPOOL/data/projects/rf1-sra-linux2/derivatives/fmriprep/sub-11705/ses-01/func/sub-11705_ses-01_task-sharedreward_run-1_part-mag_space-MNI152NLin6Asym_desc-brain_mask.nii.gz	/ZPOOL/data/projects/rf1-sra-sharedreward/derivatives/harmonized/sub-11705/ses-01/func/sub-11705_ses-01_task-sharedreward_run-1_space-MNI152NLin6Asym_desc-smoothToFWHM6_bold.nii.gz	6	6.00508	6.00423	5.89758	5.96875	0.440097	2.96349	12.3895	9.57625	Precompiled binary linux_ubuntu_24_64: Aug  4 2026 (Version AFNI_26.2.03 'Gordian III')
rf1	11705	01	2	/ZPOOL/data/projects/rf1-sra-linux2/derivatives/fmriprep/sub-11705/ses-01/func/sub-11705_ses-01_task-sharedreward_run-2_part-mag_space-MNI152NLin6Asym_desc-preproc_bold.nii.gz	/ZPOOL/data/projects/rf1-sra-linux2/derivatives/fmriprep/sub-11705/ses-01/func/sub-11705_ses-01_task-sharedreward_run-2_part-mag_space-MNI152NLin6Asym_desc-brain_mask.nii.gz	/ZPOOL/data/projects/rf1-sra-sharedreward/derivatives/harmonized/sub-11705/ses-01/func/sub-11705_ses-01_task-sharedreward_run-2_space-MNI152NLin6Asym_desc-smoothToFWHM6_bold.nii.gz	6	5.87378	5.8822	5.82627	5.8607	0.455392	2.90081	12.7536	9.40004	Precompiled binary linux_ubuntu_24_64: Aug  4 2026 (Version AFNI_26.2.03 'Gordian III')
rf1	11709	01	1	/ZPOOL/data/projects/rf1-sra-linux2/derivatives/fmriprep/sub-11709/ses-01/func/sub-11709_ses-01_task-sharedreward_run-1_part-mag_space-MNI152NLin6Asym_desc-preproc_bold.nii.gz	/ZPOOL/data/projects/rf1-sra-linux2/derivatives/fmriprep/sub-11709/ses-01/func/sub-11709_ses-01_task-sharedreward_run-1_part-mag_space-MNI152NLin6Asym_desc-brain_mask.nii.gz	/ZPOOL/data/projects/rf1-sra-sharedreward/derivatives/harmonized/sub-11709/ses-01/func/sub-11709_ses-01_task-sharedreward_run-1_space-MNI152NLin6Asym_desc-smoothToFWHM6_bold.nii.gz	6	5.68053	5.71695	5.6195	5.67218	0.457777	3.06514	8.95034	8.73303	Precompiled binary linux_ubuntu_24_64: Aug  4 2026 (Version AFNI_26.2.03 'Gordian III')
rf1	11709	01	2	/ZPOOL/data/projects/rf1-sra-linux2/derivatives/fmriprep/sub-11709/ses-01/func/sub-11709_ses-01_task-sharedreward_run-2_part-mag_space-MNI152NLin6Asym_desc-preproc_bold.nii.gz	/ZPOOL/data/projects/rf1-sra-linux2/derivatives/fmriprep/sub-11709/ses-01/func/sub-11709_ses-01_task-sharedreward_run-2_part-mag_space-MNI152NLin6Asym_desc-brain_mask.nii.gz	/ZPOOL/data/projects/rf1-sra-sharedreward/derivatives/harmonized/sub-11709/ses-01/func/sub-11709_ses-01_task-sharedreward_run-2_space-MNI152NLin6Asym_desc-smoothToFWHM6_bold.nii.gz	6	5.63116	5.61386	5.57589	5.60692	0.482485	2.98081	9.41707	8.59057	Precompiled binary linux_ubuntu_24_64: Aug  4 2026 (Version AFNI_26.2.03 'Gordian III')
rf1	11710	01	1	/ZPOOL/data/projects/rf1-sra-linux2/derivatives/fmriprep/sub-11710/ses-01/func/sub-11710_ses-01_task-sharedreward_run-1_part-mag_space-MNI152NLin6Asym_desc-preproc_bold.nii.gz	/ZPOOL/data/projects/rf1-sra-linux2/derivatives/fmriprep/sub-11710/ses-01/func/sub-11710_ses-01_task-sharedreward_run-1_part-mag_space-MNI152NLin6Asym_desc-brain_mask.nii.gz	/ZPOOL/data/projects/rf1-sra-sharedreward/derivatives/harmonized/sub-11710/ses-01/func/sub-11710_ses-01_task-sharedreward_run-1_space-MNI152NLin6Asym_desc-smoothToFWHM6_bold.nii.gz	6	5.65866	5.66282	5.57542	5.63216	0.453999	3.06649	9.02184	8.77534	Precompiled binary linux_ubuntu_24_64: Aug  4 2026 (Version AFNI_26.2.03 'Gordian III')
rf1	11710	01	2	/ZPOOL/data/projects/rf1-sra-linux2/derivatives/fmriprep/sub-11710/ses-01/func/sub-11710_ses-01_task-sharedreward_run-2_part-mag_space-MNI152NLin6Asym_desc-preproc_bold.nii.gz	/ZPOOL/data/projects/rf1-sra-linux2/derivatives/fmriprep/sub-11710/ses-01/func/sub-11710_ses-01_task-sharedreward_run-2_part-mag_space-MNI152NLin6Asym_desc-brain_mask.nii.gz	/ZPOOL/data/projects/rf1-sra-sharedreward/derivatives/harmonized/sub-11710/ses-01/func/sub-11710_ses-01_task-sharedreward_run-2_space-MNI152NLin6Asym_desc-smoothToFWHM6_bold.nii.gz	6	5.76088	5.78331	5.68211	5.74193	0.437941	3.04419	9.52107	8.96983	Precompiled binary linux_ubuntu_24_64: Aug  4 2026 (Version AFNI_26.2.03 'Gordian III')
rf1	11714	01	1	/ZPOOL/data/projects/rf1-sra-linux2/derivatives/fmriprep/sub-11714/ses-01/func/sub-11714_ses-01_task-sharedreward_run-1_part-mag_space-MNI152NLin6Asym_desc-preproc_bold.nii.gz	/ZPOOL/data/projects/rf1-sra-linux2/derivatives/fmriprep/sub-11714/ses-01/func/sub-11714_ses-01_task-sharedreward_run-1_part-mag_space-MNI152NLin6Asym_desc-brain_mask.nii.gz	/ZPOOL/data/projects/rf1-sra-sharedreward/derivatives/harmonized/sub-11714/ses-01/func/sub-11714_ses-01_task-sharedreward_run-1_space-MNI152NLin6Asym_desc-smoothToFWHM6_bold.nii.gz	6	5.9214	5.88631	5.80006	5.86903	0.505428	3.01158	12.9707	9.29806	Precompiled binary linux_ubuntu_24_64: Aug  4 2026 (Version AFNI_26.2.03 'Gordian III')
rf1	11714	01	2	/ZPOOL/data/projects/rf1-sra-linux2/derivatives/fmriprep/sub-11714/ses-01/func/sub-11714_ses-01_task-sharedreward_run-2_part-mag_space-MNI152NLin6Asym_desc-preproc_bold.nii.gz	/ZPOOL/data/projects/rf1-sra-linux2/derivatives/fmriprep/sub-11714/ses-01/func/sub-11714_ses-01_task-sharedreward_run-2_part-mag_space-MNI152NLin6Asym_desc-brain_mask.nii.gz	/ZPOOL/data/projects/rf1-sra-sharedreward/derivatives/harmonized/sub-11714/ses-01/func/sub-11714_ses-01_task-sharedreward_run-2_space-MNI152NLin6Asym_desc-smoothToFWHM6_bold.nii.gz	6	5.79991	5.78484	5.68928	5.7578	0.434155	2.82845	11.4247	9.10492	Precompiled binary linux_ubuntu_24_64: Aug  4 2026 (Version AFNI_26.2.03 'Gordian III')
rf1	11719	01	1	/ZPOOL/data/projects/rf1-sra-linux2/derivatives/fmriprep/sub-11719/ses-01/func/sub-11719_ses-01_task-sharedreward_run-1_part-mag_space-MNI152NLin6Asym_desc-preproc_bold.nii.gz	/ZPOOL/data/projects/rf1-sra-linux2/derivatives/fmriprep/sub-11719/ses-01/func/sub-11719_ses-01_task-sharedreward_run-1_part-mag_space-MNI152NLin6Asym_desc-brain_mask.nii.gz	/ZPOOL/data/projects/rf1-sra-sharedreward/derivatives/harmonized/sub-11719/ses-01/func/sub-11719_ses-01_task-sharedreward_run-1_space-MNI152NLin6Asym_desc-smoothToFWHM6_bold.nii.gz	6	5.8615	5.8453	5.85215	5.85298	0.540904	3.06591	12.0393	9.02344	Precompiled binary linux_ubuntu_24_64: Aug  4 2026 (Version AFNI_26.2.03 'Gordian III')
rf1	11720	01	1	/ZPOOL/data/projects/rf1-sra-linux2/derivatives/fmriprep/sub-11720/ses-01/func/sub-11720_ses-01_task-sharedreward_run-1_part-mag_space-MNI152NLin6Asym_desc-preproc_bold.nii.gz	/ZPOOL/data/projects/rf1-sra-linux2/derivatives/fmriprep/sub-11720/ses-01/func/sub-11720_ses-01_task-sharedreward_run-1_part-mag_space-MNI152NLin6Asym_desc-brain_mask.nii.gz	/ZPOOL/data/projects/rf1-sra-sharedreward/derivatives/harmonized/sub-11720/ses-01/func/sub-11720_ses-01_task-sharedreward_run-1_space-MNI152NLin6Asym_desc-smoothToFWHM6_bold.nii.gz	6	5.78328	5.78543	5.61637	5.72781	0.37125	3.05362	9.0098	9.15311	Precompiled binary linux_ubuntu_24_64: Aug  4 2026 (Version AFNI_26.2.03 'Gordian III')
rf1	11720	01	2	/ZPOOL/data/projects/rf1-sra-linux2/derivatives/fmriprep/sub-11720/ses-01/func/sub-11720_ses-01_task-sharedreward_run-2_part-mag_space-MNI152NLin6Asym_desc-preproc_bold.nii.gz	/ZPOOL/data/projects/rf1-sra-linux2/derivatives/fmriprep/sub-11720/ses-01/func/sub-11720_ses-01_task-sharedreward_run-2_part-mag_space-MNI152NLin6Asym_desc-brain_mask.nii.gz	/ZPOOL/data/projects/rf1-sra-sharedreward/derivatives/harmonized/sub-11720/ses-01/func/sub-11720_ses-01_task-sharedreward_run-2_space-MNI152NLin6Asym_desc-smoothToFWHM6_bold.nii.gz	6	5.84009	5.88777	5.78185	5.83641	0.455735	3.14943	10.1646	9.27085	Precompiled binary linux_ubuntu_24_64: Aug  4 2026 (Version AFNI_26.2.03 'Gordian III')
rf1	11722	01	1	/ZPOOL/data/projects/rf1-sra-linux2/derivatives/fmriprep/sub-11722/ses-01/func/sub-11722_ses-01_task-sharedreward_run-1_part-mag_space-MNI152NLin6Asym_desc-preproc_bold.nii.gz	/ZPOOL/data/projects/rf1-sra-linux2/derivatives/fmriprep/sub-11722/ses-01/func/sub-11722_ses-01_task-sharedreward_run-1_part-mag_space-MNI152NLin6Asym_desc-brain_mask.nii.gz	/ZPOOL/data/projects/rf1-sra-sharedreward/derivatives/harmonized/sub-11722/ses-01/func/sub-11722_ses-01_task-sharedreward_run-1_space-MNI152NLin6Asym_desc-smoothToFWHM6_bold.nii.gz	6	5.94641	5.94749	5.90737	5.93373	0.505561	3.01104	13.0406	9.30813	Precompiled binary linux_ubuntu_24_64: Aug  4 2026 (Version AFNI_26.2.03 'Gordian III')
rf1	11722	01	2	/ZPOOL/data/projects/rf1-sra-linux2/derivatives/fmriprep/sub-11722/ses-01/func/sub-11722_ses-01_task-sharedreward_run-2_part-mag_space-MNI152NLin6Asym_desc-preproc_bold.nii.gz	/ZPOOL/data/projects/rf1-sra-linux2/derivatives/fmriprep/sub-11722/ses-01/func/sub-11722_ses-01_task-sharedreward_run-2_part-mag_space-MNI152NLin6Asym_desc-brain_mask.nii.gz	/ZPOOL/data/projects/rf1-sra-sharedreward/derivatives/harmonized/sub-11722/ses-01/func/sub-11722_ses-01_task-sharedreward_run-2_space-MNI152NLin6Asym_desc-smoothToFWHM6_bold.nii.gz	6	5.92498	5.87459	5.86081	5.88673	0.526365	2.98926	13.7821	9.2254	Precompiled binary linux_ubuntu_24_64: Aug  4 2026 (Version AFNI_26.2.03 'Gordian III')
rf1	11723	01	1	/ZPOOL/data/projects/rf1-sra-linux2/derivatives/fmriprep/sub-11723/ses-01/func/sub-11723_ses-01_task-sharedreward_run-1_part-mag_space-MNI152NLin6Asym_desc-preproc_bold.nii.gz	/ZPOOL/data/projects/rf1-sra-linux2/derivatives/fmriprep/sub-11723/ses-01/func/sub-11723_ses-01_task-sharedreward_run-1_part-mag_space-MNI152NLin6Asym_desc-brain_mask.nii.gz	/ZPOOL/data/projects/rf1-sra-sharedreward/derivatives/harmonized/sub-11723/ses-01/func/sub-11723_ses-01_task-sharedreward_run-1_space-MNI152NLin6Asym_desc-smoothToFWHM6_bold.nii.gz	6	5.75772	5.84055	5.7368	5.77818	0.492374	2.8245	13.7587	9.11074	Precompiled binary linux_ubuntu_24_64: Aug  4 2026 (Version AFNI_26.2.03 'Gordian III')
rf1	11723	01	2	/ZPOOL/data/projects/rf1-sra-linux2/derivatives/fmriprep/sub-11723/ses-01/func/sub-11723_ses-01_task-sharedreward_run-2_part-mag_space-MNI152NLin6Asym_desc-preproc_bold.nii.gz	/ZPOOL/data/projects/rf1-sra-linux2/derivatives/fmriprep/sub-11723/ses-01/func/sub-11723_ses-01_task-sharedreward_run-2_part-mag_space-MNI152NLin6Asym_desc-brain_mask.nii.gz	/ZPOOL/data/projects/rf1-sra-sharedreward/derivatives/harmonized/sub-11723/ses-01/func/sub-11723_ses-01_task-sharedreward_run-2_space-MNI152NLin6Asym_desc-smoothToFWHM6_bold.nii.gz	6	5.9209	6.01098	5.96186	5.96446	0.487622	2.95098	13.9795	9.47591	Precompiled binary linux_ubuntu_24_64: Aug  4 2026 (Version AFNI_26.2.03 'Gordian III')
rf1	11736	01	1	/ZPOOL/data/projects/rf1-sra-linux2/derivatives/fmriprep/sub-11736/ses-01/func/sub-11736_ses-01_task-sharedreward_run-1_part-mag_space-MNI152NLin6Asym_desc-preproc_bold.nii.gz	/ZPOOL/data/projects/rf1-sra-linux2/derivatives/fmriprep/sub-11736/ses-01/func/sub-11736_ses-01_task-sharedreward_run-1_part-mag_space-MNI152NLin6Asym_desc-brain_mask.nii.gz	/ZPOOL/data/projects/rf1-sra-sharedreward/derivatives/harmonized/sub-11736/ses-01/func/sub-11736_ses-01_task-sharedreward_run-1_space-MNI152NLin6Asym_desc-smoothToFWHM6_bold.nii.gz	6	6.08276	6.06003	5.9284	6.02334	0.471942	3.09547	12.0638	9.53787	Precompiled binary linux_ubuntu_24_64: Aug  4 2026 (Version AFNI_26.2.03 'Gordian III')
rf1	11736	01	2	/ZPOOL/data/projects/rf1-sra-linux2/derivatives/fmriprep/sub-11736/ses-01/func/sub-11736_ses-01_task-sharedreward_run-2_part-mag_space-MNI152NLin6Asym_desc-preproc_bold.nii.gz	/ZPOOL/data/projects/rf1-sra-linux2/derivatives/fmriprep/sub-11736/ses-01/func/sub-11736_ses-01_task-sharedreward_run-2_part-mag_space-MNI152NLin6Asym_desc-brain_mask.nii.gz	/ZPOOL/data/projects/rf1-sra-sharedreward/derivatives/harmonized/sub-11736/ses-01/func/sub-11736_ses-01_task-sharedreward_run-2_space-MNI152NLin6Asym_desc-smoothToFWHM6_bold.nii.gz	6	5.94142	5.93587	5.90895	5.92873	0.459039	3.00589	11.9152	9.40912	Precompiled binary linux_ubuntu_24_64: Aug  4 2026 (Version AFNI_26.2.03 'Gordian III')
rf1	11744	01	1	/ZPOOL/data/projects/rf1-sra-linux2/derivatives/fmriprep/sub-11744/ses-01/func/sub-11744_ses-01_task-sharedreward_run-1_part-mag_space-MNI152NLin6Asym_desc-preproc_bold.nii.gz	/ZPOOL/data/projects/rf1-sra-linux2/derivatives/fmriprep/sub-11744/ses-01/func/sub-11744_ses-01_task-sharedreward_run-1_part-mag_space-MNI152NLin6Asym_desc-brain_mask.nii.gz	/ZPOOL/data/projects/rf1-sra-sharedreward/derivatives/harmonized/sub-11744/ses-01/func/sub-11744_ses-01_task-sharedreward_run-1_space-MNI152NLin6Asym_desc-smoothToFWHM6_bold.nii.gz	6	5.96809	5.93089	5.82626	5.90811	0.428565	3.86917	7.05923	9.37904	Precompiled binary linux_ubuntu_24_64: Aug  4 2026 (Version AFNI_26.2.03 'Gordian III')
rf1	11744	01	2	/ZPOOL/data/projects/rf1-sra-linux2/derivatives/fmriprep/sub-11744/ses-01/func/sub-11744_ses-01_task-sharedreward_run-2_part-mag_space-MNI152NLin6Asym_desc-preproc_bold.nii.gz	/ZPOOL/data/projects/rf1-sra-linux2/derivatives/fmriprep/sub-11744/ses-01/func/sub-11744_ses-01_task-sharedreward_run-2_part-mag_space-MNI152NLin6Asym_desc-brain_mask.nii.gz	/ZPOOL/data/projects/rf1-sra-sharedreward/derivatives/harmonized/sub-11744/ses-01/func/sub-11744_ses-01_task-sharedreward_run-2_space-MNI152NLin6Asym_desc-smoothToFWHM6_bold.nii.gz	6	5.96055	5.9291	5.81192	5.90017	0.447414	3.47405	8.39884	9.31567	Precompiled binary linux_ubuntu_24_64: Aug  4 2026 (Version AFNI_26.2.03 'Gordian III')
rf1	11746	01	1	/ZPOOL/data/projects/rf1-sra-linux2/derivatives/fmriprep/sub-11746/ses-01/func/sub-11746_ses-01_task-sharedreward_run-1_part-mag_space-MNI152NLin6Asym_desc-preproc_bold.nii.gz	/ZPOOL/data/projects/rf1-sra-linux2/derivatives/fmriprep/sub-11746/ses-01/func/sub-11746_ses-01_task-sharedreward_run-1_part-mag_space-MNI152NLin6Asym_desc-brain_mask.nii.gz	/ZPOOL/data/projects/rf1-sra-sharedreward/derivatives/harmonized/sub-11746/ses-01/func/sub-11746_ses-01_task-sharedreward_run-1_space-MNI152NLin6Asym_desc-smoothToFWHM6_bold.nii.gz	6	5.87468	5.90461	5.87259	5.88394	0.522719	3.18961	11.0931	9.21612	Precompiled binary linux_ubuntu_24_64: Aug  4 2026 (Version AFNI_26.2.03 'Gordian III')
rf1	11746	01	2	/ZPOOL/data/projects/rf1-sra-linux2/derivatives/fmriprep/sub-11746/ses-01/func/sub-11746_ses-01_task-sharedreward_run-2_part-mag_space-MNI152NLin6Asym_desc-preproc_bold.nii.gz	/ZPOOL/data/projects/rf1-sra-linux2/derivatives/fmriprep/sub-11746/ses-01/func/sub-11746_ses-01_task-sharedreward_run-2_part-mag_space-MNI152NLin6Asym_desc-brain_mask.nii.gz	/ZPOOL/data/projects/rf1-sra-sharedreward/derivatives/harmonized/sub-11746/ses-01/func/sub-11746_ses-01_task-sharedreward_run-2_space-MNI152NLin6Asym_desc-smoothToFWHM6_bold.nii.gz	6	5.85796	5.84484	5.82362	5.84212	0.493143	3.23006	9.51979	9.06601	Precompiled binary linux_ubuntu_24_64: Aug  4 2026 (Version AFNI_26.2.03 'Gordian III')
rf1	11748	01	1	/ZPOOL/data/projects/rf1-sra-linux2/derivatives/fmriprep/sub-11748/ses-01/func/sub-11748_ses-01_task-sharedreward_run-1_part-mag_space-MNI152NLin6Asym_desc-preproc_bold.nii.gz	/ZPOOL/data/projects/rf1-sra-linux2/derivatives/fmriprep/sub-11748/ses-01/func/sub-11748_ses-01_task-sharedreward_run-1_part-mag_space-MNI152NLin6Asym_desc-brain_mask.nii.gz	/ZPOOL/data/projects/rf1-sra-sharedreward/derivatives/harmonized/sub-11748/ses-01/func/sub-11748_ses-01_task-sharedreward_run-1_space-MNI152NLin6Asym_desc-smoothToFWHM6_bold.nii.gz	6	5.73171	5.76943	5.69024	5.73037	0.370188	3.22273	7.95262	8.96641	Precompiled binary linux_ubuntu_24_64: Aug  4 2026 (Version AFNI_26.2.03 'Gordian III')
rf1	11748	01	2	/ZPOOL/data/projects/rf1-sra-linux2/derivatives/fmriprep/sub-11748/ses-01/func/sub-11748_ses-01_task-sharedreward_run-2_part-mag_space-MNI152NLin6Asym_desc-preproc_bold.nii.gz	/ZPOOL/data/projects/rf1-sra-linux2/derivatives/fmriprep/sub-11748/ses-01/func/sub-11748_ses-01_task-sharedreward_run-2_part-mag_space-MNI152NLin6Asym_desc-brain_mask.nii.gz	/ZPOOL/data/projects/rf1-sra-sharedreward/derivatives/harmonized/sub-11748/ses-01/func/sub-11748_ses-01_task-sharedreward_run-2_space-MNI152NLin6Asym_desc-smoothToFWHM6_bold.nii.gz	6	5.83566	5.853	5.76408	5.81745	0.451166	3.16703	9.43386	9.10937	Precompiled binary linux_ubuntu_24_64: Aug  4 2026 (Version AFNI_26.2.03 'Gordian III')
rf1	11756	01	1	/ZPOOL/data/projects/rf1-sra-linux2/derivatives/fmriprep/sub-11756/ses-01/func/sub-11756_ses-01_task-sharedreward_run-1_part-mag_space-MNI152NLin6Asym_desc-preproc_bold.nii.gz	/ZPOOL/data/projects/rf1-sra-linux2/derivatives/fmriprep/sub-11756/ses-01/func/sub-11756_ses-01_task-sharedreward_run-1_part-mag_space-MNI152NLin6Asym_desc-brain_mask.nii.gz	/ZPOOL/data/projects/rf1-sra-sharedreward/derivatives/harmonized/sub-11756/ses-01/func/sub-11756_ses-01_task-sharedreward_run-1_space-MNI152NLin6Asym_desc-smoothToFWHM6_bold.nii.gz	6	5.7402	5.7632	5.73442	5.74593	0.506826	3.05621	9.86145	8.74341	Precompiled binary linux_ubuntu_24_64: Aug  4 2026 (Version AFNI_26.2.03 'Gordian III')
rf1	11756	01	2	/ZPOOL/data/projects/rf1-sra-linux2/derivatives/fmriprep/sub-11756/ses-01/func/sub-11756_ses-01_task-sharedreward_run-2_part-mag_space-MNI152NLin6Asym_desc-preproc_bold.nii.gz	/ZPOOL/data/projects/rf1-sra-linux2/derivatives/fmriprep/sub-11756/ses-01/func/sub-11756_ses-01_task-sharedreward_run-2_part-mag_space-MNI152NLin6Asym_desc-brain_mask.nii.gz	/ZPOOL/data/projects/rf1-sra-sharedreward/derivatives/harmonized/sub-11756/ses-01/func/sub-11756_ses-01_task-sharedreward_run-2_space-MNI152NLin6Asym_desc-smoothToFWHM6_bold.nii.gz	6	5.8515	5.83872	5.84303	5.84441	0.507057	3.10096	10.4112	8.96535	Precompiled binary linux_ubuntu_24_64: Aug  4 2026 (Version AFNI_26.2.03 'Gordian III')
rf1	11764	01	1	/ZPOOL/data/projects/rf1-sra-linux2/derivatives/fmriprep/sub-11764/ses-01/func/sub-11764_ses-01_task-sharedreward_run-1_part-mag_space-MNI152NLin6Asym_desc-preproc_bold.nii.gz	/ZPOOL/data/projects/rf1-sra-linux2/derivatives/fmriprep/sub-11764/ses-01/func/sub-11764_ses-01_task-sharedreward_run-1_part-mag_space-MNI152NLin6Asym_desc-brain_mask.nii.gz	/ZPOOL/data/projects/rf1-sra-sharedreward/derivatives/harmonized/sub-11764/ses-01/func/sub-11764_ses-01_task-sharedreward_run-1_space-MNI152NLin6Asym_desc-smoothToFWHM6_bold.nii.gz	6	5.78956	5.82694	5.81258	5.80967	0.538499	3.09138	10.8446	8.87434	Precompiled binary linux_ubuntu_24_64: Aug  4 2026 (Version AFNI_26.2.03 'Gordian III')
rf1	11764	01	2	/ZPOOL/data/projects/rf1-sra-linux2/derivatives/fmriprep/sub-11764/ses-01/func/sub-11764_ses-01_task-sharedreward_run-2_part-mag_space-MNI152NLin6Asym_desc-preproc_bold.nii.gz	/ZPOOL/data/projects/rf1-sra-linux2/derivatives/fmriprep/sub-11764/ses-01/func/sub-11764_ses-01_task-sharedreward_run-2_part-mag_space-MNI152NLin6Asym_desc-brain_mask.nii.gz	/ZPOOL/data/projects/rf1-sra-sharedreward/derivatives/harmonized/sub-11764/ses-01/func/sub-11764_ses-01_task-sharedreward_run-2_space-MNI152NLin6Asym_desc-smoothToFWHM6_bold.nii.gz	6	5.79085	5.81766	5.82935	5.8126	0.548932	3.03261	12.0395	8.901	Precompiled binary linux_ubuntu_24_64: Aug  4 2026 (Version AFNI_26.2.03 'Gordian III')
rf1	11772	01	1	/ZPOOL/data/projects/rf1-sra-linux2/derivatives/fmriprep/sub-11772/ses-01/func/sub-11772_ses-01_task-sharedreward_run-1_part-mag_space-MNI152NLin6Asym_desc-preproc_bold.nii.gz	/ZPOOL/data/projects/rf1-sra-linux2/derivatives/fmriprep/sub-11772/ses-01/func/sub-11772_ses-01_task-sharedreward_run-1_part-mag_space-MNI152NLin6Asym_desc-brain_mask.nii.gz	/ZPOOL/data/projects/rf1-sra-sharedreward/derivatives/harmonized/sub-11772/ses-01/func/sub-11772_ses-01_task-sharedreward_run-1_space-MNI152NLin6Asym_desc-smoothToFWHM6_bold.nii.gz	6	5.85244	5.83334	5.78984	5.82515	0.579563	3.06018	12.7879	8.89225	Precompiled binary linux_ubuntu_24_64: Aug  4 2026 (Version AFNI_26.2.03 'Gordian III')
rf1	11773	01	1	/ZPOOL/data/projects/rf1-sra-linux2/derivatives/fmriprep/sub-11773/ses-01/func/sub-11773_ses-01_task-sharedreward_run-1_part-mag_space-MNI152NLin6Asym_desc-preproc_bold.nii.gz	/ZPOOL/data/projects/rf1-sra-linux2/derivatives/fmriprep/sub-11773/ses-01/func/sub-11773_ses-01_task-sharedreward_run-1_part-mag_space-MNI152NLin6Asym_desc-brain_mask.nii.gz	/ZPOOL/data/projects/rf1-sra-sharedreward/derivatives/harmonized/sub-11773/ses-01/func/sub-11773_ses-01_task-sharedreward_run-1_space-MNI152NLin6Asym_desc-smoothToFWHM6_bold.nii.gz	6	5.90391	5.89021	5.88376	5.89262	0.500919	3.18057	10.1889	9.10603	Precompiled binary linux_ubuntu_24_64: Aug  4 2026 (Version AFNI_26.2.03 'Gordian III')
rf1	11773	01	2	/ZPOOL/data/projects/rf1-sra-linux2/derivatives/fmriprep/sub-11773/ses-01/func/sub-11773_ses-01_task-sharedreward_run-2_part-mag_space-MNI152NLin6Asym_desc-preproc_bold.nii.gz	/ZPOOL/data/projects/rf1-sra-linux2/derivatives/fmriprep/sub-11773/ses-01/func/sub-11773_ses-01_task-sharedreward_run-2_part-mag_space-MNI152NLin6Asym_desc-brain_mask.nii.gz	/ZPOOL/data/projects/rf1-sra-sharedreward/derivatives/harmonized/sub-11773/ses-01/func/sub-11773_ses-01_task-sharedreward_run-2_space-MNI152NLin6Asym_desc-smoothToFWHM6_bold.nii.gz	6	5.79581	5.82218	5.79997	5.80598	0.487428	3.06908	10.3305	8.98396	Precompiled binary linux_ubuntu_24_64: Aug  4 2026 (Version AFNI_26.2.03 'Gordian III')
rf1	11774	01	1	/ZPOOL/data/projects/rf1-sra-linux2/derivatives/fmriprep/sub-11774/ses-01/func/sub-11774_ses-01_task-sharedreward_run-1_part-mag_space-MNI152NLin6Asym_desc-preproc_bold.nii.gz	/ZPOOL/data/projects/rf1-sra-linux2/derivatives/fmriprep/sub-11774/ses-01/func/sub-11774_ses-01_task-sharedreward_run-1_part-mag_space-MNI152NLin6Asym_desc-brain_mask.nii.gz	/ZPOOL/data/projects/rf1-sra-sharedreward/derivatives/harmonized/sub-11774/ses-01/func/sub-11774_ses-01_task-sharedreward_run-1_space-MNI152NLin6Asym_desc-smoothToFWHM6_bold.nii.gz	6	5.79808	5.78682	5.78668	5.79053	0.558022	3.02774	11.8891	8.81227	Precompiled binary linux_ubuntu_24_64: Aug  4 2026 (Version AFNI_26.2.03 'Gordian III')
rf1	11774	01	2	/ZPOOL/data/projects/rf1-sra-linux2/derivatives/fmriprep/sub-11774/ses-01/func/sub-11774_ses-01_task-sharedreward_run-2_part-mag_space-MNI152NLin6Asym_desc-preproc_bold.nii.gz	/ZPOOL/data/projects/rf1-sra-linux2/derivatives/fmriprep/sub-11774/ses-01/func/sub-11774_ses-01_task-sharedreward_run-2_part-mag_space-MNI152NLin6Asym_desc-brain_mask.nii.gz	/ZPOOL/data/projects/rf1-sra-sharedreward/derivatives/harmonized/sub-11774/ses-01/func/sub-11774_ses-01_task-sharedreward_run-2_space-MNI152NLin6Asym_desc-smoothToFWHM6_bold.nii.gz	6	5.82612	5.86193	5.81531	5.83442	0.529468	3.06202	10.9088	8.8716	Precompiled binary linux_ubuntu_24_64: Aug  4 2026 (Version AFNI_26.2.03 'Gordian III')
rf1	11784	01	1	/ZPOOL/data/projects/rf1-sra-linux2/derivatives/fmriprep/sub-11784/ses-01/func/sub-11784_ses-01_task-sharedreward_run-1_part-mag_space-MNI152NLin6Asym_desc-preproc_bold.nii.gz	/ZPOOL/data/projects/rf1-sra-linux2/derivatives/fmriprep/sub-11784/ses-01/func/sub-11784_ses-01_task-sharedreward_run-1_part-mag_space-MNI152NLin6Asym_desc-brain_mask.nii.gz	/ZPOOL/data/projects/rf1-sra-sharedreward/derivatives/harmonized/sub-11784/ses-01/func/sub-11784_ses-01_task-sharedreward_run-1_space-MNI152NLin6Asym_desc-smoothToFWHM6_bold.nii.gz	6	5.95194	5.95591	5.93284	5.94689	0.580845	3.0588	14.6236	9.10686	Precompiled binary linux_ubuntu_24_64: Aug  4 2026 (Version AFNI_26.2.03 'Gordian III')
rf1	11784	01	2	/ZPOOL/data/projects/rf1-sra-linux2/derivatives/fmriprep/sub-11784/ses-01/func/sub-11784_ses-01_task-sharedreward_run-2_part-mag_space-MNI152NLin6Asym_desc-preproc_bold.nii.gz	/ZPOOL/data/projects/rf1-sra-linux2/derivatives/fmriprep/sub-11784/ses-01/func/sub-11784_ses-01_task-sharedreward_run-2_part-mag_space-MNI152NLin6Asym_desc-brain_mask.nii.gz	/ZPOOL/data/projects/rf1-sra-sharedreward/derivatives/harmonized/sub-11784/ses-01/func/sub-11784_ses-01_task-sharedreward_run-2_space-MNI152NLin6Asym_desc-smoothToFWHM6_bold.nii.gz	6	5.75796	5.79282	5.72511	5.75856	0.565747	2.94059	13.0369	8.7326	Precompiled binary linux_ubuntu_24_64: Aug  4 2026 (Version AFNI_26.2.03 'Gordian III')
rf1	11787	01	1	/ZPOOL/data/projects/rf1-sra-linux2/derivatives/fmriprep/sub-11787/ses-01/func/sub-11787_ses-01_task-sharedreward_run-1_part-mag_space-MNI152NLin6Asym_desc-preproc_bold.nii.gz	/ZPOOL/data/projects/rf1-sra-linux2/derivatives/fmriprep/sub-11787/ses-01/func/sub-11787_ses-01_task-sharedreward_run-1_part-mag_space-MNI152NLin6Asym_desc-brain_mask.nii.gz	/ZPOOL/data/projects/rf1-sra-sharedreward/derivatives/harmonized/sub-11787/ses-01/func/sub-11787_ses-01_task-sharedreward_run-1_space-MNI152NLin6Asym_desc-smoothToFWHM6_bold.nii.gz	6	5.73549	5.87298	5.83925	5.81561	0.535562	3.01096	11.6958	8.87364	Precompiled binary linux_ubuntu_24_64: Aug  4 2026 (Version AFNI_26.2.03 'Gordian III')
rf1	11787	01	2	/ZPOOL/data/projects/rf1-sra-linux2/derivatives/fmriprep/sub-11787/ses-01/func/sub-11787_ses-01_task-sharedreward_run-2_part-mag_space-MNI152NLin6Asym_desc-preproc_bold.nii.gz	/ZPOOL/data/projects/rf1-sra-linux2/derivatives/fmriprep/sub-11787/ses-01/func/sub-11787_ses-01_task-sharedreward_run-2_part-mag_space-MNI152NLin6Asym_desc-brain_mask.nii.gz	/ZPOOL/data/projects/rf1-sra-sharedreward/derivatives/harmonized/sub-11787/ses-01/func/sub-11787_ses-01_task-sharedreward_run-2_space-MNI152NLin6Asym_desc-smoothToFWHM6_bold.nii.gz	6	5.86106	5.95164	5.93897	5.91709	0.52117	3.05039	12.2978	9.15717	Precompiled binary linux_ubuntu_24_64: Aug  4 2026 (Version AFNI_26.2.03 'Gordian III')
rf1	11788	01	1	/ZPOOL/data/projects/rf1-sra-linux2/derivatives/fmriprep/sub-11788/ses-01/func/sub-11788_ses-01_task-sharedreward_run-1_part-mag_space-MNI152NLin6Asym_desc-preproc_bold.nii.gz	/ZPOOL/data/projects/rf1-sra-linux2/derivatives/fmriprep/sub-11788/ses-01/func/sub-11788_ses-01_task-sharedreward_run-1_part-mag_space-MNI152NLin6Asym_desc-brain_mask.nii.gz	/ZPOOL/data/projects/rf1-sra-sharedreward/derivatives/harmonized/sub-11788/ses-01/func/sub-11788_ses-01_task-sharedreward_run-1_space-MNI152NLin6Asym_desc-smoothToFWHM6_bold.nii.gz	6	5.86329	5.88649	5.8165	5.85535	0.516205	3.19536	9.84628	8.98057	Precompiled binary linux_ubuntu_24_64: Aug  4 2026 (Version AFNI_26.2.03 'Gordian III')
rf1	11788	01	2	/ZPOOL/data/projects/rf1-sra-linux2/derivatives/fmriprep/sub-11788/ses-01/func/sub-11788_ses-01_task-sharedreward_run-2_part-mag_space-MNI152NLin6Asym_desc-preproc_bold.nii.gz	/ZPOOL/data/projects/rf1-sra-linux2/derivatives/fmriprep/sub-11788/ses-01/func/sub-11788_ses-01_task-sharedreward_run-2_part-mag_space-MNI152NLin6Asym_desc-brain_mask.nii.gz	/ZPOOL/data/projects/rf1-sra-sharedreward/derivatives/harmonized/sub-11788/ses-01/func/sub-11788_ses-01_task-sharedreward_run-2_space-MNI152NLin6Asym_desc-smoothToFWHM6_bold.nii.gz	6	5.88501	5.8967	5.8703	5.88399	0.514544	3.21439	10.0027	9.06437	Precompiled binary linux_ubuntu_24_64: Aug  4 2026 (Version AFNI_26.2.03 'Gordian III')
rf1	11789	01	1	/ZPOOL/data/projects/rf1-sra-linux2/derivatives/fmriprep/sub-11789/ses-01/func/sub-11789_ses-01_task-sharedreward_run-1_part-mag_space-MNI152NLin6Asym_desc-preproc_bold.nii.gz	/ZPOOL/data/projects/rf1-sra-linux2/derivatives/fmriprep/sub-11789/ses-01/func/sub-11789_ses-01_task-sharedreward_run-1_part-mag_space-MNI152NLin6Asym_desc-brain_mask.nii.gz	/ZPOOL/data/projects/rf1-sra-sharedreward/derivatives/harmonized/sub-11789/ses-01/func/sub-11789_ses-01_task-sharedreward_run-1_space-MNI152NLin6Asym_desc-smoothToFWHM6_bold.nii.gz	6	5.7507	5.7832	5.76589	5.76658	0.456809	3.07958	9.62031	8.97176	Precompiled binary linux_ubuntu_24_64: Aug  4 2026 (Version AFNI_26.2.03 'Gordian III')
rf1	11789	01	2	/ZPOOL/data/projects/rf1-sra-linux2/derivatives/fmriprep/sub-11789/ses-01/func/sub-11789_ses-01_task-sharedreward_run-2_part-mag_space-MNI152NLin6Asym_desc-preproc_bold.nii.gz	/ZPOOL/data/projects/rf1-sra-linux2/derivatives/fmriprep/sub-11789/ses-01/func/sub-11789_ses-01_task-sharedreward_run-2_part-mag_space-MNI152NLin6Asym_desc-brain_mask.nii.gz	/ZPOOL/data/projects/rf1-sra-sharedreward/derivatives/harmonized/sub-11789/ses-01/func/sub-11789_ses-01_task-sharedreward_run-2_space-MNI152NLin6Asym_desc-smoothToFWHM6_bold.nii.gz	6	5.79044	5.81875	5.75939	5.78948	0.48873	3.11987	10.3538	9.08619	Precompiled binary linux_ubuntu_24_64: Aug  4 2026 (Version AFNI_26.2.03 'Gordian III')
rf1	11790	01	1	/ZPOOL/data/projects/rf1-sra-linux2/derivatives/fmriprep/sub-11790/ses-01/func/sub-11790_ses-01_task-sharedreward_run-1_part-mag_space-MNI152NLin6Asym_desc-preproc_bold.nii.gz	/ZPOOL/data/projects/rf1-sra-linux2/derivatives/fmriprep/sub-11790/ses-01/func/sub-11790_ses-01_task-sharedreward_run-1_part-mag_space-MNI152NLin6Asym_desc-brain_mask.nii.gz	/ZPOOL/data/projects/rf1-sra-sharedreward/derivatives/harmonized/sub-11790/ses-01/func/sub-11790_ses-01_task-sharedreward_run-1_space-MNI152NLin6Asym_desc-smoothToFWHM6_bold.nii.gz	6	5.93864	5.98485	5.93101	5.95145	0.498592	2.99114	12.8328	9.27791	Precompiled binary linux_ubuntu_24_64: Aug  4 2026 (Version AFNI_26.2.03 'Gordian III')
rf1	11790	01	2	/ZPOOL/data/projects/rf1-sra-linux2/derivatives/fmriprep/sub-11790/ses-01/func/sub-11790_ses-01_task-sharedreward_run-2_part-mag_space-MNI152NLin6Asym_desc-preproc_bold.nii.gz	/ZPOOL/data/projects/rf1-sra-linux2/derivatives/fmriprep/sub-11790/ses-01/func/sub-11790_ses-01_task-sharedreward_run-2_part-mag_space-MNI152NLin6Asym_desc-brain_mask.nii.gz	/ZPOOL/data/projects/rf1-sra-sharedreward/derivatives/harmonized/sub-11790/ses-01/func/sub-11790_ses-01_task-sharedreward_run-2_space-MNI152NLin6Asym_desc-smoothToFWHM6_bold.nii.gz	6	5.83328	5.85373	5.86388	5.85028	0.490609	2.96028	12.2556	9.15835	Precompiled binary linux_ubuntu_24_64: Aug  4 2026 (Version AFNI_26.2.03 'Gordian III')
rf1	11793	01	1	/ZPOOL/data/projects/rf1-sra-linux2/derivatives/fmriprep/sub-11793/ses-01/func/sub-11793_ses-01_task-sharedreward_run-1_part-mag_space-MNI152NLin6Asym_desc-preproc_bold.nii.gz	/ZPOOL/data/projects/rf1-sra-linux2/derivatives/fmriprep/sub-11793/ses-01/func/sub-11793_ses-01_task-sharedreward_run-1_part-mag_space-MNI152NLin6Asym_desc-brain_mask.nii.gz	/ZPOOL/data/projects/rf1-sra-sharedreward/derivatives/harmonized/sub-11793/ses-01/func/sub-11793_ses-01_task-sharedreward_run-1_space-MNI152NLin6Asym_desc-smoothToFWHM6_bold.nii.gz	6	5.89743	5.96255	5.90945	5.92308	0.477113	3.11436	10.3146	9.12708	Precompiled binary linux_ubuntu_24_64: Aug  4 2026 (Version AFNI_26.2.03 'Gordian III')
rf1	11793	01	2	/ZPOOL/data/projects/rf1-sra-linux2/derivatives/fmriprep/sub-11793/ses-01/func/sub-11793_ses-01_task-sharedreward_run-2_part-mag_space-MNI152NLin6Asym_desc-preproc_bold.nii.gz	/ZPOOL/data/projects/rf1-sra-linux2/derivatives/fmriprep/sub-11793/ses-01/func/sub-11793_ses-01_task-sharedreward_run-2_part-mag_space-MNI152NLin6Asym_desc-brain_mask.nii.gz	/ZPOOL/data/projects/rf1-sra-sharedreward/derivatives/harmonized/sub-11793/ses-01/func/sub-11793_ses-01_task-sharedreward_run-2_space-MNI152NLin6Asym_desc-smoothToFWHM6_bold.nii.gz	6	5.93766	5.98755	5.87444	5.93304	0.50553	3.07089	11.309	9.10793	Precompiled binary linux_ubuntu_24_64: Aug  4 2026 (Version AFNI_26.2.03 'Gordian III')
rf1	11795	01	1	/ZPOOL/data/projects/rf1-sra-linux2/derivatives/fmriprep/sub-11795/ses-01/func/sub-11795_ses-01_task-sharedreward_run-1_part-mag_space-MNI152NLin6Asym_desc-preproc_bold.nii.gz	/ZPOOL/data/projects/rf1-sra-linux2/derivatives/fmriprep/sub-11795/ses-01/func/sub-11795_ses-01_task-sharedreward_run-1_part-mag_space-MNI152NLin6Asym_desc-brain_mask.nii.gz	/ZPOOL/data/projects/rf1-sra-sharedreward/derivatives/harmonized/sub-11795/ses-01/func/sub-11795_ses-01_task-sharedreward_run-1_space-MNI152NLin6Asym_desc-smoothToFWHM6_bold.nii.gz	6	5.96471	5.96198	5.92081	5.94913	0.491816	3.25349	9.55694	9.12739	Precompiled binary linux_ubuntu_24_64: Aug  4 2026 (Version AFNI_26.2.03 'Gordian III')
rf1	11795	01	2	/ZPOOL/data/projects/rf1-sra-linux2/derivatives/fmriprep/sub-11795/ses-01/func/sub-11795_ses-01_task-sharedreward_run-2_part-mag_space-MNI152NLin6Asym_desc-preproc_bold.nii.gz	/ZPOOL/data/projects/rf1-sra-linux2/derivatives/fmriprep/sub-11795/ses-01/func/sub-11795_ses-01_task-sharedreward_run-2_part-mag_space-MNI152NLin6Asym_desc-brain_mask.nii.gz	/ZPOOL/data/projects/rf1-sra-sharedreward/derivatives/harmonized/sub-11795/ses-01/func/sub-11795_ses-01_task-sharedreward_run-2_space-MNI152NLin6Asym_desc-smoothToFWHM6_bold.nii.gz	6	5.88678	5.89519	5.83926	5.87369	0.510549	3.20701	9.73689	9.00193	Precompiled binary linux_ubuntu_24_64: Aug  4 2026 (Version AFNI_26.2.03 'Gordian III')
rf1	11815	01	1	/ZPOOL/data/projects/rf1-sra-linux2/derivatives/fmriprep/sub-11815/ses-01/func/sub-11815_ses-01_task-sharedreward_run-1_part-mag_space-MNI152NLin6Asym_desc-preproc_bold.nii.gz	/ZPOOL/data/projects/rf1-sra-linux2/derivatives/fmriprep/sub-11815/ses-01/func/sub-11815_ses-01_task-sharedreward_run-1_part-mag_space-MNI152NLin6Asym_desc-brain_mask.nii.gz	/ZPOOL/data/projects/rf1-sra-sharedreward/derivatives/harmonized/sub-11815/ses-01/func/sub-11815_ses-01_task-sharedreward_run-1_space-MNI152NLin6Asym_desc-smoothToFWHM6_bold.nii.gz	6	5.73004	5.73862	5.70248	5.72369	0.527731	2.98537	11.0868	8.74929	Precompiled binary linux_ubuntu_24_64: Aug  4 2026 (Version AFNI_26.2.03 'Gordian III')
rf1	11815	01	2	/ZPOOL/data/projects/rf1-sra-linux2/derivatives/fmriprep/sub-11815/ses-01/func/sub-11815_ses-01_task-sharedreward_run-2_part-mag_space-MNI152NLin6Asym_desc-preproc_bold.nii.gz	/ZPOOL/data/projects/rf1-sra-linux2/derivatives/fmriprep/sub-11815/ses-01/func/sub-11815_ses-01_task-sharedreward_run-2_part-mag_space-MNI152NLin6Asym_desc-brain_mask.nii.gz	/ZPOOL/data/projects/rf1-sra-sharedreward/derivatives/harmonized/sub-11815/ses-01/func/sub-11815_ses-01_task-sharedreward_run-2_space-MNI152NLin6Asym_desc-smoothToFWHM6_bold.nii.gz	6	5.83124	5.86081	5.78183	5.82454	0.535198	3.03514	12.0114	8.98495	Precompiled binary linux_ubuntu_24_64: Aug  4 2026 (Version AFNI_26.2.03 'Gordian III')
rf1	11822	01	1	/ZPOOL/data/projects/rf1-sra-linux2/derivatives/fmriprep/sub-11822/ses-01/func/sub-11822_ses-01_task-sharedreward_run-1_part-mag_space-MNI152NLin6Asym_desc-preproc_bold.nii.gz	/ZPOOL/data/projects/rf1-sra-linux2/derivatives/fmriprep/sub-11822/ses-01/func/sub-11822_ses-01_task-sharedreward_run-1_part-mag_space-MNI152NLin6Asym_desc-brain_mask.nii.gz	/ZPOOL/data/projects/rf1-sra-sharedreward/derivatives/harmonized/sub-11822/ses-01/func/sub-11822_ses-01_task-sharedreward_run-1_space-MNI152NLin6Asym_desc-smoothToFWHM6_bold.nii.gz	6	5.93309	5.94114	5.87129	5.91509	0.573435	3.19498	10.8651	8.92875	Precompiled binary linux_ubuntu_24_64: Aug  4 2026 (Version AFNI_26.2.03 'Gordian III')
rf1	11822	01	2	/ZPOOL/data/projects/rf1-sra-linux2/derivatives/fmriprep/sub-11822/ses-01/func/sub-11822_ses-01_task-sharedreward_run-2_part-mag_space-MNI152NLin6Asym_desc-preproc_bold.nii.gz	/ZPOOL/data/projects/rf1-sra-linux2/derivatives/fmriprep/sub-11822/ses-01/func/sub-11822_ses-01_task-sharedreward_run-2_part-mag_space-MNI152NLin6Asym_desc-brain_mask.nii.gz	/ZPOOL/data/projects/rf1-sra-sharedreward/derivatives/harmonized/sub-11822/ses-01/func/sub-11822_ses-01_task-sharedreward_run-2_space-MNI152NLin6Asym_desc-smoothToFWHM6_bold.nii.gz	6	5.80907	5.81587	5.73709	5.78723	0.563916	3.116	10.4347	8.7238	Precompiled binary linux_ubuntu_24_64: Aug  4 2026 (Version AFNI_26.2.03 'Gordian III')
rf1	11823	01	1	/ZPOOL/data/projects/rf1-sra-linux2/derivatives/fmriprep/sub-11823/ses-01/func/sub-11823_ses-01_task-sharedreward_run-1_part-mag_space-MNI152NLin6Asym_desc-preproc_bold.nii.gz	/ZPOOL/data/projects/rf1-sra-linux2/derivatives/fmriprep/sub-11823/ses-01/func/sub-11823_ses-01_task-sharedreward_run-1_part-mag_space-MNI152NLin6Asym_desc-brain_mask.nii.gz	/ZPOOL/data/projects/rf1-sra-sharedreward/derivatives/harmonized/sub-11823/ses-01/func/sub-11823_ses-01_task-sharedreward_run-1_space-MNI152NLin6Asym_desc-smoothToFWHM6_bold.nii.gz	6	5.86845	5.86195	5.86036	5.86359	0.570203	3.17046	11.219	8.95267	Precompiled binary linux_ubuntu_24_64: Aug  4 2026 (Version AFNI_26.2.03 'Gordian III')
rf1	11823	01	2	/ZPOOL/data/projects/rf1-sra-linux2/derivatives/fmriprep/sub-11823/ses-01/func/sub-11823_ses-01_task-sharedreward_run-2_part-mag_space-MNI152NLin6Asym_desc-preproc_bold.nii.gz	/ZPOOL/data/projects/rf1-sra-linux2/derivatives/fmriprep/sub-11823/ses-01/func/sub-11823_ses-01_task-sharedreward_run-2_part-mag_space-MNI152NLin6Asym_desc-brain_mask.nii.gz	/ZPOOL/data/projects/rf1-sra-sharedreward/derivatives/harmonized/sub-11823/ses-01/func/sub-11823_ses-01_task-sharedreward_run-2_space-MNI152NLin6Asym_desc-smoothToFWHM6_bold.nii.gz	6	5.67326	5.65334	5.64603	5.65753	0.551224	3.07583	9.61412	8.52752	Precompiled binary linux_ubuntu_24_64: Aug  4 2026 (Version AFNI_26.2.03 'Gordian III')
rf1	11824	01	1	/ZPOOL/data/projects/rf1-sra-linux2/derivatives/fmriprep/sub-11824/ses-01/func/sub-11824_ses-01_task-sharedreward_run-1_part-mag_space-MNI152NLin6Asym_desc-preproc_bold.nii.gz	/ZPOOL/data/projects/rf1-sra-linux2/derivatives/fmriprep/sub-11824/ses-01/func/sub-11824_ses-01_task-sharedreward_run-1_part-mag_space-MNI152NLin6Asym_desc-brain_mask.nii.gz	/ZPOOL/data/projects/rf1-sra-sharedreward/derivatives/harmonized/sub-11824/ses-01/func/sub-11824_ses-01_task-sharedreward_run-1_space-MNI152NLin6Asym_desc-smoothToFWHM6_bold.nii.gz	6	5.8142	5.89529	5.88005	5.86307	0.521439	3.00599	12.572	9.10479	Precompiled binary linux_ubuntu_24_64: Aug  4 2026 (Version AFNI_26.2.03 'Gordian III')
rf1	11824	01	2	/ZPOOL/data/projects/rf1-sra-linux2/derivatives/fmriprep/sub-11824/ses-01/func/sub-11824_ses-01_task-sharedreward_run-2_part-mag_space-MNI152NLin6Asym_desc-preproc_bold.nii.gz	/ZPOOL/data/projects/rf1-sra-linux2/derivatives/fmriprep/sub-11824/ses-01/func/sub-11824_ses-01_task-sharedreward_run-2_part-mag_space-MNI152NLin6Asym_desc-brain_mask.nii.gz	/ZPOOL/data/projects/rf1-sra-sharedreward/derivatives/harmonized/sub-11824/ses-01/func/sub-11824_ses-01_task-sharedreward_run-2_space-MNI152NLin6Asym_desc-smoothToFWHM6_bold.nii.gz	6	5.81551	5.85254	5.8021	5.82334	0.515474	2.95888	12.2872	8.98979	Precompiled binary linux_ubuntu_24_64: Aug  4 2026 (Version AFNI_26.2.03 'Gordian III')
rf1	11828	01	1	/ZPOOL/data/projects/rf1-sra-linux2/derivatives/fmriprep/sub-11828/ses-01/func/sub-11828_ses-01_task-sharedreward_run-1_part-mag_space-MNI152NLin6Asym_desc-preproc_bold.nii.gz	/ZPOOL/data/projects/rf1-sra-linux2/derivatives/fmriprep/sub-11828/ses-01/func/sub-11828_ses-01_task-sharedreward_run-1_part-mag_space-MNI152NLin6Asym_desc-brain_mask.nii.gz	/ZPOOL/data/projects/rf1-sra-sharedreward/derivatives/harmonized/sub-11828/ses-01/func/sub-11828_ses-01_task-sharedreward_run-1_space-MNI152NLin6Asym_desc-smoothToFWHM6_bold.nii.gz	6	5.87684	5.85923	5.79866	5.84482	0.472739	2.79859	14.124	9.28542	Precompiled binary linux_ubuntu_24_64: Aug  4 2026 (Version AFNI_26.2.03 'Gordian III')
rf1	11828	01	2	/ZPOOL/data/projects/rf1-sra-linux2/derivatives/fmriprep/sub-11828/ses-01/func/sub-11828_ses-01_task-sharedreward_run-2_part-mag_space-MNI152NLin6Asym_desc-preproc_bold.nii.gz	/ZPOOL/data/projects/rf1-sra-linux2/derivatives/fmriprep/sub-11828/ses-01/func/sub-11828_ses-01_task-sharedreward_run-2_part-mag_space-MNI152NLin6Asym_desc-brain_mask.nii.gz	/ZPOOL/data/projects/rf1-sra-sharedreward/derivatives/harmonized/sub-11828/ses-01/func/sub-11828_ses-01_task-sharedreward_run-2_space-MNI152NLin6Asym_desc-smoothToFWHM6_bold.nii.gz	6	5.97375	5.96411	5.91584	5.95118	0.498034	2.89666	15.5904	9.50898	Precompiled binary linux_ubuntu_24_64: Aug  4 2026 (Version AFNI_26.2.03 'Gordian III')
rf1	11829	01	1	/ZPOOL/data/projects/rf1-sra-linux2/derivatives/fmriprep/sub-11829/ses-01/func/sub-11829_ses-01_task-sharedreward_run-1_part-mag_space-MNI152NLin6Asym_desc-preproc_bold.nii.gz	/ZPOOL/data/projects/rf1-sra-linux2/derivatives/fmriprep/sub-11829/ses-01/func/sub-11829_ses-01_task-sharedreward_run-1_part-mag_space-MNI152NLin6Asym_desc-brain_mask.nii.gz	/ZPOOL/data/projects/rf1-sra-sharedreward/derivatives/harmonized/sub-11829/ses-01/func/sub-11829_ses-01_task-sharedreward_run-1_space-MNI152NLin6Asym_desc-smoothToFWHM6_bold.nii.gz	6	5.8015	5.80767	5.78661	5.79859	0.538019	3.04096	11.4969	8.89005	Precompiled binary linux_ubuntu_24_64: Aug  4 2026 (Version AFNI_26.2.03 'Gordian III')
rf1	11829	01	2	/ZPOOL/data/projects/rf1-sra-linux2/derivatives/fmriprep/sub-11829/ses-01/func/sub-11829_ses-01_task-sharedreward_run-2_part-mag_space-MNI152NLin6Asym_desc-preproc_bold.nii.gz	/ZPOOL/data/projects/rf1-sra-linux2/derivatives/fmriprep/sub-11829/ses-01/func/sub-11829_ses-01_task-sharedreward_run-2_part-mag_space-MNI152NLin6Asym_desc-brain_mask.nii.gz	/ZPOOL/data/projects/rf1-sra-sharedreward/derivatives/harmonized/sub-11829/ses-01/func/sub-11829_ses-01_task-sharedreward_run-2_space-MNI152NLin6Asym_desc-smoothToFWHM6_bold.nii.gz	6	5.68511	5.69891	5.68795	5.69065	0.517541	3.03322	9.84147	8.63937	Precompiled binary linux_ubuntu_24_64: Aug  4 2026 (Version AFNI_26.2.03 'Gordian III')
rf1	11840	01	1	/ZPOOL/data/projects/rf1-sra-linux2/derivatives/fmriprep/sub-11840/ses-01/func/sub-11840_ses-01_task-sharedreward_run-1_part-mag_space-MNI152NLin6Asym_desc-preproc_bold.nii.gz	/ZPOOL/data/projects/rf1-sra-linux2/derivatives/fmriprep/sub-11840/ses-01/func/sub-11840_ses-01_task-sharedreward_run-1_part-mag_space-MNI152NLin6Asym_desc-brain_mask.nii.gz	/ZPOOL/data/projects/rf1-sra-sharedreward/derivatives/harmonized/sub-11840/ses-01/func/sub-11840_ses-01_task-sharedreward_run-1_space-MNI152NLin6Asym_desc-smoothToFWHM6_bold.nii.gz	6	5.91296	5.95311	5.81913	5.8948	0.5474	3.11045	12.2733	9.12208	Precompiled binary linux_ubuntu_24_64: Aug  4 2026 (Version AFNI_26.2.03 'Gordian III')
rf1	11840	01	2	/ZPOOL/data/projects/rf1-sra-linux2/derivatives/fmriprep/sub-11840/ses-01/func/sub-11840_ses-01_task-sharedreward_run-2_part-mag_space-MNI152NLin6Asym_desc-preproc_bold.nii.gz	/ZPOOL/data/projects/rf1-sra-linux2/derivatives/fmriprep/sub-11840/ses-01/func/sub-11840_ses-01_task-sharedreward_run-2_part-mag_space-MNI152NLin6Asym_desc-brain_mask.nii.gz	/ZPOOL/data/projects/rf1-sra-sharedreward/derivatives/harmonized/sub-11840/ses-01/func/sub-11840_ses-01_task-sharedreward_run-2_space-MNI152NLin6Asym_desc-smoothToFWHM6_bold.nii.gz	6	5.94144	6.00432	5.88011	5.94174	0.501699	3.11089	11.3113	9.21552	Precompiled binary linux_ubuntu_24_64: Aug  4 2026 (Version AFNI_26.2.03 'Gordian III')
rf1	11847	01	1	/ZPOOL/data/projects/rf1-sra-linux2/derivatives/fmriprep/sub-11847/ses-01/func/sub-11847_ses-01_task-sharedreward_run-1_part-mag_space-MNI152NLin6Asym_desc-preproc_bold.nii.gz	/ZPOOL/data/projects/rf1-sra-linux2/derivatives/fmriprep/sub-11847/ses-01/func/sub-11847_ses-01_task-sharedreward_run-1_part-mag_space-MNI152NLin6Asym_desc-brain_mask.nii.gz	/ZPOOL/data/projects/rf1-sra-sharedreward/derivatives/harmonized/sub-11847/ses-01/func/sub-11847_ses-01_task-sharedreward_run-1_space-MNI152NLin6Asym_desc-smoothToFWHM6_bold.nii.gz	6	5.90729	5.90726	5.85033	5.88823	0.511474	3.06417	11.979	9.19078	Precompiled binary linux_ubuntu_24_64: Aug  4 2026 (Version AFNI_26.2.03 'Gordian III')
rf1	11847	01	2	/ZPOOL/data/projects/rf1-sra-linux2/derivatives/fmriprep/sub-11847/ses-01/func/sub-11847_ses-01_task-sharedreward_run-2_part-mag_space-MNI152NLin6Asym_desc-preproc_bold.nii.gz	/ZPOOL/data/projects/rf1-sra-linux2/derivatives/fmriprep/sub-11847/ses-01/func/sub-11847_ses-01_task-sharedreward_run-2_part-mag_space-MNI152NLin6Asym_desc-brain_mask.nii.gz	/ZPOOL/data/projects/rf1-sra-sharedreward/derivatives/harmonized/sub-11847/ses-01/func/sub-11847_ses-01_task-sharedreward_run-2_space-MNI152NLin6Asym_desc-smoothToFWHM6_bold.nii.gz	6	6.0166	5.98315	5.91203	5.97043	0.478774	3.08554	11.5029	9.34611	Precompiled binary linux_ubuntu_24_64: Aug  4 2026 (Version AFNI_26.2.03 'Gordian III')
rf1	11853	01	1	/ZPOOL/data/projects/rf1-sra-linux2/derivatives/fmriprep/sub-11853/ses-01/func/sub-11853_ses-01_task-sharedreward_run-1_part-mag_space-MNI152NLin6Asym_desc-preproc_bold.nii.gz	/ZPOOL/data/projects/rf1-sra-linux2/derivatives/fmriprep/sub-11853/ses-01/func/sub-11853_ses-01_task-sharedreward_run-1_part-mag_space-MNI152NLin6Asym_desc-brain_mask.nii.gz	/ZPOOL/data/projects/rf1-sra-sharedreward/derivatives/harmonized/sub-11853/ses-01/func/sub-11853_ses-01_task-sharedreward_run-1_space-MNI152NLin6Asym_desc-smoothToFWHM6_bold.nii.gz	6	5.78427	5.83407	5.83427	5.81749	0.554349	3.04442	12.3568	8.94566	Precompiled binary linux_ubuntu_24_64: Aug  4 2026 (Version AFNI_26.2.03 'Gordian III')
rf1	11853	01	2	/ZPOOL/data/projects/rf1-sra-linux2/derivatives/fmriprep/sub-11853/ses-01/func/sub-11853_ses-01_task-sharedreward_run-2_part-mag_space-MNI152NLin6Asym_desc-preproc_bold.nii.gz	/ZPOOL/data/projects/rf1-sra-linux2/derivatives/fmriprep/sub-11853/ses-01/func/sub-11853_ses-01_task-sharedreward_run-2_part-mag_space-MNI152NLin6Asym_desc-brain_mask.nii.gz	/ZPOOL/data/projects/rf1-sra-sharedreward/derivatives/harmonized/sub-11853/ses-01/func/sub-11853_ses-01_task-sharedreward_run-2_space-MNI152NLin6Asym_desc-smoothToFWHM6_bold.nii.gz	6	5.73435	5.78379	5.77962	5.76588	0.558044	3.02783	11.7502	8.78985	Precompiled binary linux_ubuntu_24_64: Aug  4 2026 (Version AFNI_26.2.03 'Gordian III')
rf1	11854	01	1	/ZPOOL/data/projects/rf1-sra-linux2/derivatives/fmriprep/sub-11854/ses-01/func/sub-11854_ses-01_task-sharedreward_run-1_part-mag_space-MNI152NLin6Asym_desc-preproc_bold.nii.gz	/ZPOOL/data/projects/rf1-sra-linux2/derivatives/fmriprep/sub-11854/ses-01/func/sub-11854_ses-01_task-sharedreward_run-1_part-mag_space-MNI152NLin6Asym_desc-brain_mask.nii.gz	/ZPOOL/data/projects/rf1-sra-sharedreward/derivatives/harmonized/sub-11854/ses-01/func/sub-11854_ses-01_task-sharedreward_run-1_space-MNI152NLin6Asym_desc-smoothToFWHM6_bold.nii.gz	6	5.92927	5.98376	5.80493	5.90551	0.47408	3.07421	11.887	9.43966	Precompiled binary linux_ubuntu_24_64: Aug  4 2026 (Version AFNI_26.2.03 'Gordian III')
rf1	11854	01	2	/ZPOOL/data/projects/rf1-sra-linux2/derivatives/fmriprep/sub-11854/ses-01/func/sub-11854_ses-01_task-sharedreward_run-2_part-mag_space-MNI152NLin6Asym_desc-preproc_bold.nii.gz	/ZPOOL/data/projects/rf1-sra-linux2/derivatives/fmriprep/sub-11854/ses-01/func/sub-11854_ses-01_task-sharedreward_run-2_part-mag_space-MNI152NLin6Asym_desc-brain_mask.nii.gz	/ZPOOL/data/projects/rf1-sra-sharedreward/derivatives/harmonized/sub-11854/ses-01/func/sub-11854_ses-01_task-sharedreward_run-2_space-MNI152NLin6Asym_desc-smoothToFWHM6_bold.nii.gz	6	6.09459	6.10184	6.02749	6.07455	0.401404	3.09135	11.3628	9.86651	Precompiled binary linux_ubuntu_24_64: Aug  4 2026 (Version AFNI_26.2.03 'Gordian III')
rf1	11861	01	1	/ZPOOL/data/projects/rf1-sra-linux2/derivatives/fmriprep/sub-11861/ses-01/func/sub-11861_ses-01_task-sharedreward_run-1_part-mag_space-MNI152NLin6Asym_desc-preproc_bold.nii.gz	/ZPOOL/data/projects/rf1-sra-linux2/derivatives/fmriprep/sub-11861/ses-01/func/sub-11861_ses-01_task-sharedreward_run-1_part-mag_space-MNI152NLin6Asym_desc-brain_mask.nii.gz	/ZPOOL/data/projects/rf1-sra-sharedreward/derivatives/harmonized/sub-11861/ses-01/func/sub-11861_ses-01_task-sharedreward_run-1_space-MNI152NLin6Asym_desc-smoothToFWHM6_bold.nii.gz	6	5.77237	5.90048	5.83339	5.83518	0.492804	3.01478	11.1549	9.03241	Precompiled binary linux_ubuntu_24_64: Aug  4 2026 (Version AFNI_26.2.03 'Gordian III')
rf1	11861	01	2	/ZPOOL/data/projects/rf1-sra-linux2/derivatives/fmriprep/sub-11861/ses-01/func/sub-11861_ses-01_task-sharedreward_run-2_part-mag_space-MNI152NLin6Asym_desc-preproc_bold.nii.gz	/ZPOOL/data/projects/rf1-sra-linux2/derivatives/fmriprep/sub-11861/ses-01/func/sub-11861_ses-01_task-sharedreward_run-2_part-mag_space-MNI152NLin6Asym_desc-brain_mask.nii.gz	/ZPOOL/data/projects/rf1-sra-sharedreward/derivatives/harmonized/sub-11861/ses-01/func/sub-11861_ses-01_task-sharedreward_run-2_space-MNI152NLin6Asym_desc-smoothToFWHM6_bold.nii.gz	6	5.86685	5.93956	5.85588	5.88731	0.469317	3.04087	11.0729	9.21321	Precompiled binary linux_ubuntu_24_64: Aug  4 2026 (Version AFNI_26.2.03 'Gordian III')
rf1	11866	01	1	/ZPOOL/data/projects/rf1-sra-linux2/derivatives/fmriprep/sub-11866/ses-01/func/sub-11866_ses-01_task-sharedreward_run-1_part-mag_space-MNI152NLin6Asym_desc-preproc_bold.nii.gz	/ZPOOL/data/projects/rf1-sra-linux2/derivatives/fmriprep/sub-11866/ses-01/func/sub-11866_ses-01_task-sharedreward_run-1_part-mag_space-MNI152NLin6Asym_desc-brain_mask.nii.gz	/ZPOOL/data/projects/rf1-sra-sharedreward/derivatives/harmonized/sub-11866/ses-01/func/sub-11866_ses-01_task-sharedreward_run-1_space-MNI152NLin6Asym_desc-smoothToFWHM6_bold.nii.gz	6	5.77903	5.76834	5.75615	5.76783	0.555568	3.04015	11.4912	8.78837	Precompiled binary linux_ubuntu_24_64: Aug  4 2026 (Version AFNI_26.2.03 'Gordian III')
rf1	11866	01	2	/ZPOOL/data/projects/rf1-sra-linux2/derivatives/fmriprep/sub-11866/ses-01/func/sub-11866_ses-01_task-sharedreward_run-2_part-mag_space-MNI152NLin6Asym_desc-preproc_bold.nii.gz	/ZPOOL/data/projects/rf1-sra-linux2/derivatives/fmriprep/sub-11866/ses-01/func/sub-11866_ses-01_task-sharedreward_run-2_part-mag_space-MNI152NLin6Asym_desc-brain_mask.nii.gz	/ZPOOL/data/projects/rf1-sra-sharedreward/derivatives/harmonized/sub-11866/ses-01/func/sub-11866_ses-01_task-sharedreward_run-2_space-MNI152NLin6Asym_desc-smoothToFWHM6_bold.nii.gz	6	5.76626	5.77944	5.77145	5.77238	0.55983	3.05225	11.6533	8.8189	Precompiled binary linux_ubuntu_24_64: Aug  4 2026 (Version AFNI_26.2.03 'Gordian III')
rf1	11867	01	1	/ZPOOL/data/projects/rf1-sra-linux2/derivatives/fmriprep/sub-11867/ses-01/func/sub-11867_ses-01_task-sharedreward_run-1_part-mag_space-MNI152NLin6Asym_desc-preproc_bold.nii.gz	/ZPOOL/data/projects/rf1-sra-linux2/derivatives/fmriprep/sub-11867/ses-01/func/sub-11867_ses-01_task-sharedreward_run-1_part-mag_space-MNI152NLin6Asym_desc-brain_mask.nii.gz	/ZPOOL/data/projects/rf1-sra-sharedreward/derivatives/harmonized/sub-11867/ses-01/func/sub-11867_ses-01_task-sharedreward_run-1_space-MNI152NLin6Asym_desc-smoothToFWHM6_bold.nii.gz	6	5.87454	5.84825	5.82219	5.84829	0.533187	3.11618	10.487	8.8817	Precompiled binary linux_ubuntu_24_64: Aug  4 2026 (Version AFNI_26.2.03 'Gordian III')
rf1	11867	01	2	/ZPOOL/data/projects/rf1-sra-linux2/derivatives/fmriprep/sub-11867/ses-01/func/sub-11867_ses-01_task-sharedreward_run-2_part-mag_space-MNI152NLin6Asym_desc-preproc_bold.nii.gz	/ZPOOL/data/projects/rf1-sra-linux2/derivatives/fmriprep/sub-11867/ses-01/func/sub-11867_ses-01_task-sharedreward_run-2_part-mag_space-MNI152NLin6Asym_desc-brain_mask.nii.gz	/ZPOOL/data/projects/rf1-sra-sharedreward/derivatives/harmonized/sub-11867/ses-01/func/sub-11867_ses-01_task-sharedreward_run-2_space-MNI152NLin6Asym_desc-smoothToFWHM6_bold.nii.gz	6	5.76372	5.77338	5.73909	5.75871	0.53219	2.98016	11.0438	8.70429	Precompiled binary linux_ubuntu_24_64: Aug  4 2026 (Version AFNI_26.2.03 'Gordian III')
rf1	11870	01	1	/ZPOOL/data/projects/rf1-sra-linux2/derivatives/fmriprep/sub-11870/ses-01/func/sub-11870_ses-01_task-sharedreward_run-1_part-mag_space-MNI152NLin6Asym_desc-preproc_bold.nii.gz	/ZPOOL/data/projects/rf1-sra-linux2/derivatives/fmriprep/sub-11870/ses-01/func/sub-11870_ses-01_task-sharedreward_run-1_part-mag_space-MNI152NLin6Asym_desc-brain_mask.nii.gz	/ZPOOL/data/projects/rf1-sra-sharedreward/derivatives/harmonized/sub-11870/ses-01/func/sub-11870_ses-01_task-sharedreward_run-1_space-MNI152NLin6Asym_desc-smoothToFWHM6_bold.nii.gz	6	5.73951	5.76119	5.73978	5.74682	0.518224	2.97991	10.8143	8.73621	Precompiled binary linux_ubuntu_24_64: Aug  4 2026 (Version AFNI_26.2.03 'Gordian III')
rf1	11870	01	2	/ZPOOL/data/projects/rf1-sra-linux2/derivatives/fmriprep/sub-11870/ses-01/func/sub-11870_ses-01_task-sharedreward_run-2_part-mag_space-MNI152NLin6Asym_desc-preproc_bold.nii.gz	/ZPOOL/data/projects/rf1-sra-linux2/derivatives/fmriprep/sub-11870/ses-01/func/sub-11870_ses-01_task-sharedreward_run-2_part-mag_space-MNI152NLin6Asym_desc-brain_mask.nii.gz	/ZPOOL/data/projects/rf1-sra-sharedreward/derivatives/harmonized/sub-11870/ses-01/func/sub-11870_ses-01_task-sharedreward_run-2_space-MNI152NLin6Asym_desc-smoothToFWHM6_bold.nii.gz	6	5.84361	5.8515	5.83591	5.84367	0.532707	3.01245	11.9978	8.94739	Precompiled binary linux_ubuntu_24_64: Aug  4 2026 (Version AFNI_26.2.03 'Gordian III')
rf1	11872	01	1	/ZPOOL/data/projects/rf1-sra-linux2/derivatives/fmriprep/sub-11872/ses-01/func/sub-11872_ses-01_task-sharedreward_run-1_part-mag_space-MNI152NLin6Asym_desc-preproc_bold.nii.gz	/ZPOOL/data/projects/rf1-sra-linux2/derivatives/fmriprep/sub-11872/ses-01/func/sub-11872_ses-01_task-sharedreward_run-1_part-mag_space-MNI152NLin6Asym_desc-brain_mask.nii.gz	/ZPOOL/data/projects/rf1-sra-sharedreward/derivatives/harmonized/sub-11872/ses-01/func/sub-11872_ses-01_task-sharedreward_run-1_space-MNI152NLin6Asym_desc-smoothToFWHM6_bold.nii.gz	6	5.89274	5.91137	5.83918	5.88102	0.461277	3.19976	9.50941	9.14715	Precompiled binary linux_ubuntu_24_64: Aug  4 2026 (Version AFNI_26.2.03 'Gordian III')
rf1	11872	01	2	/ZPOOL/data/projects/rf1-sra-linux2/derivatives/fmriprep/sub-11872/ses-01/func/sub-11872_ses-01_task-sharedreward_run-2_part-mag_space-MNI152NLin6Asym_desc-preproc_bold.nii.gz	/ZPOOL/data/projects/rf1-sra-linux2/derivatives/fmriprep/sub-11872/ses-01/func/sub-11872_ses-01_task-sharedreward_run-2_part-mag_space-MNI152NLin6Asym_desc-brain_mask.nii.gz	/ZPOOL/data/projects/rf1-sra-sharedreward/derivatives/harmonized/sub-11872/ses-01/func/sub-11872_ses-01_task-sharedreward_run-2_space-MNI152NLin6Asym_desc-smoothToFWHM6_bold.nii.gz	6	5.91464	5.93507	5.79386	5.88086	0.445754	3.06914	9.98929	9.1191	Precompiled binary linux_ubuntu_24_64: Aug  4 2026 (Version AFNI_26.2.03 'Gordian III')
rf1	11876	01	1	/ZPOOL/data/projects/rf1-sra-linux2/derivatives/fmriprep/sub-11876/ses-01/func/sub-11876_ses-01_task-sharedreward_run-1_part-mag_space-MNI152NLin6Asym_desc-preproc_bold.nii.gz	/ZPOOL/data/projects/rf1-sra-linux2/derivatives/fmriprep/sub-11876/ses-01/func/sub-11876_ses-01_task-sharedreward_run-1_part-mag_space-MNI152NLin6Asym_desc-brain_mask.nii.gz	/ZPOOL/data/projects/rf1-sra-sharedreward/derivatives/harmonized/sub-11876/ses-01/func/sub-11876_ses-01_task-sharedreward_run-1_space-MNI152NLin6Asym_desc-smoothToFWHM6_bold.nii.gz	6	5.75759	5.79523	5.77712	5.77662	0.488622	3.05323	9.95471	8.85071	Precompiled binary linux_ubuntu_24_64: Aug  4 2026 (Version AFNI_26.2.03 'Gordian III')
rf1	11876	01	2	/ZPOOL/data/projects/rf1-sra-linux2/derivatives/fmriprep/sub-11876/ses-01/func/sub-11876_ses-01_task-sharedreward_run-2_part-mag_space-MNI152NLin6Asym_desc-preproc_bold.nii.gz	/ZPOOL/data/projects/rf1-sra-linux2/derivatives/fmriprep/sub-11876/ses-01/func/sub-11876_ses-01_task-sharedreward_run-2_part-mag_space-MNI152NLin6Asym_desc-brain_mask.nii.gz	/ZPOOL/data/projects/rf1-sra-sharedreward/derivatives/harmonized/sub-11876/ses-01/func/sub-11876_ses-01_task-sharedreward_run-2_space-MNI152NLin6Asym_desc-smoothToFWHM6_bold.nii.gz	6	5.84198	5.93502	5.89869	5.89177	0.459827	3.11113	10.2427	9.19566	Precompiled binary linux_ubuntu_24_64: Aug  4 2026 (Version AFNI_26.2.03 'Gordian III')
rf1	11877	01	1	/ZPOOL/data/projects/rf1-sra-linux2/derivatives/fmriprep/sub-11877/ses-01/func/sub-11877_ses-01_task-sharedreward_run-1_part-mag_space-MNI152NLin6Asym_desc-preproc_bold.nii.gz	/ZPOOL/data/projects/rf1-sra-linux2/derivatives/fmriprep/sub-11877/ses-01/func/sub-11877_ses-01_task-sharedreward_run-1_part-mag_space-MNI152NLin6Asym_desc-brain_mask.nii.gz	/ZPOOL/data/projects/rf1-sra-sharedreward/derivatives/harmonized/sub-11877/ses-01/func/sub-11877_ses-01_task-sharedreward_run-1_space-MNI152NLin6Asym_desc-smoothToFWHM6_bold.nii.gz	6	5.94445	5.91091	5.83673	5.89719	0.542671	3.09692	11.9129	9.05981	Precompiled binary linux_ubuntu_24_64: Aug  4 2026 (Version AFNI_26.2.03 'Gordian III')
rf1	11877	01	2	/ZPOOL/data/projects/rf1-sra-linux2/derivatives/fmriprep/sub-11877/ses-01/func/sub-11877_ses-01_task-sharedreward_run-2_part-mag_space-MNI152NLin6Asym_desc-preproc_bold.nii.gz	/ZPOOL/data/projects/rf1-sra-linux2/derivatives/fmriprep/sub-11877/ses-01/func/sub-11877_ses-01_task-sharedreward_run-2_part-mag_space-MNI152NLin6Asym_desc-brain_mask.nii.gz	/ZPOOL/data/projects/rf1-sra-sharedreward/derivatives/harmonized/sub-11877/ses-01/func/sub-11877_ses-01_task-sharedreward_run-2_space-MNI152NLin6Asym_desc-smoothToFWHM6_bold.nii.gz	6	5.92183	5.9042	5.81204	5.87916	0.509864	2.98124	12.4143	9.10048	Precompiled binary linux_ubuntu_24_64: Aug  4 2026 (Version AFNI_26.2.03 'Gordian III')
rf1	11881	01	1	/ZPOOL/data/projects/rf1-sra-linux2/derivatives/fmriprep/sub-11881/ses-01/func/sub-11881_ses-01_task-sharedreward_run-1_part-mag_space-MNI152NLin6Asym_desc-preproc_bold.nii.gz	/ZPOOL/data/projects/rf1-sra-linux2/derivatives/fmriprep/sub-11881/ses-01/func/sub-11881_ses-01_task-sharedreward_run-1_part-mag_space-MNI152NLin6Asym_desc-brain_mask.nii.gz	/ZPOOL/data/projects/rf1-sra-sharedreward/derivatives/harmonized/sub-11881/ses-01/func/sub-11881_ses-01_task-sharedreward_run-1_space-MNI152NLin6Asym_desc-smoothToFWHM6_bold.nii.gz	6	5.78808	5.84131	5.68165	5.76996	0.335596	2.94608	9.34157	9.32447	Precompiled binary linux_ubuntu_24_64: Aug  4 2026 (Version AFNI_26.2.03 'Gordian III')
rf1	11881	01	2	/ZPOOL/data/projects/rf1-sra-linux2/derivatives/fmriprep/sub-11881/ses-01/func/sub-11881_ses-01_task-sharedreward_run-2_part-mag_space-MNI152NLin6Asym_desc-preproc_bold.nii.gz	/ZPOOL/data/projects/rf1-sra-linux2/derivatives/fmriprep/sub-11881/ses-01/func/sub-11881_ses-01_task-sharedreward_run-2_part-mag_space-MNI152NLin6Asym_desc-brain_mask.nii.gz	/ZPOOL/data/projects/rf1-sra-sharedreward/derivatives/harmonized/sub-11881/ses-01/func/sub-11881_ses-01_task-sharedreward_run-2_space-MNI152NLin6Asym_desc-smoothToFWHM6_bold.nii.gz	6	5.58913	5.63118	5.57218	5.59744	0.366722	2.83988	9.40681	8.96479	Precompiled binary linux_ubuntu_24_64: Aug  4 2026 (Version AFNI_26.2.03 'Gordian III')
rf1	11885	01	1	/ZPOOL/data/projects/rf1-sra-linux2/derivatives/fmriprep/sub-11885/ses-01/func/sub-11885_ses-01_task-sharedreward_run-1_part-mag_space-MNI152NLin6Asym_desc-preproc_bold.nii.gz	/ZPOOL/data/projects/rf1-sra-linux2/derivatives/fmriprep/sub-11885/ses-01/func/sub-11885_ses-01_task-sharedreward_run-1_part-mag_space-MNI152NLin6Asym_desc-brain_mask.nii.gz	/ZPOOL/data/projects/rf1-sra-sharedreward/derivatives/harmonized/sub-11885/ses-01/func/sub-11885_ses-01_task-sharedreward_run-1_space-MNI152NLin6Asym_desc-smoothToFWHM6_bold.nii.gz	6	5.91849	5.89395	5.86121	5.89117	0.541477	3.23446	10.014	8.98814	Precompiled binary linux_ubuntu_24_64: Aug  4 2026 (Version AFNI_26.2.03 'Gordian III')
rf1	11885	01	2	/ZPOOL/data/projects/rf1-sra-linux2/derivatives/fmriprep/sub-11885/ses-01/func/sub-11885_ses-01_task-sharedreward_run-2_part-mag_space-MNI152NLin6Asym_desc-preproc_bold.nii.gz	/ZPOOL/data/projects/rf1-sra-linux2/derivatives/fmriprep/sub-11885/ses-01/func/sub-11885_ses-01_task-sharedreward_run-2_part-mag_space-MNI152NLin6Asym_desc-brain_mask.nii.gz	/ZPOOL/data/projects/rf1-sra-sharedreward/derivatives/harmonized/sub-11885/ses-01/func/sub-11885_ses-01_task-sharedreward_run-2_space-MNI152NLin6Asym_desc-smoothToFWHM6_bold.nii.gz	6	5.90741	5.89915	5.83817	5.88149	0.524247	3.17928	10.3749	9.03319	Precompiled binary linux_ubuntu_24_64: Aug  4 2026 (Version AFNI_26.2.03 'Gordian III')
rf1	11891	01	1	/ZPOOL/data/projects/rf1-sra-linux2/derivatives/fmriprep/sub-11891/ses-01/func/sub-11891_ses-01_task-sharedreward_run-1_part-mag_space-MNI152NLin6Asym_desc-preproc_bold.nii.gz	/ZPOOL/data/projects/rf1-sra-linux2/derivatives/fmriprep/sub-11891/ses-01/func/sub-11891_ses-01_task-sharedreward_run-1_part-mag_space-MNI152NLin6Asym_desc-brain_mask.nii.gz	/ZPOOL/data/projects/rf1-sra-sharedreward/derivatives/harmonized/sub-11891/ses-01/func/sub-11891_ses-01_task-sharedreward_run-1_space-MNI152NLin6Asym_desc-smoothToFWHM6_bold.nii.gz	6	5.88776	5.96156	5.9056	5.91823	0.521838	2.99691	14.0676	9.3196	Precompiled binary linux_ubuntu_24_64: Aug  4 2026 (Version AFNI_26.2.03 'Gordian III')
rf1	11891	01	2	/ZPOOL/data/projects/rf1-sra-linux2/derivatives/fmriprep/sub-11891/ses-01/func/sub-11891_ses-01_task-sharedreward_run-2_part-mag_space-MNI152NLin6Asym_desc-preproc_bold.nii.gz	/ZPOOL/data/projects/rf1-sra-linux2/derivatives/fmriprep/sub-11891/ses-01/func/sub-11891_ses-01_task-sharedreward_run-2_part-mag_space-MNI152NLin6Asym_desc-brain_mask.nii.gz	/ZPOOL/data/projects/rf1-sra-sharedreward/derivatives/harmonized/sub-11891/ses-01/func/sub-11891_ses-01_task-sharedreward_run-2_space-MNI152NLin6Asym_desc-smoothToFWHM6_bold.nii.gz	6	5.889	5.93533	5.84912	5.89104	0.516251	2.9789	13.7994	9.28059	Precompiled binary linux_ubuntu_24_64: Aug  4 2026 (Version AFNI_26.2.03 'Gordian III')
rf1	11897	01	1	/ZPOOL/data/projects/rf1-sra-linux2/derivatives/fmriprep/sub-11897/ses-01/func/sub-11897_ses-01_task-sharedreward_run-1_part-mag_space-MNI152NLin6Asym_desc-preproc_bold.nii.gz	/ZPOOL/data/projects/rf1-sra-linux2/derivatives/fmriprep/sub-11897/ses-01/func/sub-11897_ses-01_task-sharedreward_run-1_part-mag_space-MNI152NLin6Asym_desc-brain_mask.nii.gz	/ZPOOL/data/projects/rf1-sra-sharedreward/derivatives/harmonized/sub-11897/ses-01/func/sub-11897_ses-01_task-sharedreward_run-1_space-MNI152NLin6Asym_desc-smoothToFWHM6_bold.nii.gz	6	5.8128	5.82675	5.77062	5.80334	0.513832	2.89872	13.3481	9.04421	Precompiled binary linux_ubuntu_24_64: Aug  4 2026 (Version AFNI_26.2.03 'Gordian III')
rf1	11897	01	2	/ZPOOL/data/projects/rf1-sra-linux2/derivatives/fmriprep/sub-11897/ses-01/func/sub-11897_ses-01_task-sharedreward_run-2_part-mag_space-MNI152NLin6Asym_desc-preproc_bold.nii.gz	/ZPOOL/data/projects/rf1-sra-linux2/derivatives/fmriprep/sub-11897/ses-01/func/sub-11897_ses-01_task-sharedreward_run-2_part-mag_space-MNI152NLin6Asym_desc-brain_mask.nii.gz	/ZPOOL/data/projects/rf1-sra-sharedreward/derivatives/harmonized/sub-11897/ses-01/func/sub-11897_ses-01_task-sharedreward_run-2_space-MNI152NLin6Asym_desc-smoothToFWHM6_bold.nii.gz	6	5.8913	5.9211	5.89961	5.90399	0.495323	3.00923	12.4751	9.27442	Precompiled binary linux_ubuntu_24_64: Aug  4 2026 (Version AFNI_26.2.03 'Gordian III')
rf1	11900	01	1	/ZPOOL/data/projects/rf1-sra-linux2/derivatives/fmriprep/sub-11900/ses-01/func/sub-11900_ses-01_task-sharedreward_run-1_part-mag_space-MNI152NLin6Asym_desc-preproc_bold.nii.gz	/ZPOOL/data/projects/rf1-sra-linux2/derivatives/fmriprep/sub-11900/ses-01/func/sub-11900_ses-01_task-sharedreward_run-1_part-mag_space-MNI152NLin6Asym_desc-brain_mask.nii.gz	/ZPOOL/data/projects/rf1-sra-sharedreward/derivatives/harmonized/sub-11900/ses-01/func/sub-11900_ses-01_task-sharedreward_run-1_space-MNI152NLin6Asym_desc-smoothToFWHM6_bold.nii.gz	6	6.10719	6.06812	6.00464	6.05984	0.465453	3.18867	10.9441	9.50317	Precompiled binary linux_ubuntu_24_64: Aug  4 2026 (Version AFNI_26.2.03 'Gordian III')
rf1	11900	01	2	/ZPOOL/data/projects/rf1-sra-linux2/derivatives/fmriprep/sub-11900/ses-01/func/sub-11900_ses-01_task-sharedreward_run-2_part-mag_space-MNI152NLin6Asym_desc-preproc_bold.nii.gz	/ZPOOL/data/projects/rf1-sra-linux2/derivatives/fmriprep/sub-11900/ses-01/func/sub-11900_ses-01_task-sharedreward_run-2_part-mag_space-MNI152NLin6Asym_desc-brain_mask.nii.gz	/ZPOOL/data/projects/rf1-sra-sharedreward/derivatives/harmonized/sub-11900/ses-01/func/sub-11900_ses-01_task-sharedreward_run-2_space-MNI152NLin6Asym_desc-smoothToFWHM6_bold.nii.gz	6	5.88708	5.88836	5.84913	5.87483	0.497022	3.04092	11.5153	9.1393	Precompiled binary linux_ubuntu_24_64: Aug  4 2026 (Version AFNI_26.2.03 'Gordian III')
rf1	11902	01	1	/ZPOOL/data/projects/rf1-sra-linux2/derivatives/fmriprep/sub-11902/ses-01/func/sub-11902_ses-01_task-sharedreward_run-1_part-mag_space-MNI152NLin6Asym_desc-preproc_bold.nii.gz	/ZPOOL/data/projects/rf1-sra-linux2/derivatives/fmriprep/sub-11902/ses-01/func/sub-11902_ses-01_task-sharedreward_run-1_part-mag_space-MNI152NLin6Asym_desc-brain_mask.nii.gz	/ZPOOL/data/projects/rf1-sra-sharedreward/derivatives/harmonized/sub-11902/ses-01/func/sub-11902_ses-01_task-sharedreward_run-1_space-MNI152NLin6Asym_desc-smoothToFWHM6_bold.nii.gz	6	5.96698	5.97102	5.93822	5.95872	0.50586	3.06004	12.6227	9.33926	Precompiled binary linux_ubuntu_24_64: Aug  4 2026 (Version AFNI_26.2.03 'Gordian III')
rf1	11902	01	2	/ZPOOL/data/projects/rf1-sra-linux2/derivatives/fmriprep/sub-11902/ses-01/func/sub-11902_ses-01_task-sharedreward_run-2_part-mag_space-MNI152NLin6Asym_desc-preproc_bold.nii.gz	/ZPOOL/data/projects/rf1-sra-linux2/derivatives/fmriprep/sub-11902/ses-01/func/sub-11902_ses-01_task-sharedreward_run-2_part-mag_space-MNI152NLin6Asym_desc-brain_mask.nii.gz	/ZPOOL/data/projects/rf1-sra-sharedreward/derivatives/harmonized/sub-11902/ses-01/func/sub-11902_ses-01_task-sharedreward_run-2_space-MNI152NLin6Asym_desc-smoothToFWHM6_bold.nii.gz	6	5.97226	5.99556	5.88447	5.95057	0.48133	2.94418	13.5101	9.43043	Precompiled binary linux_ubuntu_24_64: Aug  4 2026 (Version AFNI_26.2.03 'Gordian III')
rf1	11909	01	1	/ZPOOL/data/projects/rf1-sra-linux2/derivatives/fmriprep/sub-11909/ses-01/func/sub-11909_ses-01_task-sharedreward_run-1_part-mag_space-MNI152NLin6Asym_desc-preproc_bold.nii.gz	/ZPOOL/data/projects/rf1-sra-linux2/derivatives/fmriprep/sub-11909/ses-01/func/sub-11909_ses-01_task-sharedreward_run-1_part-mag_space-MNI152NLin6Asym_desc-brain_mask.nii.gz	/ZPOOL/data/projects/rf1-sra-sharedreward/derivatives/harmonized/sub-11909/ses-01/func/sub-11909_ses-01_task-sharedreward_run-1_space-MNI152NLin6Asym_desc-smoothToFWHM6_bold.nii.gz	6	5.8002	5.90154	5.8969	5.86603	0.399243	2.87379	10.438	9.17145	Precompiled binary linux_ubuntu_24_64: Aug  4 2026 (Version AFNI_26.2.03 'Gordian III')
rf1	11909	01	2	/ZPOOL/data/projects/rf1-sra-linux2/derivatives/fmriprep/sub-11909/ses-01/func/sub-11909_ses-01_task-sharedreward_run-2_part-mag_space-MNI152NLin6Asym_desc-preproc_bold.nii.gz	/ZPOOL/data/projects/rf1-sra-linux2/derivatives/fmriprep/sub-11909/ses-01/func/sub-11909_ses-01_task-sharedreward_run-2_part-mag_space-MNI152NLin6Asym_desc-brain_mask.nii.gz	/ZPOOL/data/projects/rf1-sra-sharedreward/derivatives/harmonized/sub-11909/ses-01/func/sub-11909_ses-01_task-sharedreward_run-2_space-MNI152NLin6Asym_desc-smoothToFWHM6_bold.nii.gz	6	5.89656	5.93663	5.88932	5.90747	0.459031	3.1234	11.118	9.45656	Precompiled binary linux_ubuntu_24_64: Aug  4 2026 (Version AFNI_26.2.03 'Gordian III')
rf1	11913	01	1	/ZPOOL/data/projects/rf1-sra-linux2/derivatives/fmriprep/sub-11913/ses-01/func/sub-11913_ses-01_task-sharedreward_run-1_part-mag_space-MNI152NLin6Asym_desc-preproc_bold.nii.gz	/ZPOOL/data/projects/rf1-sra-linux2/derivatives/fmriprep/sub-11913/ses-01/func/sub-11913_ses-01_task-sharedreward_run-1_part-mag_space-MNI152NLin6Asym_desc-brain_mask.nii.gz	/ZPOOL/data/projects/rf1-sra-sharedreward/derivatives/harmonized/sub-11913/ses-01/func/sub-11913_ses-01_task-sharedreward_run-1_space-MNI152NLin6Asym_desc-smoothToFWHM6_bold.nii.gz	6	5.73853	5.77169	5.78711	5.76574	0.522173	2.9528	11.9046	8.8636	Precompiled binary linux_ubuntu_24_64: Aug  4 2026 (Version AFNI_26.2.03 'Gordian III')
rf1	11913	01	2	/ZPOOL/data/projects/rf1-sra-linux2/derivatives/fmriprep/sub-11913/ses-01/func/sub-11913_ses-01_task-sharedreward_run-2_part-mag_space-MNI152NLin6Asym_desc-preproc_bold.nii.gz	/ZPOOL/data/projects/rf1-sra-linux2/derivatives/fmriprep/sub-11913/ses-01/func/sub-11913_ses-01_task-sharedreward_run-2_part-mag_space-MNI152NLin6Asym_desc-brain_mask.nii.gz	/ZPOOL/data/projects/rf1-sra-sharedreward/derivatives/harmonized/sub-11913/ses-01/func/sub-11913_ses-01_task-sharedreward_run-2_space-MNI152NLin6Asym_desc-smoothToFWHM6_bold.nii.gz	6	5.82492	5.8796	5.8474	5.8506	0.544805	3.0402	12.5715	9.02897	Precompiled binary linux_ubuntu_24_64: Aug  4 2026 (Version AFNI_26.2.03 'Gordian III')
rf1	11914	01	1	/ZPOOL/data/projects/rf1-sra-linux2/derivatives/fmriprep/sub-11914/ses-01/func/sub-11914_ses-01_task-sharedreward_run-1_part-mag_space-MNI152NLin6Asym_desc-preproc_bold.nii.gz	/ZPOOL/data/projects/rf1-sra-linux2/derivatives/fmriprep/sub-11914/ses-01/func/sub-11914_ses-01_task-sharedreward_run-1_part-mag_space-MNI152NLin6Asym_desc-brain_mask.nii.gz	/ZPOOL/data/projects/rf1-sra-sharedreward/derivatives/harmonized/sub-11914/ses-01/func/sub-11914_ses-01_task-sharedreward_run-1_space-MNI152NLin6Asym_desc-smoothToFWHM6_bold.nii.gz	6	6.05471	6.03833	5.95075	6.01443	0.54166	3.15354	12.4825	9.28636	Precompiled binary linux_ubuntu_24_64: Aug  4 2026 (Version AFNI_26.2.03 'Gordian III')
rf1	11914	01	2	/ZPOOL/data/projects/rf1-sra-linux2/derivatives/fmriprep/sub-11914/ses-01/func/sub-11914_ses-01_task-sharedreward_run-2_part-mag_space-MNI152NLin6Asym_desc-preproc_bold.nii.gz	/ZPOOL/data/projects/rf1-sra-linux2/derivatives/fmriprep/sub-11914/ses-01/func/sub-11914_ses-01_task-sharedreward_run-2_part-mag_space-MNI152NLin6Asym_desc-brain_mask.nii.gz	/ZPOOL/data/projects/rf1-sra-sharedreward/derivatives/harmonized/sub-11914/ses-01/func/sub-11914_ses-01_task-sharedreward_run-2_space-MNI152NLin6Asym_desc-smoothToFWHM6_bold.nii.gz	6	5.91923	5.92925	5.88582	5.91141	0.580012	3.13616	12.8106	9.06646	Precompiled binary linux_ubuntu_24_64: Aug  4 2026 (Version AFNI_26.2.03 'Gordian III')
rf1	11920	01	1	/ZPOOL/data/projects/rf1-sra-linux2/derivatives/fmriprep/sub-11920/ses-01/func/sub-11920_ses-01_task-sharedreward_run-1_part-mag_space-MNI152NLin6Asym_desc-preproc_bold.nii.gz	/ZPOOL/data/projects/rf1-sra-linux2/derivatives/fmriprep/sub-11920/ses-01/func/sub-11920_ses-01_task-sharedreward_run-1_part-mag_space-MNI152NLin6Asym_desc-brain_mask.nii.gz	/ZPOOL/data/projects/rf1-sra-sharedreward/derivatives/harmonized/sub-11920/ses-01/func/sub-11920_ses-01_task-sharedreward_run-1_space-MNI152NLin6Asym_desc-smoothToFWHM6_bold.nii.gz	6	6.06824	6.0516	5.98249	6.034	0.464351	3.07352	11.4945	9.41363	Precompiled binary linux_ubuntu_24_64: Aug  4 2026 (Version AFNI_26.2.03 'Gordian III')
rf1	11920	01	2	/ZPOOL/data/projects/rf1-sra-linux2/derivatives/fmriprep/sub-11920/ses-01/func/sub-11920_ses-01_task-sharedreward_run-2_part-mag_space-MNI152NLin6Asym_desc-preproc_bold.nii.gz	/ZPOOL/data/projects/rf1-sra-linux2/derivatives/fmriprep/sub-11920/ses-01/func/sub-11920_ses-01_task-sharedreward_run-2_part-mag_space-MNI152NLin6Asym_desc-brain_mask.nii.gz	/ZPOOL/data/projects/rf1-sra-sharedreward/derivatives/harmonized/sub-11920/ses-01/func/sub-11920_ses-01_task-sharedreward_run-2_space-MNI152NLin6Asym_desc-smoothToFWHM6_bold.nii.gz	6	5.74085	5.7731	5.79602	5.76994	0.427861	2.88171	10.597	9.03551	Precompiled binary linux_ubuntu_24_64: Aug  4 2026 (Version AFNI_26.2.03 'Gordian III')
rf1	11922	01	1	/ZPOOL/data/projects/rf1-sra-linux2/derivatives/fmriprep/sub-11922/ses-01/func/sub-11922_ses-01_task-sharedreward_run-1_part-mag_space-MNI152NLin6Asym_desc-preproc_bold.nii.gz	/ZPOOL/data/projects/rf1-sra-linux2/derivatives/fmriprep/sub-11922/ses-01/func/sub-11922_ses-01_task-sharedreward_run-1_part-mag_space-MNI152NLin6Asym_desc-brain_mask.nii.gz	/ZPOOL/data/projects/rf1-sra-sharedreward/derivatives/harmonized/sub-11922/ses-01/func/sub-11922_ses-01_task-sharedreward_run-1_space-MNI152NLin6Asym_desc-smoothToFWHM6_bold.nii.gz	6	5.95523	5.97025	5.87011	5.9317	0.444562	2.96102	11.9955	9.4424	Precompiled binary linux_ubuntu_24_64: Aug  4 2026 (Version AFNI_26.2.03 'Gordian III')
rf1	11922	01	2	/ZPOOL/data/projects/rf1-sra-linux2/derivatives/fmriprep/sub-11922/ses-01/func/sub-11922_ses-01_task-sharedreward_run-2_part-mag_space-MNI152NLin6Asym_desc-preproc_bold.nii.gz	/ZPOOL/data/projects/rf1-sra-linux2/derivatives/fmriprep/sub-11922/ses-01/func/sub-11922_ses-01_task-sharedreward_run-2_part-mag_space-MNI152NLin6Asym_desc-brain_mask.nii.gz	/ZPOOL/data/projects/rf1-sra-sharedreward/derivatives/harmonized/sub-11922/ses-01/func/sub-11922_ses-01_task-sharedreward_run-2_space-MNI152NLin6Asym_desc-smoothToFWHM6_bold.nii.gz	6	6.03419	6.07813	6.02069	6.04428	0.418675	2.99703	12.2126	9.781	Precompiled binary linux_ubuntu_24_64: Aug  4 2026 (Version AFNI_26.2.03 'Gordian III')
rf1	11923	01	1	/ZPOOL/data/projects/rf1-sra-linux2/derivatives/fmriprep/sub-11923/ses-01/func/sub-11923_ses-01_task-sharedreward_run-1_part-mag_space-MNI152NLin6Asym_desc-preproc_bold.nii.gz	/ZPOOL/data/projects/rf1-sra-linux2/derivatives/fmriprep/sub-11923/ses-01/func/sub-11923_ses-01_task-sharedreward_run-1_part-mag_space-MNI152NLin6Asym_desc-brain_mask.nii.gz	/ZPOOL/data/projects/rf1-sra-sharedreward/derivatives/harmonized/sub-11923/ses-01/func/sub-11923_ses-01_task-sharedreward_run-1_space-MNI152NLin6Asym_desc-smoothToFWHM6_bold.nii.gz	6	5.78201	5.80668	5.81862	5.80241	0.531108	2.97769	13.0462	9.05247	Precompiled binary linux_ubuntu_24_64: Aug  4 2026 (Version AFNI_26.2.03 'Gordian III')
rf1	11923	01	2	/ZPOOL/data/projects/rf1-sra-linux2/derivatives/fmriprep/sub-11923/ses-01/func/sub-11923_ses-01_task-sharedreward_run-2_part-mag_space-MNI152NLin6Asym_desc-preproc_bold.nii.gz	/ZPOOL/data/projects/rf1-sra-linux2/derivatives/fmriprep/sub-11923/ses-01/func/sub-11923_ses-01_task-sharedreward_run-2_part-mag_space-MNI152NLin6Asym_desc-brain_mask.nii.gz	/ZPOOL/data/projects/rf1-sra-sharedreward/derivatives/harmonized/sub-11923/ses-01/func/sub-11923_ses-01_task-sharedreward_run-2_space-MNI152NLin6Asym_desc-smoothToFWHM6_bold.nii.gz	6	5.6677	5.72194	5.69544	5.69499	0.522425	2.95409	11.5053	8.79126	Precompiled binary linux_ubuntu_24_64: Aug  4 2026 (Version AFNI_26.2.03 'Gordian III')
rf1	11924	01	1	/ZPOOL/data/projects/rf1-sra-linux2/derivatives/fmriprep/sub-11924/ses-01/func/sub-11924_ses-01_task-sharedreward_run-1_part-mag_space-MNI152NLin6Asym_desc-preproc_bold.nii.gz	/ZPOOL/data/projects/rf1-sra-linux2/derivatives/fmriprep/sub-11924/ses-01/func/sub-11924_ses-01_task-sharedreward_run-1_part-mag_space-MNI152NLin6Asym_desc-brain_mask.nii.gz	/ZPOOL/data/projects/rf1-sra-sharedreward/derivatives/harmonized/sub-11924/ses-01/func/sub-11924_ses-01_task-sharedreward_run-1_space-MNI152NLin6Asym_desc-smoothToFWHM6_bold.nii.gz	6	5.68229	5.70676	5.68449	5.69117	0.554043	3.04893	10.6656	8.66848	Precompiled binary linux_ubuntu_24_64: Aug  4 2026 (Version AFNI_26.2.03 'Gordian III')
rf1	11924	01	2	/ZPOOL/data/projects/rf1-sra-linux2/derivatives/fmriprep/sub-11924/ses-01/func/sub-11924_ses-01_task-sharedreward_run-2_part-mag_space-MNI152NLin6Asym_desc-preproc_bold.nii.gz	/ZPOOL/data/projects/rf1-sra-linux2/derivatives/fmriprep/sub-11924/ses-01/func/sub-11924_ses-01_task-sharedreward_run-2_part-mag_space-MNI152NLin6Asym_desc-brain_mask.nii.gz	/ZPOOL/data/projects/rf1-sra-sharedreward/derivatives/harmonized/sub-11924/ses-01/func/sub-11924_ses-01_task-sharedreward_run-2_space-MNI152NLin6Asym_desc-smoothToFWHM6_bold.nii.gz	6	5.7206	5.73742	5.7235	5.72717	0.523526	3.05628	10.2237	8.74605	Precompiled binary linux_ubuntu_24_64: Aug  4 2026 (Version AFNI_26.2.03 'Gordian III')
rf1	11926	01	1	/ZPOOL/data/projects/rf1-sra-linux2/derivatives/fmriprep/sub-11926/ses-01/func/sub-11926_ses-01_task-sharedreward_run-1_part-mag_space-MNI152NLin6Asym_desc-preproc_bold.nii.gz	/ZPOOL/data/projects/rf1-sra-linux2/derivatives/fmriprep/sub-11926/ses-01/func/sub-11926_ses-01_task-sharedreward_run-1_part-mag_space-MNI152NLin6Asym_desc-brain_mask.nii.gz	/ZPOOL/data/projects/rf1-sra-sharedreward/derivatives/harmonized/sub-11926/ses-01/func/sub-11926_ses-01_task-sharedreward_run-1_space-MNI152NLin6Asym_desc-smoothToFWHM6_bold.nii.gz	6	5.86608	5.89565	5.79942	5.85358	0.534911	3.14805	10.9665	9.0383	Precompiled binary linux_ubuntu_24_64: Aug  4 2026 (Version AFNI_26.2.03 'Gordian III')
rf1	11926	01	2	/ZPOOL/data/projects/rf1-sra-linux2/derivatives/fmriprep/sub-11926/ses-01/func/sub-11926_ses-01_task-sharedreward_run-2_part-mag_space-MNI152NLin6Asym_desc-preproc_bold.nii.gz	/ZPOOL/data/projects/rf1-sra-linux2/derivatives/fmriprep/sub-11926/ses-01/func/sub-11926_ses-01_task-sharedreward_run-2_part-mag_space-MNI152NLin6Asym_desc-brain_mask.nii.gz	/ZPOOL/data/projects/rf1-sra-sharedreward/derivatives/harmonized/sub-11926/ses-01/func/sub-11926_ses-01_task-sharedreward_run-2_space-MNI152NLin6Asym_desc-smoothToFWHM6_bold.nii.gz	6	5.84244	5.84018	5.80209	5.8282	0.493637	3.18594	9.44095	8.9561	Precompiled binary linux_ubuntu_24_64: Aug  4 2026 (Version AFNI_26.2.03 'Gordian III')
rf1	11928	01	1	/ZPOOL/data/projects/rf1-sra-linux2/derivatives/fmriprep/sub-11928/ses-01/func/sub-11928_ses-01_task-sharedreward_run-1_part-mag_space-MNI152NLin6Asym_desc-preproc_bold.nii.gz	/ZPOOL/data/projects/rf1-sra-linux2/derivatives/fmriprep/sub-11928/ses-01/func/sub-11928_ses-01_task-sharedreward_run-1_part-mag_space-MNI152NLin6Asym_desc-brain_mask.nii.gz	/ZPOOL/data/projects/rf1-sra-sharedreward/derivatives/harmonized/sub-11928/ses-01/func/sub-11928_ses-01_task-sharedreward_run-1_space-MNI152NLin6Asym_desc-smoothToFWHM6_bold.nii.gz	6	5.94559	5.9457	5.87509	5.92203	0.463497	3.24552	9.44069	9.20238	Precompiled binary linux_ubuntu_24_64: Aug  4 2026 (Version AFNI_26.2.03 'Gordian III')
rf1	11928	01	2	/ZPOOL/data/projects/rf1-sra-linux2/derivatives/fmriprep/sub-11928/ses-01/func/sub-11928_ses-01_task-sharedreward_run-2_part-mag_space-MNI152NLin6Asym_desc-preproc_bold.nii.gz	/ZPOOL/data/projects/rf1-sra-linux2/derivatives/fmriprep/sub-11928/ses-01/func/sub-11928_ses-01_task-sharedreward_run-2_part-mag_space-MNI152NLin6Asym_desc-brain_mask.nii.gz	/ZPOOL/data/projects/rf1-sra-sharedreward/derivatives/harmonized/sub-11928/ses-01/func/sub-11928_ses-01_task-sharedreward_run-2_space-MNI152NLin6Asym_desc-smoothToFWHM6_bold.nii.gz	6	5.81239	5.82277	5.81106	5.8154	0.523163	3.16251	10.0256	8.92465	Precompiled binary linux_ubuntu_24_64: Aug  4 2026 (Version AFNI_26.2.03 'Gordian III')
rf1	11929	01	1	/ZPOOL/data/projects/rf1-sra-linux2/derivatives/fmriprep/sub-11929/ses-01/func/sub-11929_ses-01_task-sharedreward_run-1_part-mag_space-MNI152NLin6Asym_desc-preproc_bold.nii.gz	/ZPOOL/data/projects/rf1-sra-linux2/derivatives/fmriprep/sub-11929/ses-01/func/sub-11929_ses-01_task-sharedreward_run-1_part-mag_space-MNI152NLin6Asym_desc-brain_mask.nii.gz	/ZPOOL/data/projects/rf1-sra-sharedreward/derivatives/harmonized/sub-11929/ses-01/func/sub-11929_ses-01_task-sharedreward_run-1_space-MNI152NLin6Asym_desc-smoothToFWHM6_bold.nii.gz	6	5.94435	5.94316	5.89257	5.92664	0.462397	3.23219	9.55468	9.21694	Precompiled binary linux_ubuntu_24_64: Aug  4 2026 (Version AFNI_26.2.03 'Gordian III')
rf1	11929	01	2	/ZPOOL/data/projects/rf1-sra-linux2/derivatives/fmriprep/sub-11929/ses-01/func/sub-11929_ses-01_task-sharedreward_run-2_part-mag_space-MNI152NLin6Asym_desc-preproc_bold.nii.gz	/ZPOOL/data/projects/rf1-sra-linux2/derivatives/fmriprep/sub-11929/ses-01/func/sub-11929_ses-01_task-sharedreward_run-2_part-mag_space-MNI152NLin6Asym_desc-brain_mask.nii.gz	/ZPOOL/data/projects/rf1-sra-sharedreward/derivatives/harmonized/sub-11929/ses-01/func/sub-11929_ses-01_task-sharedreward_run-2_space-MNI152NLin6Asym_desc-smoothToFWHM6_bold.nii.gz	6	5.83747	5.8729	5.80921	5.8398	0.442593	3.12416	9.51064	9.09443	Precompiled binary linux_ubuntu_24_64: Aug  4 2026 (Version AFNI_26.2.03 'Gordian III')
rf1	11931	01	1	/ZPOOL/data/projects/rf1-sra-linux2/derivatives/fmriprep/sub-11931/ses-01/func/sub-11931_ses-01_task-sharedreward_run-1_part-mag_space-MNI152NLin6Asym_desc-preproc_bold.nii.gz	/ZPOOL/data/projects/rf1-sra-linux2/derivatives/fmriprep/sub-11931/ses-01/func/sub-11931_ses-01_task-sharedreward_run-1_part-mag_space-MNI152NLin6Asym_desc-brain_mask.nii.gz	/ZPOOL/data/projects/rf1-sra-sharedreward/derivatives/harmonized/sub-11931/ses-01/func/sub-11931_ses-01_task-sharedreward_run-1_space-MNI152NLin6Asym_desc-smoothToFWHM6_bold.nii.gz	6	5.9592	5.88927	5.84879	5.89891	0.446701	2.93601	12.8088	9.55957	Precompiled binary linux_ubuntu_24_64: Aug  4 2026 (Version AFNI_26.2.03 'Gordian III')
rf1	11931	01	2	/ZPOOL/data/projects/rf1-sra-linux2/derivatives/fmriprep/sub-11931/ses-01/func/sub-11931_ses-01_task-sharedreward_run-2_part-mag_space-MNI152NLin6Asym_desc-preproc_bold.nii.gz	/ZPOOL/data/projects/rf1-sra-linux2/derivatives/fmriprep/sub-11931/ses-01/func/sub-11931_ses-01_task-sharedreward_run-2_part-mag_space-MNI152NLin6Asym_desc-brain_mask.nii.gz	/ZPOOL/data/projects/rf1-sra-sharedreward/derivatives/harmonized/sub-11931/ses-01/func/sub-11931_ses-01_task-sharedreward_run-2_space-MNI152NLin6Asym_desc-smoothToFWHM6_bold.nii.gz	6	5.81693	5.79403	5.75102	5.78726	0.429171	2.79798	12.6174	9.37454	Precompiled binary linux_ubuntu_24_64: Aug  4 2026 (Version AFNI_26.2.03 'Gordian III')
rf1	11935	01	1	/ZPOOL/data/projects/rf1-sra-linux2/derivatives/fmriprep/sub-11935/ses-01/func/sub-11935_ses-01_task-sharedreward_run-1_part-mag_space-MNI152NLin6Asym_desc-preproc_bold.nii.gz	/ZPOOL/data/projects/rf1-sra-linux2/derivatives/fmriprep/sub-11935/ses-01/func/sub-11935_ses-01_task-sharedreward_run-1_part-mag_space-MNI152NLin6Asym_desc-brain_mask.nii.gz	/ZPOOL/data/projects/rf1-sra-sharedreward/derivatives/harmonized/sub-11935/ses-01/func/sub-11935_ses-01_task-sharedreward_run-1_space-MNI152NLin6Asym_desc-smoothToFWHM6_bold.nii.gz	6	5.72819	5.7519	5.72005	5.73336	0.492615	3.18402	8.64985	8.72797	Precompiled binary linux_ubuntu_24_64: Aug  4 2026 (Version AFNI_26.2.03 'Gordian III')
rf1	11935	01	2	/ZPOOL/data/projects/rf1-sra-linux2/derivatives/fmriprep/sub-11935/ses-01/func/sub-11935_ses-01_task-sharedreward_run-2_part-mag_space-MNI152NLin6Asym_desc-preproc_bold.nii.gz	/ZPOOL/data/projects/rf1-sra-linux2/derivatives/fmriprep/sub-11935/ses-01/func/sub-11935_ses-01_task-sharedreward_run-2_part-mag_space-MNI152NLin6Asym_desc-brain_mask.nii.gz	/ZPOOL/data/projects/rf1-sra-sharedreward/derivatives/harmonized/sub-11935/ses-01/func/sub-11935_ses-01_task-sharedreward_run-2_space-MNI152NLin6Asym_desc-smoothToFWHM6_bold.nii.gz	6	5.76313	5.76114	5.69415	5.73938	0.493947	3.15559	8.90424	8.74379	Precompiled binary linux_ubuntu_24_64: Aug  4 2026 (Version AFNI_26.2.03 'Gordian III')
rf1	11939	01	1	/ZPOOL/data/projects/rf1-sra-linux2/derivatives/fmriprep/sub-11939/ses-01/func/sub-11939_ses-01_task-sharedreward_run-1_part-mag_space-MNI152NLin6Asym_desc-preproc_bold.nii.gz	/ZPOOL/data/projects/rf1-sra-linux2/derivatives/fmriprep/sub-11939/ses-01/func/sub-11939_ses-01_task-sharedreward_run-1_part-mag_space-MNI152NLin6Asym_desc-brain_mask.nii.gz	/ZPOOL/data/projects/rf1-sra-sharedreward/derivatives/harmonized/sub-11939/ses-01/func/sub-11939_ses-01_task-sharedreward_run-1_space-MNI152NLin6Asym_desc-smoothToFWHM6_bold.nii.gz	6	5.81252	5.84962	5.74527	5.80231	0.538221	3.09849	11.0151	8.92431	Precompiled binary linux_ubuntu_24_64: Aug  4 2026 (Version AFNI_26.2.03 'Gordian III')
rf1	11939	01	2	/ZPOOL/data/projects/rf1-sra-linux2/derivatives/fmriprep/sub-11939/ses-01/func/sub-11939_ses-01_task-sharedreward_run-2_part-mag_space-MNI152NLin6Asym_desc-preproc_bold.nii.gz	/ZPOOL/data/projects/rf1-sra-linux2/derivatives/fmriprep/sub-11939/ses-01/func/sub-11939_ses-01_task-sharedreward_run-2_part-mag_space-MNI152NLin6Asym_desc-brain_mask.nii.gz	/ZPOOL/data/projects/rf1-sra-sharedreward/derivatives/harmonized/sub-11939/ses-01/func/sub-11939_ses-01_task-sharedreward_run-2_space-MNI152NLin6Asym_desc-smoothToFWHM6_bold.nii.gz	6	5.79002	5.82461	5.78443	5.79966	0.547659	3.11954	10.9048	8.89952	Precompiled binary linux_ubuntu_24_64: Aug  4 2026 (Version AFNI_26.2.03 'Gordian III')
rf1	11943	01	1	/ZPOOL/data/projects/rf1-sra-linux2/derivatives/fmriprep/sub-11943/ses-01/func/sub-11943_ses-01_task-sharedreward_run-1_part-mag_space-MNI152NLin6Asym_desc-preproc_bold.nii.gz	/ZPOOL/data/projects/rf1-sra-linux2/derivatives/fmriprep/sub-11943/ses-01/func/sub-11943_ses-01_task-sharedreward_run-1_part-mag_space-MNI152NLin6Asym_desc-brain_mask.nii.gz	/ZPOOL/data/projects/rf1-sra-sharedreward/derivatives/harmonized/sub-11943/ses-01/func/sub-11943_ses-01_task-sharedreward_run-1_space-MNI152NLin6Asym_desc-smoothToFWHM6_bold.nii.gz	6	5.91693	5.91389	5.85298	5.89452	0.526938	3.13557	11.0957	9.08003	Precompiled binary linux_ubuntu_24_64: Aug  4 2026 (Version AFNI_26.2.03 'Gordian III')
rf1	11943	01	2	/ZPOOL/data/projects/rf1-sra-linux2/derivatives/fmriprep/sub-11943/ses-01/func/sub-11943_ses-01_task-sharedreward_run-2_part-mag_space-MNI152NLin6Asym_desc-preproc_bold.nii.gz	/ZPOOL/data/projects/rf1-sra-linux2/derivatives/fmriprep/sub-11943/ses-01/func/sub-11943_ses-01_task-sharedreward_run-2_part-mag_space-MNI152NLin6Asym_desc-brain_mask.nii.gz	/ZPOOL/data/projects/rf1-sra-sharedreward/derivatives/harmonized/sub-11943/ses-01/func/sub-11943_ses-01_task-sharedreward_run-2_space-MNI152NLin6Asym_desc-smoothToFWHM6_bold.nii.gz	6	5.83345	5.84847	5.78303	5.82158	0.506876	3.05868	10.7122	8.94598	Precompiled binary linux_ubuntu_24_64: Aug  4 2026 (Version AFNI_26.2.03 'Gordian III')
rf1	11949	01	1	/ZPOOL/data/projects/rf1-sra-linux2/derivatives/fmriprep/sub-11949/ses-01/func/sub-11949_ses-01_task-sharedreward_run-1_part-mag_space-MNI152NLin6Asym_desc-preproc_bold.nii.gz	/ZPOOL/data/projects/rf1-sra-linux2/derivatives/fmriprep/sub-11949/ses-01/func/sub-11949_ses-01_task-sharedreward_run-1_part-mag_space-MNI152NLin6Asym_desc-brain_mask.nii.gz	/ZPOOL/data/projects/rf1-sra-sharedreward/derivatives/harmonized/sub-11949/ses-01/func/sub-11949_ses-01_task-sharedreward_run-1_space-MNI152NLin6Asym_desc-smoothToFWHM6_bold.nii.gz	6	5.86295	5.89746	5.81835	5.8595	0.520866	3.0091	13.9201	9.33278	Precompiled binary linux_ubuntu_24_64: Aug  4 2026 (Version AFNI_26.2.03 'Gordian III')
rf1	11949	01	2	/ZPOOL/data/projects/rf1-sra-linux2/derivatives/fmriprep/sub-11949/ses-01/func/sub-11949_ses-01_task-sharedreward_run-2_part-mag_space-MNI152NLin6Asym_desc-preproc_bold.nii.gz	/ZPOOL/data/projects/rf1-sra-linux2/derivatives/fmriprep/sub-11949/ses-01/func/sub-11949_ses-01_task-sharedreward_run-2_part-mag_space-MNI152NLin6Asym_desc-brain_mask.nii.gz	/ZPOOL/data/projects/rf1-sra-sharedreward/derivatives/harmonized/sub-11949/ses-01/func/sub-11949_ses-01_task-sharedreward_run-2_space-MNI152NLin6Asym_desc-smoothToFWHM6_bold.nii.gz	6	5.74081	5.77085	5.70659	5.73936	0.472873	2.87277	12.0149	9.04615	Precompiled binary linux_ubuntu_24_64: Aug  4 2026 (Version AFNI_26.2.03 'Gordian III')
rf1	11960	01	1	/ZPOOL/data/projects/rf1-sra-linux2/derivatives/fmriprep/sub-11960/ses-01/func/sub-11960_ses-01_task-sharedreward_run-1_part-mag_space-MNI152NLin6Asym_desc-preproc_bold.nii.gz	/ZPOOL/data/projects/rf1-sra-linux2/derivatives/fmriprep/sub-11960/ses-01/func/sub-11960_ses-01_task-sharedreward_run-1_part-mag_space-MNI152NLin6Asym_desc-brain_mask.nii.gz	/ZPOOL/data/projects/rf1-sra-sharedreward/derivatives/harmonized/sub-11960/ses-01/func/sub-11960_ses-01_task-sharedreward_run-1_space-MNI152NLin6Asym_desc-smoothToFWHM6_bold.nii.gz	6	5.81648	5.81493	5.81341	5.81494	0.571693	3.23318	9.97008	8.84967	Precompiled binary linux_ubuntu_24_64: Aug  4 2026 (Version AFNI_26.2.03 'Gordian III')
rf1	11960	01	2	/ZPOOL/data/projects/rf1-sra-linux2/derivatives/fmriprep/sub-11960/ses-01/func/sub-11960_ses-01_task-sharedreward_run-2_part-mag_space-MNI152NLin6Asym_desc-preproc_bold.nii.gz	/ZPOOL/data/projects/rf1-sra-linux2/derivatives/fmriprep/sub-11960/ses-01/func/sub-11960_ses-01_task-sharedreward_run-2_part-mag_space-MNI152NLin6Asym_desc-brain_mask.nii.gz	/ZPOOL/data/projects/rf1-sra-sharedreward/derivatives/harmonized/sub-11960/ses-01/func/sub-11960_ses-01_task-sharedreward_run-2_space-MNI152NLin6Asym_desc-smoothToFWHM6_bold.nii.gz	6	5.81819	5.79977	5.80526	5.80773	0.579271	3.2257	10.1188	8.8319	Precompiled binary linux_ubuntu_24_64: Aug  4 2026 (Version AFNI_26.2.03 'Gordian III')
rf1	11969	01	1	/ZPOOL/data/projects/rf1-sra-linux2/derivatives/fmriprep/sub-11969/ses-01/func/sub-11969_ses-01_task-sharedreward_run-1_part-mag_space-MNI152NLin6Asym_desc-preproc_bold.nii.gz	/ZPOOL/data/projects/rf1-sra-linux2/derivatives/fmriprep/sub-11969/ses-01/func/sub-11969_ses-01_task-sharedreward_run-1_part-mag_space-MNI152NLin6Asym_desc-brain_mask.nii.gz	/ZPOOL/data/projects/rf1-sra-sharedreward/derivatives/harmonized/sub-11969/ses-01/func/sub-11969_ses-01_task-sharedreward_run-1_space-MNI152NLin6Asym_desc-smoothToFWHM6_bold.nii.gz	6	5.90611	5.91482	5.87915	5.90001	0.53377	3.11399	12.127	9.18751	Precompiled binary linux_ubuntu_24_64: Aug  4 2026 (Version AFNI_26.2.03 'Gordian III')
rf1	11969	01	2	/ZPOOL/data/projects/rf1-sra-linux2/derivatives/fmriprep/sub-11969/ses-01/func/sub-11969_ses-01_task-sharedreward_run-2_part-mag_space-MNI152NLin6Asym_desc-preproc_bold.nii.gz	/ZPOOL/data/projects/rf1-sra-linux2/derivatives/fmriprep/sub-11969/ses-01/func/sub-11969_ses-01_task-sharedreward_run-2_part-mag_space-MNI152NLin6Asym_desc-brain_mask.nii.gz	/ZPOOL/data/projects/rf1-sra-sharedreward/derivatives/harmonized/sub-11969/ses-01/func/sub-11969_ses-01_task-sharedreward_run-2_space-MNI152NLin6Asym_desc-smoothToFWHM6_bold.nii.gz	6	5.86223	5.84863	5.83846	5.84976	0.521591	3.06314	11.9773	9.12456	Precompiled binary linux_ubuntu_24_64: Aug  4 2026 (Version AFNI_26.2.03 'Gordian III')
rf1	11974	01	1	/ZPOOL/data/projects/rf1-sra-linux2/derivatives/fmriprep/sub-11974/ses-01/func/sub-11974_ses-01_task-sharedreward_run-1_part-mag_space-MNI152NLin6Asym_desc-preproc_bold.nii.gz	/ZPOOL/data/projects/rf1-sra-linux2/derivatives/fmriprep/sub-11974/ses-01/func/sub-11974_ses-01_task-sharedreward_run-1_part-mag_space-MNI152NLin6Asym_desc-brain_mask.nii.gz	/ZPOOL/data/projects/rf1-sra-sharedreward/derivatives/harmonized/sub-11974/ses-01/func/sub-11974_ses-01_task-sharedreward_run-1_space-MNI152NLin6Asym_desc-smoothToFWHM6_bold.nii.gz	6	5.94634	6.02829	5.96863	5.98099	0.525407	3.12849	11.7401	9.19886	Precompiled binary linux_ubuntu_24_64: Aug  4 2026 (Version AFNI_26.2.03 'Gordian III')
rf1	11974	01	2	/ZPOOL/data/projects/rf1-sra-linux2/derivatives/fmriprep/sub-11974/ses-01/func/sub-11974_ses-01_task-sharedreward_run-2_part-mag_space-MNI152NLin6Asym_desc-preproc_bold.nii.gz	/ZPOOL/data/projects/rf1-sra-linux2/derivatives/fmriprep/sub-11974/ses-01/func/sub-11974_ses-01_task-sharedreward_run-2_part-mag_space-MNI152NLin6Asym_desc-brain_mask.nii.gz	/ZPOOL/data/projects/rf1-sra-sharedreward/derivatives/harmonized/sub-11974/ses-01/func/sub-11974_ses-01_task-sharedreward_run-2_space-MNI152NLin6Asym_desc-smoothToFWHM6_bold.nii.gz	6	5.8356	5.89235	5.85817	5.86199	0.517867	3.01192	12.0186	9.04329	Precompiled binary linux_ubuntu_24_64: Aug  4 2026 (Version AFNI_26.2.03 'Gordian III')
rf1	11976	01	1	/ZPOOL/data/projects/rf1-sra-linux2/derivatives/fmriprep/sub-11976/ses-01/func/sub-11976_ses-01_task-sharedreward_run-1_part-mag_space-MNI152NLin6Asym_desc-preproc_bold.nii.gz	/ZPOOL/data/projects/rf1-sra-linux2/derivatives/fmriprep/sub-11976/ses-01/func/sub-11976_ses-01_task-sharedreward_run-1_part-mag_space-MNI152NLin6Asym_desc-brain_mask.nii.gz	/ZPOOL/data/projects/rf1-sra-sharedreward/derivatives/harmonized/sub-11976/ses-01/func/sub-11976_ses-01_task-sharedreward_run-1_space-MNI152NLin6Asym_desc-smoothToFWHM6_bold.nii.gz	6	5.93856	5.96635	5.84276	5.91565	0.445818	3.18699	10.7681	9.57023	Precompiled binary linux_ubuntu_24_64: Aug  4 2026 (Version AFNI_26.2.03 'Gordian III')
rf1	11976	01	2	/ZPOOL/data/projects/rf1-sra-linux2/derivatives/fmriprep/sub-11976/ses-01/func/sub-11976_ses-01_task-sharedreward_run-2_part-mag_space-MNI152NLin6Asym_desc-preproc_bold.nii.gz	/ZPOOL/data/projects/rf1-sra-linux2/derivatives/fmriprep/sub-11976/ses-01/func/sub-11976_ses-01_task-sharedreward_run-2_part-mag_space-MNI152NLin6Asym_desc-brain_mask.nii.gz	/ZPOOL/data/projects/rf1-sra-sharedreward/derivatives/harmonized/sub-11976/ses-01/func/sub-11976_ses-01_task-sharedreward_run-2_space-MNI152NLin6Asym_desc-smoothToFWHM6_bold.nii.gz	6	5.82059	5.81178	5.71684	5.78288	0.439567	3.06668	10.3475	9.25463	Precompiled binary linux_ubuntu_24_64: Aug  4 2026 (Version AFNI_26.2.03 'Gordian III')
rf1	11982	01	1	/ZPOOL/data/projects/rf1-sra-linux2/derivatives/fmriprep/sub-11982/ses-01/func/sub-11982_ses-01_task-sharedreward_run-1_part-mag_space-MNI152NLin6Asym_desc-preproc_bold.nii.gz	/ZPOOL/data/projects/rf1-sra-linux2/derivatives/fmriprep/sub-11982/ses-01/func/sub-11982_ses-01_task-sharedreward_run-1_part-mag_space-MNI152NLin6Asym_desc-brain_mask.nii.gz	/ZPOOL/data/projects/rf1-sra-sharedreward/derivatives/harmonized/sub-11982/ses-01/func/sub-11982_ses-01_task-sharedreward_run-1_space-MNI152NLin6Asym_desc-smoothToFWHM6_bold.nii.gz	6	5.8508	5.84215	5.88501	5.85929	0.532664	2.87642	15.942	9.19449	Precompiled binary linux_ubuntu_24_64: Aug  4 2026 (Version AFNI_26.2.03 'Gordian III')
rf1	11982	01	2	/ZPOOL/data/projects/rf1-sra-linux2/derivatives/fmriprep/sub-11982/ses-01/func/sub-11982_ses-01_task-sharedreward_run-2_part-mag_space-MNI152NLin6Asym_desc-preproc_bold.nii.gz	/ZPOOL/data/projects/rf1-sra-linux2/derivatives/fmriprep/sub-11982/ses-01/func/sub-11982_ses-01_task-sharedreward_run-2_part-mag_space-MNI152NLin6Asym_desc-brain_mask.nii.gz	/ZPOOL/data/projects/rf1-sra-sharedreward/derivatives/harmonized/sub-11982/ses-01/func/sub-11982_ses-01_task-sharedreward_run-2_space-MNI152NLin6Asym_desc-smoothToFWHM6_bold.nii.gz	6	5.83747	5.84882	5.86475	5.85034	0.538121	2.91113	15.52	9.18183	Precompiled binary linux_ubuntu_24_64: Aug  4 2026 (Version AFNI_26.2.03 'Gordian III')
rf1	11984	01	1	/ZPOOL/data/projects/rf1-sra-linux2/derivatives/fmriprep/sub-11984/ses-01/func/sub-11984_ses-01_task-sharedreward_run-1_part-mag_space-MNI152NLin6Asym_desc-preproc_bold.nii.gz	/ZPOOL/data/projects/rf1-sra-linux2/derivatives/fmriprep/sub-11984/ses-01/func/sub-11984_ses-01_task-sharedreward_run-1_part-mag_space-MNI152NLin6Asym_desc-brain_mask.nii.gz	/ZPOOL/data/projects/rf1-sra-sharedreward/derivatives/harmonized/sub-11984/ses-01/func/sub-11984_ses-01_task-sharedreward_run-1_space-MNI152NLin6Asym_desc-smoothToFWHM6_bold.nii.gz	6	5.83328	5.83051	5.79479	5.8195	0.537988	3.11626	10.8198	8.9255	Precompiled binary linux_ubuntu_24_64: Aug  4 2026 (Version AFNI_26.2.03 'Gordian III')
rf1	11984	01	2	/ZPOOL/data/projects/rf1-sra-linux2/derivatives/fmriprep/sub-11984/ses-01/func/sub-11984_ses-01_task-sharedreward_run-2_part-mag_space-MNI152NLin6Asym_desc-preproc_bold.nii.gz	/ZPOOL/data/projects/rf1-sra-linux2/derivatives/fmriprep/sub-11984/ses-01/func/sub-11984_ses-01_task-sharedreward_run-2_part-mag_space-MNI152NLin6Asym_desc-brain_mask.nii.gz	/ZPOOL/data/projects/rf1-sra-sharedreward/derivatives/harmonized/sub-11984/ses-01/func/sub-11984_ses-01_task-sharedreward_run-2_space-MNI152NLin6Asym_desc-smoothToFWHM6_bold.nii.gz	6	5.94819	5.94735	5.94796	5.94784	0.514787	3.15353	11.1212	9.18972	Precompiled binary linux_ubuntu_24_64: Aug  4 2026 (Version AFNI_26.2.03 'Gordian III')
rf1	12008	01	1	/ZPOOL/data/projects/rf1-sra-linux2/derivatives/fmriprep/sub-12008/ses-01/func/sub-12008_ses-01_task-sharedreward_run-1_part-mag_space-MNI152NLin6Asym_desc-preproc_bold.nii.gz	/ZPOOL/data/projects/rf1-sra-linux2/derivatives/fmriprep/sub-12008/ses-01/func/sub-12008_ses-01_task-sharedreward_run-1_part-mag_space-MNI152NLin6Asym_desc-brain_mask.nii.gz	/ZPOOL/data/projects/rf1-sra-sharedreward/derivatives/harmonized/sub-12008/ses-01/func/sub-12008_ses-01_task-sharedreward_run-1_space-MNI152NLin6Asym_desc-smoothToFWHM6_bold.nii.gz	6	5.78658	5.79109	5.76401	5.78055	0.608392	3.18199	10.6836	8.71221	Precompiled binary linux_ubuntu_24_64: Aug  4 2026 (Version AFNI_26.2.03 'Gordian III')
rf1	12008	01	2	/ZPOOL/data/projects/rf1-sra-linux2/derivatives/fmriprep/sub-12008/ses-01/func/sub-12008_ses-01_task-sharedreward_run-2_part-mag_space-MNI152NLin6Asym_desc-preproc_bold.nii.gz	/ZPOOL/data/projects/rf1-sra-linux2/derivatives/fmriprep/sub-12008/ses-01/func/sub-12008_ses-01_task-sharedreward_run-2_part-mag_space-MNI152NLin6Asym_desc-brain_mask.nii.gz	/ZPOOL/data/projects/rf1-sra-sharedreward/derivatives/harmonized/sub-12008/ses-01/func/sub-12008_ses-01_task-sharedreward_run-2_space-MNI152NLin6Asym_desc-smoothToFWHM6_bold.nii.gz	6	5.86081	5.87873	5.80311	5.84746	0.578657	3.18988	10.9539	8.90849	Precompiled binary linux_ubuntu_24_64: Aug  4 2026 (Version AFNI_26.2.03 'Gordian III')
rf1	12011	01	1	/ZPOOL/data/projects/rf1-sra-linux2/derivatives/fmriprep/sub-12011/ses-01/func/sub-12011_ses-01_task-sharedreward_run-1_part-mag_space-MNI152NLin6Asym_desc-preproc_bold.nii.gz	/ZPOOL/data/projects/rf1-sra-linux2/derivatives/fmriprep/sub-12011/ses-01/func/sub-12011_ses-01_task-sharedreward_run-1_part-mag_space-MNI152NLin6Asym_desc-brain_mask.nii.gz	/ZPOOL/data/projects/rf1-sra-sharedreward/derivatives/harmonized/sub-12011/ses-01/func/sub-12011_ses-01_task-sharedreward_run-1_space-MNI152NLin6Asym_desc-smoothToFWHM6_bold.nii.gz	6	5.8502	5.8729	5.79656	5.8398	0.47305	2.99427	11.2335	9.13102	Precompiled binary linux_ubuntu_24_64: Aug  4 2026 (Version AFNI_26.2.03 'Gordian III')
rf1	12011	01	2	/ZPOOL/data/projects/rf1-sra-linux2/derivatives/fmriprep/sub-12011/ses-01/func/sub-12011_ses-01_task-sharedreward_run-2_part-mag_space-MNI152NLin6Asym_desc-preproc_bold.nii.gz	/ZPOOL/data/projects/rf1-sra-linux2/derivatives/fmriprep/sub-12011/ses-01/func/sub-12011_ses-01_task-sharedreward_run-2_part-mag_space-MNI152NLin6Asym_desc-brain_mask.nii.gz	/ZPOOL/data/projects/rf1-sra-sharedreward/derivatives/harmonized/sub-12011/ses-01/func/sub-12011_ses-01_task-sharedreward_run-2_space-MNI152NLin6Asym_desc-smoothToFWHM6_bold.nii.gz	6	5.87962	5.86446	5.82632	5.85676	0.472754	2.9519	12.2825	9.27494	Precompiled binary linux_ubuntu_24_64: Aug  4 2026 (Version AFNI_26.2.03 'Gordian III')
rf1	12013	01	1	/ZPOOL/data/projects/rf1-sra-linux2/derivatives/fmriprep/sub-12013/ses-01/func/sub-12013_ses-01_task-sharedreward_run-1_part-mag_space-MNI152NLin6Asym_desc-preproc_bold.nii.gz	/ZPOOL/data/projects/rf1-sra-linux2/derivatives/fmriprep/sub-12013/ses-01/func/sub-12013_ses-01_task-sharedreward_run-1_part-mag_space-MNI152NLin6Asym_desc-brain_mask.nii.gz	/ZPOOL/data/projects/rf1-sra-sharedreward/derivatives/harmonized/sub-12013/ses-01/func/sub-12013_ses-01_task-sharedreward_run-1_space-MNI152NLin6Asym_desc-smoothToFWHM6_bold.nii.gz	6	5.88323	5.96925	5.95773	5.93661	0.451434	2.99524	10.7924	9.16261	Precompiled binary linux_ubuntu_24_64: Aug  4 2026 (Version AFNI_26.2.03 'Gordian III')
rf1	12013	01	2	/ZPOOL/data/projects/rf1-sra-linux2/derivatives/fmriprep/sub-12013/ses-01/func/sub-12013_ses-01_task-sharedreward_run-2_part-mag_space-MNI152NLin6Asym_desc-preproc_bold.nii.gz	/ZPOOL/data/projects/rf1-sra-linux2/derivatives/fmriprep/sub-12013/ses-01/func/sub-12013_ses-01_task-sharedreward_run-2_part-mag_space-MNI152NLin6Asym_desc-brain_mask.nii.gz	/ZPOOL/data/projects/rf1-sra-sharedreward/derivatives/harmonized/sub-12013/ses-01/func/sub-12013_ses-01_task-sharedreward_run-2_space-MNI152NLin6Asym_desc-smoothToFWHM6_bold.nii.gz	6	5.98983	6.07363	6.07841	6.04715	0.476996	3.11583	11.1425	9.33602	Precompiled binary linux_ubuntu_24_64: Aug  4 2026 (Version AFNI_26.2.03 'Gordian III')
rf1	12018	01	1	/ZPOOL/data/projects/rf1-sra-linux2/derivatives/fmriprep/sub-12018/ses-01/func/sub-12018_ses-01_task-sharedreward_run-1_part-mag_space-MNI152NLin6Asym_desc-preproc_bold.nii.gz	/ZPOOL/data/projects/rf1-sra-linux2/derivatives/fmriprep/sub-12018/ses-01/func/sub-12018_ses-01_task-sharedreward_run-1_part-mag_space-MNI152NLin6Asym_desc-brain_mask.nii.gz	/ZPOOL/data/projects/rf1-sra-sharedreward/derivatives/harmonized/sub-12018/ses-01/func/sub-12018_ses-01_task-sharedreward_run-1_space-MNI152NLin6Asym_desc-smoothToFWHM6_bold.nii.gz	6	5.99964	6.01399	5.91023	5.97444	0.486926	3.16619	10.9887	9.34356	Precompiled binary linux_ubuntu_24_64: Aug  4 2026 (Version AFNI_26.2.03 'Gordian III')
rf1	12018	01	2	/ZPOOL/data/projects/rf1-sra-linux2/derivatives/fmriprep/sub-12018/ses-01/func/sub-12018_ses-01_task-sharedreward_run-2_part-mag_space-MNI152NLin6Asym_desc-preproc_bold.nii.gz	/ZPOOL/data/projects/rf1-sra-linux2/derivatives/fmriprep/sub-12018/ses-01/func/sub-12018_ses-01_task-sharedreward_run-2_part-mag_space-MNI152NLin6Asym_desc-brain_mask.nii.gz	/ZPOOL/data/projects/rf1-sra-sharedreward/derivatives/harmonized/sub-12018/ses-01/func/sub-12018_ses-01_task-sharedreward_run-2_space-MNI152NLin6Asym_desc-smoothToFWHM6_bold.nii.gz	6	5.92575	5.92828	5.87055	5.90813	0.517051	3.1292	11.4745	9.19785	Precompiled binary linux_ubuntu_24_64: Aug  4 2026 (Version AFNI_26.2.03 'Gordian III')
rf1	12020	01	1	/ZPOOL/data/projects/rf1-sra-linux2/derivatives/fmriprep/sub-12020/ses-01/func/sub-12020_ses-01_task-sharedreward_run-1_part-mag_space-MNI152NLin6Asym_desc-preproc_bold.nii.gz	/ZPOOL/data/projects/rf1-sra-linux2/derivatives/fmriprep/sub-12020/ses-01/func/sub-12020_ses-01_task-sharedreward_run-1_part-mag_space-MNI152NLin6Asym_desc-brain_mask.nii.gz	/ZPOOL/data/projects/rf1-sra-sharedreward/derivatives/harmonized/sub-12020/ses-01/func/sub-12020_ses-01_task-sharedreward_run-1_space-MNI152NLin6Asym_desc-smoothToFWHM6_bold.nii.gz	6	5.79781	5.80286	5.75241	5.78431	0.569836	3.09953	11.1039	8.77916	Precompiled binary linux_ubuntu_24_64: Aug  4 2026 (Version AFNI_26.2.03 'Gordian III')
rf1	12020	01	2	/ZPOOL/data/projects/rf1-sra-linux2/derivatives/fmriprep/sub-12020/ses-01/func/sub-12020_ses-01_task-sharedreward_run-2_part-mag_space-MNI152NLin6Asym_desc-preproc_bold.nii.gz	/ZPOOL/data/projects/rf1-sra-linux2/derivatives/fmriprep/sub-12020/ses-01/func/sub-12020_ses-01_task-sharedreward_run-2_part-mag_space-MNI152NLin6Asym_desc-brain_mask.nii.gz	/ZPOOL/data/projects/rf1-sra-sharedreward/derivatives/harmonized/sub-12020/ses-01/func/sub-12020_ses-01_task-sharedreward_run-2_space-MNI152NLin6Asym_desc-smoothToFWHM6_bold.nii.gz	6	5.78417	5.78241	5.72489	5.76376	0.535124	3.04852	10.5373	8.73778	Precompiled binary linux_ubuntu_24_64: Aug  4 2026 (Version AFNI_26.2.03 'Gordian III')
rf1	12021	01	1	/ZPOOL/data/projects/rf1-sra-linux2/derivatives/fmriprep/sub-12021/ses-01/func/sub-12021_ses-01_task-sharedreward_run-1_part-mag_space-MNI152NLin6Asym_desc-preproc_bold.nii.gz	/ZPOOL/data/projects/rf1-sra-linux2/derivatives/fmriprep/sub-12021/ses-01/func/sub-12021_ses-01_task-sharedreward_run-1_part-mag_space-MNI152NLin6Asym_desc-brain_mask.nii.gz	/ZPOOL/data/projects/rf1-sra-sharedreward/derivatives/harmonized/sub-12021/ses-01/func/sub-12021_ses-01_task-sharedreward_run-1_space-MNI152NLin6Asym_desc-smoothToFWHM6_bold.nii.gz	6	6.05214	6.02792	5.95454	6.01139	0.40072	3.16418	10.4604	9.71429	Precompiled binary linux_ubuntu_24_64: Aug  4 2026 (Version AFNI_26.2.03 'Gordian III')
rf1	12021	01	2	/ZPOOL/data/projects/rf1-sra-linux2/derivatives/fmriprep/sub-12021/ses-01/func/sub-12021_ses-01_task-sharedreward_run-2_part-mag_space-MNI152NLin6Asym_desc-preproc_bold.nii.gz	/ZPOOL/data/projects/rf1-sra-linux2/derivatives/fmriprep/sub-12021/ses-01/func/sub-12021_ses-01_task-sharedreward_run-2_part-mag_space-MNI152NLin6Asym_desc-brain_mask.nii.gz	/ZPOOL/data/projects/rf1-sra-sharedreward/derivatives/harmonized/sub-12021/ses-01/func/sub-12021_ses-01_task-sharedreward_run-2_space-MNI152NLin6Asym_desc-smoothToFWHM6_bold.nii.gz	6	6.02067	5.99242	5.93412	5.98229	0.405717	3.0819	11.0908	9.72858	Precompiled binary linux_ubuntu_24_64: Aug  4 2026 (Version AFNI_26.2.03 'Gordian III')
rf1	12031	01	1	/ZPOOL/data/projects/rf1-sra-linux2/derivatives/fmriprep/sub-12031/ses-01/func/sub-12031_ses-01_task-sharedreward_run-1_part-mag_space-MNI152NLin6Asym_desc-preproc_bold.nii.gz	/ZPOOL/data/projects/rf1-sra-linux2/derivatives/fmriprep/sub-12031/ses-01/func/sub-12031_ses-01_task-sharedreward_run-1_part-mag_space-MNI152NLin6Asym_desc-brain_mask.nii.gz	/ZPOOL/data/projects/rf1-sra-sharedreward/derivatives/harmonized/sub-12031/ses-01/func/sub-12031_ses-01_task-sharedreward_run-1_space-MNI152NLin6Asym_desc-smoothToFWHM6_bold.nii.gz	6	5.85955	5.86343	5.84291	5.85529	0.56623	3.11378	12.6501	9.07489	Precompiled binary linux_ubuntu_24_64: Aug  4 2026 (Version AFNI_26.2.03 'Gordian III')
rf1	12031	01	2	/ZPOOL/data/projects/rf1-sra-linux2/derivatives/fmriprep/sub-12031/ses-01/func/sub-12031_ses-01_task-sharedreward_run-2_part-mag_space-MNI152NLin6Asym_desc-preproc_bold.nii.gz	/ZPOOL/data/projects/rf1-sra-linux2/derivatives/fmriprep/sub-12031/ses-01/func/sub-12031_ses-01_task-sharedreward_run-2_part-mag_space-MNI152NLin6Asym_desc-brain_mask.nii.gz	/ZPOOL/data/projects/rf1-sra-sharedreward/derivatives/harmonized/sub-12031/ses-01/func/sub-12031_ses-01_task-sharedreward_run-2_space-MNI152NLin6Asym_desc-smoothToFWHM6_bold.nii.gz	6	5.72497	5.73427	5.71195	5.72372	0.524768	3.00088	10.9646	8.7759	Precompiled binary linux_ubuntu_24_64: Aug  4 2026 (Version AFNI_26.2.03 'Gordian III')
rf1	12033	01	1	/ZPOOL/data/projects/rf1-sra-linux2/derivatives/fmriprep/sub-12033/ses-01/func/sub-12033_ses-01_task-sharedreward_run-1_part-mag_space-MNI152NLin6Asym_desc-preproc_bold.nii.gz	/ZPOOL/data/projects/rf1-sra-linux2/derivatives/fmriprep/sub-12033/ses-01/func/sub-12033_ses-01_task-sharedreward_run-1_part-mag_space-MNI152NLin6Asym_desc-brain_mask.nii.gz	/ZPOOL/data/projects/rf1-sra-sharedreward/derivatives/harmonized/sub-12033/ses-01/func/sub-12033_ses-01_task-sharedreward_run-1_space-MNI152NLin6Asym_desc-smoothToFWHM6_bold.nii.gz	6	5.80993	5.84751	5.81486	5.82408	0.523783	3.00848	12.6733	9.11174	Precompiled binary linux_ubuntu_24_64: Aug  4 2026 (Version AFNI_26.2.03 'Gordian III')
rf1	12033	01	2	/ZPOOL/data/projects/rf1-sra-linux2/derivatives/fmriprep/sub-12033/ses-01/func/sub-12033_ses-01_task-sharedreward_run-2_part-mag_space-MNI152NLin6Asym_desc-preproc_bold.nii.gz	/ZPOOL/data/projects/rf1-sra-linux2/derivatives/fmriprep/sub-12033/ses-01/func/sub-12033_ses-01_task-sharedreward_run-2_part-mag_space-MNI152NLin6Asym_desc-brain_mask.nii.gz	/ZPOOL/data/projects/rf1-sra-sharedreward/derivatives/harmonized/sub-12033/ses-01/func/sub-12033_ses-01_task-sharedreward_run-2_space-MNI152NLin6Asym_desc-smoothToFWHM6_bold.nii.gz	6	5.67025	5.72697	5.71124	5.70277	0.538924	2.99573	11.628	8.80773	Precompiled binary linux_ubuntu_24_64: Aug  4 2026 (Version AFNI_26.2.03 'Gordian III')
rf1	12036	01	1	/ZPOOL/data/projects/rf1-sra-linux2/derivatives/fmriprep/sub-12036/ses-01/func/sub-12036_ses-01_task-sharedreward_run-1_part-mag_space-MNI152NLin6Asym_desc-preproc_bold.nii.gz	/ZPOOL/data/projects/rf1-sra-linux2/derivatives/fmriprep/sub-12036/ses-01/func/sub-12036_ses-01_task-sharedreward_run-1_part-mag_space-MNI152NLin6Asym_desc-brain_mask.nii.gz	/ZPOOL/data/projects/rf1-sra-sharedreward/derivatives/harmonized/sub-12036/ses-01/func/sub-12036_ses-01_task-sharedreward_run-1_space-MNI152NLin6Asym_desc-smoothToFWHM6_bold.nii.gz	6	5.6942	5.69912	5.65797	5.68373	0.444871	3.03127	9.46457	8.8915	Precompiled binary linux_ubuntu_24_64: Aug  4 2026 (Version AFNI_26.2.03 'Gordian III')
rf1	12036	01	2	/ZPOOL/data/projects/rf1-sra-linux2/derivatives/fmriprep/sub-12036/ses-01/func/sub-12036_ses-01_task-sharedreward_run-2_part-mag_space-MNI152NLin6Asym_desc-preproc_bold.nii.gz	/ZPOOL/data/projects/rf1-sra-linux2/derivatives/fmriprep/sub-12036/ses-01/func/sub-12036_ses-01_task-sharedreward_run-2_part-mag_space-MNI152NLin6Asym_desc-brain_mask.nii.gz	/ZPOOL/data/projects/rf1-sra-sharedreward/derivatives/harmonized/sub-12036/ses-01/func/sub-12036_ses-01_task-sharedreward_run-2_space-MNI152NLin6Asym_desc-smoothToFWHM6_bold.nii.gz	6	5.72826	5.72777	5.71535	5.72379	0.428057	3.14291	8.55861	8.86778	Precompiled binary linux_ubuntu_24_64: Aug  4 2026 (Version AFNI_26.2.03 'Gordian III')
rf1	12037	01	1	/ZPOOL/data/projects/rf1-sra-linux2/derivatives/fmriprep/sub-12037/ses-01/func/sub-12037_ses-01_task-sharedreward_run-1_part-mag_space-MNI152NLin6Asym_desc-preproc_bold.nii.gz	/ZPOOL/data/projects/rf1-sra-linux2/derivatives/fmriprep/sub-12037/ses-01/func/sub-12037_ses-01_task-sharedreward_run-1_part-mag_space-MNI152NLin6Asym_desc-brain_mask.nii.gz	/ZPOOL/data/projects/rf1-sra-sharedreward/derivatives/harmonized/sub-12037/ses-01/func/sub-12037_ses-01_task-sharedreward_run-1_space-MNI152NLin6Asym_desc-smoothToFWHM6_bold.nii.gz	6	5.8016	5.8302	5.78511	5.80561	0.45545	3.10435	9.70305	9.05114	Precompiled binary linux_ubuntu_24_64: Aug  4 2026 (Version AFNI_26.2.03 'Gordian III')
rf1	12037	01	2	/ZPOOL/data/projects/rf1-sra-linux2/derivatives/fmriprep/sub-12037/ses-01/func/sub-12037_ses-01_task-sharedreward_run-2_part-mag_space-MNI152NLin6Asym_desc-preproc_bold.nii.gz	/ZPOOL/data/projects/rf1-sra-linux2/derivatives/fmriprep/sub-12037/ses-01/func/sub-12037_ses-01_task-sharedreward_run-2_part-mag_space-MNI152NLin6Asym_desc-brain_mask.nii.gz	/ZPOOL/data/projects/rf1-sra-sharedreward/derivatives/harmonized/sub-12037/ses-01/func/sub-12037_ses-01_task-sharedreward_run-2_space-MNI152NLin6Asym_desc-smoothToFWHM6_bold.nii.gz	6	5.88939	5.90482	5.888	5.89407	0.462141	3.20903	9.6888	9.21445	Precompiled binary linux_ubuntu_24_64: Aug  4 2026 (Version AFNI_26.2.03 'Gordian III')
rf1	12038	01	1	/ZPOOL/data/projects/rf1-sra-linux2/derivatives/fmriprep/sub-12038/ses-01/func/sub-12038_ses-01_task-sharedreward_run-1_part-mag_space-MNI152NLin6Asym_desc-preproc_bold.nii.gz	/ZPOOL/data/projects/rf1-sra-linux2/derivatives/fmriprep/sub-12038/ses-01/func/sub-12038_ses-01_task-sharedreward_run-1_part-mag_space-MNI152NLin6Asym_desc-brain_mask.nii.gz	/ZPOOL/data/projects/rf1-sra-sharedreward/derivatives/harmonized/sub-12038/ses-01/func/sub-12038_ses-01_task-sharedreward_run-1_space-MNI152NLin6Asym_desc-smoothToFWHM6_bold.nii.gz	6	5.88064	5.85618	5.8076	5.84806	0.506576	3.16649	9.66981	8.92139	Precompiled binary linux_ubuntu_24_64: Aug  4 2026 (Version AFNI_26.2.03 'Gordian III')
rf1	12038	01	2	/ZPOOL/data/projects/rf1-sra-linux2/derivatives/fmriprep/sub-12038/ses-01/func/sub-12038_ses-01_task-sharedreward_run-2_part-mag_space-MNI152NLin6Asym_desc-preproc_bold.nii.gz	/ZPOOL/data/projects/rf1-sra-linux2/derivatives/fmriprep/sub-12038/ses-01/func/sub-12038_ses-01_task-sharedreward_run-2_part-mag_space-MNI152NLin6Asym_desc-brain_mask.nii.gz	/ZPOOL/data/projects/rf1-sra-sharedreward/derivatives/harmonized/sub-12038/ses-01/func/sub-12038_ses-01_task-sharedreward_run-2_space-MNI152NLin6Asym_desc-smoothToFWHM6_bold.nii.gz	6	5.78289	5.83179	5.76756	5.79401	0.494698	3.02769	10.3091	8.85428	Precompiled binary linux_ubuntu_24_64: Aug  4 2026 (Version AFNI_26.2.03 'Gordian III')
rf1	12039	01	1	/ZPOOL/data/projects/rf1-sra-linux2/derivatives/fmriprep/sub-12039/ses-01/func/sub-12039_ses-01_task-sharedreward_run-1_part-mag_space-MNI152NLin6Asym_desc-preproc_bold.nii.gz	/ZPOOL/data/projects/rf1-sra-linux2/derivatives/fmriprep/sub-12039/ses-01/func/sub-12039_ses-01_task-sharedreward_run-1_part-mag_space-MNI152NLin6Asym_desc-brain_mask.nii.gz	/ZPOOL/data/projects/rf1-sra-sharedreward/derivatives/harmonized/sub-12039/ses-01/func/sub-12039_ses-01_task-sharedreward_run-1_space-MNI152NLin6Asym_desc-smoothToFWHM6_bold.nii.gz	6	5.9394	5.97435	5.922	5.94521	0.429721	3.07125	10.5915	9.39507	Precompiled binary linux_ubuntu_24_64: Aug  4 2026 (Version AFNI_26.2.03 'Gordian III')
rf1	12039	01	2	/ZPOOL/data/projects/rf1-sra-linux2/derivatives/fmriprep/sub-12039/ses-01/func/sub-12039_ses-01_task-sharedreward_run-2_part-mag_space-MNI152NLin6Asym_desc-preproc_bold.nii.gz	/ZPOOL/data/projects/rf1-sra-linux2/derivatives/fmriprep/sub-12039/ses-01/func/sub-12039_ses-01_task-sharedreward_run-2_part-mag_space-MNI152NLin6Asym_desc-brain_mask.nii.gz	/ZPOOL/data/projects/rf1-sra-sharedreward/derivatives/harmonized/sub-12039/ses-01/func/sub-12039_ses-01_task-sharedreward_run-2_space-MNI152NLin6Asym_desc-smoothToFWHM6_bold.nii.gz	6	5.81656	5.88465	5.85523	5.85208	0.463657	3.11101	10.1838	9.15824	Precompiled binary linux_ubuntu_24_64: Aug  4 2026 (Version AFNI_26.2.03 'Gordian III')
rf1	12041	01	1	/ZPOOL/data/projects/rf1-sra-linux2/derivatives/fmriprep/sub-12041/ses-01/func/sub-12041_ses-01_task-sharedreward_run-1_part-mag_space-MNI152NLin6Asym_desc-preproc_bold.nii.gz	/ZPOOL/data/projects/rf1-sra-linux2/derivatives/fmriprep/sub-12041/ses-01/func/sub-12041_ses-01_task-sharedreward_run-1_part-mag_space-MNI152NLin6Asym_desc-brain_mask.nii.gz	/ZPOOL/data/projects/rf1-sra-sharedreward/derivatives/harmonized/sub-12041/ses-01/func/sub-12041_ses-01_task-sharedreward_run-1_space-MNI152NLin6Asym_desc-smoothToFWHM6_bold.nii.gz	6	5.92903	5.98613	5.8972	5.93734	0.502061	3.05594	11.7279	9.18344	Precompiled binary linux_ubuntu_24_64: Aug  4 2026 (Version AFNI_26.2.03 'Gordian III')
rf1	12047	01	1	/ZPOOL/data/projects/rf1-sra-linux2/derivatives/fmriprep/sub-12047/ses-01/func/sub-12047_ses-01_task-sharedreward_run-1_part-mag_space-MNI152NLin6Asym_desc-preproc_bold.nii.gz	/ZPOOL/data/projects/rf1-sra-linux2/derivatives/fmriprep/sub-12047/ses-01/func/sub-12047_ses-01_task-sharedreward_run-1_part-mag_space-MNI152NLin6Asym_desc-brain_mask.nii.gz	/ZPOOL/data/projects/rf1-sra-sharedreward/derivatives/harmonized/sub-12047/ses-01/func/sub-12047_ses-01_task-sharedreward_run-1_space-MNI152NLin6Asym_desc-smoothToFWHM6_bold.nii.gz	6	5.88337	5.87984	5.83824	5.86711	0.577065	3.228	10.8891	8.98713	Precompiled binary linux_ubuntu_24_64: Aug  4 2026 (Version AFNI_26.2.03 'Gordian III')
rf1	12047	01	2	/ZPOOL/data/projects/rf1-sra-linux2/derivatives/fmriprep/sub-12047/ses-01/func/sub-12047_ses-01_task-sharedreward_run-2_part-mag_space-MNI152NLin6Asym_desc-preproc_bold.nii.gz	/ZPOOL/data/projects/rf1-sra-linux2/derivatives/fmriprep/sub-12047/ses-01/func/sub-12047_ses-01_task-sharedreward_run-2_part-mag_space-MNI152NLin6Asym_desc-brain_mask.nii.gz	/ZPOOL/data/projects/rf1-sra-sharedreward/derivatives/harmonized/sub-12047/ses-01/func/sub-12047_ses-01_task-sharedreward_run-2_space-MNI152NLin6Asym_desc-smoothToFWHM6_bold.nii.gz	6	5.76158	5.79065	5.7284	5.76015	0.542234	3.06753	10.6103	8.75756	Precompiled binary linux_ubuntu_24_64: Aug  4 2026 (Version AFNI_26.2.03 'Gordian III')
rf1	12049	01	1	/ZPOOL/data/projects/rf1-sra-linux2/derivatives/fmriprep/sub-12049/ses-01/func/sub-12049_ses-01_task-sharedreward_run-1_part-mag_space-MNI152NLin6Asym_desc-preproc_bold.nii.gz	/ZPOOL/data/projects/rf1-sra-linux2/derivatives/fmriprep/sub-12049/ses-01/func/sub-12049_ses-01_task-sharedreward_run-1_part-mag_space-MNI152NLin6Asym_desc-brain_mask.nii.gz	/ZPOOL/data/projects/rf1-sra-sharedreward/derivatives/harmonized/sub-12049/ses-01/func/sub-12049_ses-01_task-sharedreward_run-1_space-MNI152NLin6Asym_desc-smoothToFWHM6_bold.nii.gz	6	5.83531	5.95312	5.85437	5.88071	0.488853	3.10005	10.5874	9.10227	Precompiled binary linux_ubuntu_24_64: Aug  4 2026 (Version AFNI_26.2.03 'Gordian III')
rf1	12049	01	2	/ZPOOL/data/projects/rf1-sra-linux2/derivatives/fmriprep/sub-12049/ses-01/func/sub-12049_ses-01_task-sharedreward_run-2_part-mag_space-MNI152NLin6Asym_desc-preproc_bold.nii.gz	/ZPOOL/data/projects/rf1-sra-linux2/derivatives/fmriprep/sub-12049/ses-01/func/sub-12049_ses-01_task-sharedreward_run-2_part-mag_space-MNI152NLin6Asym_desc-brain_mask.nii.gz	/ZPOOL/data/projects/rf1-sra-sharedreward/derivatives/harmonized/sub-12049/ses-01/func/sub-12049_ses-01_task-sharedreward_run-2_space-MNI152NLin6Asym_desc-smoothToFWHM6_bold.nii.gz	6	5.89267	5.96037	5.82538	5.89255	0.464436	2.99744	11.1872	9.18264	Precompiled binary linux_ubuntu_24_64: Aug  4 2026 (Version AFNI_26.2.03 'Gordian III')
rf1	12051	01	1	/ZPOOL/data/projects/rf1-sra-linux2/derivatives/fmriprep/sub-12051/ses-01/func/sub-12051_ses-01_task-sharedreward_run-1_part-mag_space-MNI152NLin6Asym_desc-preproc_bold.nii.gz	/ZPOOL/data/projects/rf1-sra-linux2/derivatives/fmriprep/sub-12051/ses-01/func/sub-12051_ses-01_task-sharedreward_run-1_part-mag_space-MNI152NLin6Asym_desc-brain_mask.nii.gz	/ZPOOL/data/projects/rf1-sra-sharedreward/derivatives/harmonized/sub-12051/ses-01/func/sub-12051_ses-01_task-sharedreward_run-1_space-MNI152NLin6Asym_desc-smoothToFWHM6_bold.nii.gz	6	5.88298	5.88195	5.83799	5.8676	0.493509	3.28836	9.37092	9.13544	Precompiled binary linux_ubuntu_24_64: Aug  4 2026 (Version AFNI_26.2.03 'Gordian III')
rf1	12051	01	2	/ZPOOL/data/projects/rf1-sra-linux2/derivatives/fmriprep/sub-12051/ses-01/func/sub-12051_ses-01_task-sharedreward_run-2_part-mag_space-MNI152NLin6Asym_desc-preproc_bold.nii.gz	/ZPOOL/data/projects/rf1-sra-linux2/derivatives/fmriprep/sub-12051/ses-01/func/sub-12051_ses-01_task-sharedreward_run-2_part-mag_space-MNI152NLin6Asym_desc-brain_mask.nii.gz	/ZPOOL/data/projects/rf1-sra-sharedreward/derivatives/harmonized/sub-12051/ses-01/func/sub-12051_ses-01_task-sharedreward_run-2_space-MNI152NLin6Asym_desc-smoothToFWHM6_bold.nii.gz	6	5.8842	5.87326	5.85921	5.87221	0.493593	3.24585	9.54275	9.10104	Precompiled binary linux_ubuntu_24_64: Aug  4 2026 (Version AFNI_26.2.03 'Gordian III')
rf1	12054	01	1	/ZPOOL/data/projects/rf1-sra-linux2/derivatives/fmriprep/sub-12054/ses-01/func/sub-12054_ses-01_task-sharedreward_run-1_part-mag_space-MNI152NLin6Asym_desc-preproc_bold.nii.gz	/ZPOOL/data/projects/rf1-sra-linux2/derivatives/fmriprep/sub-12054/ses-01/func/sub-12054_ses-01_task-sharedreward_run-1_part-mag_space-MNI152NLin6Asym_desc-brain_mask.nii.gz	/ZPOOL/data/projects/rf1-sra-sharedreward/derivatives/harmonized/sub-12054/ses-01/func/sub-12054_ses-01_task-sharedreward_run-1_space-MNI152NLin6Asym_desc-smoothToFWHM6_bold.nii.gz	6	5.83058	5.81904	5.76129	5.80355	0.603444	3.11644	11.1369	8.65811	Precompiled binary linux_ubuntu_24_64: Aug  4 2026 (Version AFNI_26.2.03 'Gordian III')
rf1	12054	01	2	/ZPOOL/data/projects/rf1-sra-linux2/derivatives/fmriprep/sub-12054/ses-01/func/sub-12054_ses-01_task-sharedreward_run-2_part-mag_space-MNI152NLin6Asym_desc-preproc_bold.nii.gz	/ZPOOL/data/projects/rf1-sra-linux2/derivatives/fmriprep/sub-12054/ses-01/func/sub-12054_ses-01_task-sharedreward_run-2_part-mag_space-MNI152NLin6Asym_desc-brain_mask.nii.gz	/ZPOOL/data/projects/rf1-sra-sharedreward/derivatives/harmonized/sub-12054/ses-01/func/sub-12054_ses-01_task-sharedreward_run-2_space-MNI152NLin6Asym_desc-smoothToFWHM6_bold.nii.gz	6	5.8263	5.81363	5.70762	5.78227	0.583304	3.06957	11.1501	8.65239	Precompiled binary linux_ubuntu_24_64: Aug  4 2026 (Version AFNI_26.2.03 'Gordian III')
rf1	12055	01	1	/ZPOOL/data/projects/rf1-sra-linux2/derivatives/fmriprep/sub-12055/ses-01/func/sub-12055_ses-01_task-sharedreward_run-1_part-mag_space-MNI152NLin6Asym_desc-preproc_bold.nii.gz	/ZPOOL/data/projects/rf1-sra-linux2/derivatives/fmriprep/sub-12055/ses-01/func/sub-12055_ses-01_task-sharedreward_run-1_part-mag_space-MNI152NLin6Asym_desc-brain_mask.nii.gz	/ZPOOL/data/projects/rf1-sra-sharedreward/derivatives/harmonized/sub-12055/ses-01/func/sub-12055_ses-01_task-sharedreward_run-1_space-MNI152NLin6Asym_desc-smoothToFWHM6_bold.nii.gz	6	5.88512	5.8919	5.83878	5.87188	0.503684	3.15208	10.2673	9.05369	Precompiled binary linux_ubuntu_24_64: Aug  4 2026 (Version AFNI_26.2.03 'Gordian III')
rf1	12055	01	2	/ZPOOL/data/projects/rf1-sra-linux2/derivatives/fmriprep/sub-12055/ses-01/func/sub-12055_ses-01_task-sharedreward_run-2_part-mag_space-MNI152NLin6Asym_desc-preproc_bold.nii.gz	/ZPOOL/data/projects/rf1-sra-linux2/derivatives/fmriprep/sub-12055/ses-01/func/sub-12055_ses-01_task-sharedreward_run-2_part-mag_space-MNI152NLin6Asym_desc-brain_mask.nii.gz	/ZPOOL/data/projects/rf1-sra-sharedreward/derivatives/harmonized/sub-12055/ses-01/func/sub-12055_ses-01_task-sharedreward_run-2_space-MNI152NLin6Asym_desc-smoothToFWHM6_bold.nii.gz	6	5.82183	5.87973	5.84493	5.84878	0.487794	3.15097	9.87306	9.0302	Precompiled binary linux_ubuntu_24_64: Aug  4 2026 (Version AFNI_26.2.03 'Gordian III')
rf1	12057	01	1	/ZPOOL/data/projects/rf1-sra-linux2/derivatives/fmriprep/sub-12057/ses-01/func/sub-12057_ses-01_task-sharedreward_run-1_part-mag_space-MNI152NLin6Asym_desc-preproc_bold.nii.gz	/ZPOOL/data/projects/rf1-sra-linux2/derivatives/fmriprep/sub-12057/ses-01/func/sub-12057_ses-01_task-sharedreward_run-1_part-mag_space-MNI152NLin6Asym_desc-brain_mask.nii.gz	/ZPOOL/data/projects/rf1-sra-sharedreward/derivatives/harmonized/sub-12057/ses-01/func/sub-12057_ses-01_task-sharedreward_run-1_space-MNI152NLin6Asym_desc-smoothToFWHM6_bold.nii.gz	6	5.81024	5.82381	5.78451	5.80616	0.483492	3.25284	8.84117	8.95041	Precompiled binary linux_ubuntu_24_64: Aug  4 2026 (Version AFNI_26.2.03 'Gordian III')
rf1	12057	01	2	/ZPOOL/data/projects/rf1-sra-linux2/derivatives/fmriprep/sub-12057/ses-01/func/sub-12057_ses-01_task-sharedreward_run-2_part-mag_space-MNI152NLin6Asym_desc-preproc_bold.nii.gz	/ZPOOL/data/projects/rf1-sra-linux2/derivatives/fmriprep/sub-12057/ses-01/func/sub-12057_ses-01_task-sharedreward_run-2_part-mag_space-MNI152NLin6Asym_desc-brain_mask.nii.gz	/ZPOOL/data/projects/rf1-sra-sharedreward/derivatives/harmonized/sub-12057/ses-01/func/sub-12057_ses-01_task-sharedreward_run-2_space-MNI152NLin6Asym_desc-smoothToFWHM6_bold.nii.gz	6	5.74638	5.73934	5.6805	5.722	0.422086	3.2764	7.7393	8.79222	Precompiled binary linux_ubuntu_24_64: Aug  4 2026 (Version AFNI_26.2.03 'Gordian III')
